Exercício: 2016;;;;;;;
Escopo: Municípios do Estado - AM;;;;;;;
Tabela: Receitas Orçamentárias (Anexo I-C);;;;;;;
Instituição;Cod.IBGE;UF;População;Coluna;Conta;Identificador da Conta;Valor
Prefeitura Municipal de Boa Vista do Ramos - AM;1300680;AM;17668;Receitas Brutas Realizadas;Total Receitas;siconfi-cor_TotalReceitas;34616892,03
Prefeitura Municipal de Boa Vista do Ramos - AM;1300680;AM;17668;Receitas Brutas Realizadas;1.0.0.0.00.00.00 - Receitas Correntes;siconfi-cor_RO1.0.0.0.00.00.00;33863370,27
Prefeitura Municipal de Boa Vista do Ramos - AM;1300680;AM;17668;Receitas Brutas Realizadas;1.1.0.0.00.00.00 - Receita Tributária;siconfi-cor_RO1.1.0.0.00.00.00;577450,31
Prefeitura Municipal de Boa Vista do Ramos - AM;1300680;AM;17668;Receitas Brutas Realizadas;1.1.1.0.00.00.00 - Impostos;siconfi-cor_RO1.1.1.0.00.00.00;569476,31
Prefeitura Municipal de Boa Vista do Ramos - AM;1300680;AM;17668;Receitas Brutas Realizadas;1.1.1.2.00.00.00 - Impostos sobre o Patrimônio e a Renda;siconfi-cor_RO1.1.1.2.00.00.00;384845,77
Prefeitura Municipal de Boa Vista do Ramos - AM;1300680;AM;17668;Receitas Brutas Realizadas;1.1.1.2.02.00.00 - Imposto sobre a Propriedade Predial e Territorial Urbana ¿ IPTU;siconfi-cor_RO1.1.1.2.02.00.00;4003,95
Prefeitura Municipal de Boa Vista do Ramos - AM;1300680;AM;17668;Receitas Brutas Realizadas;1.1.1.2.04.00.00 - Imposto sobre a Renda e Proventos de Qualquer Natureza ¿ IR;siconfi-cor_RO1.1.1.2.04.00.00;377135,22
Prefeitura Municipal de Boa Vista do Ramos - AM;1300680;AM;17668;Receitas Brutas Realizadas;1.1.1.2.04.31.00 - Retido nas Fontes - Trabalho;siconfi-cor_RO1.1.1.2.04.31.00;140711,14
Prefeitura Municipal de Boa Vista do Ramos - AM;1300680;AM;17668;Receitas Brutas Realizadas;1.1.1.2.04.34.00 - Retido nas Fontes - Outros Rendimentos;siconfi-cor_RO1.1.1.2.04.34.00;236424,08
Prefeitura Municipal de Boa Vista do Ramos - AM;1300680;AM;17668;Receitas Brutas Realizadas;"1.1.1.2.08.00.00 - Imposto sobre Transmissão Inter Vivos"" de Bens Imóveis e de Direitos Reais sobre Imóveis ¿ ITBI""";siconfi-cor_RO1.1.1.2.08.00.00;3706,6
Prefeitura Municipal de Boa Vista do Ramos - AM;1300680;AM;17668;Receitas Brutas Realizadas;1.1.1.3.00.00.00 - Impostos sobre a Produção e a Circulação;siconfi-cor_RO1.1.1.3.00.00.00;184630,54
Prefeitura Municipal de Boa Vista do Ramos - AM;1300680;AM;17668;Receitas Brutas Realizadas;1.1.1.3.05.00.00 - Imposto sobre Serviços de Qualquer Natureza ¿ ISSQN;siconfi-cor_RO1.1.1.3.05.00.00;184630,54
Prefeitura Municipal de Boa Vista do Ramos - AM;1300680;AM;17668;Receitas Brutas Realizadas;1.1.2.0.00.00.00 - Taxas;siconfi-cor_RO1.1.2.0.00.00.00;7974
Prefeitura Municipal de Boa Vista do Ramos - AM;1300680;AM;17668;Receitas Brutas Realizadas;1.1.2.1.00.00.00 - Taxas pelo Exercício do Poder de Polícia;siconfi-cor_RO1.1.2.1.00.00.00;4912
Prefeitura Municipal de Boa Vista do Ramos - AM;1300680;AM;17668;Receitas Brutas Realizadas;1.1.2.2.00.00.00 - Taxas pela Prestação de Serviços;siconfi-cor_RO1.1.2.2.00.00.00;3062
Prefeitura Municipal de Boa Vista do Ramos - AM;1300680;AM;17668;Receitas Brutas Realizadas;1.1.2.2.99.00.00 - Outras Taxas pela Prestação de Serviços;siconfi-cor_RO1.1.2.2.99.00.00;3062
Prefeitura Municipal de Boa Vista do Ramos - AM;1300680;AM;17668;Receitas Brutas Realizadas;1.2.0.0.00.00.00 - Receitas de Contribuições;siconfi-cor_RO1.2.0.0.00.00.00;83501,56
Prefeitura Municipal de Boa Vista do Ramos - AM;1300680;AM;17668;Receitas Brutas Realizadas;1.2.3.0.00.00.00 - Contribuição para Custeio do Serviço de Iluminação Pública;siconfi-cor_RO1.2.3.0.00.00.00;83501,56
Prefeitura Municipal de Boa Vista do Ramos - AM;1300680;AM;17668;Receitas Brutas Realizadas;1.3.0.0.00.00.00 - Receita Patrimonial;siconfi-cor_RO1.3.0.0.00.00.00;113166,83
Prefeitura Municipal de Boa Vista do Ramos - AM;1300680;AM;17668;Receitas Brutas Realizadas;1.3.2.0.00.00.00 - Receitas de Valores Mobiliários;siconfi-cor_RO1.3.2.0.00.00.00;113166,83
Prefeitura Municipal de Boa Vista do Ramos - AM;1300680;AM;17668;Receitas Brutas Realizadas;1.3.2.2.00.00.00 - Dividendos;siconfi-cor_RO1.3.2.2.00.00.00;4,25
Prefeitura Municipal de Boa Vista do Ramos - AM;1300680;AM;17668;Receitas Brutas Realizadas;1.3.2.5.00.00.00 - Remuneração de Depósitos Bancários;siconfi-cor_RO1.3.2.5.00.00.00;113162,58
Prefeitura Municipal de Boa Vista do Ramos - AM;1300680;AM;17668;Receitas Brutas Realizadas;1.7.0.0.00.00.00 - Transferências Correntes;siconfi-cor_RO1.7.0.0.00.00.00;33078222,7
Prefeitura Municipal de Boa Vista do Ramos - AM;1300680;AM;17668;Receitas Brutas Realizadas;1.7.2.0.00.00.00 - Transferências Intergovernamentais;siconfi-cor_RO1.7.2.0.00.00.00;32883592,7
Prefeitura Municipal de Boa Vista do Ramos - AM;1300680;AM;17668;Receitas Brutas Realizadas;1.7.2.1.00.00.00 - Transferências da União;siconfi-cor_RO1.7.2.1.00.00.00;17451251,26
Prefeitura Municipal de Boa Vista do Ramos - AM;1300680;AM;17668;Receitas Brutas Realizadas;1.7.2.1.01.00.00 - Participação na Receita da União;siconfi-cor_RO1.7.2.1.01.00.00;14330352,8
Prefeitura Municipal de Boa Vista do Ramos - AM;1300680;AM;17668;Receitas Brutas Realizadas;1.7.2.1.01.02.00 - Cota-Parte do Fundo de Participação dos Municípios ¿ FPM;siconfi-cor_RO1.7.2.1.01.02.00;13378686,83
Prefeitura Municipal de Boa Vista do Ramos - AM;1300680;AM;17668;Receitas Brutas Realizadas;1.7.2.1.01.03.00 - Cota-Parte do Fundo de Participação dos Municípios - 1% Cota Anual;siconfi-cor_RO1.7.2.1.01.03.00;556040,01
Prefeitura Municipal de Boa Vista do Ramos - AM;1300680;AM;17668;Receitas Brutas Realizadas;1.7.2.1.01.04.00 - Cota-Parte do Fundo de Participação dos Municípios - 1% Cota entregue no mês de julho (67)(I);siconfi-cor_RO1.7.2.1.01.04.00;395160,46
Prefeitura Municipal de Boa Vista do Ramos - AM;1300680;AM;17668;Receitas Brutas Realizadas;1.7.2.1.01.05.00 - Cota-Parte do Imposto Sobre a Propriedade Territorial Rural ¿ ITR;siconfi-cor_RO1.7.2.1.01.05.00;465,5
Prefeitura Municipal de Boa Vista do Ramos - AM;1300680;AM;17668;Receitas Brutas Realizadas;1.7.2.1.22.00.00 - Transferências da Compensação Financeira pela Exploração de Recursos Naturais;siconfi-cor_RO1.7.2.1.22.00.00;112879
Prefeitura Municipal de Boa Vista do Ramos - AM;1300680;AM;17668;Receitas Brutas Realizadas;1.7.2.1.22.70.00 - Cota-Parte do Fundo Especial do Petróleo ¿ FEP;siconfi-cor_RO1.7.2.1.22.70.00;112879
Prefeitura Municipal de Boa Vista do Ramos - AM;1300680;AM;17668;Receitas Brutas Realizadas;1.7.2.1.33.00.00 - Transferências de Recursos do Sistema Único de Saúde - SUS - Repasses Fundo a Fundo;siconfi-cor_RO1.7.2.1.33.00.00;1832798,56
Prefeitura Municipal de Boa Vista do Ramos - AM;1300680;AM;17668;Receitas Brutas Realizadas;1.7.2.1.34.00.00 - Transferências de Recursos do Fundo Nacional de Assistência Social ¿ FNAS;siconfi-cor_RO1.7.2.1.34.00.00;400683,57
Prefeitura Municipal de Boa Vista do Ramos - AM;1300680;AM;17668;Receitas Brutas Realizadas;1.7.2.1.35.00.00 - Transferências de Recursos do Fundo Nacional do Desenvolvimento da Educação ¿ FNDE;siconfi-cor_RO1.7.2.1.35.00.00;730557,83
Prefeitura Municipal de Boa Vista do Ramos - AM;1300680;AM;17668;Receitas Brutas Realizadas;1.7.2.1.36.00.00 - Transferências Financeiras do ICMS ¿ Desoneração ¿ L.C. Nº 87/96;siconfi-cor_RO1.7.2.1.36.00.00;15989,16
Prefeitura Municipal de Boa Vista do Ramos - AM;1300680;AM;17668;Receitas Brutas Realizadas;1.7.2.1.99.00.00 - Outras Transferências da União;siconfi-cor_RO1.7.2.1.99.00.00;27990,34
Prefeitura Municipal de Boa Vista do Ramos - AM;1300680;AM;17668;Receitas Brutas Realizadas;1.7.2.2.00.00.00 - Transferências dos Estados;siconfi-cor_RO1.7.2.2.00.00.00;6089402,18
Prefeitura Municipal de Boa Vista do Ramos - AM;1300680;AM;17668;Receitas Brutas Realizadas;1.7.2.2.01.00.00 - Participação na Receita dos Estados;siconfi-cor_RO1.7.2.2.01.00.00;5844254,41
Prefeitura Municipal de Boa Vista do Ramos - AM;1300680;AM;17668;Receitas Brutas Realizadas;1.7.2.2.01.01.00 - Cota-Parte do ICMS;siconfi-cor_RO1.7.2.2.01.01.00;5770319,22
Prefeitura Municipal de Boa Vista do Ramos - AM;1300680;AM;17668;Receitas Brutas Realizadas;1.7.2.2.01.02.00 - Cota-Parte do IPVA;siconfi-cor_RO1.7.2.2.01.02.00;11168,32
Prefeitura Municipal de Boa Vista do Ramos - AM;1300680;AM;17668;Receitas Brutas Realizadas;1.7.2.2.01.04.00 - Cota-Parte do IPI - Municípios;siconfi-cor_RO1.7.2.2.01.04.00;23336,48
Prefeitura Municipal de Boa Vista do Ramos - AM;1300680;AM;17668;Receitas Brutas Realizadas;1.7.2.2.01.13.00 - Cota-Parte da Contribuição de Intervenção no Domínio Econômico;siconfi-cor_RO1.7.2.2.01.13.00;39430,39
Prefeitura Municipal de Boa Vista do Ramos - AM;1300680;AM;17668;Receitas Brutas Realizadas;1.7.2.2.22.00.00 - Transferências da Cota-Parte da Compensação Financeira (25%);siconfi-cor_RO1.7.2.2.22.00.00;66883,13
Prefeitura Municipal de Boa Vista do Ramos - AM;1300680;AM;17668;Receitas Brutas Realizadas;1.7.2.2.22.30.00 - Cota-Parte Royalties - Compensação Financeira pela Produção de Petróleo - Lei nº 7.990/89 artigo 9º;siconfi-cor_RO1.7.2.2.22.30.00;66883,13
Prefeitura Municipal de Boa Vista do Ramos - AM;1300680;AM;17668;Receitas Brutas Realizadas;1.7.2.2.33.00.00 - Transferências de Recursos do Estado para Programas de Saúde - Repasse Fundo a Fundo;siconfi-cor_RO1.7.2.2.33.00.00;178264,64
Prefeitura Municipal de Boa Vista do Ramos - AM;1300680;AM;17668;Receitas Brutas Realizadas;1.7.2.4.00.00.00 - Transferências Multigovernamentais;siconfi-cor_RO1.7.2.4.00.00.00;9342939,26
Prefeitura Municipal de Boa Vista do Ramos - AM;1300680;AM;17668;Receitas Brutas Realizadas;1.7.2.4.01.00.00 - Transferências de Recursos do Fundo de Manutenção e Desenvolvimento do Ensino Fundamental e de Valorização do Magistério - FUNDEB;siconfi-cor_RO1.7.2.4.01.00.00;7239758,24
Prefeitura Municipal de Boa Vista do Ramos - AM;1300680;AM;17668;Receitas Brutas Realizadas;1.7.2.4.02.00.00 - Transferências de Recursos da Complementação ao Fundo de Manutenção e Desenvolvimento do Ensino Fundamental e de Valorização do Magistério - FUNDEB;siconfi-cor_RO1.7.2.4.02.00.00;2103181,02
Prefeitura Municipal de Boa Vista do Ramos - AM;1300680;AM;17668;Receitas Brutas Realizadas;1.7.6.0.00.00.00 - Transferências de Convênios;siconfi-cor_RO1.7.6.0.00.00.00;194630
Prefeitura Municipal de Boa Vista do Ramos - AM;1300680;AM;17668;Receitas Brutas Realizadas;1.7.6.3.00.00.00 - Transferências de Convênios dos Municípios e de Suas Entidades;siconfi-cor_RO1.7.6.3.00.00.00;194630
Prefeitura Municipal de Boa Vista do Ramos - AM;1300680;AM;17668;Receitas Brutas Realizadas;1.7.6.3.02.00.00 - Transferências de Convênios dos Municípios Destinadas a Programas de Educação;siconfi-cor_RO1.7.6.3.02.00.00;194630
Prefeitura Municipal de Boa Vista do Ramos - AM;1300680;AM;17668;Receitas Brutas Realizadas;1.9.0.0.00.00.00 - Outras Receitas Correntes;siconfi-cor_RO1.9.0.0.00.00.00;11028,87
Prefeitura Municipal de Boa Vista do Ramos - AM;1300680;AM;17668;Receitas Brutas Realizadas;1.9.3.0.00.00.00 - Receita da Dívida Ativa;siconfi-cor_RO1.9.3.0.00.00.00;976,24
Prefeitura Municipal de Boa Vista do Ramos - AM;1300680;AM;17668;Receitas Brutas Realizadas;1.9.3.1.00.00.00 - Receita da Dívida Ativa Tributária;siconfi-cor_RO1.9.3.1.00.00.00;976,24
Prefeitura Municipal de Boa Vista do Ramos - AM;1300680;AM;17668;Receitas Brutas Realizadas;1.9.3.1.11.00.00 - Receita da Dívida Ativa do Imposto sobre a Propriedade Predial e Territorial Urbana ¿ IPTU;siconfi-cor_RO1.9.3.1.11.00.00;976,24
Prefeitura Municipal de Boa Vista do Ramos - AM;1300680;AM;17668;Receitas Brutas Realizadas;1.9.9.0.00.00.00 - Receitas Diversas;siconfi-cor_RO1.9.9.0.00.00.00;10052,63
Prefeitura Municipal de Boa Vista do Ramos - AM;1300680;AM;17668;Receitas Brutas Realizadas;1.9.9.0.99.00.00 - Outras Receitas;siconfi-cor_RO1.9.9.0.99.00.00;10052,63
Prefeitura Municipal de Boa Vista do Ramos - AM;1300680;AM;17668;Receitas Brutas Realizadas;2.0.0.0.00.00.00 - Receitas de Capital;siconfi-cor_RO2.0.0.0.00.00.00;753521,76
Prefeitura Municipal de Boa Vista do Ramos - AM;1300680;AM;17668;Receitas Brutas Realizadas;2.4.0.0.00.00.00 - Transferências de Capital;siconfi-cor_RO2.4.0.0.00.00.00;753521,76
Prefeitura Municipal de Boa Vista do Ramos - AM;1300680;AM;17668;Receitas Brutas Realizadas;2.4.2.0.00.00.00 - Transferências Intergovernamentais;siconfi-cor_RO2.4.2.0.00.00.00;753521,76
Prefeitura Municipal de Boa Vista do Ramos - AM;1300680;AM;17668;Receitas Brutas Realizadas;2.4.2.1.00.00.00 - Transferências da União;siconfi-cor_RO2.4.2.1.00.00.00;753521,76
Prefeitura Municipal de Boa Vista do Ramos - AM;1300680;AM;17668;Receitas Brutas Realizadas;2.4.2.1.01.00.00 - Participação na Receita da União;siconfi-cor_RO2.4.2.1.01.00.00;81600
Prefeitura Municipal de Boa Vista do Ramos - AM;1300680;AM;17668;Receitas Brutas Realizadas;2.4.2.1.02.00.00 - Transferências de Recursos Destinados a Programas de Educação;siconfi-cor_RO2.4.2.1.02.00.00;632665,36
Prefeitura Municipal de Boa Vista do Ramos - AM;1300680;AM;17668;Receitas Brutas Realizadas;2.4.2.1.99.00.00 - Outras Transferências da União;siconfi-cor_RO2.4.2.1.99.00.00;39256,4
Prefeitura Municipal de Boa Vista do Ramos - AM;1300680;AM;17668;Deduções - Transferências Constitucionais;Total Receitas;siconfi-cor_TotalReceitas;3857255,95
Prefeitura Municipal de Boa Vista do Ramos - AM;1300680;AM;17668;Deduções - Transferências Constitucionais;1.0.0.0.00.00.00 - Receitas Correntes;siconfi-cor_RO1.0.0.0.00.00.00;3857255,95
Prefeitura Municipal de Boa Vista do Ramos - AM;1300680;AM;17668;Deduções - Transferências Constitucionais;1.7.0.0.00.00.00 - Transferências Correntes;siconfi-cor_RO1.7.0.0.00.00.00;3857255,95
Prefeitura Municipal de Boa Vista do Ramos - AM;1300680;AM;17668;Deduções - Transferências Constitucionais;1.7.2.0.00.00.00 - Transferências Intergovernamentais;siconfi-cor_RO1.7.2.0.00.00.00;3857255,95
Prefeitura Municipal de Boa Vista do Ramos - AM;1300680;AM;17668;Deduções - Transferências Constitucionais;1.7.2.1.00.00.00 - Transferências da União;siconfi-cor_RO1.7.2.1.00.00.00;2672138,19
Prefeitura Municipal de Boa Vista do Ramos - AM;1300680;AM;17668;Deduções - Transferências Constitucionais;1.7.2.1.01.00.00 - Participação na Receita da União;siconfi-cor_RO1.7.2.1.01.00.00;2668940,43
Prefeitura Municipal de Boa Vista do Ramos - AM;1300680;AM;17668;Deduções - Transferências Constitucionais;1.7.2.1.01.02.00 - Cota-Parte do Fundo de Participação dos Municípios ¿ FPM;siconfi-cor_RO1.7.2.1.01.02.00;2668847,36
Prefeitura Municipal de Boa Vista do Ramos - AM;1300680;AM;17668;Deduções - Transferências Constitucionais;1.7.2.1.01.05.00 - Cota-Parte do Imposto Sobre a Propriedade Territorial Rural ¿ ITR;siconfi-cor_RO1.7.2.1.01.05.00;93,07
Prefeitura Municipal de Boa Vista do Ramos - AM;1300680;AM;17668;Deduções - Transferências Constitucionais;1.7.2.1.36.00.00 - Transferências Financeiras do ICMS ¿ Desoneração ¿ L.C. Nº 87/96;siconfi-cor_RO1.7.2.1.36.00.00;3197,76
Prefeitura Municipal de Boa Vista do Ramos - AM;1300680;AM;17668;Deduções - Transferências Constitucionais;1.7.2.2.00.00.00 - Transferências dos Estados;siconfi-cor_RO1.7.2.2.00.00.00;1185117,76
Prefeitura Municipal de Boa Vista do Ramos - AM;1300680;AM;17668;Deduções - Transferências Constitucionais;1.7.2.2.01.00.00 - Participação na Receita dos Estados;siconfi-cor_RO1.7.2.2.01.00.00;1185117,76
Prefeitura Municipal de Boa Vista do Ramos - AM;1300680;AM;17668;Deduções - Transferências Constitucionais;1.7.2.2.01.01.00 - Cota-Parte do ICMS;siconfi-cor_RO1.7.2.2.01.01.00;1178217,05
Prefeitura Municipal de Boa Vista do Ramos - AM;1300680;AM;17668;Deduções - Transferências Constitucionais;1.7.2.2.01.02.00 - Cota-Parte do IPVA;siconfi-cor_RO1.7.2.2.01.02.00;2233,39
Prefeitura Municipal de Boa Vista do Ramos - AM;1300680;AM;17668;Deduções - Transferências Constitucionais;1.7.2.2.01.04.00 - Cota-Parte do IPI - Municípios;siconfi-cor_RO1.7.2.2.01.04.00;4667,32
Prefeitura Municipal de Carauari - AM;1301001;AM;27880;Receitas Brutas Realizadas;Total Receitas;siconfi-cor_TotalReceitas;56274170,76
Prefeitura Municipal de Carauari - AM;1301001;AM;27880;Receitas Brutas Realizadas;1.0.0.0.00.00.00 - Receitas Correntes;siconfi-cor_RO1.0.0.0.00.00.00;48715757,1
Prefeitura Municipal de Carauari - AM;1301001;AM;27880;Receitas Brutas Realizadas;1.1.0.0.00.00.00 - Receita Tributária;siconfi-cor_RO1.1.0.0.00.00.00;1365558,69
Prefeitura Municipal de Carauari - AM;1301001;AM;27880;Receitas Brutas Realizadas;1.1.1.0.00.00.00 - Impostos;siconfi-cor_RO1.1.1.0.00.00.00;1316129,14
Prefeitura Municipal de Carauari - AM;1301001;AM;27880;Receitas Brutas Realizadas;1.1.1.2.00.00.00 - Impostos sobre o Patrimônio e a Renda;siconfi-cor_RO1.1.1.2.00.00.00;578563,9
Prefeitura Municipal de Carauari - AM;1301001;AM;27880;Receitas Brutas Realizadas;1.1.1.2.02.00.00 - Imposto sobre a Propriedade Predial e Territorial Urbana ¿ IPTU;siconfi-cor_RO1.1.1.2.02.00.00;44697,7
Prefeitura Municipal de Carauari - AM;1301001;AM;27880;Receitas Brutas Realizadas;1.1.1.2.04.00.00 - Imposto sobre a Renda e Proventos de Qualquer Natureza ¿ IR;siconfi-cor_RO1.1.1.2.04.00.00;494151,5
Prefeitura Municipal de Carauari - AM;1301001;AM;27880;Receitas Brutas Realizadas;1.1.1.2.04.31.00 - Retido nas Fontes - Trabalho;siconfi-cor_RO1.1.1.2.04.31.00;377728,31
Prefeitura Municipal de Carauari - AM;1301001;AM;27880;Receitas Brutas Realizadas;1.1.1.2.04.34.00 - Retido nas Fontes - Outros Rendimentos;siconfi-cor_RO1.1.1.2.04.34.00;116423,19
Prefeitura Municipal de Carauari - AM;1301001;AM;27880;Receitas Brutas Realizadas;"1.1.1.2.08.00.00 - Imposto sobre Transmissão Inter Vivos"" de Bens Imóveis e de Direitos Reais sobre Imóveis ¿ ITBI""";siconfi-cor_RO1.1.1.2.08.00.00;39714,7
Prefeitura Municipal de Carauari - AM;1301001;AM;27880;Receitas Brutas Realizadas;1.1.1.3.00.00.00 - Impostos sobre a Produção e a Circulação;siconfi-cor_RO1.1.1.3.00.00.00;737565,24
Prefeitura Municipal de Carauari - AM;1301001;AM;27880;Receitas Brutas Realizadas;1.1.1.3.05.00.00 - Imposto sobre Serviços de Qualquer Natureza ¿ ISSQN;siconfi-cor_RO1.1.1.3.05.00.00;737565,24
Prefeitura Municipal de Carauari - AM;1301001;AM;27880;Receitas Brutas Realizadas;1.1.2.0.00.00.00 - Taxas;siconfi-cor_RO1.1.2.0.00.00.00;49429,55
Prefeitura Municipal de Carauari - AM;1301001;AM;27880;Receitas Brutas Realizadas;1.1.2.1.00.00.00 - Taxas pelo Exercício do Poder de Polícia;siconfi-cor_RO1.1.2.1.00.00.00;44863,75
Prefeitura Municipal de Carauari - AM;1301001;AM;27880;Receitas Brutas Realizadas;1.1.2.2.00.00.00 - Taxas pela Prestação de Serviços;siconfi-cor_RO1.1.2.2.00.00.00;4565,8
Prefeitura Municipal de Carauari - AM;1301001;AM;27880;Receitas Brutas Realizadas;1.1.2.2.99.00.00 - Outras Taxas pela Prestação de Serviços;siconfi-cor_RO1.1.2.2.99.00.00;4565,8
Prefeitura Municipal de Carauari - AM;1301001;AM;27880;Receitas Brutas Realizadas;1.2.0.0.00.00.00 - Receitas de Contribuições;siconfi-cor_RO1.2.0.0.00.00.00;1158996,39
Prefeitura Municipal de Carauari - AM;1301001;AM;27880;Receitas Brutas Realizadas;1.2.1.0.00.00.00 - Contribuições Sociais;siconfi-cor_RO1.2.1.0.00.00.00;1080284,2
Prefeitura Municipal de Carauari - AM;1301001;AM;27880;Receitas Brutas Realizadas;1.2.1.0.29.00.00 - Contribuições para o Regime Próprio de Previdência do Servidor Público;siconfi-cor_RO1.2.1.0.29.00.00;1080284,2
Prefeitura Municipal de Carauari - AM;1301001;AM;27880;Receitas Brutas Realizadas;1.2.1.0.29.07.00 - Contribuição do Servidor Ativo Civil para o Regime Próprio;siconfi-cor_RO1.2.1.0.29.07.00;1080284,2
Prefeitura Municipal de Carauari - AM;1301001;AM;27880;Receitas Brutas Realizadas;1.2.3.0.00.00.00 - Contribuição para Custeio do Serviço de Iluminação Pública;siconfi-cor_RO1.2.3.0.00.00.00;78712,19
Prefeitura Municipal de Carauari - AM;1301001;AM;27880;Receitas Brutas Realizadas;1.3.0.0.00.00.00 - Receita Patrimonial;siconfi-cor_RO1.3.0.0.00.00.00;258681,98
Prefeitura Municipal de Carauari - AM;1301001;AM;27880;Receitas Brutas Realizadas;1.3.2.0.00.00.00 - Receitas de Valores Mobiliários;siconfi-cor_RO1.3.2.0.00.00.00;258681,98
Prefeitura Municipal de Carauari - AM;1301001;AM;27880;Receitas Brutas Realizadas;1.3.2.5.00.00.00 - Remuneração de Depósitos Bancários;siconfi-cor_RO1.3.2.5.00.00.00;169018,83
Prefeitura Municipal de Carauari - AM;1301001;AM;27880;Receitas Brutas Realizadas;1.3.2.8.00.00.00 - Remuneração dos Investimentos do Regime Próprio de Previdência do Servidor;siconfi-cor_RO1.3.2.8.00.00.00;89663,15
Prefeitura Municipal de Carauari - AM;1301001;AM;27880;Receitas Brutas Realizadas;1.7.0.0.00.00.00 - Transferências Correntes;siconfi-cor_RO1.7.0.0.00.00.00;45928720,65
Prefeitura Municipal de Carauari - AM;1301001;AM;27880;Receitas Brutas Realizadas;1.7.2.0.00.00.00 - Transferências Intergovernamentais;siconfi-cor_RO1.7.2.0.00.00.00;45928720,65
Prefeitura Municipal de Carauari - AM;1301001;AM;27880;Receitas Brutas Realizadas;1.7.2.1.00.00.00 - Transferências da União;siconfi-cor_RO1.7.2.1.00.00.00;21618794,21
Prefeitura Municipal de Carauari - AM;1301001;AM;27880;Receitas Brutas Realizadas;1.7.2.1.01.00.00 - Participação na Receita da União;siconfi-cor_RO1.7.2.1.01.00.00;16719708,75
Prefeitura Municipal de Carauari - AM;1301001;AM;27880;Receitas Brutas Realizadas;1.7.2.1.01.02.00 - Cota-Parte do Fundo de Participação dos Municípios ¿ FPM;siconfi-cor_RO1.7.2.1.01.02.00;15608467,97
Prefeitura Municipal de Carauari - AM;1301001;AM;27880;Receitas Brutas Realizadas;1.7.2.1.01.03.00 - Cota-Parte do Fundo de Participação dos Municípios - 1% Cota Anual;siconfi-cor_RO1.7.2.1.01.03.00;648713,35
Prefeitura Municipal de Carauari - AM;1301001;AM;27880;Receitas Brutas Realizadas;1.7.2.1.01.04.00 - Cota-Parte do Fundo de Participação dos Municípios - 1% Cota entregue no mês de julho (67)(I);siconfi-cor_RO1.7.2.1.01.04.00;461020,52
Prefeitura Municipal de Carauari - AM;1301001;AM;27880;Receitas Brutas Realizadas;1.7.2.1.01.05.00 - Cota-Parte do Imposto Sobre a Propriedade Territorial Rural ¿ ITR;siconfi-cor_RO1.7.2.1.01.05.00;1506,91
Prefeitura Municipal de Carauari - AM;1301001;AM;27880;Receitas Brutas Realizadas;1.7.2.1.22.00.00 - Transferências da Compensação Financeira pela Exploração de Recursos Naturais;siconfi-cor_RO1.7.2.1.22.00.00;131692,17
Prefeitura Municipal de Carauari - AM;1301001;AM;27880;Receitas Brutas Realizadas;1.7.2.1.22.70.00 - Cota-Parte do Fundo Especial do Petróleo ¿ FEP;siconfi-cor_RO1.7.2.1.22.70.00;131692,17
Prefeitura Municipal de Carauari - AM;1301001;AM;27880;Receitas Brutas Realizadas;1.7.2.1.33.00.00 - Transferências de Recursos do Sistema Único de Saúde - SUS - Repasses Fundo a Fundo;siconfi-cor_RO1.7.2.1.33.00.00;2569123,1
Prefeitura Municipal de Carauari - AM;1301001;AM;27880;Receitas Brutas Realizadas;1.7.2.1.34.00.00 - Transferências de Recursos do Fundo Nacional de Assistência Social ¿ FNAS;siconfi-cor_RO1.7.2.1.34.00.00;870848,58
Prefeitura Municipal de Carauari - AM;1301001;AM;27880;Receitas Brutas Realizadas;1.7.2.1.35.00.00 - Transferências de Recursos do Fundo Nacional do Desenvolvimento da Educação ¿ FNDE;siconfi-cor_RO1.7.2.1.35.00.00;1255955,5
Prefeitura Municipal de Carauari - AM;1301001;AM;27880;Receitas Brutas Realizadas;1.7.2.1.36.00.00 - Transferências Financeiras do ICMS ¿ Desoneração ¿ L.C. Nº 87/96;siconfi-cor_RO1.7.2.1.36.00.00;25982,16
Prefeitura Municipal de Carauari - AM;1301001;AM;27880;Receitas Brutas Realizadas;1.7.2.1.99.00.00 - Outras Transferências da União;siconfi-cor_RO1.7.2.1.99.00.00;45483,95
Prefeitura Municipal de Carauari - AM;1301001;AM;27880;Receitas Brutas Realizadas;1.7.2.2.00.00.00 - Transferências dos Estados;siconfi-cor_RO1.7.2.2.00.00.00;10322609,52
Prefeitura Municipal de Carauari - AM;1301001;AM;27880;Receitas Brutas Realizadas;1.7.2.2.01.00.00 - Participação na Receita dos Estados;siconfi-cor_RO1.7.2.2.01.00.00;9589624,02
Prefeitura Municipal de Carauari - AM;1301001;AM;27880;Receitas Brutas Realizadas;1.7.2.2.01.01.00 - Cota-Parte do ICMS;siconfi-cor_RO1.7.2.2.01.01.00;9376693,45
Prefeitura Municipal de Carauari - AM;1301001;AM;27880;Receitas Brutas Realizadas;1.7.2.2.01.02.00 - Cota-Parte do IPVA;siconfi-cor_RO1.7.2.2.01.02.00;124604,6
Prefeitura Municipal de Carauari - AM;1301001;AM;27880;Receitas Brutas Realizadas;1.7.2.2.01.04.00 - Cota-Parte do IPI - Municípios;siconfi-cor_RO1.7.2.2.01.04.00;37921,5
Prefeitura Municipal de Carauari - AM;1301001;AM;27880;Receitas Brutas Realizadas;1.7.2.2.01.13.00 - Cota-Parte da Contribuição de Intervenção no Domínio Econômico;siconfi-cor_RO1.7.2.2.01.13.00;50404,47
Prefeitura Municipal de Carauari - AM;1301001;AM;27880;Receitas Brutas Realizadas;1.7.2.2.22.00.00 - Transferências da Cota-Parte da Compensação Financeira (25%);siconfi-cor_RO1.7.2.2.22.00.00;108684,18
Prefeitura Municipal de Carauari - AM;1301001;AM;27880;Receitas Brutas Realizadas;1.7.2.2.22.30.00 - Cota-Parte Royalties - Compensação Financeira pela Produção de Petróleo - Lei nº 7.990/89 artigo 9º;siconfi-cor_RO1.7.2.2.22.30.00;108684,18
Prefeitura Municipal de Carauari - AM;1301001;AM;27880;Receitas Brutas Realizadas;1.7.2.2.33.00.00 - Transferências de Recursos do Estado para Programas de Saúde - Repasse Fundo a Fundo;siconfi-cor_RO1.7.2.2.33.00.00;624301,32
Prefeitura Municipal de Carauari - AM;1301001;AM;27880;Receitas Brutas Realizadas;1.7.2.4.00.00.00 - Transferências Multigovernamentais;siconfi-cor_RO1.7.2.4.00.00.00;13987316,92
Prefeitura Municipal de Carauari - AM;1301001;AM;27880;Receitas Brutas Realizadas;1.7.2.4.01.00.00 - Transferências de Recursos do Fundo de Manutenção e Desenvolvimento do Ensino Fundamental e de Valorização do Magistério - FUNDEB;siconfi-cor_RO1.7.2.4.01.00.00;11129347,09
Prefeitura Municipal de Carauari - AM;1301001;AM;27880;Receitas Brutas Realizadas;1.7.2.4.02.00.00 - Transferências de Recursos da Complementação ao Fundo de Manutenção e Desenvolvimento do Ensino Fundamental e de Valorização do Magistério - FUNDEB;siconfi-cor_RO1.7.2.4.02.00.00;2857969,83
Prefeitura Municipal de Carauari - AM;1301001;AM;27880;Receitas Brutas Realizadas;1.9.0.0.00.00.00 - Outras Receitas Correntes;siconfi-cor_RO1.9.0.0.00.00.00;3799,39
Prefeitura Municipal de Carauari - AM;1301001;AM;27880;Receitas Brutas Realizadas;1.9.2.0.00.00.00 - Indenizações e Restituições;siconfi-cor_RO1.9.2.0.00.00.00;1
Prefeitura Municipal de Carauari - AM;1301001;AM;27880;Receitas Brutas Realizadas;1.9.2.2.00.00.00 - Restituições;siconfi-cor_RO1.9.2.2.00.00.00;1
Prefeitura Municipal de Carauari - AM;1301001;AM;27880;Receitas Brutas Realizadas;1.9.2.2.99.00.00 - Outras Restituições;siconfi-cor_RO1.9.2.2.99.00.00;1
Prefeitura Municipal de Carauari - AM;1301001;AM;27880;Receitas Brutas Realizadas;1.9.9.0.00.00.00 - Receitas Diversas;siconfi-cor_RO1.9.9.0.00.00.00;3798,39
Prefeitura Municipal de Carauari - AM;1301001;AM;27880;Receitas Brutas Realizadas;1.9.9.0.99.00.00 - Outras Receitas;siconfi-cor_RO1.9.9.0.99.00.00;3798,39
Prefeitura Municipal de Carauari - AM;1301001;AM;27880;Receitas Brutas Realizadas;2.0.0.0.00.00.00 - Receitas de Capital;siconfi-cor_RO2.0.0.0.00.00.00;5392601,6
Prefeitura Municipal de Carauari - AM;1301001;AM;27880;Receitas Brutas Realizadas;2.4.0.0.00.00.00 - Transferências de Capital;siconfi-cor_RO2.4.0.0.00.00.00;5392601,6
Prefeitura Municipal de Carauari - AM;1301001;AM;27880;Receitas Brutas Realizadas;2.4.2.0.00.00.00 - Transferências Intergovernamentais;siconfi-cor_RO2.4.2.0.00.00.00;5277444,28
Prefeitura Municipal de Carauari - AM;1301001;AM;27880;Receitas Brutas Realizadas;2.4.2.1.00.00.00 - Transferências da União;siconfi-cor_RO2.4.2.1.00.00.00;5277444,28
Prefeitura Municipal de Carauari - AM;1301001;AM;27880;Receitas Brutas Realizadas;2.4.2.1.01.00.00 - Participação na Receita da União;siconfi-cor_RO2.4.2.1.01.00.00;470400
Prefeitura Municipal de Carauari - AM;1301001;AM;27880;Receitas Brutas Realizadas;2.4.2.1.02.00.00 - Transferências de Recursos Destinados a Programas de Educação;siconfi-cor_RO2.4.2.1.02.00.00;4807044,28
Prefeitura Municipal de Carauari - AM;1301001;AM;27880;Receitas Brutas Realizadas;2.4.7.0.00.00.00 - Transferências de Convênios;siconfi-cor_RO2.4.7.0.00.00.00;115157,32
Prefeitura Municipal de Carauari - AM;1301001;AM;27880;Receitas Brutas Realizadas;2.4.7.1.00.00.00 - Transferências de Convênios da União e de suas Entidades;siconfi-cor_RO2.4.7.1.00.00.00;115157,32
Prefeitura Municipal de Carauari - AM;1301001;AM;27880;Receitas Brutas Realizadas;2.4.7.1.99.00.00 - Outras Transferências de Convênios da União;siconfi-cor_RO2.4.7.1.99.00.00;115157,32
Prefeitura Municipal de Carauari - AM;1301001;AM;27880;Receitas Brutas Realizadas;7.0.0.0.00.00.00 - Receitas Correntes Intraorçamentárias;siconfi-cor_RI7.0.0.0.00.00.00;2165812,06
Prefeitura Municipal de Carauari - AM;1301001;AM;27880;Receitas Brutas Realizadas;7.2.0.0.00.00.00 - Receitas de Contribuições Intraorçamentárias;siconfi-cor_RI7.2.0.0.00.00.00;2165235,18
Prefeitura Municipal de Carauari - AM;1301001;AM;27880;Receitas Brutas Realizadas;7.2.1.0.00.00.00 - Contribuições Sociais Intraorçamentárias;siconfi-cor_RI7.2.1.0.00.00.00;2165235,18
Prefeitura Municipal de Carauari - AM;1301001;AM;27880;Receitas Brutas Realizadas;7.2.1.0.29.00.00 - Contribuições para o Regime Próprio de Previdência do Servidor Público Intraorçamentárias;siconfi-cor_RI7.2.1.0.29.00.00;2165235,18
Prefeitura Municipal de Carauari - AM;1301001;AM;27880;Receitas Brutas Realizadas;7.2.1.0.29.01.00 - Contribuição Patronal de Servidor Ativo Civil para o Regime Próprio Intraorçamentária;siconfi-cor_RI7.2.1.0.29.01.00;1151526,38
Prefeitura Municipal de Carauari - AM;1301001;AM;27880;Receitas Brutas Realizadas;7.2.1.0.29.99.00 - Outras Contribuições para o Regime Próprio de Previdência do Servidor Público Intraorçamentárias;siconfi-cor_RI7.2.1.0.29.99.00;1013708,8
Prefeitura Municipal de Carauari - AM;1301001;AM;27880;Receitas Brutas Realizadas;7.9.0.0.00.00.00 - Outras Receitas Correntes Intraorçamentárias;siconfi-cor_RI7.9.0.0.00.00.00;576,88
Prefeitura Municipal de Carauari - AM;1301001;AM;27880;Receitas Brutas Realizadas;7.9.9.9.00.00.00 - Demais Receitas Correntes Intraorçamentárias;siconfi-cor_RI7.9.9.9.00.00.00;576,88
Prefeitura Municipal de Carauari - AM;1301001;AM;27880;Deduções - Transferências Constitucionais;Total Receitas;siconfi-cor_TotalReceitas;5026995,99
Prefeitura Municipal de Carauari - AM;1301001;AM;27880;Deduções - Transferências Constitucionais;1.0.0.0.00.00.00 - Receitas Correntes;siconfi-cor_RO1.0.0.0.00.00.00;5026995,99
Prefeitura Municipal de Carauari - AM;1301001;AM;27880;Deduções - Transferências Constitucionais;1.7.0.0.00.00.00 - Transferências Correntes;siconfi-cor_RO1.7.0.0.00.00.00;5026995,99
Prefeitura Municipal de Carauari - AM;1301001;AM;27880;Deduções - Transferências Constitucionais;1.7.2.0.00.00.00 - Transferências Intergovernamentais;siconfi-cor_RO1.7.2.0.00.00.00;5026995,99
Prefeitura Municipal de Carauari - AM;1301001;AM;27880;Deduções - Transferências Constitucionais;1.7.2.1.00.00.00 - Transferências da União;siconfi-cor_RO1.7.2.1.00.00.00;3119153
Prefeitura Municipal de Carauari - AM;1301001;AM;27880;Deduções - Transferências Constitucionais;1.7.2.1.01.00.00 - Participação na Receita da União;siconfi-cor_RO1.7.2.1.01.00.00;3113956,64
Prefeitura Municipal de Carauari - AM;1301001;AM;27880;Deduções - Transferências Constitucionais;1.7.2.1.01.02.00 - Cota-Parte do Fundo de Participação dos Municípios ¿ FPM;siconfi-cor_RO1.7.2.1.01.02.00;3113655,29
Prefeitura Municipal de Carauari - AM;1301001;AM;27880;Deduções - Transferências Constitucionais;1.7.2.1.01.05.00 - Cota-Parte do Imposto Sobre a Propriedade Territorial Rural ¿ ITR;siconfi-cor_RO1.7.2.1.01.05.00;301,35
Prefeitura Municipal de Carauari - AM;1301001;AM;27880;Deduções - Transferências Constitucionais;1.7.2.1.36.00.00 - Transferências Financeiras do ICMS ¿ Desoneração ¿ L.C. Nº 87/96;siconfi-cor_RO1.7.2.1.36.00.00;5196,36
Prefeitura Municipal de Carauari - AM;1301001;AM;27880;Deduções - Transferências Constitucionais;1.7.2.2.00.00.00 - Transferências dos Estados;siconfi-cor_RO1.7.2.2.00.00.00;1907842,99
Prefeitura Municipal de Carauari - AM;1301001;AM;27880;Deduções - Transferências Constitucionais;1.7.2.2.01.00.00 - Participação na Receita dos Estados;siconfi-cor_RO1.7.2.2.01.00.00;1907842,99
Prefeitura Municipal de Carauari - AM;1301001;AM;27880;Deduções - Transferências Constitucionais;1.7.2.2.01.01.00 - Cota-Parte do ICMS;siconfi-cor_RO1.7.2.2.01.01.00;1875338,69
Prefeitura Municipal de Carauari - AM;1301001;AM;27880;Deduções - Transferências Constitucionais;1.7.2.2.01.02.00 - Cota-Parte do IPVA;siconfi-cor_RO1.7.2.2.01.02.00;24919,98
Prefeitura Municipal de Carauari - AM;1301001;AM;27880;Deduções - Transferências Constitucionais;1.7.2.2.01.04.00 - Cota-Parte do IPI - Municípios;siconfi-cor_RO1.7.2.2.01.04.00;7584,32
Prefeitura Municipal de Codajás - AM;1301308;AM;26777;Receitas Brutas Realizadas;Total Receitas;siconfi-cor_TotalReceitas;41944454,73
Prefeitura Municipal de Codajás - AM;1301308;AM;26777;Receitas Brutas Realizadas;1.0.0.0.00.00.00 - Receitas Correntes;siconfi-cor_RO1.0.0.0.00.00.00;41836454,73
Prefeitura Municipal de Codajás - AM;1301308;AM;26777;Receitas Brutas Realizadas;1.1.0.0.00.00.00 - Receita Tributária;siconfi-cor_RO1.1.0.0.00.00.00;989477,23
Prefeitura Municipal de Codajás - AM;1301308;AM;26777;Receitas Brutas Realizadas;1.1.1.0.00.00.00 - Impostos;siconfi-cor_RO1.1.1.0.00.00.00;966835,23
Prefeitura Municipal de Codajás - AM;1301308;AM;26777;Receitas Brutas Realizadas;1.1.1.2.00.00.00 - Impostos sobre o Patrimônio e a Renda;siconfi-cor_RO1.1.1.2.00.00.00;492373,93
Prefeitura Municipal de Codajás - AM;1301308;AM;26777;Receitas Brutas Realizadas;1.1.1.2.02.00.00 - Imposto sobre a Propriedade Predial e Territorial Urbana ¿ IPTU;siconfi-cor_RO1.1.1.2.02.00.00;8323,22
Prefeitura Municipal de Codajás - AM;1301308;AM;26777;Receitas Brutas Realizadas;1.1.1.2.04.00.00 - Imposto sobre a Renda e Proventos de Qualquer Natureza ¿ IR;siconfi-cor_RO1.1.1.2.04.00.00;480945,71
Prefeitura Municipal de Codajás - AM;1301308;AM;26777;Receitas Brutas Realizadas;1.1.1.2.04.31.00 - Retido nas Fontes - Trabalho;siconfi-cor_RO1.1.1.2.04.31.00;410727,47
Prefeitura Municipal de Codajás - AM;1301308;AM;26777;Receitas Brutas Realizadas;1.1.1.2.04.34.00 - Retido nas Fontes - Outros Rendimentos;siconfi-cor_RO1.1.1.2.04.34.00;70218,24
Prefeitura Municipal de Codajás - AM;1301308;AM;26777;Receitas Brutas Realizadas;"1.1.1.2.08.00.00 - Imposto sobre Transmissão Inter Vivos"" de Bens Imóveis e de Direitos Reais sobre Imóveis ¿ ITBI""";siconfi-cor_RO1.1.1.2.08.00.00;3105
Prefeitura Municipal de Codajás - AM;1301308;AM;26777;Receitas Brutas Realizadas;1.1.1.3.00.00.00 - Impostos sobre a Produção e a Circulação;siconfi-cor_RO1.1.1.3.00.00.00;474461,3
Prefeitura Municipal de Codajás - AM;1301308;AM;26777;Receitas Brutas Realizadas;1.1.1.3.05.00.00 - Imposto sobre Serviços de Qualquer Natureza ¿ ISSQN;siconfi-cor_RO1.1.1.3.05.00.00;474461,3
Prefeitura Municipal de Codajás - AM;1301308;AM;26777;Receitas Brutas Realizadas;1.1.2.0.00.00.00 - Taxas;siconfi-cor_RO1.1.2.0.00.00.00;22642
Prefeitura Municipal de Codajás - AM;1301308;AM;26777;Receitas Brutas Realizadas;1.1.2.1.00.00.00 - Taxas pelo Exercício do Poder de Polícia;siconfi-cor_RO1.1.2.1.00.00.00;18620
Prefeitura Municipal de Codajás - AM;1301308;AM;26777;Receitas Brutas Realizadas;1.1.2.2.00.00.00 - Taxas pela Prestação de Serviços;siconfi-cor_RO1.1.2.2.00.00.00;4022
Prefeitura Municipal de Codajás - AM;1301308;AM;26777;Receitas Brutas Realizadas;1.1.2.2.99.00.00 - Outras Taxas pela Prestação de Serviços;siconfi-cor_RO1.1.2.2.99.00.00;4022
Prefeitura Municipal de Codajás - AM;1301308;AM;26777;Receitas Brutas Realizadas;1.3.0.0.00.00.00 - Receita Patrimonial;siconfi-cor_RO1.3.0.0.00.00.00;133419,37
Prefeitura Municipal de Codajás - AM;1301308;AM;26777;Receitas Brutas Realizadas;1.3.2.0.00.00.00 - Receitas de Valores Mobiliários;siconfi-cor_RO1.3.2.0.00.00.00;133419,37
Prefeitura Municipal de Codajás - AM;1301308;AM;26777;Receitas Brutas Realizadas;1.3.2.5.00.00.00 - Remuneração de Depósitos Bancários;siconfi-cor_RO1.3.2.5.00.00.00;133419,37
Prefeitura Municipal de Codajás - AM;1301308;AM;26777;Receitas Brutas Realizadas;1.6.0.0.00.00.00 - Receita de Serviços;siconfi-cor_RO1.6.0.0.00.00.00;1210
Prefeitura Municipal de Codajás - AM;1301308;AM;26777;Receitas Brutas Realizadas;1.6.0.0.13.00.00 - Serviços Administrativos;siconfi-cor_RO1.6.0.0.13.00.00;1210
Prefeitura Municipal de Codajás - AM;1301308;AM;26777;Receitas Brutas Realizadas;1.7.0.0.00.00.00 - Transferências Correntes;siconfi-cor_RO1.7.0.0.00.00.00;38840468,83
Prefeitura Municipal de Codajás - AM;1301308;AM;26777;Receitas Brutas Realizadas;1.7.2.0.00.00.00 - Transferências Intergovernamentais;siconfi-cor_RO1.7.2.0.00.00.00;38770468,83
Prefeitura Municipal de Codajás - AM;1301308;AM;26777;Receitas Brutas Realizadas;1.7.2.1.00.00.00 - Transferências da União;siconfi-cor_RO1.7.2.1.00.00.00;20953616,94
Prefeitura Municipal de Codajás - AM;1301308;AM;26777;Receitas Brutas Realizadas;1.7.2.1.01.00.00 - Participação na Receita da União;siconfi-cor_RO1.7.2.1.01.00.00;16723551,29
Prefeitura Municipal de Codajás - AM;1301308;AM;26777;Receitas Brutas Realizadas;1.7.2.1.01.02.00 - Cota-Parte do Fundo de Participação dos Municípios ¿ FPM;siconfi-cor_RO1.7.2.1.01.02.00;15608467,97
Prefeitura Municipal de Codajás - AM;1301308;AM;26777;Receitas Brutas Realizadas;1.7.2.1.01.03.00 - Cota-Parte do Fundo de Participação dos Municípios - 1% Cota Anual;siconfi-cor_RO1.7.2.1.01.03.00;648713,35
Prefeitura Municipal de Codajás - AM;1301308;AM;26777;Receitas Brutas Realizadas;1.7.2.1.01.04.00 - Cota-Parte do Fundo de Participação dos Municípios - 1% Cota entregue no mês de julho (67)(I);siconfi-cor_RO1.7.2.1.01.04.00;461020,52
Prefeitura Municipal de Codajás - AM;1301308;AM;26777;Receitas Brutas Realizadas;1.7.2.1.01.05.00 - Cota-Parte do Imposto Sobre a Propriedade Territorial Rural ¿ ITR;siconfi-cor_RO1.7.2.1.01.05.00;5349,45
Prefeitura Municipal de Codajás - AM;1301308;AM;26777;Receitas Brutas Realizadas;1.7.2.1.22.00.00 - Transferências da Compensação Financeira pela Exploração de Recursos Naturais;siconfi-cor_RO1.7.2.1.22.00.00;465986,69
Prefeitura Municipal de Codajás - AM;1301308;AM;26777;Receitas Brutas Realizadas;1.7.2.1.22.40.00 - Cota-Parte Royalties pelo Excedente da Produção do Petróleo - Lei nº 9.478/97 artigo 49 I e II;siconfi-cor_RO1.7.2.1.22.40.00;334294,52
Prefeitura Municipal de Codajás - AM;1301308;AM;26777;Receitas Brutas Realizadas;1.7.2.1.22.70.00 - Cota-Parte do Fundo Especial do Petróleo ¿ FEP;siconfi-cor_RO1.7.2.1.22.70.00;131692,17
Prefeitura Municipal de Codajás - AM;1301308;AM;26777;Receitas Brutas Realizadas;1.7.2.1.33.00.00 - Transferências de Recursos do Sistema Único de Saúde - SUS - Repasses Fundo a Fundo;siconfi-cor_RO1.7.2.1.33.00.00;2838093,65
Prefeitura Municipal de Codajás - AM;1301308;AM;26777;Receitas Brutas Realizadas;1.7.2.1.34.00.00 - Transferências de Recursos do Fundo Nacional de Assistência Social ¿ FNAS;siconfi-cor_RO1.7.2.1.34.00.00;212994,36
Prefeitura Municipal de Codajás - AM;1301308;AM;26777;Receitas Brutas Realizadas;1.7.2.1.35.00.00 - Transferências de Recursos do Fundo Nacional do Desenvolvimento da Educação ¿ FNDE;siconfi-cor_RO1.7.2.1.35.00.00;647809,26
Prefeitura Municipal de Codajás - AM;1301308;AM;26777;Receitas Brutas Realizadas;1.7.2.1.36.00.00 - Transferências Financeiras do ICMS ¿ Desoneração ¿ L.C. Nº 87/96;siconfi-cor_RO1.7.2.1.36.00.00;23697,36
Prefeitura Municipal de Codajás - AM;1301308;AM;26777;Receitas Brutas Realizadas;1.7.2.1.99.00.00 - Outras Transferências da União;siconfi-cor_RO1.7.2.1.99.00.00;41484,33
Prefeitura Municipal de Codajás - AM;1301308;AM;26777;Receitas Brutas Realizadas;1.7.2.2.00.00.00 - Transferências dos Estados;siconfi-cor_RO1.7.2.2.00.00.00;9031421,43
Prefeitura Municipal de Codajás - AM;1301308;AM;26777;Receitas Brutas Realizadas;1.7.2.2.01.00.00 - Participação na Receita dos Estados;siconfi-cor_RO1.7.2.2.01.00.00;8658096,9
Prefeitura Municipal de Codajás - AM;1301308;AM;26777;Receitas Brutas Realizadas;1.7.2.2.01.01.00 - Cota-Parte do ICMS;siconfi-cor_RO1.7.2.2.01.01.00;8552154,41
Prefeitura Municipal de Codajás - AM;1301308;AM;26777;Receitas Brutas Realizadas;1.7.2.2.01.02.00 - Cota-Parte do IPVA;siconfi-cor_RO1.7.2.2.01.02.00;21661,49
Prefeitura Municipal de Codajás - AM;1301308;AM;26777;Receitas Brutas Realizadas;1.7.2.2.01.04.00 - Cota-Parte do IPI - Municípios;siconfi-cor_RO1.7.2.2.01.04.00;34586,86
Prefeitura Municipal de Codajás - AM;1301308;AM;26777;Receitas Brutas Realizadas;1.7.2.2.01.13.00 - Cota-Parte da Contribuição de Intervenção no Domínio Econômico;siconfi-cor_RO1.7.2.2.01.13.00;49694,14
Prefeitura Municipal de Codajás - AM;1301308;AM;26777;Receitas Brutas Realizadas;1.7.2.2.22.00.00 - Transferências da Cota-Parte da Compensação Financeira (25%);siconfi-cor_RO1.7.2.2.22.00.00;99127,05
Prefeitura Municipal de Codajás - AM;1301308;AM;26777;Receitas Brutas Realizadas;1.7.2.2.22.30.00 - Cota-Parte Royalties - Compensação Financeira pela Produção de Petróleo - Lei nº 7.990/89 artigo 9º;siconfi-cor_RO1.7.2.2.22.30.00;99127,05
Prefeitura Municipal de Codajás - AM;1301308;AM;26777;Receitas Brutas Realizadas;1.7.2.2.33.00.00 - Transferências de Recursos do Estado para Programas de Saúde - Repasse Fundo a Fundo;siconfi-cor_RO1.7.2.2.33.00.00;274197,48
Prefeitura Municipal de Codajás - AM;1301308;AM;26777;Receitas Brutas Realizadas;1.7.2.4.00.00.00 - Transferências Multigovernamentais;siconfi-cor_RO1.7.2.4.00.00.00;8785430,46
Prefeitura Municipal de Codajás - AM;1301308;AM;26777;Receitas Brutas Realizadas;1.7.2.4.01.00.00 - Transferências de Recursos do Fundo de Manutenção e Desenvolvimento do Ensino Fundamental e de Valorização do Magistério - FUNDEB;siconfi-cor_RO1.7.2.4.01.00.00;6522124,86
Prefeitura Municipal de Codajás - AM;1301308;AM;26777;Receitas Brutas Realizadas;1.7.2.4.02.00.00 - Transferências de Recursos da Complementação ao Fundo de Manutenção e Desenvolvimento do Ensino Fundamental e de Valorização do Magistério - FUNDEB;siconfi-cor_RO1.7.2.4.02.00.00;2263305,6
Prefeitura Municipal de Codajás - AM;1301308;AM;26777;Receitas Brutas Realizadas;1.7.3.0.00.00.00 - Transferências de Instituições Privadas;siconfi-cor_RO1.7.3.0.00.00.00;70000
Prefeitura Municipal de Codajás - AM;1301308;AM;26777;Receitas Brutas Realizadas;1.9.0.0.00.00.00 - Outras Receitas Correntes;siconfi-cor_RO1.9.0.0.00.00.00;1871879,3
Prefeitura Municipal de Codajás - AM;1301308;AM;26777;Receitas Brutas Realizadas;1.9.2.0.00.00.00 - Indenizações e Restituições;siconfi-cor_RO1.9.2.0.00.00.00;1871879,3
Prefeitura Municipal de Codajás - AM;1301308;AM;26777;Receitas Brutas Realizadas;1.9.2.2.00.00.00 - Restituições;siconfi-cor_RO1.9.2.2.00.00.00;1871879,3
Prefeitura Municipal de Codajás - AM;1301308;AM;26777;Receitas Brutas Realizadas;1.9.2.2.99.00.00 - Outras Restituições;siconfi-cor_RO1.9.2.2.99.00.00;1871879,3
Prefeitura Municipal de Codajás - AM;1301308;AM;26777;Receitas Brutas Realizadas;2.0.0.0.00.00.00 - Receitas de Capital;siconfi-cor_RO2.0.0.0.00.00.00;108000
Prefeitura Municipal de Codajás - AM;1301308;AM;26777;Receitas Brutas Realizadas;2.4.0.0.00.00.00 - Transferências de Capital;siconfi-cor_RO2.4.0.0.00.00.00;108000
Prefeitura Municipal de Codajás - AM;1301308;AM;26777;Receitas Brutas Realizadas;2.4.2.0.00.00.00 - Transferências Intergovernamentais;siconfi-cor_RO2.4.2.0.00.00.00;108000
Prefeitura Municipal de Codajás - AM;1301308;AM;26777;Receitas Brutas Realizadas;2.4.2.1.00.00.00 - Transferências da União;siconfi-cor_RO2.4.2.1.00.00.00;108000
Prefeitura Municipal de Codajás - AM;1301308;AM;26777;Receitas Brutas Realizadas;2.4.2.1.01.00.00 - Participação na Receita da União;siconfi-cor_RO2.4.2.1.01.00.00;108000
Prefeitura Municipal de Codajás - AM;1301308;AM;26777;Deduções - Transferências Constitucionais;Total Receitas;siconfi-cor_TotalReceitas;4841144,78
Prefeitura Municipal de Codajás - AM;1301308;AM;26777;Deduções - Transferências Constitucionais;1.0.0.0.00.00.00 - Receitas Correntes;siconfi-cor_RO1.0.0.0.00.00.00;4841144,78
Prefeitura Municipal de Codajás - AM;1301308;AM;26777;Deduções - Transferências Constitucionais;1.7.0.0.00.00.00 - Transferências Correntes;siconfi-cor_RO1.7.0.0.00.00.00;4841144,78
Prefeitura Municipal de Codajás - AM;1301308;AM;26777;Deduções - Transferências Constitucionais;1.7.2.0.00.00.00 - Transferências Intergovernamentais;siconfi-cor_RO1.7.2.0.00.00.00;4841144,78
Prefeitura Municipal de Codajás - AM;1301308;AM;26777;Deduções - Transferências Constitucionais;1.7.2.1.00.00.00 - Transferências da União;siconfi-cor_RO1.7.2.1.00.00.00;3119464,52
Prefeitura Municipal de Codajás - AM;1301308;AM;26777;Deduções - Transferências Constitucionais;1.7.2.1.01.00.00 - Participação na Receita da União;siconfi-cor_RO1.7.2.1.01.00.00;3114725,12
Prefeitura Municipal de Codajás - AM;1301308;AM;26777;Deduções - Transferências Constitucionais;1.7.2.1.01.02.00 - Cota-Parte do Fundo de Participação dos Municípios ¿ FPM;siconfi-cor_RO1.7.2.1.01.02.00;3113655,29
Prefeitura Municipal de Codajás - AM;1301308;AM;26777;Deduções - Transferências Constitucionais;1.7.2.1.01.05.00 - Cota-Parte do Imposto Sobre a Propriedade Territorial Rural ¿ ITR;siconfi-cor_RO1.7.2.1.01.05.00;1069,83
Prefeitura Municipal de Codajás - AM;1301308;AM;26777;Deduções - Transferências Constitucionais;1.7.2.1.36.00.00 - Transferências Financeiras do ICMS ¿ Desoneração ¿ L.C. Nº 87/96;siconfi-cor_RO1.7.2.1.36.00.00;4739,4
Prefeitura Municipal de Codajás - AM;1301308;AM;26777;Deduções - Transferências Constitucionais;1.7.2.2.00.00.00 - Transferências dos Estados;siconfi-cor_RO1.7.2.2.00.00.00;1721680,26
Prefeitura Municipal de Codajás - AM;1301308;AM;26777;Deduções - Transferências Constitucionais;1.7.2.2.01.00.00 - Participação na Receita dos Estados;siconfi-cor_RO1.7.2.2.01.00.00;1721680,26
Prefeitura Municipal de Codajás - AM;1301308;AM;26777;Deduções - Transferências Constitucionais;1.7.2.2.01.01.00 - Cota-Parte do ICMS;siconfi-cor_RO1.7.2.2.01.01.00;1710430,89
Prefeitura Municipal de Codajás - AM;1301308;AM;26777;Deduções - Transferências Constitucionais;1.7.2.2.01.02.00 - Cota-Parte do IPVA;siconfi-cor_RO1.7.2.2.01.02.00;4331,99
Prefeitura Municipal de Codajás - AM;1301308;AM;26777;Deduções - Transferências Constitucionais;1.7.2.2.01.04.00 - Cota-Parte do IPI - Municípios;siconfi-cor_RO1.7.2.2.01.04.00;6917,38
Prefeitura Municipal de Presidente Figueiredo - AM;1303536;AM;32812;Receitas Brutas Realizadas;Total Receitas;siconfi-cor_TotalReceitas;175486634,7
Prefeitura Municipal de Presidente Figueiredo - AM;1303536;AM;32812;Receitas Brutas Realizadas;1.0.0.0.00.00.00 - Receitas Correntes;siconfi-cor_RO1.0.0.0.00.00.00;164879217,5
Prefeitura Municipal de Presidente Figueiredo - AM;1303536;AM;32812;Receitas Brutas Realizadas;1.1.0.0.00.00.00 - Receita Tributária;siconfi-cor_RO1.1.0.0.00.00.00;12310571,13
Prefeitura Municipal de Presidente Figueiredo - AM;1303536;AM;32812;Receitas Brutas Realizadas;1.1.1.0.00.00.00 - Impostos;siconfi-cor_RO1.1.1.0.00.00.00;12166744,4
Prefeitura Municipal de Presidente Figueiredo - AM;1303536;AM;32812;Receitas Brutas Realizadas;1.1.1.2.00.00.00 - Impostos sobre o Patrimônio e a Renda;siconfi-cor_RO1.1.1.2.00.00.00;3539145,55
Prefeitura Municipal de Presidente Figueiredo - AM;1303536;AM;32812;Receitas Brutas Realizadas;1.1.1.2.02.00.00 - Imposto sobre a Propriedade Predial e Territorial Urbana ¿ IPTU;siconfi-cor_RO1.1.1.2.02.00.00;624356,38
Prefeitura Municipal de Presidente Figueiredo - AM;1303536;AM;32812;Receitas Brutas Realizadas;1.1.1.2.04.00.00 - Imposto sobre a Renda e Proventos de Qualquer Natureza ¿ IR;siconfi-cor_RO1.1.1.2.04.00.00;2725234,55
Prefeitura Municipal de Presidente Figueiredo - AM;1303536;AM;32812;Receitas Brutas Realizadas;1.1.1.2.04.31.00 - Retido nas Fontes - Trabalho;siconfi-cor_RO1.1.1.2.04.31.00;2094968,84
Prefeitura Municipal de Presidente Figueiredo - AM;1303536;AM;32812;Receitas Brutas Realizadas;1.1.1.2.04.34.00 - Retido nas Fontes - Outros Rendimentos;siconfi-cor_RO1.1.1.2.04.34.00;630265,71
Prefeitura Municipal de Presidente Figueiredo - AM;1303536;AM;32812;Receitas Brutas Realizadas;"1.1.1.2.08.00.00 - Imposto sobre Transmissão Inter Vivos"" de Bens Imóveis e de Direitos Reais sobre Imóveis ¿ ITBI""";siconfi-cor_RO1.1.1.2.08.00.00;189554,62
Prefeitura Municipal de Presidente Figueiredo - AM;1303536;AM;32812;Receitas Brutas Realizadas;1.1.1.3.00.00.00 - Impostos sobre a Produção e a Circulação;siconfi-cor_RO1.1.1.3.00.00.00;8627598,85
Prefeitura Municipal de Presidente Figueiredo - AM;1303536;AM;32812;Receitas Brutas Realizadas;1.1.1.3.05.00.00 - Imposto sobre Serviços de Qualquer Natureza ¿ ISSQN;siconfi-cor_RO1.1.1.3.05.00.00;8627598,85
Prefeitura Municipal de Presidente Figueiredo - AM;1303536;AM;32812;Receitas Brutas Realizadas;1.1.2.0.00.00.00 - Taxas;siconfi-cor_RO1.1.2.0.00.00.00;143826,73
Prefeitura Municipal de Presidente Figueiredo - AM;1303536;AM;32812;Receitas Brutas Realizadas;1.1.2.1.00.00.00 - Taxas pelo Exercício do Poder de Polícia;siconfi-cor_RO1.1.2.1.00.00.00;143700,27
Prefeitura Municipal de Presidente Figueiredo - AM;1303536;AM;32812;Receitas Brutas Realizadas;1.1.2.2.00.00.00 - Taxas pela Prestação de Serviços;siconfi-cor_RO1.1.2.2.00.00.00;126,46
Prefeitura Municipal de Presidente Figueiredo - AM;1303536;AM;32812;Receitas Brutas Realizadas;1.1.2.2.99.00.00 - Outras Taxas pela Prestação de Serviços;siconfi-cor_RO1.1.2.2.99.00.00;126,46
Prefeitura Municipal de Presidente Figueiredo - AM;1303536;AM;32812;Receitas Brutas Realizadas;1.2.0.0.00.00.00 - Receitas de Contribuições;siconfi-cor_RO1.2.0.0.00.00.00;3151319,15
Prefeitura Municipal de Presidente Figueiredo - AM;1303536;AM;32812;Receitas Brutas Realizadas;1.2.1.0.00.00.00 - Contribuições Sociais;siconfi-cor_RO1.2.1.0.00.00.00;3151319,15
Prefeitura Municipal de Presidente Figueiredo - AM;1303536;AM;32812;Receitas Brutas Realizadas;1.2.1.0.29.00.00 - Contribuições para o Regime Próprio de Previdência do Servidor Público;siconfi-cor_RO1.2.1.0.29.00.00;3151319,15
Prefeitura Municipal de Presidente Figueiredo - AM;1303536;AM;32812;Receitas Brutas Realizadas;1.2.1.0.29.07.00 - Contribuição do Servidor Ativo Civil para o Regime Próprio;siconfi-cor_RO1.2.1.0.29.07.00;3151319,15
Prefeitura Municipal de Presidente Figueiredo - AM;1303536;AM;32812;Receitas Brutas Realizadas;1.3.0.0.00.00.00 - Receita Patrimonial;siconfi-cor_RO1.3.0.0.00.00.00;7662757,79
Prefeitura Municipal de Presidente Figueiredo - AM;1303536;AM;32812;Receitas Brutas Realizadas;1.3.2.0.00.00.00 - Receitas de Valores Mobiliários;siconfi-cor_RO1.3.2.0.00.00.00;7662757,79
Prefeitura Municipal de Presidente Figueiredo - AM;1303536;AM;32812;Receitas Brutas Realizadas;1.3.2.2.00.00.00 - Dividendos;siconfi-cor_RO1.3.2.2.00.00.00;59,43
Prefeitura Municipal de Presidente Figueiredo - AM;1303536;AM;32812;Receitas Brutas Realizadas;1.3.2.5.00.00.00 - Remuneração de Depósitos Bancários;siconfi-cor_RO1.3.2.5.00.00.00;705215,67
Prefeitura Municipal de Presidente Figueiredo - AM;1303536;AM;32812;Receitas Brutas Realizadas;1.3.2.8.00.00.00 - Remuneração dos Investimentos do Regime Próprio de Previdência do Servidor;siconfi-cor_RO1.3.2.8.00.00.00;6957482,69
Prefeitura Municipal de Presidente Figueiredo - AM;1303536;AM;32812;Receitas Brutas Realizadas;1.6.0.0.00.00.00 - Receita de Serviços;siconfi-cor_RO1.6.0.0.00.00.00;1620538,45
Prefeitura Municipal de Presidente Figueiredo - AM;1303536;AM;32812;Receitas Brutas Realizadas;1.6.0.0.13.00.00 - Serviços Administrativos;siconfi-cor_RO1.6.0.0.13.00.00;15320
Prefeitura Municipal de Presidente Figueiredo - AM;1303536;AM;32812;Receitas Brutas Realizadas;1.6.0.0.41.00.00 - Serviços de Captação, Adução, Tratamento, Reserva e Distribuição de Água;siconfi-cor_RO1.6.0.0.41.00.00;1568113,51
Prefeitura Municipal de Presidente Figueiredo - AM;1303536;AM;32812;Receitas Brutas Realizadas;1.6.0.0.48.00.00 - Serviços de Religamento de Água;siconfi-cor_RO1.6.0.0.48.00.00;4062
Prefeitura Municipal de Presidente Figueiredo - AM;1303536;AM;32812;Receitas Brutas Realizadas;1.6.0.0.99.00.00 - Outros Serviços;siconfi-cor_RO1.6.0.0.99.00.00;33042,94
Prefeitura Municipal de Presidente Figueiredo - AM;1303536;AM;32812;Receitas Brutas Realizadas;1.7.0.0.00.00.00 - Transferências Correntes;siconfi-cor_RO1.7.0.0.00.00.00;139434916,4
Prefeitura Municipal de Presidente Figueiredo - AM;1303536;AM;32812;Receitas Brutas Realizadas;1.7.2.0.00.00.00 - Transferências Intergovernamentais;siconfi-cor_RO1.7.2.0.00.00.00;139368721,5
Prefeitura Municipal de Presidente Figueiredo - AM;1303536;AM;32812;Receitas Brutas Realizadas;1.7.2.1.00.00.00 - Transferências da União;siconfi-cor_RO1.7.2.1.00.00.00;36240150,11
Prefeitura Municipal de Presidente Figueiredo - AM;1303536;AM;32812;Receitas Brutas Realizadas;1.7.2.1.01.00.00 - Participação na Receita da União;siconfi-cor_RO1.7.2.1.01.00.00;19168363,34
Prefeitura Municipal de Presidente Figueiredo - AM;1303536;AM;32812;Receitas Brutas Realizadas;1.7.2.1.01.02.00 - Cota-Parte do Fundo de Participação dos Municípios ¿ FPM;siconfi-cor_RO1.7.2.1.01.02.00;17838249,13
Prefeitura Municipal de Presidente Figueiredo - AM;1303536;AM;32812;Receitas Brutas Realizadas;1.7.2.1.01.03.00 - Cota-Parte do Fundo de Participação dos Municípios - 1% Cota Anual;siconfi-cor_RO1.7.2.1.01.03.00;741386,68
Prefeitura Municipal de Presidente Figueiredo - AM;1303536;AM;32812;Receitas Brutas Realizadas;1.7.2.1.01.04.00 - Cota-Parte do Fundo de Participação dos Municípios - 1% Cota entregue no mês de julho (67)(I);siconfi-cor_RO1.7.2.1.01.04.00;526880,6
Prefeitura Municipal de Presidente Figueiredo - AM;1303536;AM;32812;Receitas Brutas Realizadas;1.7.2.1.01.05.00 - Cota-Parte do Imposto Sobre a Propriedade Territorial Rural ¿ ITR;siconfi-cor_RO1.7.2.1.01.05.00;61846,93
Prefeitura Municipal de Presidente Figueiredo - AM;1303536;AM;32812;Receitas Brutas Realizadas;1.7.2.1.22.00.00 - Transferências da Compensação Financeira pela Exploração de Recursos Naturais;siconfi-cor_RO1.7.2.1.22.00.00;6269970,62
Prefeitura Municipal de Presidente Figueiredo - AM;1303536;AM;32812;Receitas Brutas Realizadas;1.7.2.1.22.11.00 - Cota-Parte da Compensação Financeira de Recursos Hídricos;siconfi-cor_RO1.7.2.1.22.11.00;1181076,03
Prefeitura Municipal de Presidente Figueiredo - AM;1303536;AM;32812;Receitas Brutas Realizadas;1.7.2.1.22.20.00 - Cota-Parte da Compensação Financeira de Recursos Minerais - CFEM;siconfi-cor_RO1.7.2.1.22.20.00;4938389,26
Prefeitura Municipal de Presidente Figueiredo - AM;1303536;AM;32812;Receitas Brutas Realizadas;1.7.2.1.22.70.00 - Cota-Parte do Fundo Especial do Petróleo ¿ FEP;siconfi-cor_RO1.7.2.1.22.70.00;150505,33
Prefeitura Municipal de Presidente Figueiredo - AM;1303536;AM;32812;Receitas Brutas Realizadas;1.7.2.1.33.00.00 - Transferências de Recursos do Sistema Único de Saúde - SUS - Repasses Fundo a Fundo;siconfi-cor_RO1.7.2.1.33.00.00;7024693,9
Prefeitura Municipal de Presidente Figueiredo - AM;1303536;AM;32812;Receitas Brutas Realizadas;1.7.2.1.34.00.00 - Transferências de Recursos do Fundo Nacional de Assistência Social ¿ FNAS;siconfi-cor_RO1.7.2.1.34.00.00;728435,24
Prefeitura Municipal de Presidente Figueiredo - AM;1303536;AM;32812;Receitas Brutas Realizadas;1.7.2.1.35.00.00 - Transferências de Recursos do Fundo Nacional do Desenvolvimento da Educação ¿ FNDE;siconfi-cor_RO1.7.2.1.35.00.00;2472926,31
Prefeitura Municipal de Presidente Figueiredo - AM;1303536;AM;32812;Receitas Brutas Realizadas;1.7.2.1.36.00.00 - Transferências Financeiras do ICMS ¿ Desoneração ¿ L.C. Nº 87/96;siconfi-cor_RO1.7.2.1.36.00.00;209322,96
Prefeitura Municipal de Presidente Figueiredo - AM;1303536;AM;32812;Receitas Brutas Realizadas;1.7.2.1.99.00.00 - Outras Transferências da União;siconfi-cor_RO1.7.2.1.99.00.00;366437,74
Prefeitura Municipal de Presidente Figueiredo - AM;1303536;AM;32812;Receitas Brutas Realizadas;1.7.2.2.00.00.00 - Transferências dos Estados;siconfi-cor_RO1.7.2.2.00.00.00;78694731
Prefeitura Municipal de Presidente Figueiredo - AM;1303536;AM;32812;Receitas Brutas Realizadas;1.7.2.2.01.00.00 - Participação na Receita dos Estados;siconfi-cor_RO1.7.2.2.01.00.00;77034021,44
Prefeitura Municipal de Presidente Figueiredo - AM;1303536;AM;32812;Receitas Brutas Realizadas;1.7.2.2.01.01.00 - Cota-Parte do ICMS;siconfi-cor_RO1.7.2.2.01.01.00;75542563,74
Prefeitura Municipal de Presidente Figueiredo - AM;1303536;AM;32812;Receitas Brutas Realizadas;1.7.2.2.01.02.00 - Cota-Parte do IPVA;siconfi-cor_RO1.7.2.2.01.02.00;1127874,81
Prefeitura Municipal de Presidente Figueiredo - AM;1303536;AM;32812;Receitas Brutas Realizadas;1.7.2.2.01.04.00 - Cota-Parte do IPI - Municípios;siconfi-cor_RO1.7.2.2.01.04.00;305511,49
Prefeitura Municipal de Presidente Figueiredo - AM;1303536;AM;32812;Receitas Brutas Realizadas;1.7.2.2.01.13.00 - Cota-Parte da Contribuição de Intervenção no Domínio Econômico;siconfi-cor_RO1.7.2.2.01.13.00;58071,4
Prefeitura Municipal de Presidente Figueiredo - AM;1303536;AM;32812;Receitas Brutas Realizadas;1.7.2.2.22.00.00 - Transferências da Cota-Parte da Compensação Financeira (25%);siconfi-cor_RO1.7.2.2.22.00.00;875605,24
Prefeitura Municipal de Presidente Figueiredo - AM;1303536;AM;32812;Receitas Brutas Realizadas;1.7.2.2.22.30.00 - Cota-Parte Royalties - Compensação Financeira pela Produção de Petróleo - Lei nº 7.990/89 artigo 9º;siconfi-cor_RO1.7.2.2.22.30.00;875605,24
Prefeitura Municipal de Presidente Figueiredo - AM;1303536;AM;32812;Receitas Brutas Realizadas;1.7.2.2.33.00.00 - Transferências de Recursos do Estado para Programas de Saúde - Repasse Fundo a Fundo;siconfi-cor_RO1.7.2.2.33.00.00;785104,32
Prefeitura Municipal de Presidente Figueiredo - AM;1303536;AM;32812;Receitas Brutas Realizadas;1.7.2.4.00.00.00 - Transferências Multigovernamentais;siconfi-cor_RO1.7.2.4.00.00.00;24433840,4
Prefeitura Municipal de Presidente Figueiredo - AM;1303536;AM;32812;Receitas Brutas Realizadas;1.7.2.4.01.00.00 - Transferências de Recursos do Fundo de Manutenção e Desenvolvimento do Ensino Fundamental e de Valorização do Magistério - FUNDEB;siconfi-cor_RO1.7.2.4.01.00.00;20056750,41
Prefeitura Municipal de Presidente Figueiredo - AM;1303536;AM;32812;Receitas Brutas Realizadas;1.7.2.4.02.00.00 - Transferências de Recursos da Complementação ao Fundo de Manutenção e Desenvolvimento do Ensino Fundamental e de Valorização do Magistério - FUNDEB;siconfi-cor_RO1.7.2.4.02.00.00;4377089,99
Prefeitura Municipal de Presidente Figueiredo - AM;1303536;AM;32812;Receitas Brutas Realizadas;1.7.3.0.00.00.00 - Transferências de Instituições Privadas;siconfi-cor_RO1.7.3.0.00.00.00;60000
Prefeitura Municipal de Presidente Figueiredo - AM;1303536;AM;32812;Receitas Brutas Realizadas;1.7.6.0.00.00.00 - Transferências de Convênios;siconfi-cor_RO1.7.6.0.00.00.00;6194,86
Prefeitura Municipal de Presidente Figueiredo - AM;1303536;AM;32812;Receitas Brutas Realizadas;1.7.6.1.00.00.00 - Transferências de Convênios da União e de Suas Entidades;siconfi-cor_RO1.7.6.1.00.00.00;6194,86
Prefeitura Municipal de Presidente Figueiredo - AM;1303536;AM;32812;Receitas Brutas Realizadas;1.7.6.1.02.00.00 - Transferências de Convênios da União Destinadas a Programas de Educação;siconfi-cor_RO1.7.6.1.02.00.00;6194,86
Prefeitura Municipal de Presidente Figueiredo - AM;1303536;AM;32812;Receitas Brutas Realizadas;1.9.0.0.00.00.00 - Outras Receitas Correntes;siconfi-cor_RO1.9.0.0.00.00.00;699114,57
Prefeitura Municipal de Presidente Figueiredo - AM;1303536;AM;32812;Receitas Brutas Realizadas;1.9.1.0.00.00.00 - Multas e Juros de Mora;siconfi-cor_RO1.9.1.0.00.00.00;15881,4
Prefeitura Municipal de Presidente Figueiredo - AM;1303536;AM;32812;Receitas Brutas Realizadas;1.9.1.9.00.00.00 - Multas de Outras Origens;siconfi-cor_RO1.9.1.9.00.00.00;15881,4
Prefeitura Municipal de Presidente Figueiredo - AM;1303536;AM;32812;Receitas Brutas Realizadas;1.9.2.0.00.00.00 - Indenizações e Restituições;siconfi-cor_RO1.9.2.0.00.00.00;391895,68
Prefeitura Municipal de Presidente Figueiredo - AM;1303536;AM;32812;Receitas Brutas Realizadas;1.9.2.2.00.00.00 - Restituições;siconfi-cor_RO1.9.2.2.00.00.00;391895,68
Prefeitura Municipal de Presidente Figueiredo - AM;1303536;AM;32812;Receitas Brutas Realizadas;1.9.2.2.99.00.00 - Outras Restituições;siconfi-cor_RO1.9.2.2.99.00.00;391895,68
Prefeitura Municipal de Presidente Figueiredo - AM;1303536;AM;32812;Receitas Brutas Realizadas;1.9.3.0.00.00.00 - Receita da Dívida Ativa;siconfi-cor_RO1.9.3.0.00.00.00;252840,43
Prefeitura Municipal de Presidente Figueiredo - AM;1303536;AM;32812;Receitas Brutas Realizadas;1.9.3.1.00.00.00 - Receita da Dívida Ativa Tributária;siconfi-cor_RO1.9.3.1.00.00.00;121105,43
Prefeitura Municipal de Presidente Figueiredo - AM;1303536;AM;32812;Receitas Brutas Realizadas;1.9.3.1.11.00.00 - Receita da Dívida Ativa do Imposto sobre a Propriedade Predial e Territorial Urbana ¿ IPTU;siconfi-cor_RO1.9.3.1.11.00.00;108362,35
Prefeitura Municipal de Presidente Figueiredo - AM;1303536;AM;32812;Receitas Brutas Realizadas;1.9.3.1.13.00.00 - Receita da Dívida Ativa do Imposto sobre Serviços de Qualquer Natureza ¿ ISS;siconfi-cor_RO1.9.3.1.13.00.00;6466,84
Prefeitura Municipal de Presidente Figueiredo - AM;1303536;AM;32812;Receitas Brutas Realizadas;1.9.3.1.99.00.00 - Receita da Dívida Ativa de Outros Tributos;siconfi-cor_RO1.9.3.1.99.00.00;6276,24
Prefeitura Municipal de Presidente Figueiredo - AM;1303536;AM;32812;Receitas Brutas Realizadas;1.9.3.2.00.00.00 - Receita da Dívida Ativa Não Tributária;siconfi-cor_RO1.9.3.2.00.00.00;131735
Prefeitura Municipal de Presidente Figueiredo - AM;1303536;AM;32812;Receitas Brutas Realizadas;1.9.3.2.99.00.00 - Receita da Dívida Ativa Não Tributária de Outras Receitas;siconfi-cor_RO1.9.3.2.99.00.00;131735
Prefeitura Municipal de Presidente Figueiredo - AM;1303536;AM;32812;Receitas Brutas Realizadas;1.9.9.0.00.00.00 - Receitas Diversas;siconfi-cor_RO1.9.9.0.00.00.00;38497,06
Prefeitura Municipal de Presidente Figueiredo - AM;1303536;AM;32812;Receitas Brutas Realizadas;1.9.9.0.99.00.00 - Outras Receitas;siconfi-cor_RO1.9.9.0.99.00.00;38497,06
Prefeitura Municipal de Presidente Figueiredo - AM;1303536;AM;32812;Receitas Brutas Realizadas;2.0.0.0.00.00.00 - Receitas de Capital;siconfi-cor_RO2.0.0.0.00.00.00;4853374,76
Prefeitura Municipal de Presidente Figueiredo - AM;1303536;AM;32812;Receitas Brutas Realizadas;2.4.0.0.00.00.00 - Transferências de Capital;siconfi-cor_RO2.4.0.0.00.00.00;4853374,76
Prefeitura Municipal de Presidente Figueiredo - AM;1303536;AM;32812;Receitas Brutas Realizadas;2.4.2.0.00.00.00 - Transferências Intergovernamentais;siconfi-cor_RO2.4.2.0.00.00.00;4277517,5
Prefeitura Municipal de Presidente Figueiredo - AM;1303536;AM;32812;Receitas Brutas Realizadas;2.4.2.1.00.00.00 - Transferências da União;siconfi-cor_RO2.4.2.1.00.00.00;3577517,5
Prefeitura Municipal de Presidente Figueiredo - AM;1303536;AM;32812;Receitas Brutas Realizadas;2.4.2.1.01.00.00 - Participação na Receita da União;siconfi-cor_RO2.4.2.1.01.00.00;814400
Prefeitura Municipal de Presidente Figueiredo - AM;1303536;AM;32812;Receitas Brutas Realizadas;2.4.2.1.02.00.00 - Transferências de Recursos Destinados a Programas de Educação;siconfi-cor_RO2.4.2.1.02.00.00;230210
Prefeitura Municipal de Presidente Figueiredo - AM;1303536;AM;32812;Receitas Brutas Realizadas;2.4.2.1.99.00.00 - Outras Transferências da União;siconfi-cor_RO2.4.2.1.99.00.00;2532907,5
Prefeitura Municipal de Presidente Figueiredo - AM;1303536;AM;32812;Receitas Brutas Realizadas;2.4.2.2.00.00.00 - Transferências dos Estados;siconfi-cor_RO2.4.2.2.00.00.00;700000
Prefeitura Municipal de Presidente Figueiredo - AM;1303536;AM;32812;Receitas Brutas Realizadas;2.4.2.2.99.00.00 - Outras Transferências dos Estados;siconfi-cor_RO2.4.2.2.99.00.00;700000
Prefeitura Municipal de Presidente Figueiredo - AM;1303536;AM;32812;Receitas Brutas Realizadas;2.4.7.0.00.00.00 - Transferências de Convênios;siconfi-cor_RO2.4.7.0.00.00.00;575857,26
Prefeitura Municipal de Presidente Figueiredo - AM;1303536;AM;32812;Receitas Brutas Realizadas;2.4.7.1.00.00.00 - Transferências de Convênios da União e de suas Entidades;siconfi-cor_RO2.4.7.1.00.00.00;575857,26
Prefeitura Municipal de Presidente Figueiredo - AM;1303536;AM;32812;Receitas Brutas Realizadas;2.4.7.1.02.00.00 - Transferências de Convênios da União Destinadas a Programas de Educação;siconfi-cor_RO2.4.7.1.02.00.00;71011,04
Prefeitura Municipal de Presidente Figueiredo - AM;1303536;AM;32812;Receitas Brutas Realizadas;2.4.7.1.99.00.00 - Outras Transferências de Convênios da União;siconfi-cor_RO2.4.7.1.99.00.00;504846,22
Prefeitura Municipal de Presidente Figueiredo - AM;1303536;AM;32812;Receitas Brutas Realizadas;7.0.0.0.00.00.00 - Receitas Correntes Intraorçamentárias;siconfi-cor_RI7.0.0.0.00.00.00;5754042,45
Prefeitura Municipal de Presidente Figueiredo - AM;1303536;AM;32812;Receitas Brutas Realizadas;7.2.0.0.00.00.00 - Receitas de Contribuições Intraorçamentárias;siconfi-cor_RI7.2.0.0.00.00.00;5349446,96
Prefeitura Municipal de Presidente Figueiredo - AM;1303536;AM;32812;Receitas Brutas Realizadas;7.2.1.0.00.00.00 - Contribuições Sociais Intraorçamentárias;siconfi-cor_RI7.2.1.0.00.00.00;5349446,96
Prefeitura Municipal de Presidente Figueiredo - AM;1303536;AM;32812;Receitas Brutas Realizadas;7.2.1.0.29.00.00 - Contribuições para o Regime Próprio de Previdência do Servidor Público Intraorçamentárias;siconfi-cor_RI7.2.1.0.29.00.00;5349446,96
Prefeitura Municipal de Presidente Figueiredo - AM;1303536;AM;32812;Receitas Brutas Realizadas;7.2.1.0.29.01.00 - Contribuição Patronal de Servidor Ativo Civil para o Regime Próprio Intraorçamentária;siconfi-cor_RI7.2.1.0.29.01.00;4823827,94
Prefeitura Municipal de Presidente Figueiredo - AM;1303536;AM;32812;Receitas Brutas Realizadas;7.2.1.0.29.99.00 - Outras Contribuições para o Regime Próprio de Previdência do Servidor Público Intraorçamentárias;siconfi-cor_RI7.2.1.0.29.99.00;525619,02
Prefeitura Municipal de Presidente Figueiredo - AM;1303536;AM;32812;Receitas Brutas Realizadas;7.9.0.0.00.00.00 - Outras Receitas Correntes Intraorçamentárias;siconfi-cor_RI7.9.0.0.00.00.00;404595,49
Prefeitura Municipal de Presidente Figueiredo - AM;1303536;AM;32812;Receitas Brutas Realizadas;7.9.1.2.00.00.00 - Multas e Juros de Mora das Contribuições Intraorçamentárias;siconfi-cor_RI7.9.1.2.00.00.00;18,2
Prefeitura Municipal de Presidente Figueiredo - AM;1303536;AM;32812;Receitas Brutas Realizadas;7.9.1.2.29.00.00 - Multas e Juros de Mora das Contribuições para o Regime Próprio de Previdência do Servidor Intraorçamentárias;siconfi-cor_RI7.9.1.2.29.00.00;18,2
Prefeitura Municipal de Presidente Figueiredo - AM;1303536;AM;32812;Receitas Brutas Realizadas;7.9.9.9.00.00.00 - Demais Receitas Correntes Intraorçamentárias;siconfi-cor_RI7.9.9.9.00.00.00;404577,29
Prefeitura Municipal de Presidente Figueiredo - AM;1303536;AM;32812;Deduções - Transferências Constitucionais;Total Receitas;siconfi-cor_TotalReceitas;19007886,03
Prefeitura Municipal de Presidente Figueiredo - AM;1303536;AM;32812;Deduções - Transferências Constitucionais;1.0.0.0.00.00.00 - Receitas Correntes;siconfi-cor_RO1.0.0.0.00.00.00;19007886,03
Prefeitura Municipal de Presidente Figueiredo - AM;1303536;AM;32812;Deduções - Transferências Constitucionais;1.7.0.0.00.00.00 - Transferências Correntes;siconfi-cor_RO1.7.0.0.00.00.00;19007886,03
Prefeitura Municipal de Presidente Figueiredo - AM;1303536;AM;32812;Deduções - Transferências Constitucionais;1.7.2.0.00.00.00 - Transferências Intergovernamentais;siconfi-cor_RO1.7.2.0.00.00.00;19007886,03
Prefeitura Municipal de Presidente Figueiredo - AM;1303536;AM;32812;Deduções - Transferências Constitucionais;1.7.2.1.00.00.00 - Transferências da União;siconfi-cor_RO1.7.2.1.00.00.00;3612697,07
Prefeitura Municipal de Presidente Figueiredo - AM;1303536;AM;32812;Deduções - Transferências Constitucionais;1.7.2.1.01.00.00 - Participação na Receita da União;siconfi-cor_RO1.7.2.1.01.00.00;3570832,55
Prefeitura Municipal de Presidente Figueiredo - AM;1303536;AM;32812;Deduções - Transferências Constitucionais;1.7.2.1.01.02.00 - Cota-Parte do Fundo de Participação dos Municípios ¿ FPM;siconfi-cor_RO1.7.2.1.01.02.00;3558463,27
Prefeitura Municipal de Presidente Figueiredo - AM;1303536;AM;32812;Deduções - Transferências Constitucionais;1.7.2.1.01.05.00 - Cota-Parte do Imposto Sobre a Propriedade Territorial Rural ¿ ITR;siconfi-cor_RO1.7.2.1.01.05.00;12369,28
Prefeitura Municipal de Presidente Figueiredo - AM;1303536;AM;32812;Deduções - Transferências Constitucionais;1.7.2.1.36.00.00 - Transferências Financeiras do ICMS ¿ Desoneração ¿ L.C. Nº 87/96;siconfi-cor_RO1.7.2.1.36.00.00;41864,52
Prefeitura Municipal de Presidente Figueiredo - AM;1303536;AM;32812;Deduções - Transferências Constitucionais;1.7.2.2.00.00.00 - Transferências dos Estados;siconfi-cor_RO1.7.2.2.00.00.00;15395188,96
Prefeitura Municipal de Presidente Figueiredo - AM;1303536;AM;32812;Deduções - Transferências Constitucionais;1.7.2.2.01.00.00 - Participação na Receita dos Estados;siconfi-cor_RO1.7.2.2.01.00.00;15395188,96
Prefeitura Municipal de Presidente Figueiredo - AM;1303536;AM;32812;Deduções - Transferências Constitucionais;1.7.2.2.01.01.00 - Cota-Parte do ICMS;siconfi-cor_RO1.7.2.2.01.01.00;15108512,73
Prefeitura Municipal de Presidente Figueiredo - AM;1303536;AM;32812;Deduções - Transferências Constitucionais;1.7.2.2.01.02.00 - Cota-Parte do IPVA;siconfi-cor_RO1.7.2.2.01.02.00;225573,97
Prefeitura Municipal de Presidente Figueiredo - AM;1303536;AM;32812;Deduções - Transferências Constitucionais;1.7.2.2.01.04.00 - Cota-Parte do IPI - Municípios;siconfi-cor_RO1.7.2.2.01.04.00;61102,26
Prefeitura Municipal de Silves - AM;1304005;AM;9081;Receitas Brutas Realizadas;Total Receitas;siconfi-cor_TotalReceitas;22987149,77
Prefeitura Municipal de Silves - AM;1304005;AM;9081;Receitas Brutas Realizadas;1.0.0.0.00.00.00 - Receitas Correntes;siconfi-cor_RO1.0.0.0.00.00.00;22857684,77
Prefeitura Municipal de Silves - AM;1304005;AM;9081;Receitas Brutas Realizadas;1.1.0.0.00.00.00 - Receita Tributária;siconfi-cor_RO1.1.0.0.00.00.00;758841,64
Prefeitura Municipal de Silves - AM;1304005;AM;9081;Receitas Brutas Realizadas;1.1.1.0.00.00.00 - Impostos;siconfi-cor_RO1.1.1.0.00.00.00;736474,87
Prefeitura Municipal de Silves - AM;1304005;AM;9081;Receitas Brutas Realizadas;1.1.1.2.00.00.00 - Impostos sobre o Patrimônio e a Renda;siconfi-cor_RO1.1.1.2.00.00.00;247248,27
Prefeitura Municipal de Silves - AM;1304005;AM;9081;Receitas Brutas Realizadas;1.1.1.2.02.00.00 - Imposto sobre a Propriedade Predial e Territorial Urbana ¿ IPTU;siconfi-cor_RO1.1.1.2.02.00.00;12236,85
Prefeitura Municipal de Silves - AM;1304005;AM;9081;Receitas Brutas Realizadas;1.1.1.2.04.00.00 - Imposto sobre a Renda e Proventos de Qualquer Natureza ¿ IR;siconfi-cor_RO1.1.1.2.04.00.00;231988,22
Prefeitura Municipal de Silves - AM;1304005;AM;9081;Receitas Brutas Realizadas;1.1.1.2.04.31.00 - Retido nas Fontes - Trabalho;siconfi-cor_RO1.1.1.2.04.31.00;185899,92
Prefeitura Municipal de Silves - AM;1304005;AM;9081;Receitas Brutas Realizadas;1.1.1.2.04.34.00 - Retido nas Fontes - Outros Rendimentos;siconfi-cor_RO1.1.1.2.04.34.00;46088,3
Prefeitura Municipal de Silves - AM;1304005;AM;9081;Receitas Brutas Realizadas;"1.1.1.2.08.00.00 - Imposto sobre Transmissão Inter Vivos"" de Bens Imóveis e de Direitos Reais sobre Imóveis ¿ ITBI""";siconfi-cor_RO1.1.1.2.08.00.00;3023,2
Prefeitura Municipal de Silves - AM;1304005;AM;9081;Receitas Brutas Realizadas;1.1.1.3.00.00.00 - Impostos sobre a Produção e a Circulação;siconfi-cor_RO1.1.1.3.00.00.00;489226,6
Prefeitura Municipal de Silves - AM;1304005;AM;9081;Receitas Brutas Realizadas;1.1.1.3.05.00.00 - Imposto sobre Serviços de Qualquer Natureza ¿ ISSQN;siconfi-cor_RO1.1.1.3.05.00.00;489226,6
Prefeitura Municipal de Silves - AM;1304005;AM;9081;Receitas Brutas Realizadas;1.1.2.0.00.00.00 - Taxas;siconfi-cor_RO1.1.2.0.00.00.00;22366,77
Prefeitura Municipal de Silves - AM;1304005;AM;9081;Receitas Brutas Realizadas;1.1.2.1.00.00.00 - Taxas pelo Exercício do Poder de Polícia;siconfi-cor_RO1.1.2.1.00.00.00;13174,08
Prefeitura Municipal de Silves - AM;1304005;AM;9081;Receitas Brutas Realizadas;1.1.2.2.00.00.00 - Taxas pela Prestação de Serviços;siconfi-cor_RO1.1.2.2.00.00.00;9192,69
Prefeitura Municipal de Silves - AM;1304005;AM;9081;Receitas Brutas Realizadas;1.1.2.2.99.00.00 - Outras Taxas pela Prestação de Serviços;siconfi-cor_RO1.1.2.2.99.00.00;9192,69
Prefeitura Municipal de Silves - AM;1304005;AM;9081;Receitas Brutas Realizadas;1.2.0.0.00.00.00 - Receitas de Contribuições;siconfi-cor_RO1.2.0.0.00.00.00;91225,4
Prefeitura Municipal de Silves - AM;1304005;AM;9081;Receitas Brutas Realizadas;1.2.2.0.00.00.00 - Contribuições de Intervenção no Domínio Econômico;siconfi-cor_RO1.2.2.0.00.00.00;91225,4
Prefeitura Municipal de Silves - AM;1304005;AM;9081;Receitas Brutas Realizadas;1.2.2.0.99.00.00 - Outras Contribuições Econômicas;siconfi-cor_RO1.2.2.0.99.00.00;91225,4
Prefeitura Municipal de Silves - AM;1304005;AM;9081;Receitas Brutas Realizadas;1.3.0.0.00.00.00 - Receita Patrimonial;siconfi-cor_RO1.3.0.0.00.00.00;295992,48
Prefeitura Municipal de Silves - AM;1304005;AM;9081;Receitas Brutas Realizadas;1.3.2.0.00.00.00 - Receitas de Valores Mobiliários;siconfi-cor_RO1.3.2.0.00.00.00;295992,48
Prefeitura Municipal de Silves - AM;1304005;AM;9081;Receitas Brutas Realizadas;1.3.2.5.00.00.00 - Remuneração de Depósitos Bancários;siconfi-cor_RO1.3.2.5.00.00.00;295992,48
Prefeitura Municipal de Silves - AM;1304005;AM;9081;Receitas Brutas Realizadas;1.6.0.0.00.00.00 - Receita de Serviços;siconfi-cor_RO1.6.0.0.00.00.00;22444,54
Prefeitura Municipal de Silves - AM;1304005;AM;9081;Receitas Brutas Realizadas;1.6.0.0.13.00.00 - Serviços Administrativos;siconfi-cor_RO1.6.0.0.13.00.00;1792,7
Prefeitura Municipal de Silves - AM;1304005;AM;9081;Receitas Brutas Realizadas;1.6.0.0.41.00.00 - Serviços de Captação, Adução, Tratamento, Reserva e Distribuição de Água;siconfi-cor_RO1.6.0.0.41.00.00;20434,84
Prefeitura Municipal de Silves - AM;1304005;AM;9081;Receitas Brutas Realizadas;1.6.0.0.48.00.00 - Serviços de Religamento de Água;siconfi-cor_RO1.6.0.0.48.00.00;217
Prefeitura Municipal de Silves - AM;1304005;AM;9081;Receitas Brutas Realizadas;1.7.0.0.00.00.00 - Transferências Correntes;siconfi-cor_RO1.7.0.0.00.00.00;21204808,65
Prefeitura Municipal de Silves - AM;1304005;AM;9081;Receitas Brutas Realizadas;1.7.2.0.00.00.00 - Transferências Intergovernamentais;siconfi-cor_RO1.7.2.0.00.00.00;21204808,65
Prefeitura Municipal de Silves - AM;1304005;AM;9081;Receitas Brutas Realizadas;1.7.2.1.00.00.00 - Transferências da União;siconfi-cor_RO1.7.2.1.00.00.00;9152789,29
Prefeitura Municipal de Silves - AM;1304005;AM;9081;Receitas Brutas Realizadas;1.7.2.1.01.00.00 - Participação na Receita da União;siconfi-cor_RO1.7.2.1.01.00.00;7197548,4
Prefeitura Municipal de Silves - AM;1304005;AM;9081;Receitas Brutas Realizadas;1.7.2.1.01.02.00 - Cota-Parte do Fundo de Participação dos Municípios ¿ FPM;siconfi-cor_RO1.7.2.1.01.02.00;6689343,4
Prefeitura Municipal de Silves - AM;1304005;AM;9081;Receitas Brutas Realizadas;1.7.2.1.01.03.00 - Cota-Parte do Fundo de Participação dos Municípios - 1% Cota Anual;siconfi-cor_RO1.7.2.1.01.03.00;278020,01
Prefeitura Municipal de Silves - AM;1304005;AM;9081;Receitas Brutas Realizadas;1.7.2.1.01.04.00 - Cota-Parte do Fundo de Participação dos Municípios - 1% Cota entregue no mês de julho (67)(I);siconfi-cor_RO1.7.2.1.01.04.00;197580,23
Prefeitura Municipal de Silves - AM;1304005;AM;9081;Receitas Brutas Realizadas;1.7.2.1.01.05.00 - Cota-Parte do Imposto Sobre a Propriedade Territorial Rural ¿ ITR;siconfi-cor_RO1.7.2.1.01.05.00;32604,76
Prefeitura Municipal de Silves - AM;1304005;AM;9081;Receitas Brutas Realizadas;1.7.2.1.22.00.00 - Transferências da Compensação Financeira pela Exploração de Recursos Naturais;siconfi-cor_RO1.7.2.1.22.00.00;106298,95
Prefeitura Municipal de Silves - AM;1304005;AM;9081;Receitas Brutas Realizadas;1.7.2.1.22.20.00 - Cota-Parte da Compensação Financeira de Recursos Minerais - CFEM;siconfi-cor_RO1.7.2.1.22.20.00;836,89
Prefeitura Municipal de Silves - AM;1304005;AM;9081;Receitas Brutas Realizadas;1.7.2.1.22.40.00 - Cota-Parte Royalties pelo Excedente da Produção do Petróleo - Lei nº 9.478/97 artigo 49 I e II;siconfi-cor_RO1.7.2.1.22.40.00;49022,56
Prefeitura Municipal de Silves - AM;1304005;AM;9081;Receitas Brutas Realizadas;1.7.2.1.22.70.00 - Cota-Parte do Fundo Especial do Petróleo ¿ FEP;siconfi-cor_RO1.7.2.1.22.70.00;56439,5
Prefeitura Municipal de Silves - AM;1304005;AM;9081;Receitas Brutas Realizadas;1.7.2.1.33.00.00 - Transferências de Recursos do Sistema Único de Saúde - SUS - Repasses Fundo a Fundo;siconfi-cor_RO1.7.2.1.33.00.00;1179465,9
Prefeitura Municipal de Silves - AM;1304005;AM;9081;Receitas Brutas Realizadas;1.7.2.1.34.00.00 - Transferências de Recursos do Fundo Nacional de Assistência Social ¿ FNAS;siconfi-cor_RO1.7.2.1.34.00.00;147283,44
Prefeitura Municipal de Silves - AM;1304005;AM;9081;Receitas Brutas Realizadas;1.7.2.1.35.00.00 - Transferências de Recursos do Fundo Nacional do Desenvolvimento da Educação ¿ FNDE;siconfi-cor_RO1.7.2.1.35.00.00;480334,99
Prefeitura Municipal de Silves - AM;1304005;AM;9081;Receitas Brutas Realizadas;1.7.2.1.36.00.00 - Transferências Financeiras do ICMS ¿ Desoneração ¿ L.C. Nº 87/96;siconfi-cor_RO1.7.2.1.36.00.00;15217,68
Prefeitura Municipal de Silves - AM;1304005;AM;9081;Receitas Brutas Realizadas;1.7.2.1.99.00.00 - Outras Transferências da União;siconfi-cor_RO1.7.2.1.99.00.00;26639,93
Prefeitura Municipal de Silves - AM;1304005;AM;9081;Receitas Brutas Realizadas;1.7.2.2.00.00.00 - Transferências dos Estados;siconfi-cor_RO1.7.2.2.00.00.00;5781680,55
Prefeitura Municipal de Silves - AM;1304005;AM;9081;Receitas Brutas Realizadas;1.7.2.2.01.00.00 - Participação na Receita dos Estados;siconfi-cor_RO1.7.2.2.01.00.00;5555762,76
Prefeitura Municipal de Silves - AM;1304005;AM;9081;Receitas Brutas Realizadas;1.7.2.2.01.01.00 - Cota-Parte do ICMS;siconfi-cor_RO1.7.2.2.01.01.00;5491927,38
Prefeitura Municipal de Silves - AM;1304005;AM;9081;Receitas Brutas Realizadas;1.7.2.2.01.02.00 - Cota-Parte do IPVA;siconfi-cor_RO1.7.2.2.01.02.00;21738,1
Prefeitura Municipal de Silves - AM;1304005;AM;9081;Receitas Brutas Realizadas;1.7.2.2.01.04.00 - Cota-Parte do IPI - Municípios;siconfi-cor_RO1.7.2.2.01.04.00;22210,79
Prefeitura Municipal de Silves - AM;1304005;AM;9081;Receitas Brutas Realizadas;1.7.2.2.01.13.00 - Cota-Parte da Contribuição de Intervenção no Domínio Econômico;siconfi-cor_RO1.7.2.2.01.13.00;19886,49
Prefeitura Municipal de Silves - AM;1304005;AM;9081;Receitas Brutas Realizadas;1.7.2.2.22.00.00 - Transferências da Cota-Parte da Compensação Financeira (25%);siconfi-cor_RO1.7.2.2.22.00.00;63656,31
Prefeitura Municipal de Silves - AM;1304005;AM;9081;Receitas Brutas Realizadas;1.7.2.2.22.30.00 - Cota-Parte Royalties - Compensação Financeira pela Produção de Petróleo - Lei nº 7.990/89 artigo 9º;siconfi-cor_RO1.7.2.2.22.30.00;63656,31
Prefeitura Municipal de Silves - AM;1304005;AM;9081;Receitas Brutas Realizadas;1.7.2.2.33.00.00 - Transferências de Recursos do Estado para Programas de Saúde - Repasse Fundo a Fundo;siconfi-cor_RO1.7.2.2.33.00.00;162261,48
Prefeitura Municipal de Silves - AM;1304005;AM;9081;Receitas Brutas Realizadas;1.7.2.4.00.00.00 - Transferências Multigovernamentais;siconfi-cor_RO1.7.2.4.00.00.00;6270338,81
Prefeitura Municipal de Silves - AM;1304005;AM;9081;Receitas Brutas Realizadas;1.7.2.4.01.00.00 - Transferências de Recursos do Fundo de Manutenção e Desenvolvimento do Ensino Fundamental e de Valorização do Magistério - FUNDEB;siconfi-cor_RO1.7.2.4.01.00.00;4623764,07
Prefeitura Municipal de Silves - AM;1304005;AM;9081;Receitas Brutas Realizadas;1.7.2.4.02.00.00 - Transferências de Recursos da Complementação ao Fundo de Manutenção e Desenvolvimento do Ensino Fundamental e de Valorização do Magistério - FUNDEB;siconfi-cor_RO1.7.2.4.02.00.00;1646574,74
Prefeitura Municipal de Silves - AM;1304005;AM;9081;Receitas Brutas Realizadas;1.9.0.0.00.00.00 - Outras Receitas Correntes;siconfi-cor_RO1.9.0.0.00.00.00;484372,06
Prefeitura Municipal de Silves - AM;1304005;AM;9081;Receitas Brutas Realizadas;1.9.1.0.00.00.00 - Multas e Juros de Mora;siconfi-cor_RO1.9.1.0.00.00.00;1302,14
Prefeitura Municipal de Silves - AM;1304005;AM;9081;Receitas Brutas Realizadas;1.9.1.1.00.00.00 - Multas e Juros de Mora dos Tributos;siconfi-cor_RO1.9.1.1.00.00.00;1302,14
Prefeitura Municipal de Silves - AM;1304005;AM;9081;Receitas Brutas Realizadas;1.9.1.1.38.00.00 - Multas e Juros de Mora do Imposto sobre a Propriedade Predial e Territorial Urbana ¿ IPTU;siconfi-cor_RO1.9.1.1.38.00.00;1302,14
Prefeitura Municipal de Silves - AM;1304005;AM;9081;Receitas Brutas Realizadas;1.9.2.0.00.00.00 - Indenizações e Restituições;siconfi-cor_RO1.9.2.0.00.00.00;469449,36
Prefeitura Municipal de Silves - AM;1304005;AM;9081;Receitas Brutas Realizadas;1.9.2.1.00.00.00 - Indenizações;siconfi-cor_RO1.9.2.1.00.00.00;469449,36
Prefeitura Municipal de Silves - AM;1304005;AM;9081;Receitas Brutas Realizadas;1.9.3.0.00.00.00 - Receita da Dívida Ativa;siconfi-cor_RO1.9.3.0.00.00.00;11187,92
Prefeitura Municipal de Silves - AM;1304005;AM;9081;Receitas Brutas Realizadas;1.9.3.1.00.00.00 - Receita da Dívida Ativa Tributária;siconfi-cor_RO1.9.3.1.00.00.00;1373,78
Prefeitura Municipal de Silves - AM;1304005;AM;9081;Receitas Brutas Realizadas;1.9.3.1.11.00.00 - Receita da Dívida Ativa do Imposto sobre a Propriedade Predial e Territorial Urbana ¿ IPTU;siconfi-cor_RO1.9.3.1.11.00.00;1373,78
Prefeitura Municipal de Silves - AM;1304005;AM;9081;Receitas Brutas Realizadas;1.9.3.2.00.00.00 - Receita da Dívida Ativa Não Tributária;siconfi-cor_RO1.9.3.2.00.00.00;9814,14
Prefeitura Municipal de Silves - AM;1304005;AM;9081;Receitas Brutas Realizadas;1.9.3.2.99.00.00 - Receita da Dívida Ativa Não Tributária de Outras Receitas;siconfi-cor_RO1.9.3.2.99.00.00;9814,14
Prefeitura Municipal de Silves - AM;1304005;AM;9081;Receitas Brutas Realizadas;1.9.9.0.00.00.00 - Receitas Diversas;siconfi-cor_RO1.9.9.0.00.00.00;2432,64
Prefeitura Municipal de Silves - AM;1304005;AM;9081;Receitas Brutas Realizadas;1.9.9.0.99.00.00 - Outras Receitas;siconfi-cor_RO1.9.9.0.99.00.00;2432,64
Prefeitura Municipal de Silves - AM;1304005;AM;9081;Receitas Brutas Realizadas;2.0.0.0.00.00.00 - Receitas de Capital;siconfi-cor_RO2.0.0.0.00.00.00;129465
Prefeitura Municipal de Silves - AM;1304005;AM;9081;Receitas Brutas Realizadas;2.4.0.0.00.00.00 - Transferências de Capital;siconfi-cor_RO2.4.0.0.00.00.00;129465
Prefeitura Municipal de Silves - AM;1304005;AM;9081;Receitas Brutas Realizadas;2.4.2.0.00.00.00 - Transferências Intergovernamentais;siconfi-cor_RO2.4.2.0.00.00.00;129465
Prefeitura Municipal de Silves - AM;1304005;AM;9081;Receitas Brutas Realizadas;2.4.2.1.00.00.00 - Transferências da União;siconfi-cor_RO2.4.2.1.00.00.00;129465
Prefeitura Municipal de Silves - AM;1304005;AM;9081;Receitas Brutas Realizadas;2.4.2.1.01.00.00 - Participação na Receita da União;siconfi-cor_RO2.4.2.1.01.00.00;129465
Prefeitura Municipal de Silves - AM;1304005;AM;9081;Deduções - Transferências Constitucionais;Total Receitas;siconfi-cor_TotalReceitas;2451163
Prefeitura Municipal de Silves - AM;1304005;AM;9081;Deduções - Transferências Constitucionais;1.0.0.0.00.00.00 - Receitas Correntes;siconfi-cor_RO1.0.0.0.00.00.00;2451163
Prefeitura Municipal de Silves - AM;1304005;AM;9081;Deduções - Transferências Constitucionais;1.7.0.0.00.00.00 - Transferências Correntes;siconfi-cor_RO1.7.0.0.00.00.00;2451163
Prefeitura Municipal de Silves - AM;1304005;AM;9081;Deduções - Transferências Constitucionais;1.7.2.0.00.00.00 - Transferências Intergovernamentais;siconfi-cor_RO1.7.2.0.00.00.00;2451163
Prefeitura Municipal de Silves - AM;1304005;AM;9081;Deduções - Transferências Constitucionais;1.7.2.1.00.00.00 - Transferências da União;siconfi-cor_RO1.7.2.1.00.00.00;1343987,85
Prefeitura Municipal de Silves - AM;1304005;AM;9081;Deduções - Transferências Constitucionais;1.7.2.1.01.00.00 - Participação na Receita da União;siconfi-cor_RO1.7.2.1.01.00.00;1340944,41
Prefeitura Municipal de Silves - AM;1304005;AM;9081;Deduções - Transferências Constitucionais;1.7.2.1.01.02.00 - Cota-Parte do Fundo de Participação dos Municípios ¿ FPM;siconfi-cor_RO1.7.2.1.01.02.00;1334423,55
Prefeitura Municipal de Silves - AM;1304005;AM;9081;Deduções - Transferências Constitucionais;1.7.2.1.01.05.00 - Cota-Parte do Imposto Sobre a Propriedade Territorial Rural ¿ ITR;siconfi-cor_RO1.7.2.1.01.05.00;6520,86
Prefeitura Municipal de Silves - AM;1304005;AM;9081;Deduções - Transferências Constitucionais;1.7.2.1.36.00.00 - Transferências Financeiras do ICMS ¿ Desoneração ¿ L.C. Nº 87/96;siconfi-cor_RO1.7.2.1.36.00.00;3043,44
Prefeitura Municipal de Silves - AM;1304005;AM;9081;Deduções - Transferências Constitucionais;1.7.2.2.00.00.00 - Transferências dos Estados;siconfi-cor_RO1.7.2.2.00.00.00;1107175,15
Prefeitura Municipal de Silves - AM;1304005;AM;9081;Deduções - Transferências Constitucionais;1.7.2.2.01.00.00 - Participação na Receita dos Estados;siconfi-cor_RO1.7.2.2.01.00.00;1107175,15
Prefeitura Municipal de Silves - AM;1304005;AM;9081;Deduções - Transferências Constitucionais;1.7.2.2.01.01.00 - Cota-Parte do ICMS;siconfi-cor_RO1.7.2.2.01.01.00;1098385,46
Prefeitura Municipal de Silves - AM;1304005;AM;9081;Deduções - Transferências Constitucionais;1.7.2.2.01.02.00 - Cota-Parte do IPVA;siconfi-cor_RO1.7.2.2.01.02.00;4347,36
Prefeitura Municipal de Silves - AM;1304005;AM;9081;Deduções - Transferências Constitucionais;1.7.2.2.01.04.00 - Cota-Parte do IPI - Municípios;siconfi-cor_RO1.7.2.2.01.04.00;4442,33
Prefeitura Municipal de Careiro da Várzea - AM;1301159;AM;27981;Receitas Brutas Realizadas;Total Receitas;siconfi-cor_TotalReceitas;45175713,42
Prefeitura Municipal de Careiro da Várzea - AM;1301159;AM;27981;Receitas Brutas Realizadas;1.0.0.0.00.00.00 - Receitas Correntes;siconfi-cor_RO1.0.0.0.00.00.00;42526338,75
Prefeitura Municipal de Careiro da Várzea - AM;1301159;AM;27981;Receitas Brutas Realizadas;1.1.0.0.00.00.00 - Receita Tributária;siconfi-cor_RO1.1.0.0.00.00.00;1211019,8
Prefeitura Municipal de Careiro da Várzea - AM;1301159;AM;27981;Receitas Brutas Realizadas;1.1.1.0.00.00.00 - Impostos;siconfi-cor_RO1.1.1.0.00.00.00;1178965,8
Prefeitura Municipal de Careiro da Várzea - AM;1301159;AM;27981;Receitas Brutas Realizadas;1.1.1.2.00.00.00 - Impostos sobre o Patrimônio e a Renda;siconfi-cor_RO1.1.1.2.00.00.00;364845,43
Prefeitura Municipal de Careiro da Várzea - AM;1301159;AM;27981;Receitas Brutas Realizadas;1.1.1.2.02.00.00 - Imposto sobre a Propriedade Predial e Territorial Urbana ¿ IPTU;siconfi-cor_RO1.1.1.2.02.00.00;509,5
Prefeitura Municipal de Careiro da Várzea - AM;1301159;AM;27981;Receitas Brutas Realizadas;1.1.1.2.04.00.00 - Imposto sobre a Renda e Proventos de Qualquer Natureza ¿ IR;siconfi-cor_RO1.1.1.2.04.00.00;364335,93
Prefeitura Municipal de Careiro da Várzea - AM;1301159;AM;27981;Receitas Brutas Realizadas;1.1.1.2.04.31.00 - Retido nas Fontes - Trabalho;siconfi-cor_RO1.1.1.2.04.31.00;315610,8
Prefeitura Municipal de Careiro da Várzea - AM;1301159;AM;27981;Receitas Brutas Realizadas;1.1.1.2.04.34.00 - Retido nas Fontes - Outros Rendimentos;siconfi-cor_RO1.1.1.2.04.34.00;48725,13
Prefeitura Municipal de Careiro da Várzea - AM;1301159;AM;27981;Receitas Brutas Realizadas;1.1.1.3.00.00.00 - Impostos sobre a Produção e a Circulação;siconfi-cor_RO1.1.1.3.00.00.00;814120,37
Prefeitura Municipal de Careiro da Várzea - AM;1301159;AM;27981;Receitas Brutas Realizadas;1.1.1.3.05.00.00 - Imposto sobre Serviços de Qualquer Natureza ¿ ISSQN;siconfi-cor_RO1.1.1.3.05.00.00;814120,37
Prefeitura Municipal de Careiro da Várzea - AM;1301159;AM;27981;Receitas Brutas Realizadas;1.1.2.0.00.00.00 - Taxas;siconfi-cor_RO1.1.2.0.00.00.00;32054
Prefeitura Municipal de Careiro da Várzea - AM;1301159;AM;27981;Receitas Brutas Realizadas;1.1.2.1.00.00.00 - Taxas pelo Exercício do Poder de Polícia;siconfi-cor_RO1.1.2.1.00.00.00;25980
Prefeitura Municipal de Careiro da Várzea - AM;1301159;AM;27981;Receitas Brutas Realizadas;1.1.2.2.00.00.00 - Taxas pela Prestação de Serviços;siconfi-cor_RO1.1.2.2.00.00.00;6074
Prefeitura Municipal de Careiro da Várzea - AM;1301159;AM;27981;Receitas Brutas Realizadas;1.1.2.2.99.00.00 - Outras Taxas pela Prestação de Serviços;siconfi-cor_RO1.1.2.2.99.00.00;6074
Prefeitura Municipal de Careiro da Várzea - AM;1301159;AM;27981;Receitas Brutas Realizadas;1.2.0.0.00.00.00 - Receitas de Contribuições;siconfi-cor_RO1.2.0.0.00.00.00;40426,99
Prefeitura Municipal de Careiro da Várzea - AM;1301159;AM;27981;Receitas Brutas Realizadas;1.2.3.0.00.00.00 - Contribuição para Custeio do Serviço de Iluminação Pública;siconfi-cor_RO1.2.3.0.00.00.00;40426,99
Prefeitura Municipal de Careiro da Várzea - AM;1301159;AM;27981;Receitas Brutas Realizadas;1.3.0.0.00.00.00 - Receita Patrimonial;siconfi-cor_RO1.3.0.0.00.00.00;424181,4
Prefeitura Municipal de Careiro da Várzea - AM;1301159;AM;27981;Receitas Brutas Realizadas;1.3.2.0.00.00.00 - Receitas de Valores Mobiliários;siconfi-cor_RO1.3.2.0.00.00.00;424181,4
Prefeitura Municipal de Careiro da Várzea - AM;1301159;AM;27981;Receitas Brutas Realizadas;1.3.2.5.00.00.00 - Remuneração de Depósitos Bancários;siconfi-cor_RO1.3.2.5.00.00.00;424181,4
Prefeitura Municipal de Careiro da Várzea - AM;1301159;AM;27981;Receitas Brutas Realizadas;1.6.0.0.00.00.00 - Receita de Serviços;siconfi-cor_RO1.6.0.0.00.00.00;1420
Prefeitura Municipal de Careiro da Várzea - AM;1301159;AM;27981;Receitas Brutas Realizadas;1.6.0.0.13.00.00 - Serviços Administrativos;siconfi-cor_RO1.6.0.0.13.00.00;1420
Prefeitura Municipal de Careiro da Várzea - AM;1301159;AM;27981;Receitas Brutas Realizadas;1.7.0.0.00.00.00 - Transferências Correntes;siconfi-cor_RO1.7.0.0.00.00.00;40848721,56
Prefeitura Municipal de Careiro da Várzea - AM;1301159;AM;27981;Receitas Brutas Realizadas;1.7.2.0.00.00.00 - Transferências Intergovernamentais;siconfi-cor_RO1.7.2.0.00.00.00;40687343
Prefeitura Municipal de Careiro da Várzea - AM;1301159;AM;27981;Receitas Brutas Realizadas;1.7.2.1.00.00.00 - Transferências da União;siconfi-cor_RO1.7.2.1.00.00.00;22170982,74
Prefeitura Municipal de Careiro da Várzea - AM;1301159;AM;27981;Receitas Brutas Realizadas;1.7.2.1.01.00.00 - Participação na Receita da União;siconfi-cor_RO1.7.2.1.01.00.00;16725471,89
Prefeitura Municipal de Careiro da Várzea - AM;1301159;AM;27981;Receitas Brutas Realizadas;1.7.2.1.01.02.00 - Cota-Parte do Fundo de Participação dos Municípios ¿ FPM;siconfi-cor_RO1.7.2.1.01.02.00;15608468,24
Prefeitura Municipal de Careiro da Várzea - AM;1301159;AM;27981;Receitas Brutas Realizadas;1.7.2.1.01.03.00 - Cota-Parte do Fundo de Participação dos Municípios - 1% Cota Anual;siconfi-cor_RO1.7.2.1.01.03.00;648713,32
Prefeitura Municipal de Careiro da Várzea - AM;1301159;AM;27981;Receitas Brutas Realizadas;1.7.2.1.01.04.00 - Cota-Parte do Fundo de Participação dos Municípios - 1% Cota entregue no mês de julho (67)(I);siconfi-cor_RO1.7.2.1.01.04.00;461020,41
Prefeitura Municipal de Careiro da Várzea - AM;1301159;AM;27981;Receitas Brutas Realizadas;1.7.2.1.01.05.00 - Cota-Parte do Imposto Sobre a Propriedade Territorial Rural ¿ ITR;siconfi-cor_RO1.7.2.1.01.05.00;7269,92
Prefeitura Municipal de Careiro da Várzea - AM;1301159;AM;27981;Receitas Brutas Realizadas;1.7.2.1.22.00.00 - Transferências da Compensação Financeira pela Exploração de Recursos Naturais;siconfi-cor_RO1.7.2.1.22.00.00;180714,72
Prefeitura Municipal de Careiro da Várzea - AM;1301159;AM;27981;Receitas Brutas Realizadas;1.7.2.1.22.40.00 - Cota-Parte Royalties pelo Excedente da Produção do Petróleo - Lei nº 9.478/97 artigo 49 I e II;siconfi-cor_RO1.7.2.1.22.40.00;49022,56
Prefeitura Municipal de Careiro da Várzea - AM;1301159;AM;27981;Receitas Brutas Realizadas;1.7.2.1.22.70.00 - Cota-Parte do Fundo Especial do Petróleo ¿ FEP;siconfi-cor_RO1.7.2.1.22.70.00;131692,16
Prefeitura Municipal de Careiro da Várzea - AM;1301159;AM;27981;Receitas Brutas Realizadas;1.7.2.1.33.00.00 - Transferências de Recursos do Sistema Único de Saúde - SUS - Repasses Fundo a Fundo;siconfi-cor_RO1.7.2.1.33.00.00;3417994,12
Prefeitura Municipal de Careiro da Várzea - AM;1301159;AM;27981;Receitas Brutas Realizadas;1.7.2.1.34.00.00 - Transferências de Recursos do Fundo Nacional de Assistência Social ¿ FNAS;siconfi-cor_RO1.7.2.1.34.00.00;324183,24
Prefeitura Municipal de Careiro da Várzea - AM;1301159;AM;27981;Receitas Brutas Realizadas;1.7.2.1.35.00.00 - Transferências de Recursos do Fundo Nacional do Desenvolvimento da Educação ¿ FNDE;siconfi-cor_RO1.7.2.1.35.00.00;1470638,59
Prefeitura Municipal de Careiro da Várzea - AM;1301159;AM;27981;Receitas Brutas Realizadas;1.7.2.1.36.00.00 - Transferências Financeiras do ICMS ¿ Desoneração ¿ L.C. Nº 87/96;siconfi-cor_RO1.7.2.1.36.00.00;18897,84
Prefeitura Municipal de Careiro da Várzea - AM;1301159;AM;27981;Receitas Brutas Realizadas;1.7.2.1.99.00.00 - Outras Transferências da União;siconfi-cor_RO1.7.2.1.99.00.00;33082,34
Prefeitura Municipal de Careiro da Várzea - AM;1301159;AM;27981;Receitas Brutas Realizadas;1.7.2.2.00.00.00 - Transferências dos Estados;siconfi-cor_RO1.7.2.2.00.00.00;7091702,17
Prefeitura Municipal de Careiro da Várzea - AM;1301159;AM;27981;Receitas Brutas Realizadas;1.7.2.2.01.00.00 - Participação na Receita dos Estados;siconfi-cor_RO1.7.2.2.01.00.00;6952250,26
Prefeitura Municipal de Careiro da Várzea - AM;1301159;AM;27981;Receitas Brutas Realizadas;1.7.2.2.01.01.00 - Cota-Parte do ICMS;siconfi-cor_RO1.7.2.2.01.01.00;6820054,93
Prefeitura Municipal de Careiro da Várzea - AM;1301159;AM;27981;Receitas Brutas Realizadas;1.7.2.2.01.02.00 - Cota-Parte do IPVA;siconfi-cor_RO1.7.2.2.01.02.00;54211,12
Prefeitura Municipal de Careiro da Várzea - AM;1301159;AM;27981;Receitas Brutas Realizadas;1.7.2.2.01.04.00 - Cota-Parte do IPI - Municípios;siconfi-cor_RO1.7.2.2.01.04.00;27581,88
Prefeitura Municipal de Careiro da Várzea - AM;1301159;AM;27981;Receitas Brutas Realizadas;1.7.2.2.01.13.00 - Cota-Parte da Contribuição de Intervenção no Domínio Econômico;siconfi-cor_RO1.7.2.2.01.13.00;50402,33
Prefeitura Municipal de Careiro da Várzea - AM;1301159;AM;27981;Receitas Brutas Realizadas;1.7.2.2.22.00.00 - Transferências da Cota-Parte da Compensação Financeira (25%);siconfi-cor_RO1.7.2.2.22.00.00;79050,47
Prefeitura Municipal de Careiro da Várzea - AM;1301159;AM;27981;Receitas Brutas Realizadas;1.7.2.2.22.30.00 - Cota-Parte Royalties - Compensação Financeira pela Produção de Petróleo - Lei nº 7.990/89 artigo 9º;siconfi-cor_RO1.7.2.2.22.30.00;79050,47
Prefeitura Municipal de Careiro da Várzea - AM;1301159;AM;27981;Receitas Brutas Realizadas;1.7.2.2.33.00.00 - Transferências de Recursos do Estado para Programas de Saúde - Repasse Fundo a Fundo;siconfi-cor_RO1.7.2.2.33.00.00;60401,44
Prefeitura Municipal de Careiro da Várzea - AM;1301159;AM;27981;Receitas Brutas Realizadas;1.7.2.4.00.00.00 - Transferências Multigovernamentais;siconfi-cor_RO1.7.2.4.00.00.00;11424658,09
Prefeitura Municipal de Careiro da Várzea - AM;1301159;AM;27981;Receitas Brutas Realizadas;1.7.2.4.01.00.00 - Transferências de Recursos do Fundo de Manutenção e Desenvolvimento do Ensino Fundamental e de Valorização do Magistério - FUNDEB;siconfi-cor_RO1.7.2.4.01.00.00;8851835,07
Prefeitura Municipal de Careiro da Várzea - AM;1301159;AM;27981;Receitas Brutas Realizadas;1.7.2.4.02.00.00 - Transferências de Recursos da Complementação ao Fundo de Manutenção e Desenvolvimento do Ensino Fundamental e de Valorização do Magistério - FUNDEB;siconfi-cor_RO1.7.2.4.02.00.00;2572823,02
Prefeitura Municipal de Careiro da Várzea - AM;1301159;AM;27981;Receitas Brutas Realizadas;1.7.6.0.00.00.00 - Transferências de Convênios;siconfi-cor_RO1.7.6.0.00.00.00;161378,56
Prefeitura Municipal de Careiro da Várzea - AM;1301159;AM;27981;Receitas Brutas Realizadas;1.7.6.2.00.00.00 - Transferências de Convênios dos Estados e do Distrito Federal e de Suas Entidades;siconfi-cor_RO1.7.6.2.00.00.00;161378,56
Prefeitura Municipal de Careiro da Várzea - AM;1301159;AM;27981;Receitas Brutas Realizadas;1.7.6.2.02.00.00 - Transferências de Convênios dos Estados Destinadas a Programas de Educação;siconfi-cor_RO1.7.6.2.02.00.00;161378,56
Prefeitura Municipal de Careiro da Várzea - AM;1301159;AM;27981;Receitas Brutas Realizadas;1.9.0.0.00.00.00 - Outras Receitas Correntes;siconfi-cor_RO1.9.0.0.00.00.00;569
Prefeitura Municipal de Careiro da Várzea - AM;1301159;AM;27981;Receitas Brutas Realizadas;1.9.3.0.00.00.00 - Receita da Dívida Ativa;siconfi-cor_RO1.9.3.0.00.00.00;569
Prefeitura Municipal de Careiro da Várzea - AM;1301159;AM;27981;Receitas Brutas Realizadas;1.9.3.1.00.00.00 - Receita da Dívida Ativa Tributária;siconfi-cor_RO1.9.3.1.00.00.00;569
Prefeitura Municipal de Careiro da Várzea - AM;1301159;AM;27981;Receitas Brutas Realizadas;1.9.3.1.11.00.00 - Receita da Dívida Ativa do Imposto sobre a Propriedade Predial e Territorial Urbana ¿ IPTU;siconfi-cor_RO1.9.3.1.11.00.00;569
Prefeitura Municipal de Careiro da Várzea - AM;1301159;AM;27981;Receitas Brutas Realizadas;2.0.0.0.00.00.00 - Receitas de Capital;siconfi-cor_RO2.0.0.0.00.00.00;2649374,67
Prefeitura Municipal de Careiro da Várzea - AM;1301159;AM;27981;Receitas Brutas Realizadas;2.4.0.0.00.00.00 - Transferências de Capital;siconfi-cor_RO2.4.0.0.00.00.00;2649374,67
Prefeitura Municipal de Careiro da Várzea - AM;1301159;AM;27981;Receitas Brutas Realizadas;2.4.2.0.00.00.00 - Transferências Intergovernamentais;siconfi-cor_RO2.4.2.0.00.00.00;831771,91
Prefeitura Municipal de Careiro da Várzea - AM;1301159;AM;27981;Receitas Brutas Realizadas;2.4.2.1.00.00.00 - Transferências da União;siconfi-cor_RO2.4.2.1.00.00.00;831771,91
Prefeitura Municipal de Careiro da Várzea - AM;1301159;AM;27981;Receitas Brutas Realizadas;2.4.2.1.01.00.00 - Participação na Receita da União;siconfi-cor_RO2.4.2.1.01.00.00;346100,6
Prefeitura Municipal de Careiro da Várzea - AM;1301159;AM;27981;Receitas Brutas Realizadas;2.4.2.1.02.00.00 - Transferências de Recursos Destinados a Programas de Educação;siconfi-cor_RO2.4.2.1.02.00.00;485671,31
Prefeitura Municipal de Careiro da Várzea - AM;1301159;AM;27981;Receitas Brutas Realizadas;2.4.7.0.00.00.00 - Transferências de Convênios;siconfi-cor_RO2.4.7.0.00.00.00;1817602,76
Prefeitura Municipal de Careiro da Várzea - AM;1301159;AM;27981;Receitas Brutas Realizadas;2.4.7.1.00.00.00 - Transferências de Convênios da União e de suas Entidades;siconfi-cor_RO2.4.7.1.00.00.00;1817602,76
Prefeitura Municipal de Careiro da Várzea - AM;1301159;AM;27981;Receitas Brutas Realizadas;2.4.7.1.01.00.00 - Transferências de Convênios da União para o Sistema Único de Saúde - SUS;siconfi-cor_RO2.4.7.1.01.00.00;1799476
Prefeitura Municipal de Careiro da Várzea - AM;1301159;AM;27981;Receitas Brutas Realizadas;2.4.7.1.99.00.00 - Outras Transferências de Convênios da União;siconfi-cor_RO2.4.7.1.99.00.00;18126,76
Prefeitura Municipal de Careiro da Várzea - AM;1301159;AM;27981;Deduções - Transferências Constitucionais;Total Receitas;siconfi-cor_TotalReceitas;4499257,96
Prefeitura Municipal de Careiro da Várzea - AM;1301159;AM;27981;Deduções - Transferências Constitucionais;1.0.0.0.00.00.00 - Receitas Correntes;siconfi-cor_RO1.0.0.0.00.00.00;4499257,96
Prefeitura Municipal de Careiro da Várzea - AM;1301159;AM;27981;Deduções - Transferências Constitucionais;1.7.0.0.00.00.00 - Transferências Correntes;siconfi-cor_RO1.7.0.0.00.00.00;4499257,96
Prefeitura Municipal de Careiro da Várzea - AM;1301159;AM;27981;Deduções - Transferências Constitucionais;1.7.2.0.00.00.00 - Transferências Intergovernamentais;siconfi-cor_RO1.7.2.0.00.00.00;4499257,96
Prefeitura Municipal de Careiro da Várzea - AM;1301159;AM;27981;Deduções - Transferências Constitucionais;1.7.2.1.00.00.00 - Transferências da União;siconfi-cor_RO1.7.2.1.00.00.00;3118888,76
Prefeitura Municipal de Careiro da Várzea - AM;1301159;AM;27981;Deduções - Transferências Constitucionais;1.7.2.1.01.00.00 - Participação na Receita da União;siconfi-cor_RO1.7.2.1.01.00.00;3115109,24
Prefeitura Municipal de Careiro da Várzea - AM;1301159;AM;27981;Deduções - Transferências Constitucionais;1.7.2.1.01.02.00 - Cota-Parte do Fundo de Participação dos Municípios ¿ FPM;siconfi-cor_RO1.7.2.1.01.02.00;3113655,35
Prefeitura Municipal de Careiro da Várzea - AM;1301159;AM;27981;Deduções - Transferências Constitucionais;1.7.2.1.01.05.00 - Cota-Parte do Imposto Sobre a Propriedade Territorial Rural ¿ ITR;siconfi-cor_RO1.7.2.1.01.05.00;1453,89
Prefeitura Municipal de Careiro da Várzea - AM;1301159;AM;27981;Deduções - Transferências Constitucionais;1.7.2.1.36.00.00 - Transferências Financeiras do ICMS ¿ Desoneração ¿ L.C. Nº 87/96;siconfi-cor_RO1.7.2.1.36.00.00;3779,52
Prefeitura Municipal de Careiro da Várzea - AM;1301159;AM;27981;Deduções - Transferências Constitucionais;1.7.2.2.00.00.00 - Transferências dos Estados;siconfi-cor_RO1.7.2.2.00.00.00;1380369,2
Prefeitura Municipal de Careiro da Várzea - AM;1301159;AM;27981;Deduções - Transferências Constitucionais;1.7.2.2.01.00.00 - Participação na Receita dos Estados;siconfi-cor_RO1.7.2.2.01.00.00;1380369,2
Prefeitura Municipal de Careiro da Várzea - AM;1301159;AM;27981;Deduções - Transferências Constitucionais;1.7.2.2.01.01.00 - Cota-Parte do ICMS;siconfi-cor_RO1.7.2.2.01.01.00;1364011
Prefeitura Municipal de Careiro da Várzea - AM;1301159;AM;27981;Deduções - Transferências Constitucionais;1.7.2.2.01.02.00 - Cota-Parte do IPVA;siconfi-cor_RO1.7.2.2.01.02.00;10841,82
Prefeitura Municipal de Careiro da Várzea - AM;1301159;AM;27981;Deduções - Transferências Constitucionais;1.7.2.2.01.04.00 - Cota-Parte do IPI - Municípios;siconfi-cor_RO1.7.2.2.01.04.00;5516,38
Prefeitura Municipal de Anamã - AM;1300086;AM;12320;Receitas Brutas Realizadas;Total Receitas;siconfi-cor_TotalReceitas;32381467,2
Prefeitura Municipal de Anamã - AM;1300086;AM;12320;Receitas Brutas Realizadas;1.0.0.0.00.00.00 - Receitas Correntes;siconfi-cor_RO1.0.0.0.00.00.00;24724068,02
Prefeitura Municipal de Anamã - AM;1300086;AM;12320;Receitas Brutas Realizadas;1.1.0.0.00.00.00 - Receita Tributária;siconfi-cor_RO1.1.0.0.00.00.00;873655,51
Prefeitura Municipal de Anamã - AM;1300086;AM;12320;Receitas Brutas Realizadas;1.1.1.0.00.00.00 - Impostos;siconfi-cor_RO1.1.1.0.00.00.00;870314,5
Prefeitura Municipal de Anamã - AM;1300086;AM;12320;Receitas Brutas Realizadas;1.1.1.2.00.00.00 - Impostos sobre o Patrimônio e a Renda;siconfi-cor_RO1.1.1.2.00.00.00;106099,43
Prefeitura Municipal de Anamã - AM;1300086;AM;12320;Receitas Brutas Realizadas;1.1.1.2.04.00.00 - Imposto sobre a Renda e Proventos de Qualquer Natureza ¿ IR;siconfi-cor_RO1.1.1.2.04.00.00;106099,43
Prefeitura Municipal de Anamã - AM;1300086;AM;12320;Receitas Brutas Realizadas;1.1.1.2.04.31.00 - Retido nas Fontes - Trabalho;siconfi-cor_RO1.1.1.2.04.31.00;98335,19
Prefeitura Municipal de Anamã - AM;1300086;AM;12320;Receitas Brutas Realizadas;1.1.1.2.04.34.00 - Retido nas Fontes - Outros Rendimentos;siconfi-cor_RO1.1.1.2.04.34.00;7764,24
Prefeitura Municipal de Anamã - AM;1300086;AM;12320;Receitas Brutas Realizadas;1.1.1.3.00.00.00 - Impostos sobre a Produção e a Circulação;siconfi-cor_RO1.1.1.3.00.00.00;764215,07
Prefeitura Municipal de Anamã - AM;1300086;AM;12320;Receitas Brutas Realizadas;1.1.1.3.05.00.00 - Imposto sobre Serviços de Qualquer Natureza ¿ ISSQN;siconfi-cor_RO1.1.1.3.05.00.00;764215,07
Prefeitura Municipal de Anamã - AM;1300086;AM;12320;Receitas Brutas Realizadas;1.1.2.0.00.00.00 - Taxas;siconfi-cor_RO1.1.2.0.00.00.00;3341,01
Prefeitura Municipal de Anamã - AM;1300086;AM;12320;Receitas Brutas Realizadas;1.1.2.1.00.00.00 - Taxas pelo Exercício do Poder de Polícia;siconfi-cor_RO1.1.2.1.00.00.00;3339,01
Prefeitura Municipal de Anamã - AM;1300086;AM;12320;Receitas Brutas Realizadas;1.1.2.2.00.00.00 - Taxas pela Prestação de Serviços;siconfi-cor_RO1.1.2.2.00.00.00;2
Prefeitura Municipal de Anamã - AM;1300086;AM;12320;Receitas Brutas Realizadas;1.1.2.2.99.00.00 - Outras Taxas pela Prestação de Serviços;siconfi-cor_RO1.1.2.2.99.00.00;2
Prefeitura Municipal de Anamã - AM;1300086;AM;12320;Receitas Brutas Realizadas;1.2.0.0.00.00.00 - Receitas de Contribuições;siconfi-cor_RO1.2.0.0.00.00.00;52536,11
Prefeitura Municipal de Anamã - AM;1300086;AM;12320;Receitas Brutas Realizadas;1.2.3.0.00.00.00 - Contribuição para Custeio do Serviço de Iluminação Pública;siconfi-cor_RO1.2.3.0.00.00.00;52536,11
Prefeitura Municipal de Anamã - AM;1300086;AM;12320;Receitas Brutas Realizadas;1.3.0.0.00.00.00 - Receita Patrimonial;siconfi-cor_RO1.3.0.0.00.00.00;213588,99
Prefeitura Municipal de Anamã - AM;1300086;AM;12320;Receitas Brutas Realizadas;1.3.2.0.00.00.00 - Receitas de Valores Mobiliários;siconfi-cor_RO1.3.2.0.00.00.00;213588,99
Prefeitura Municipal de Anamã - AM;1300086;AM;12320;Receitas Brutas Realizadas;1.3.2.5.00.00.00 - Remuneração de Depósitos Bancários;siconfi-cor_RO1.3.2.5.00.00.00;213588,99
Prefeitura Municipal de Anamã - AM;1300086;AM;12320;Receitas Brutas Realizadas;1.6.0.0.00.00.00 - Receita de Serviços;siconfi-cor_RO1.6.0.0.00.00.00;35457,51
Prefeitura Municipal de Anamã - AM;1300086;AM;12320;Receitas Brutas Realizadas;1.6.0.0.13.00.00 - Serviços Administrativos;siconfi-cor_RO1.6.0.0.13.00.00;550
Prefeitura Municipal de Anamã - AM;1300086;AM;12320;Receitas Brutas Realizadas;1.6.0.0.41.00.00 - Serviços de Captação, Adução, Tratamento, Reserva e Distribuição de Água;siconfi-cor_RO1.6.0.0.41.00.00;34907,51
Prefeitura Municipal de Anamã - AM;1300086;AM;12320;Receitas Brutas Realizadas;1.7.0.0.00.00.00 - Transferências Correntes;siconfi-cor_RO1.7.0.0.00.00.00;23545758,54
Prefeitura Municipal de Anamã - AM;1300086;AM;12320;Receitas Brutas Realizadas;1.7.2.0.00.00.00 - Transferências Intergovernamentais;siconfi-cor_RO1.7.2.0.00.00.00;23545758,54
Prefeitura Municipal de Anamã - AM;1300086;AM;12320;Receitas Brutas Realizadas;1.7.2.1.00.00.00 - Transferências da União;siconfi-cor_RO1.7.2.1.00.00.00;12227880,85
Prefeitura Municipal de Anamã - AM;1300086;AM;12320;Receitas Brutas Realizadas;1.7.2.1.01.00.00 - Participação na Receita da União;siconfi-cor_RO1.7.2.1.01.00.00;9553396,76
Prefeitura Municipal de Anamã - AM;1300086;AM;12320;Receitas Brutas Realizadas;1.7.2.1.01.02.00 - Cota-Parte do Fundo de Participação dos Municípios ¿ FPM;siconfi-cor_RO1.7.2.1.01.02.00;8919124,54
Prefeitura Municipal de Anamã - AM;1300086;AM;12320;Receitas Brutas Realizadas;1.7.2.1.01.03.00 - Cota-Parte do Fundo de Participação dos Municípios - 1% Cota Anual;siconfi-cor_RO1.7.2.1.01.03.00;370693,34
Prefeitura Municipal de Anamã - AM;1300086;AM;12320;Receitas Brutas Realizadas;1.7.2.1.01.04.00 - Cota-Parte do Fundo de Participação dos Municípios - 1% Cota entregue no mês de julho (67)(I);siconfi-cor_RO1.7.2.1.01.04.00;263440,3
Prefeitura Municipal de Anamã - AM;1300086;AM;12320;Receitas Brutas Realizadas;1.7.2.1.01.05.00 - Cota-Parte do Imposto Sobre a Propriedade Territorial Rural ¿ ITR;siconfi-cor_RO1.7.2.1.01.05.00;138,58
Prefeitura Municipal de Anamã - AM;1300086;AM;12320;Receitas Brutas Realizadas;1.7.2.1.22.00.00 - Transferências da Compensação Financeira pela Exploração de Recursos Naturais;siconfi-cor_RO1.7.2.1.22.00.00;406572,09
Prefeitura Municipal de Anamã - AM;1300086;AM;12320;Receitas Brutas Realizadas;1.7.2.1.22.40.00 - Cota-Parte Royalties pelo Excedente da Produção do Petróleo - Lei nº 9.478/97 artigo 49 I e II;siconfi-cor_RO1.7.2.1.22.40.00;331319,44
Prefeitura Municipal de Anamã - AM;1300086;AM;12320;Receitas Brutas Realizadas;1.7.2.1.22.70.00 - Cota-Parte do Fundo Especial do Petróleo ¿ FEP;siconfi-cor_RO1.7.2.1.22.70.00;75252,65
Prefeitura Municipal de Anamã - AM;1300086;AM;12320;Receitas Brutas Realizadas;1.7.2.1.33.00.00 - Transferências de Recursos do Sistema Único de Saúde - SUS - Repasses Fundo a Fundo;siconfi-cor_RO1.7.2.1.33.00.00;1481534,21
Prefeitura Municipal de Anamã - AM;1300086;AM;12320;Receitas Brutas Realizadas;1.7.2.1.34.00.00 - Transferências de Recursos do Fundo Nacional de Assistência Social ¿ FNAS;siconfi-cor_RO1.7.2.1.34.00.00;379839,46
Prefeitura Municipal de Anamã - AM;1300086;AM;12320;Receitas Brutas Realizadas;1.7.2.1.35.00.00 - Transferências de Recursos do Fundo Nacional do Desenvolvimento da Educação ¿ FNDE;siconfi-cor_RO1.7.2.1.35.00.00;363329,19
Prefeitura Municipal de Anamã - AM;1300086;AM;12320;Receitas Brutas Realizadas;1.7.2.1.36.00.00 - Transferências Financeiras do ICMS ¿ Desoneração ¿ L.C. Nº 87/96;siconfi-cor_RO1.7.2.1.36.00.00;15709,08
Prefeitura Municipal de Anamã - AM;1300086;AM;12320;Receitas Brutas Realizadas;1.7.2.1.99.00.00 - Outras Transferências da União;siconfi-cor_RO1.7.2.1.99.00.00;27500,06
Prefeitura Municipal de Anamã - AM;1300086;AM;12320;Receitas Brutas Realizadas;1.7.2.2.00.00.00 - Transferências dos Estados;siconfi-cor_RO1.7.2.2.00.00.00;5953432,15
Prefeitura Municipal de Anamã - AM;1300086;AM;12320;Receitas Brutas Realizadas;1.7.2.2.01.00.00 - Participação na Receita dos Estados;siconfi-cor_RO1.7.2.2.01.00.00;5722954,71
Prefeitura Municipal de Anamã - AM;1300086;AM;12320;Receitas Brutas Realizadas;1.7.2.2.01.01.00 - Cota-Parte do ICMS;siconfi-cor_RO1.7.2.2.01.01.00;5669246,8
Prefeitura Municipal de Anamã - AM;1300086;AM;12320;Receitas Brutas Realizadas;1.7.2.2.01.02.00 - Cota-Parte do IPVA;siconfi-cor_RO1.7.2.2.01.02.00;4177,91
Prefeitura Municipal de Anamã - AM;1300086;AM;12320;Receitas Brutas Realizadas;1.7.2.2.01.04.00 - Cota-Parte do IPI - Municípios;siconfi-cor_RO1.7.2.2.01.04.00;22927,73
Prefeitura Municipal de Anamã - AM;1300086;AM;12320;Receitas Brutas Realizadas;1.7.2.2.01.13.00 - Cota-Parte da Contribuição de Intervenção no Domínio Econômico;siconfi-cor_RO1.7.2.2.01.13.00;26602,27
Prefeitura Municipal de Anamã - AM;1300086;AM;12320;Receitas Brutas Realizadas;1.7.2.2.22.00.00 - Transferências da Cota-Parte da Compensação Financeira (25%);siconfi-cor_RO1.7.2.2.22.00.00;65711,6
Prefeitura Municipal de Anamã - AM;1300086;AM;12320;Receitas Brutas Realizadas;1.7.2.2.22.30.00 - Cota-Parte Royalties - Compensação Financeira pela Produção de Petróleo - Lei nº 7.990/89 artigo 9º;siconfi-cor_RO1.7.2.2.22.30.00;65711,6
Prefeitura Municipal de Anamã - AM;1300086;AM;12320;Receitas Brutas Realizadas;1.7.2.2.33.00.00 - Transferências de Recursos do Estado para Programas de Saúde - Repasse Fundo a Fundo;siconfi-cor_RO1.7.2.2.33.00.00;164765,84
Prefeitura Municipal de Anamã - AM;1300086;AM;12320;Receitas Brutas Realizadas;1.7.2.4.00.00.00 - Transferências Multigovernamentais;siconfi-cor_RO1.7.2.4.00.00.00;5364445,54
Prefeitura Municipal de Anamã - AM;1300086;AM;12320;Receitas Brutas Realizadas;1.7.2.4.01.00.00 - Transferências de Recursos do Fundo de Manutenção e Desenvolvimento do Ensino Fundamental e de Valorização do Magistério - FUNDEB;siconfi-cor_RO1.7.2.4.01.00.00;3969892,29
Prefeitura Municipal de Anamã - AM;1300086;AM;12320;Receitas Brutas Realizadas;1.7.2.4.02.00.00 - Transferências de Recursos da Complementação ao Fundo de Manutenção e Desenvolvimento do Ensino Fundamental e de Valorização do Magistério - FUNDEB;siconfi-cor_RO1.7.2.4.02.00.00;1394553,25
Prefeitura Municipal de Anamã - AM;1300086;AM;12320;Receitas Brutas Realizadas;1.9.0.0.00.00.00 - Outras Receitas Correntes;siconfi-cor_RO1.9.0.0.00.00.00;3071,36
Prefeitura Municipal de Anamã - AM;1300086;AM;12320;Receitas Brutas Realizadas;1.9.2.0.00.00.00 - Indenizações e Restituições;siconfi-cor_RO1.9.2.0.00.00.00;3071,36
Prefeitura Municipal de Anamã - AM;1300086;AM;12320;Receitas Brutas Realizadas;1.9.2.1.00.00.00 - Indenizações;siconfi-cor_RO1.9.2.1.00.00.00;3071,36
Prefeitura Municipal de Anamã - AM;1300086;AM;12320;Receitas Brutas Realizadas;2.0.0.0.00.00.00 - Receitas de Capital;siconfi-cor_RO2.0.0.0.00.00.00;7657399,18
Prefeitura Municipal de Anamã - AM;1300086;AM;12320;Receitas Brutas Realizadas;2.4.0.0.00.00.00 - Transferências de Capital;siconfi-cor_RO2.4.0.0.00.00.00;7657399,18
Prefeitura Municipal de Anamã - AM;1300086;AM;12320;Receitas Brutas Realizadas;2.4.2.0.00.00.00 - Transferências Intergovernamentais;siconfi-cor_RO2.4.2.0.00.00.00;19350
Prefeitura Municipal de Anamã - AM;1300086;AM;12320;Receitas Brutas Realizadas;2.4.2.1.00.00.00 - Transferências da União;siconfi-cor_RO2.4.2.1.00.00.00;19350
Prefeitura Municipal de Anamã - AM;1300086;AM;12320;Receitas Brutas Realizadas;2.4.2.1.01.00.00 - Participação na Receita da União;siconfi-cor_RO2.4.2.1.01.00.00;19350
Prefeitura Municipal de Anamã - AM;1300086;AM;12320;Receitas Brutas Realizadas;2.4.7.0.00.00.00 - Transferências de Convênios;siconfi-cor_RO2.4.7.0.00.00.00;7638049,18
Prefeitura Municipal de Anamã - AM;1300086;AM;12320;Receitas Brutas Realizadas;2.4.7.1.00.00.00 - Transferências de Convênios da União e de suas Entidades;siconfi-cor_RO2.4.7.1.00.00.00;2441060,08
Prefeitura Municipal de Anamã - AM;1300086;AM;12320;Receitas Brutas Realizadas;2.4.7.1.01.00.00 - Transferências de Convênios da União para o Sistema Único de Saúde - SUS;siconfi-cor_RO2.4.7.1.01.00.00;1799476
Prefeitura Municipal de Anamã - AM;1300086;AM;12320;Receitas Brutas Realizadas;2.4.7.1.99.00.00 - Outras Transferências de Convênios da União;siconfi-cor_RO2.4.7.1.99.00.00;641584,08
Prefeitura Municipal de Anamã - AM;1300086;AM;12320;Receitas Brutas Realizadas;2.4.7.2.00.00.00 - Transferências de Convênios dos Estados e do Distrito Federal e de suas Entidades;siconfi-cor_RO2.4.7.2.00.00.00;5196989,1
Prefeitura Municipal de Anamã - AM;1300086;AM;12320;Receitas Brutas Realizadas;2.4.7.2.99.00.00 - Outras Transferências de Convênios dos Estados;siconfi-cor_RO2.4.7.2.99.00.00;5196989,1
Prefeitura Municipal de Anamã - AM;1300086;AM;12320;Deduções - Transferências Constitucionais;Total Receitas;siconfi-cor_TotalReceitas;2921671,33
Prefeitura Municipal de Anamã - AM;1300086;AM;12320;Deduções - Transferências Constitucionais;1.0.0.0.00.00.00 - Receitas Correntes;siconfi-cor_RO1.0.0.0.00.00.00;2921671,33
Prefeitura Municipal de Anamã - AM;1300086;AM;12320;Deduções - Transferências Constitucionais;1.7.0.0.00.00.00 - Transferências Correntes;siconfi-cor_RO1.7.0.0.00.00.00;2921671,33
Prefeitura Municipal de Anamã - AM;1300086;AM;12320;Deduções - Transferências Constitucionais;1.7.2.0.00.00.00 - Transferências Intergovernamentais;siconfi-cor_RO1.7.2.0.00.00.00;2921671,33
Prefeitura Municipal de Anamã - AM;1300086;AM;12320;Deduções - Transferências Constitucionais;1.7.2.1.00.00.00 - Transferências da União;siconfi-cor_RO1.7.2.1.00.00.00;1782400,91
Prefeitura Municipal de Anamã - AM;1300086;AM;12320;Deduções - Transferências Constitucionais;1.7.2.1.01.00.00 - Participação na Receita da União;siconfi-cor_RO1.7.2.1.01.00.00;1779259,19
Prefeitura Municipal de Anamã - AM;1300086;AM;12320;Deduções - Transferências Constitucionais;1.7.2.1.01.02.00 - Cota-Parte do Fundo de Participação dos Municípios ¿ FPM;siconfi-cor_RO1.7.2.1.01.02.00;1779231,5
Prefeitura Municipal de Anamã - AM;1300086;AM;12320;Deduções - Transferências Constitucionais;1.7.2.1.01.05.00 - Cota-Parte do Imposto Sobre a Propriedade Territorial Rural ¿ ITR;siconfi-cor_RO1.7.2.1.01.05.00;27,69
Prefeitura Municipal de Anamã - AM;1300086;AM;12320;Deduções - Transferências Constitucionais;1.7.2.1.36.00.00 - Transferências Financeiras do ICMS ¿ Desoneração ¿ L.C. Nº 87/96;siconfi-cor_RO1.7.2.1.36.00.00;3141,72
Prefeitura Municipal de Anamã - AM;1300086;AM;12320;Deduções - Transferências Constitucionais;1.7.2.2.00.00.00 - Transferências dos Estados;siconfi-cor_RO1.7.2.2.00.00.00;1139270,42
Prefeitura Municipal de Anamã - AM;1300086;AM;12320;Deduções - Transferências Constitucionais;1.7.2.2.01.00.00 - Participação na Receita dos Estados;siconfi-cor_RO1.7.2.2.01.00.00;1139270,42
Prefeitura Municipal de Anamã - AM;1300086;AM;12320;Deduções - Transferências Constitucionais;1.7.2.2.01.01.00 - Cota-Parte do ICMS;siconfi-cor_RO1.7.2.2.01.01.00;1133849,4
Prefeitura Municipal de Anamã - AM;1300086;AM;12320;Deduções - Transferências Constitucionais;1.7.2.2.01.02.00 - Cota-Parte do IPVA;siconfi-cor_RO1.7.2.2.01.02.00;835,48
Prefeitura Municipal de Anamã - AM;1300086;AM;12320;Deduções - Transferências Constitucionais;1.7.2.2.01.04.00 - Cota-Parte do IPI - Municípios;siconfi-cor_RO1.7.2.2.01.04.00;4585,54
Prefeitura Municipal de Santo Antônio do Içá - AM;1303700;AM;23688;Receitas Brutas Realizadas;Total Receitas;siconfi-cor_TotalReceitas;51057327,93
Prefeitura Municipal de Santo Antônio do Içá - AM;1303700;AM;23688;Receitas Brutas Realizadas;1.0.0.0.00.00.00 - Receitas Correntes;siconfi-cor_RO1.0.0.0.00.00.00;49806460,9
Prefeitura Municipal de Santo Antônio do Içá - AM;1303700;AM;23688;Receitas Brutas Realizadas;1.1.0.0.00.00.00 - Receita Tributária;siconfi-cor_RO1.1.0.0.00.00.00;792802,37
Prefeitura Municipal de Santo Antônio do Içá - AM;1303700;AM;23688;Receitas Brutas Realizadas;1.1.1.0.00.00.00 - Impostos;siconfi-cor_RO1.1.1.0.00.00.00;759106,98
Prefeitura Municipal de Santo Antônio do Içá - AM;1303700;AM;23688;Receitas Brutas Realizadas;1.1.1.2.00.00.00 - Impostos sobre o Patrimônio e a Renda;siconfi-cor_RO1.1.1.2.00.00.00;516160,77
Prefeitura Municipal de Santo Antônio do Içá - AM;1303700;AM;23688;Receitas Brutas Realizadas;1.1.1.2.02.00.00 - Imposto sobre a Propriedade Predial e Territorial Urbana ¿ IPTU;siconfi-cor_RO1.1.1.2.02.00.00;531,19
Prefeitura Municipal de Santo Antônio do Içá - AM;1303700;AM;23688;Receitas Brutas Realizadas;1.1.1.2.04.00.00 - Imposto sobre a Renda e Proventos de Qualquer Natureza ¿ IR;siconfi-cor_RO1.1.1.2.04.00.00;515629,58
Prefeitura Municipal de Santo Antônio do Içá - AM;1303700;AM;23688;Receitas Brutas Realizadas;1.1.1.2.04.31.00 - Retido nas Fontes - Trabalho;siconfi-cor_RO1.1.1.2.04.31.00;501987,89
Prefeitura Municipal de Santo Antônio do Içá - AM;1303700;AM;23688;Receitas Brutas Realizadas;1.1.1.2.04.34.00 - Retido nas Fontes - Outros Rendimentos;siconfi-cor_RO1.1.1.2.04.34.00;13641,69
Prefeitura Municipal de Santo Antônio do Içá - AM;1303700;AM;23688;Receitas Brutas Realizadas;1.1.1.3.00.00.00 - Impostos sobre a Produção e a Circulação;siconfi-cor_RO1.1.1.3.00.00.00;242946,21
Prefeitura Municipal de Santo Antônio do Içá - AM;1303700;AM;23688;Receitas Brutas Realizadas;1.1.1.3.05.00.00 - Imposto sobre Serviços de Qualquer Natureza ¿ ISSQN;siconfi-cor_RO1.1.1.3.05.00.00;242946,21
Prefeitura Municipal de Santo Antônio do Içá - AM;1303700;AM;23688;Receitas Brutas Realizadas;1.1.2.0.00.00.00 - Taxas;siconfi-cor_RO1.1.2.0.00.00.00;33695,39
Prefeitura Municipal de Santo Antônio do Içá - AM;1303700;AM;23688;Receitas Brutas Realizadas;1.1.2.1.00.00.00 - Taxas pelo Exercício do Poder de Polícia;siconfi-cor_RO1.1.2.1.00.00.00;6520,39
Prefeitura Municipal de Santo Antônio do Içá - AM;1303700;AM;23688;Receitas Brutas Realizadas;1.1.2.2.00.00.00 - Taxas pela Prestação de Serviços;siconfi-cor_RO1.1.2.2.00.00.00;27175
Prefeitura Municipal de Santo Antônio do Içá - AM;1303700;AM;23688;Receitas Brutas Realizadas;1.1.2.2.99.00.00 - Outras Taxas pela Prestação de Serviços;siconfi-cor_RO1.1.2.2.99.00.00;27175
Prefeitura Municipal de Santo Antônio do Içá - AM;1303700;AM;23688;Receitas Brutas Realizadas;1.2.0.0.00.00.00 - Receitas de Contribuições;siconfi-cor_RO1.2.0.0.00.00.00;224542,15
Prefeitura Municipal de Santo Antônio do Içá - AM;1303700;AM;23688;Receitas Brutas Realizadas;1.2.3.0.00.00.00 - Contribuição para Custeio do Serviço de Iluminação Pública;siconfi-cor_RO1.2.3.0.00.00.00;224542,15
Prefeitura Municipal de Santo Antônio do Içá - AM;1303700;AM;23688;Receitas Brutas Realizadas;1.3.0.0.00.00.00 - Receita Patrimonial;siconfi-cor_RO1.3.0.0.00.00.00;73375,71
Prefeitura Municipal de Santo Antônio do Içá - AM;1303700;AM;23688;Receitas Brutas Realizadas;1.3.2.0.00.00.00 - Receitas de Valores Mobiliários;siconfi-cor_RO1.3.2.0.00.00.00;73375,71
Prefeitura Municipal de Santo Antônio do Içá - AM;1303700;AM;23688;Receitas Brutas Realizadas;1.3.2.5.00.00.00 - Remuneração de Depósitos Bancários;siconfi-cor_RO1.3.2.5.00.00.00;73375,71
Prefeitura Municipal de Santo Antônio do Içá - AM;1303700;AM;23688;Receitas Brutas Realizadas;1.7.0.0.00.00.00 - Transferências Correntes;siconfi-cor_RO1.7.0.0.00.00.00;48449706,62
Prefeitura Municipal de Santo Antônio do Içá - AM;1303700;AM;23688;Receitas Brutas Realizadas;1.7.2.0.00.00.00 - Transferências Intergovernamentais;siconfi-cor_RO1.7.2.0.00.00.00;48449706,62
Prefeitura Municipal de Santo Antônio do Içá - AM;1303700;AM;23688;Receitas Brutas Realizadas;1.7.2.1.00.00.00 - Transferências da União;siconfi-cor_RO1.7.2.1.00.00.00;24254782,46
Prefeitura Municipal de Santo Antônio do Içá - AM;1303700;AM;23688;Receitas Brutas Realizadas;1.7.2.1.01.00.00 - Participação na Receita da União;siconfi-cor_RO1.7.2.1.01.00.00;16654129,03
Prefeitura Municipal de Santo Antônio do Içá - AM;1303700;AM;23688;Receitas Brutas Realizadas;1.7.2.1.01.02.00 - Cota-Parte do Fundo de Participação dos Municípios ¿ FPM;siconfi-cor_RO1.7.2.1.01.02.00;15539616,45
Prefeitura Municipal de Santo Antônio do Içá - AM;1303700;AM;23688;Receitas Brutas Realizadas;1.7.2.1.01.03.00 - Cota-Parte do Fundo de Participação dos Municípios - 1% Cota Anual;siconfi-cor_RO1.7.2.1.01.03.00;648713,35
Prefeitura Municipal de Santo Antônio do Içá - AM;1303700;AM;23688;Receitas Brutas Realizadas;1.7.2.1.01.04.00 - Cota-Parte do Fundo de Participação dos Municípios - 1% Cota entregue no mês de julho (67)(I);siconfi-cor_RO1.7.2.1.01.04.00;461020,52
Prefeitura Municipal de Santo Antônio do Içá - AM;1303700;AM;23688;Receitas Brutas Realizadas;1.7.2.1.01.05.00 - Cota-Parte do Imposto Sobre a Propriedade Territorial Rural ¿ ITR;siconfi-cor_RO1.7.2.1.01.05.00;33
Prefeitura Municipal de Santo Antônio do Içá - AM;1303700;AM;23688;Receitas Brutas Realizadas;1.7.2.1.01.32.00 - Cota-Parte do Imposto Sobre Operações de Crédito Câmbio e Seguro ou Relativas a Títulos ou Valores Mobiliários ¿ Comercialização do Ouro;siconfi-cor_RO1.7.2.1.01.32.00;4745,71
Prefeitura Municipal de Santo Antônio do Içá - AM;1303700;AM;23688;Receitas Brutas Realizadas;1.7.2.1.22.00.00 - Transferências da Compensação Financeira pela Exploração de Recursos Naturais;siconfi-cor_RO1.7.2.1.22.00.00;112879
Prefeitura Municipal de Santo Antônio do Içá - AM;1303700;AM;23688;Receitas Brutas Realizadas;1.7.2.1.22.70.00 - Cota-Parte do Fundo Especial do Petróleo ¿ FEP;siconfi-cor_RO1.7.2.1.22.70.00;112879
Prefeitura Municipal de Santo Antônio do Içá - AM;1303700;AM;23688;Receitas Brutas Realizadas;1.7.2.1.33.00.00 - Transferências de Recursos do Sistema Único de Saúde - SUS - Repasses Fundo a Fundo;siconfi-cor_RO1.7.2.1.33.00.00;5078982,86
Prefeitura Municipal de Santo Antônio do Içá - AM;1303700;AM;23688;Receitas Brutas Realizadas;1.7.2.1.34.00.00 - Transferências de Recursos do Fundo Nacional de Assistência Social ¿ FNAS;siconfi-cor_RO1.7.2.1.34.00.00;588346,06
Prefeitura Municipal de Santo Antônio do Içá - AM;1303700;AM;23688;Receitas Brutas Realizadas;1.7.2.1.35.00.00 - Transferências de Recursos do Fundo Nacional do Desenvolvimento da Educação ¿ FNDE;siconfi-cor_RO1.7.2.1.35.00.00;1764951,45
Prefeitura Municipal de Santo Antônio do Içá - AM;1303700;AM;23688;Receitas Brutas Realizadas;1.7.2.1.36.00.00 - Transferências Financeiras do ICMS ¿ Desoneração ¿ L.C. Nº 87/96;siconfi-cor_RO1.7.2.1.36.00.00;20175,36
Prefeitura Municipal de Santo Antônio do Içá - AM;1303700;AM;23688;Receitas Brutas Realizadas;1.7.2.1.99.00.00 - Outras Transferências da União;siconfi-cor_RO1.7.2.1.99.00.00;35318,7
Prefeitura Municipal de Santo Antônio do Içá - AM;1303700;AM;23688;Receitas Brutas Realizadas;1.7.2.2.00.00.00 - Transferências dos Estados;siconfi-cor_RO1.7.2.2.00.00.00;7766800,73
Prefeitura Municipal de Santo Antônio do Içá - AM;1303700;AM;23688;Receitas Brutas Realizadas;1.7.2.2.01.00.00 - Participação na Receita dos Estados;siconfi-cor_RO1.7.2.2.01.00.00;7366313,84
Prefeitura Municipal de Santo Antônio do Içá - AM;1303700;AM;23688;Receitas Brutas Realizadas;1.7.2.2.01.01.00 - Cota-Parte do ICMS;siconfi-cor_RO1.7.2.2.01.01.00;7281087,52
Prefeitura Municipal de Santo Antônio do Içá - AM;1303700;AM;23688;Receitas Brutas Realizadas;1.7.2.2.01.02.00 - Cota-Parte do IPVA;siconfi-cor_RO1.7.2.2.01.02.00;11337,02
Prefeitura Municipal de Santo Antônio do Içá - AM;1303700;AM;23688;Receitas Brutas Realizadas;1.7.2.2.01.04.00 - Cota-Parte do IPI - Municípios;siconfi-cor_RO1.7.2.2.01.04.00;29446,4
Prefeitura Municipal de Santo Antônio do Içá - AM;1303700;AM;23688;Receitas Brutas Realizadas;1.7.2.2.01.13.00 - Cota-Parte da Contribuição de Intervenção no Domínio Econômico;siconfi-cor_RO1.7.2.2.01.13.00;44442,9
Prefeitura Municipal de Santo Antônio do Içá - AM;1303700;AM;23688;Receitas Brutas Realizadas;1.7.2.2.22.00.00 - Transferências da Cota-Parte da Compensação Financeira (25%);siconfi-cor_RO1.7.2.2.22.00.00;84394,27
Prefeitura Municipal de Santo Antônio do Içá - AM;1303700;AM;23688;Receitas Brutas Realizadas;1.7.2.2.22.30.00 - Cota-Parte Royalties - Compensação Financeira pela Produção de Petróleo - Lei nº 7.990/89 artigo 9º;siconfi-cor_RO1.7.2.2.22.30.00;84394,27
Prefeitura Municipal de Santo Antônio do Içá - AM;1303700;AM;23688;Receitas Brutas Realizadas;1.7.2.2.33.00.00 - Transferências de Recursos do Estado para Programas de Saúde - Repasse Fundo a Fundo;siconfi-cor_RO1.7.2.2.33.00.00;316092,62
Prefeitura Municipal de Santo Antônio do Içá - AM;1303700;AM;23688;Receitas Brutas Realizadas;1.7.2.4.00.00.00 - Transferências Multigovernamentais;siconfi-cor_RO1.7.2.4.00.00.00;16428123,43
Prefeitura Municipal de Santo Antônio do Içá - AM;1303700;AM;23688;Receitas Brutas Realizadas;1.7.2.4.01.00.00 - Transferências de Recursos do Fundo de Manutenção e Desenvolvimento do Ensino Fundamental e de Valorização do Magistério - FUNDEB;siconfi-cor_RO1.7.2.4.01.00.00;13491304,16
Prefeitura Municipal de Santo Antônio do Içá - AM;1303700;AM;23688;Receitas Brutas Realizadas;1.7.2.4.02.00.00 - Transferências de Recursos da Complementação ao Fundo de Manutenção e Desenvolvimento do Ensino Fundamental e de Valorização do Magistério - FUNDEB;siconfi-cor_RO1.7.2.4.02.00.00;2936819,27
Prefeitura Municipal de Santo Antônio do Içá - AM;1303700;AM;23688;Receitas Brutas Realizadas;1.9.0.0.00.00.00 - Outras Receitas Correntes;siconfi-cor_RO1.9.0.0.00.00.00;266034,05
Prefeitura Municipal de Santo Antônio do Içá - AM;1303700;AM;23688;Receitas Brutas Realizadas;1.9.2.0.00.00.00 - Indenizações e Restituições;siconfi-cor_RO1.9.2.0.00.00.00;266034,05
Prefeitura Municipal de Santo Antônio do Içá - AM;1303700;AM;23688;Receitas Brutas Realizadas;1.9.2.2.00.00.00 - Restituições;siconfi-cor_RO1.9.2.2.00.00.00;266034,05
Prefeitura Municipal de Santo Antônio do Içá - AM;1303700;AM;23688;Receitas Brutas Realizadas;1.9.2.2.99.00.00 - Outras Restituições;siconfi-cor_RO1.9.2.2.99.00.00;266034,05
Prefeitura Municipal de Santo Antônio do Içá - AM;1303700;AM;23688;Receitas Brutas Realizadas;2.0.0.0.00.00.00 - Receitas de Capital;siconfi-cor_RO2.0.0.0.00.00.00;1250867,03
Prefeitura Municipal de Santo Antônio do Içá - AM;1303700;AM;23688;Receitas Brutas Realizadas;2.4.0.0.00.00.00 - Transferências de Capital;siconfi-cor_RO2.4.0.0.00.00.00;1250867,03
Prefeitura Municipal de Santo Antônio do Içá - AM;1303700;AM;23688;Receitas Brutas Realizadas;2.4.2.0.00.00.00 - Transferências Intergovernamentais;siconfi-cor_RO2.4.2.0.00.00.00;1250867,03
Prefeitura Municipal de Santo Antônio do Içá - AM;1303700;AM;23688;Receitas Brutas Realizadas;2.4.2.1.00.00.00 - Transferências da União;siconfi-cor_RO2.4.2.1.00.00.00;1250867,03
Prefeitura Municipal de Santo Antônio do Içá - AM;1303700;AM;23688;Receitas Brutas Realizadas;2.4.2.1.01.00.00 - Participação na Receita da União;siconfi-cor_RO2.4.2.1.01.00.00;43200
Prefeitura Municipal de Santo Antônio do Içá - AM;1303700;AM;23688;Receitas Brutas Realizadas;2.4.2.1.02.00.00 - Transferências de Recursos Destinados a Programas de Educação;siconfi-cor_RO2.4.2.1.02.00.00;1207667,03
Prefeitura Municipal de Santo Antônio do Içá - AM;1303700;AM;23688;Deduções - Transferências Constitucionais;Total Receitas;siconfi-cor_TotalReceitas;4568300,56
Prefeitura Municipal de Santo Antônio do Içá - AM;1303700;AM;23688;Deduções - Transferências Constitucionais;1.0.0.0.00.00.00 - Receitas Correntes;siconfi-cor_RO1.0.0.0.00.00.00;4568300,56
Prefeitura Municipal de Santo Antônio do Içá - AM;1303700;AM;23688;Deduções - Transferências Constitucionais;1.7.0.0.00.00.00 - Transferências Correntes;siconfi-cor_RO1.7.0.0.00.00.00;4568300,56
Prefeitura Municipal de Santo Antônio do Içá - AM;1303700;AM;23688;Deduções - Transferências Constitucionais;1.7.2.0.00.00.00 - Transferências Intergovernamentais;siconfi-cor_RO1.7.2.0.00.00.00;4568300,56
Prefeitura Municipal de Santo Antônio do Içá - AM;1303700;AM;23688;Deduções - Transferências Constitucionais;1.7.2.1.00.00.00 - Transferências da União;siconfi-cor_RO1.7.2.1.00.00.00;3103926,59
Prefeitura Municipal de Santo Antônio do Içá - AM;1303700;AM;23688;Deduções - Transferências Constitucionais;1.7.2.1.01.00.00 - Participação na Receita da União;siconfi-cor_RO1.7.2.1.01.00.00;3099891,59
Prefeitura Municipal de Santo Antônio do Içá - AM;1303700;AM;23688;Deduções - Transferências Constitucionais;1.7.2.1.01.02.00 - Cota-Parte do Fundo de Participação dos Municípios ¿ FPM;siconfi-cor_RO1.7.2.1.01.02.00;3099884,99
Prefeitura Municipal de Santo Antônio do Içá - AM;1303700;AM;23688;Deduções - Transferências Constitucionais;1.7.2.1.01.05.00 - Cota-Parte do Imposto Sobre a Propriedade Territorial Rural ¿ ITR;siconfi-cor_RO1.7.2.1.01.05.00;6,6
Prefeitura Municipal de Santo Antônio do Içá - AM;1303700;AM;23688;Deduções - Transferências Constitucionais;1.7.2.1.36.00.00 - Transferências Financeiras do ICMS ¿ Desoneração ¿ L.C. Nº 87/96;siconfi-cor_RO1.7.2.1.36.00.00;4035
Prefeitura Municipal de Santo Antônio do Içá - AM;1303700;AM;23688;Deduções - Transferências Constitucionais;1.7.2.2.00.00.00 - Transferências dos Estados;siconfi-cor_RO1.7.2.2.00.00.00;1464373,97
Prefeitura Municipal de Santo Antônio do Içá - AM;1303700;AM;23688;Deduções - Transferências Constitucionais;1.7.2.2.01.00.00 - Participação na Receita dos Estados;siconfi-cor_RO1.7.2.2.01.00.00;1464373,97
Prefeitura Municipal de Santo Antônio do Içá - AM;1303700;AM;23688;Deduções - Transferências Constitucionais;1.7.2.2.01.01.00 - Cota-Parte do ICMS;siconfi-cor_RO1.7.2.2.01.01.00;1456221,92
Prefeitura Municipal de Santo Antônio do Içá - AM;1303700;AM;23688;Deduções - Transferências Constitucionais;1.7.2.2.01.02.00 - Cota-Parte do IPVA;siconfi-cor_RO1.7.2.2.01.02.00;2262,78
Prefeitura Municipal de Santo Antônio do Içá - AM;1303700;AM;23688;Deduções - Transferências Constitucionais;1.7.2.2.01.04.00 - Cota-Parte do IPI - Municípios;siconfi-cor_RO1.7.2.2.01.04.00;5889,27
Prefeitura Municipal de Manaquiri - AM;1302553;AM;28413;Receitas Brutas Realizadas;Total Receitas;siconfi-cor_TotalReceitas;42944487,59
Prefeitura Municipal de Manaquiri - AM;1302553;AM;28413;Receitas Brutas Realizadas;1.0.0.0.00.00.00 - Receitas Correntes;siconfi-cor_RO1.0.0.0.00.00.00;42725398
Prefeitura Municipal de Manaquiri - AM;1302553;AM;28413;Receitas Brutas Realizadas;1.1.0.0.00.00.00 - Receita Tributária;siconfi-cor_RO1.1.0.0.00.00.00;747179,63
Prefeitura Municipal de Manaquiri - AM;1302553;AM;28413;Receitas Brutas Realizadas;1.1.1.0.00.00.00 - Impostos;siconfi-cor_RO1.1.1.0.00.00.00;735848,6
Prefeitura Municipal de Manaquiri - AM;1302553;AM;28413;Receitas Brutas Realizadas;1.1.1.2.00.00.00 - Impostos sobre o Patrimônio e a Renda;siconfi-cor_RO1.1.1.2.00.00.00;487741,66
Prefeitura Municipal de Manaquiri - AM;1302553;AM;28413;Receitas Brutas Realizadas;1.1.1.2.02.00.00 - Imposto sobre a Propriedade Predial e Territorial Urbana ¿ IPTU;siconfi-cor_RO1.1.1.2.02.00.00;8502,95
Prefeitura Municipal de Manaquiri - AM;1302553;AM;28413;Receitas Brutas Realizadas;1.1.1.2.04.00.00 - Imposto sobre a Renda e Proventos de Qualquer Natureza ¿ IR;siconfi-cor_RO1.1.1.2.04.00.00;476661,48
Prefeitura Municipal de Manaquiri - AM;1302553;AM;28413;Receitas Brutas Realizadas;1.1.1.2.04.31.00 - Retido nas Fontes - Trabalho;siconfi-cor_RO1.1.1.2.04.31.00;407907,04
Prefeitura Municipal de Manaquiri - AM;1302553;AM;28413;Receitas Brutas Realizadas;1.1.1.2.04.34.00 - Retido nas Fontes - Outros Rendimentos;siconfi-cor_RO1.1.1.2.04.34.00;68754,44
Prefeitura Municipal de Manaquiri - AM;1302553;AM;28413;Receitas Brutas Realizadas;"1.1.1.2.08.00.00 - Imposto sobre Transmissão Inter Vivos"" de Bens Imóveis e de Direitos Reais sobre Imóveis ¿ ITBI""";siconfi-cor_RO1.1.1.2.08.00.00;2577,23
Prefeitura Municipal de Manaquiri - AM;1302553;AM;28413;Receitas Brutas Realizadas;1.1.1.3.00.00.00 - Impostos sobre a Produção e a Circulação;siconfi-cor_RO1.1.1.3.00.00.00;248106,94
Prefeitura Municipal de Manaquiri - AM;1302553;AM;28413;Receitas Brutas Realizadas;1.1.1.3.05.00.00 - Imposto sobre Serviços de Qualquer Natureza ¿ ISSQN;siconfi-cor_RO1.1.1.3.05.00.00;248106,94
Prefeitura Municipal de Manaquiri - AM;1302553;AM;28413;Receitas Brutas Realizadas;1.1.2.0.00.00.00 - Taxas;siconfi-cor_RO1.1.2.0.00.00.00;11331,03
Prefeitura Municipal de Manaquiri - AM;1302553;AM;28413;Receitas Brutas Realizadas;1.1.2.1.00.00.00 - Taxas pelo Exercício do Poder de Polícia;siconfi-cor_RO1.1.2.1.00.00.00;9602,46
Prefeitura Municipal de Manaquiri - AM;1302553;AM;28413;Receitas Brutas Realizadas;1.1.2.2.00.00.00 - Taxas pela Prestação de Serviços;siconfi-cor_RO1.1.2.2.00.00.00;1728,57
Prefeitura Municipal de Manaquiri - AM;1302553;AM;28413;Receitas Brutas Realizadas;1.1.2.2.99.00.00 - Outras Taxas pela Prestação de Serviços;siconfi-cor_RO1.1.2.2.99.00.00;1728,57
Prefeitura Municipal de Manaquiri - AM;1302553;AM;28413;Receitas Brutas Realizadas;1.2.0.0.00.00.00 - Receitas de Contribuições;siconfi-cor_RO1.2.0.0.00.00.00;220287,32
Prefeitura Municipal de Manaquiri - AM;1302553;AM;28413;Receitas Brutas Realizadas;1.2.1.0.00.00.00 - Contribuições Sociais;siconfi-cor_RO1.2.1.0.00.00.00;84328,07
Prefeitura Municipal de Manaquiri - AM;1302553;AM;28413;Receitas Brutas Realizadas;1.2.1.0.29.00.00 - Contribuições para o Regime Próprio de Previdência do Servidor Público;siconfi-cor_RO1.2.1.0.29.00.00;84328,07
Prefeitura Municipal de Manaquiri - AM;1302553;AM;28413;Receitas Brutas Realizadas;1.2.1.0.29.07.00 - Contribuição do Servidor Ativo Civil para o Regime Próprio;siconfi-cor_RO1.2.1.0.29.07.00;84328,07
Prefeitura Municipal de Manaquiri - AM;1302553;AM;28413;Receitas Brutas Realizadas;1.2.3.0.00.00.00 - Contribuição para Custeio do Serviço de Iluminação Pública;siconfi-cor_RO1.2.3.0.00.00.00;135959,25
Prefeitura Municipal de Manaquiri - AM;1302553;AM;28413;Receitas Brutas Realizadas;1.3.0.0.00.00.00 - Receita Patrimonial;siconfi-cor_RO1.3.0.0.00.00.00;677067,83
Prefeitura Municipal de Manaquiri - AM;1302553;AM;28413;Receitas Brutas Realizadas;1.3.2.0.00.00.00 - Receitas de Valores Mobiliários;siconfi-cor_RO1.3.2.0.00.00.00;677067,83
Prefeitura Municipal de Manaquiri - AM;1302553;AM;28413;Receitas Brutas Realizadas;1.3.2.5.00.00.00 - Remuneração de Depósitos Bancários;siconfi-cor_RO1.3.2.5.00.00.00;34779,32
Prefeitura Municipal de Manaquiri - AM;1302553;AM;28413;Receitas Brutas Realizadas;1.3.2.8.00.00.00 - Remuneração dos Investimentos do Regime Próprio de Previdência do Servidor;siconfi-cor_RO1.3.2.8.00.00.00;642288,51
Prefeitura Municipal de Manaquiri - AM;1302553;AM;28413;Receitas Brutas Realizadas;1.6.0.0.00.00.00 - Receita de Serviços;siconfi-cor_RO1.6.0.0.00.00.00;770
Prefeitura Municipal de Manaquiri - AM;1302553;AM;28413;Receitas Brutas Realizadas;1.6.0.0.41.00.00 - Serviços de Captação, Adução, Tratamento, Reserva e Distribuição de Água;siconfi-cor_RO1.6.0.0.41.00.00;770
Prefeitura Municipal de Manaquiri - AM;1302553;AM;28413;Receitas Brutas Realizadas;1.7.0.0.00.00.00 - Transferências Correntes;siconfi-cor_RO1.7.0.0.00.00.00;40885457,35
Prefeitura Municipal de Manaquiri - AM;1302553;AM;28413;Receitas Brutas Realizadas;1.7.2.0.00.00.00 - Transferências Intergovernamentais;siconfi-cor_RO1.7.2.0.00.00.00;40885457,35
Prefeitura Municipal de Manaquiri - AM;1302553;AM;28413;Receitas Brutas Realizadas;1.7.2.1.00.00.00 - Transferências da União;siconfi-cor_RO1.7.2.1.00.00.00;21809934,01
Prefeitura Municipal de Manaquiri - AM;1302553;AM;28413;Receitas Brutas Realizadas;1.7.2.1.01.00.00 - Participação na Receita da União;siconfi-cor_RO1.7.2.1.01.00.00;16720760,59
Prefeitura Municipal de Manaquiri - AM;1302553;AM;28413;Receitas Brutas Realizadas;1.7.2.1.01.02.00 - Cota-Parte do Fundo de Participação dos Municípios ¿ FPM;siconfi-cor_RO1.7.2.1.01.02.00;15608467,97
Prefeitura Municipal de Manaquiri - AM;1302553;AM;28413;Receitas Brutas Realizadas;1.7.2.1.01.03.00 - Cota-Parte do Fundo de Participação dos Municípios - 1% Cota Anual;siconfi-cor_RO1.7.2.1.01.03.00;648713,35
Prefeitura Municipal de Manaquiri - AM;1302553;AM;28413;Receitas Brutas Realizadas;1.7.2.1.01.04.00 - Cota-Parte do Fundo de Participação dos Municípios - 1% Cota entregue no mês de julho (67)(I);siconfi-cor_RO1.7.2.1.01.04.00;461020,52
Prefeitura Municipal de Manaquiri - AM;1302553;AM;28413;Receitas Brutas Realizadas;1.7.2.1.01.05.00 - Cota-Parte do Imposto Sobre a Propriedade Territorial Rural ¿ ITR;siconfi-cor_RO1.7.2.1.01.05.00;2558,75
Prefeitura Municipal de Manaquiri - AM;1302553;AM;28413;Receitas Brutas Realizadas;1.7.2.1.22.00.00 - Transferências da Compensação Financeira pela Exploração de Recursos Naturais;siconfi-cor_RO1.7.2.1.22.00.00;147723,74
Prefeitura Municipal de Manaquiri - AM;1302553;AM;28413;Receitas Brutas Realizadas;1.7.2.1.22.70.00 - Cota-Parte do Fundo Especial do Petróleo ¿ FEP;siconfi-cor_RO1.7.2.1.22.70.00;147723,74
Prefeitura Municipal de Manaquiri - AM;1302553;AM;28413;Receitas Brutas Realizadas;1.7.2.1.33.00.00 - Transferências de Recursos do Sistema Único de Saúde - SUS - Repasses Fundo a Fundo;siconfi-cor_RO1.7.2.1.33.00.00;3278983,87
Prefeitura Municipal de Manaquiri - AM;1302553;AM;28413;Receitas Brutas Realizadas;1.7.2.1.34.00.00 - Transferências de Recursos do Fundo Nacional de Assistência Social ¿ FNAS;siconfi-cor_RO1.7.2.1.34.00.00;494637,23
Prefeitura Municipal de Manaquiri - AM;1302553;AM;28413;Receitas Brutas Realizadas;1.7.2.1.35.00.00 - Transferências de Recursos do Fundo Nacional do Desenvolvimento da Educação ¿ FNDE;siconfi-cor_RO1.7.2.1.35.00.00;1120673,11
Prefeitura Municipal de Manaquiri - AM;1302553;AM;28413;Receitas Brutas Realizadas;1.7.2.1.36.00.00 - Transferências Financeiras do ICMS ¿ Desoneração ¿ L.C. Nº 87/96;siconfi-cor_RO1.7.2.1.36.00.00;17143,8
Prefeitura Municipal de Manaquiri - AM;1302553;AM;28413;Receitas Brutas Realizadas;1.7.2.1.99.00.00 - Outras Transferências da União;siconfi-cor_RO1.7.2.1.99.00.00;30011,67
Prefeitura Municipal de Manaquiri - AM;1302553;AM;28413;Receitas Brutas Realizadas;1.7.2.2.00.00.00 - Transferências dos Estados;siconfi-cor_RO1.7.2.2.00.00.00;6388048
Prefeitura Municipal de Manaquiri - AM;1302553;AM;28413;Receitas Brutas Realizadas;1.7.2.2.01.00.00 - Participação na Receita dos Estados;siconfi-cor_RO1.7.2.2.01.00.00;6312134,93
Prefeitura Municipal de Manaquiri - AM;1302553;AM;28413;Receitas Brutas Realizadas;1.7.2.2.01.01.00 - Cota-Parte do ICMS;siconfi-cor_RO1.7.2.2.01.01.00;6187021,71
Prefeitura Municipal de Manaquiri - AM;1302553;AM;28413;Receitas Brutas Realizadas;1.7.2.2.01.02.00 - Cota-Parte do IPVA;siconfi-cor_RO1.7.2.2.01.02.00;49479,74
Prefeitura Municipal de Manaquiri - AM;1302553;AM;28413;Receitas Brutas Realizadas;1.7.2.2.01.04.00 - Cota-Parte do IPI - Municípios;siconfi-cor_RO1.7.2.2.01.04.00;25021,76
Prefeitura Municipal de Manaquiri - AM;1302553;AM;28413;Receitas Brutas Realizadas;1.7.2.2.01.13.00 - Cota-Parte da Contribuição de Intervenção no Domínio Econômico;siconfi-cor_RO1.7.2.2.01.13.00;50611,72
Prefeitura Municipal de Manaquiri - AM;1302553;AM;28413;Receitas Brutas Realizadas;1.7.2.2.22.00.00 - Transferências da Cota-Parte da Compensação Financeira (25%);siconfi-cor_RO1.7.2.2.22.00.00;71713,07
Prefeitura Municipal de Manaquiri - AM;1302553;AM;28413;Receitas Brutas Realizadas;1.7.2.2.22.30.00 - Cota-Parte Royalties - Compensação Financeira pela Produção de Petróleo - Lei nº 7.990/89 artigo 9º;siconfi-cor_RO1.7.2.2.22.30.00;71713,07
Prefeitura Municipal de Manaquiri - AM;1302553;AM;28413;Receitas Brutas Realizadas;1.7.2.2.33.00.00 - Transferências de Recursos do Estado para Programas de Saúde - Repasse Fundo a Fundo;siconfi-cor_RO1.7.2.2.33.00.00;4200
Prefeitura Municipal de Manaquiri - AM;1302553;AM;28413;Receitas Brutas Realizadas;1.7.2.4.00.00.00 - Transferências Multigovernamentais;siconfi-cor_RO1.7.2.4.00.00.00;12687475,34
Prefeitura Municipal de Manaquiri - AM;1302553;AM;28413;Receitas Brutas Realizadas;1.7.2.4.01.00.00 - Transferências de Recursos do Fundo de Manutenção e Desenvolvimento do Ensino Fundamental e de Valorização do Magistério - FUNDEB;siconfi-cor_RO1.7.2.4.01.00.00;9352573,96
Prefeitura Municipal de Manaquiri - AM;1302553;AM;28413;Receitas Brutas Realizadas;1.7.2.4.02.00.00 - Transferências de Recursos da Complementação ao Fundo de Manutenção e Desenvolvimento do Ensino Fundamental e de Valorização do Magistério - FUNDEB;siconfi-cor_RO1.7.2.4.02.00.00;3334901,38
Prefeitura Municipal de Manaquiri - AM;1302553;AM;28413;Receitas Brutas Realizadas;1.9.0.0.00.00.00 - Outras Receitas Correntes;siconfi-cor_RO1.9.0.0.00.00.00;194635,87
Prefeitura Municipal de Manaquiri - AM;1302553;AM;28413;Receitas Brutas Realizadas;1.9.2.0.00.00.00 - Indenizações e Restituições;siconfi-cor_RO1.9.2.0.00.00.00;163913,52
Prefeitura Municipal de Manaquiri - AM;1302553;AM;28413;Receitas Brutas Realizadas;1.9.2.2.00.00.00 - Restituições;siconfi-cor_RO1.9.2.2.00.00.00;163913,52
Prefeitura Municipal de Manaquiri - AM;1302553;AM;28413;Receitas Brutas Realizadas;1.9.2.2.99.00.00 - Outras Restituições;siconfi-cor_RO1.9.2.2.99.00.00;163913,52
Prefeitura Municipal de Manaquiri - AM;1302553;AM;28413;Receitas Brutas Realizadas;1.9.3.0.00.00.00 - Receita da Dívida Ativa;siconfi-cor_RO1.9.3.0.00.00.00;16696,21
Prefeitura Municipal de Manaquiri - AM;1302553;AM;28413;Receitas Brutas Realizadas;1.9.3.1.00.00.00 - Receita da Dívida Ativa Tributária;siconfi-cor_RO1.9.3.1.00.00.00;16696,21
Prefeitura Municipal de Manaquiri - AM;1302553;AM;28413;Receitas Brutas Realizadas;1.9.3.1.11.00.00 - Receita da Dívida Ativa do Imposto sobre a Propriedade Predial e Territorial Urbana ¿ IPTU;siconfi-cor_RO1.9.3.1.11.00.00;16696,21
Prefeitura Municipal de Manaquiri - AM;1302553;AM;28413;Receitas Brutas Realizadas;1.9.9.0.00.00.00 - Receitas Diversas;siconfi-cor_RO1.9.9.0.00.00.00;14026,14
Prefeitura Municipal de Manaquiri - AM;1302553;AM;28413;Receitas Brutas Realizadas;1.9.9.0.99.00.00 - Outras Receitas;siconfi-cor_RO1.9.9.0.99.00.00;14026,14
Prefeitura Municipal de Manaquiri - AM;1302553;AM;28413;Receitas Brutas Realizadas;2.0.0.0.00.00.00 - Receitas de Capital;siconfi-cor_RO2.0.0.0.00.00.00;50987,04
Prefeitura Municipal de Manaquiri - AM;1302553;AM;28413;Receitas Brutas Realizadas;2.4.0.0.00.00.00 - Transferências de Capital;siconfi-cor_RO2.4.0.0.00.00.00;50987,04
Prefeitura Municipal de Manaquiri - AM;1302553;AM;28413;Receitas Brutas Realizadas;2.4.2.0.00.00.00 - Transferências Intergovernamentais;siconfi-cor_RO2.4.2.0.00.00.00;50987,04
Prefeitura Municipal de Manaquiri - AM;1302553;AM;28413;Receitas Brutas Realizadas;2.4.2.2.00.00.00 - Transferências dos Estados;siconfi-cor_RO2.4.2.2.00.00.00;50987,04
Prefeitura Municipal de Manaquiri - AM;1302553;AM;28413;Receitas Brutas Realizadas;2.4.2.2.02.00.00 - Transferências de Recursos Destinados a Programas de Educação;siconfi-cor_RO2.4.2.2.02.00.00;50987,04
Prefeitura Municipal de Manaquiri - AM;1302553;AM;28413;Receitas Brutas Realizadas;7.0.0.0.00.00.00 - Receitas Correntes Intraorçamentárias;siconfi-cor_RI7.0.0.0.00.00.00;168102,55
Prefeitura Municipal de Manaquiri - AM;1302553;AM;28413;Receitas Brutas Realizadas;7.2.0.0.00.00.00 - Receitas de Contribuições Intraorçamentárias;siconfi-cor_RI7.2.0.0.00.00.00;163641,09
Prefeitura Municipal de Manaquiri - AM;1302553;AM;28413;Receitas Brutas Realizadas;7.2.1.0.00.00.00 - Contribuições Sociais Intraorçamentárias;siconfi-cor_RI7.2.1.0.00.00.00;163641,09
Prefeitura Municipal de Manaquiri - AM;1302553;AM;28413;Receitas Brutas Realizadas;7.2.1.0.29.00.00 - Contribuições para o Regime Próprio de Previdência do Servidor Público Intraorçamentárias;siconfi-cor_RI7.2.1.0.29.00.00;163641,09
Prefeitura Municipal de Manaquiri - AM;1302553;AM;28413;Receitas Brutas Realizadas;7.2.1.0.29.01.00 - Contribuição Patronal de Servidor Ativo Civil para o Regime Próprio Intraorçamentária;siconfi-cor_RI7.2.1.0.29.01.00;52160,71
Prefeitura Municipal de Manaquiri - AM;1302553;AM;28413;Receitas Brutas Realizadas;7.2.1.0.29.99.00 - Outras Contribuições para o Regime Próprio de Previdência do Servidor Público Intraorçamentárias;siconfi-cor_RI7.2.1.0.29.99.00;111480,38
Prefeitura Municipal de Manaquiri - AM;1302553;AM;28413;Receitas Brutas Realizadas;7.9.0.0.00.00.00 - Outras Receitas Correntes Intraorçamentárias;siconfi-cor_RI7.9.0.0.00.00.00;4461,46
Prefeitura Municipal de Manaquiri - AM;1302553;AM;28413;Receitas Brutas Realizadas;7.9.1.2.00.00.00 - Multas e Juros de Mora das Contribuições Intraorçamentárias;siconfi-cor_RI7.9.1.2.00.00.00;2,25
Prefeitura Municipal de Manaquiri - AM;1302553;AM;28413;Receitas Brutas Realizadas;7.9.1.2.29.00.00 - Multas e Juros de Mora das Contribuições para o Regime Próprio de Previdência do Servidor Intraorçamentárias;siconfi-cor_RI7.9.1.2.29.00.00;2,25
Prefeitura Municipal de Manaquiri - AM;1302553;AM;28413;Receitas Brutas Realizadas;7.9.9.9.00.00.00 - Demais Receitas Correntes Intraorçamentárias;siconfi-cor_RI7.9.9.9.00.00.00;4459,21
Prefeitura Municipal de Manaquiri - AM;1302553;AM;28413;Deduções - Transferências Constitucionais;Total Receitas;siconfi-cor_TotalReceitas;4369652,57
Prefeitura Municipal de Manaquiri - AM;1302553;AM;28413;Deduções - Transferências Constitucionais;1.0.0.0.00.00.00 - Receitas Correntes;siconfi-cor_RO1.0.0.0.00.00.00;4369652,57
Prefeitura Municipal de Manaquiri - AM;1302553;AM;28413;Deduções - Transferências Constitucionais;1.7.0.0.00.00.00 - Transferências Correntes;siconfi-cor_RO1.7.0.0.00.00.00;4369652,57
Prefeitura Municipal de Manaquiri - AM;1302553;AM;28413;Deduções - Transferências Constitucionais;1.7.2.0.00.00.00 - Transferências Intergovernamentais;siconfi-cor_RO1.7.2.0.00.00.00;4369652,57
Prefeitura Municipal de Manaquiri - AM;1302553;AM;28413;Deduções - Transferências Constitucionais;1.7.2.1.00.00.00 - Transferências da União;siconfi-cor_RO1.7.2.1.00.00.00;3117595,75
Prefeitura Municipal de Manaquiri - AM;1302553;AM;28413;Deduções - Transferências Constitucionais;1.7.2.1.01.00.00 - Participação na Receita da União;siconfi-cor_RO1.7.2.1.01.00.00;3114166,99
Prefeitura Municipal de Manaquiri - AM;1302553;AM;28413;Deduções - Transferências Constitucionais;1.7.2.1.01.02.00 - Cota-Parte do Fundo de Participação dos Municípios ¿ FPM;siconfi-cor_RO1.7.2.1.01.02.00;3113655,29
Prefeitura Municipal de Manaquiri - AM;1302553;AM;28413;Deduções - Transferências Constitucionais;1.7.2.1.01.05.00 - Cota-Parte do Imposto Sobre a Propriedade Territorial Rural ¿ ITR;siconfi-cor_RO1.7.2.1.01.05.00;511,7
Prefeitura Municipal de Manaquiri - AM;1302553;AM;28413;Deduções - Transferências Constitucionais;1.7.2.1.36.00.00 - Transferências Financeiras do ICMS ¿ Desoneração ¿ L.C. Nº 87/96;siconfi-cor_RO1.7.2.1.36.00.00;3428,76
Prefeitura Municipal de Manaquiri - AM;1302553;AM;28413;Deduções - Transferências Constitucionais;1.7.2.2.00.00.00 - Transferências dos Estados;siconfi-cor_RO1.7.2.2.00.00.00;1252056,82
Prefeitura Municipal de Manaquiri - AM;1302553;AM;28413;Deduções - Transferências Constitucionais;1.7.2.2.01.00.00 - Participação na Receita dos Estados;siconfi-cor_RO1.7.2.2.01.00.00;1252056,82
Prefeitura Municipal de Manaquiri - AM;1302553;AM;28413;Deduções - Transferências Constitucionais;1.7.2.2.01.01.00 - Cota-Parte do ICMS;siconfi-cor_RO1.7.2.2.01.01.00;1237404,32
Prefeitura Municipal de Manaquiri - AM;1302553;AM;28413;Deduções - Transferências Constitucionais;1.7.2.2.01.02.00 - Cota-Parte do IPVA;siconfi-cor_RO1.7.2.2.01.02.00;9648,16
Prefeitura Municipal de Manaquiri - AM;1302553;AM;28413;Deduções - Transferências Constitucionais;1.7.2.2.01.04.00 - Cota-Parte do IPI - Municípios;siconfi-cor_RO1.7.2.2.01.04.00;5004,34
Prefeitura Municipal de Manicoré - AM;1302702;AM;53053;Receitas Brutas Realizadas;Total Receitas;siconfi-cor_TotalReceitas;87893218,86
Prefeitura Municipal de Manicoré - AM;1302702;AM;53053;Receitas Brutas Realizadas;1.0.0.0.00.00.00 - Receitas Correntes;siconfi-cor_RO1.0.0.0.00.00.00;83553853,68
Prefeitura Municipal de Manicoré - AM;1302702;AM;53053;Receitas Brutas Realizadas;1.1.0.0.00.00.00 - Receita Tributária;siconfi-cor_RO1.1.0.0.00.00.00;3451311,48
Prefeitura Municipal de Manicoré - AM;1302702;AM;53053;Receitas Brutas Realizadas;1.1.1.0.00.00.00 - Impostos;siconfi-cor_RO1.1.1.0.00.00.00;3214547,06
Prefeitura Municipal de Manicoré - AM;1302702;AM;53053;Receitas Brutas Realizadas;1.1.1.2.00.00.00 - Impostos sobre o Patrimônio e a Renda;siconfi-cor_RO1.1.1.2.00.00.00;657962,08
Prefeitura Municipal de Manicoré - AM;1302702;AM;53053;Receitas Brutas Realizadas;1.1.1.2.02.00.00 - Imposto sobre a Propriedade Predial e Territorial Urbana ¿ IPTU;siconfi-cor_RO1.1.1.2.02.00.00;1402,05
Prefeitura Municipal de Manicoré - AM;1302702;AM;53053;Receitas Brutas Realizadas;1.1.1.2.04.00.00 - Imposto sobre a Renda e Proventos de Qualquer Natureza ¿ IR;siconfi-cor_RO1.1.1.2.04.00.00;639780,71
Prefeitura Municipal de Manicoré - AM;1302702;AM;53053;Receitas Brutas Realizadas;1.1.1.2.04.31.00 - Retido nas Fontes - Trabalho;siconfi-cor_RO1.1.1.2.04.31.00;587830,35
Prefeitura Municipal de Manicoré - AM;1302702;AM;53053;Receitas Brutas Realizadas;1.1.1.2.04.34.00 - Retido nas Fontes - Outros Rendimentos;siconfi-cor_RO1.1.1.2.04.34.00;51950,36
Prefeitura Municipal de Manicoré - AM;1302702;AM;53053;Receitas Brutas Realizadas;"1.1.1.2.08.00.00 - Imposto sobre Transmissão Inter Vivos"" de Bens Imóveis e de Direitos Reais sobre Imóveis ¿ ITBI""";siconfi-cor_RO1.1.1.2.08.00.00;16779,32
Prefeitura Municipal de Manicoré - AM;1302702;AM;53053;Receitas Brutas Realizadas;1.1.1.3.00.00.00 - Impostos sobre a Produção e a Circulação;siconfi-cor_RO1.1.1.3.00.00.00;2556584,98
Prefeitura Municipal de Manicoré - AM;1302702;AM;53053;Receitas Brutas Realizadas;1.1.1.3.05.00.00 - Imposto sobre Serviços de Qualquer Natureza ¿ ISSQN;siconfi-cor_RO1.1.1.3.05.00.00;2556584,98
Prefeitura Municipal de Manicoré - AM;1302702;AM;53053;Receitas Brutas Realizadas;1.1.2.0.00.00.00 - Taxas;siconfi-cor_RO1.1.2.0.00.00.00;35010,31
Prefeitura Municipal de Manicoré - AM;1302702;AM;53053;Receitas Brutas Realizadas;1.1.2.1.00.00.00 - Taxas pelo Exercício do Poder de Polícia;siconfi-cor_RO1.1.2.1.00.00.00;28884,86
Prefeitura Municipal de Manicoré - AM;1302702;AM;53053;Receitas Brutas Realizadas;1.1.2.2.00.00.00 - Taxas pela Prestação de Serviços;siconfi-cor_RO1.1.2.2.00.00.00;6125,45
Prefeitura Municipal de Manicoré - AM;1302702;AM;53053;Receitas Brutas Realizadas;1.1.2.2.99.00.00 - Outras Taxas pela Prestação de Serviços;siconfi-cor_RO1.1.2.2.99.00.00;6125,45
Prefeitura Municipal de Manicoré - AM;1302702;AM;53053;Receitas Brutas Realizadas;1.1.3.0.00.00.00 - Contribuição de Melhoria;siconfi-cor_RO1.1.3.0.00.00.00;201754,11
Prefeitura Municipal de Manicoré - AM;1302702;AM;53053;Receitas Brutas Realizadas;1.1.3.0.02.00.00 - Contribuição de Melhoria para Expansão da Rede de Iluminação Pública na Cidade;siconfi-cor_RO1.1.3.0.02.00.00;201754,11
Prefeitura Municipal de Manicoré - AM;1302702;AM;53053;Receitas Brutas Realizadas;1.2.0.0.00.00.00 - Receitas de Contribuições;siconfi-cor_RO1.2.0.0.00.00.00;1097451,7
Prefeitura Municipal de Manicoré - AM;1302702;AM;53053;Receitas Brutas Realizadas;1.2.1.0.00.00.00 - Contribuições Sociais;siconfi-cor_RO1.2.1.0.00.00.00;1097451,7
Prefeitura Municipal de Manicoré - AM;1302702;AM;53053;Receitas Brutas Realizadas;1.2.1.0.29.00.00 - Contribuições para o Regime Próprio de Previdência do Servidor Público;siconfi-cor_RO1.2.1.0.29.00.00;1097451,7
Prefeitura Municipal de Manicoré - AM;1302702;AM;53053;Receitas Brutas Realizadas;1.2.1.0.29.07.00 - Contribuição do Servidor Ativo Civil para o Regime Próprio;siconfi-cor_RO1.2.1.0.29.07.00;1097451,7
Prefeitura Municipal de Manicoré - AM;1302702;AM;53053;Receitas Brutas Realizadas;1.3.0.0.00.00.00 - Receita Patrimonial;siconfi-cor_RO1.3.0.0.00.00.00;543289,5
Prefeitura Municipal de Manicoré - AM;1302702;AM;53053;Receitas Brutas Realizadas;1.3.2.0.00.00.00 - Receitas de Valores Mobiliários;siconfi-cor_RO1.3.2.0.00.00.00;543289,5
Prefeitura Municipal de Manicoré - AM;1302702;AM;53053;Receitas Brutas Realizadas;1.3.2.2.00.00.00 - Dividendos;siconfi-cor_RO1.3.2.2.00.00.00;219,95
Prefeitura Municipal de Manicoré - AM;1302702;AM;53053;Receitas Brutas Realizadas;1.3.2.5.00.00.00 - Remuneração de Depósitos Bancários;siconfi-cor_RO1.3.2.5.00.00.00;543069,55
Prefeitura Municipal de Manicoré - AM;1302702;AM;53053;Receitas Brutas Realizadas;1.4.0.0.00.00.00 - Receita Agropecuária;siconfi-cor_RO1.4.0.0.00.00.00;7137,53
Prefeitura Municipal de Manicoré - AM;1302702;AM;53053;Receitas Brutas Realizadas;1.4.2.0.00.00.00 - Receita da Produção Animal e Derivados;siconfi-cor_RO1.4.2.0.00.00.00;7137,53
Prefeitura Municipal de Manicoré - AM;1302702;AM;53053;Receitas Brutas Realizadas;1.6.0.0.00.00.00 - Receita de Serviços;siconfi-cor_RO1.6.0.0.00.00.00;72749,92
Prefeitura Municipal de Manicoré - AM;1302702;AM;53053;Receitas Brutas Realizadas;1.6.0.0.41.00.00 - Serviços de Captação, Adução, Tratamento, Reserva e Distribuição de Água;siconfi-cor_RO1.6.0.0.41.00.00;72749,92
Prefeitura Municipal de Manicoré - AM;1302702;AM;53053;Receitas Brutas Realizadas;1.7.0.0.00.00.00 - Transferências Correntes;siconfi-cor_RO1.7.0.0.00.00.00;77982487,81
Prefeitura Municipal de Manicoré - AM;1302702;AM;53053;Receitas Brutas Realizadas;1.7.2.0.00.00.00 - Transferências Intergovernamentais;siconfi-cor_RO1.7.2.0.00.00.00;77666221,81
Prefeitura Municipal de Manicoré - AM;1302702;AM;53053;Receitas Brutas Realizadas;1.7.2.1.00.00.00 - Transferências da União;siconfi-cor_RO1.7.2.1.00.00.00;37268804,19
Prefeitura Municipal de Manicoré - AM;1302702;AM;53053;Receitas Brutas Realizadas;1.7.2.1.01.00.00 - Participação na Receita da União;siconfi-cor_RO1.7.2.1.01.00.00;26294699,16
Prefeitura Municipal de Manicoré - AM;1302702;AM;53053;Receitas Brutas Realizadas;1.7.2.1.01.02.00 - Cota-Parte do Fundo de Participação dos Municípios ¿ FPM;siconfi-cor_RO1.7.2.1.01.02.00;24527592,57
Prefeitura Municipal de Manicoré - AM;1302702;AM;53053;Receitas Brutas Realizadas;1.7.2.1.01.03.00 - Cota-Parte do Fundo de Participação dos Municípios - 1% Cota Anual;siconfi-cor_RO1.7.2.1.01.03.00;1019406,68
Prefeitura Municipal de Manicoré - AM;1302702;AM;53053;Receitas Brutas Realizadas;1.7.2.1.01.04.00 - Cota-Parte do Fundo de Participação dos Municípios - 1% Cota entregue no mês de julho (67)(I);siconfi-cor_RO1.7.2.1.01.04.00;724460,82
Prefeitura Municipal de Manicoré - AM;1302702;AM;53053;Receitas Brutas Realizadas;1.7.2.1.01.05.00 - Cota-Parte do Imposto Sobre a Propriedade Territorial Rural ¿ ITR;siconfi-cor_RO1.7.2.1.01.05.00;23239,09
Prefeitura Municipal de Manicoré - AM;1302702;AM;53053;Receitas Brutas Realizadas;1.7.2.1.22.00.00 - Transferências da Compensação Financeira pela Exploração de Recursos Naturais;siconfi-cor_RO1.7.2.1.22.00.00;206944,85
Prefeitura Municipal de Manicoré - AM;1302702;AM;53053;Receitas Brutas Realizadas;1.7.2.1.22.70.00 - Cota-Parte do Fundo Especial do Petróleo ¿ FEP;siconfi-cor_RO1.7.2.1.22.70.00;206944,85
Prefeitura Municipal de Manicoré - AM;1302702;AM;53053;Receitas Brutas Realizadas;1.7.2.1.33.00.00 - Transferências de Recursos do Sistema Único de Saúde - SUS - Repasses Fundo a Fundo;siconfi-cor_RO1.7.2.1.33.00.00;6813064,08
Prefeitura Municipal de Manicoré - AM;1302702;AM;53053;Receitas Brutas Realizadas;1.7.2.1.34.00.00 - Transferências de Recursos do Fundo Nacional de Assistência Social ¿ FNAS;siconfi-cor_RO1.7.2.1.34.00.00;932637,83
Prefeitura Municipal de Manicoré - AM;1302702;AM;53053;Receitas Brutas Realizadas;1.7.2.1.35.00.00 - Transferências de Recursos do Fundo Nacional do Desenvolvimento da Educação ¿ FNDE;siconfi-cor_RO1.7.2.1.35.00.00;2931422,94
Prefeitura Municipal de Manicoré - AM;1302702;AM;53053;Receitas Brutas Realizadas;1.7.2.1.36.00.00 - Transferências Financeiras do ICMS ¿ Desoneração ¿ L.C. Nº 87/96;siconfi-cor_RO1.7.2.1.36.00.00;32733,12
Prefeitura Municipal de Manicoré - AM;1302702;AM;53053;Receitas Brutas Realizadas;1.7.2.1.99.00.00 - Outras Transferências da União;siconfi-cor_RO1.7.2.1.99.00.00;57302,21
Prefeitura Municipal de Manicoré - AM;1302702;AM;53053;Receitas Brutas Realizadas;1.7.2.2.00.00.00 - Transferências dos Estados;siconfi-cor_RO1.7.2.2.00.00.00;13166192,93
Prefeitura Municipal de Manicoré - AM;1302702;AM;53053;Receitas Brutas Realizadas;1.7.2.2.01.00.00 - Participação na Receita dos Estados;siconfi-cor_RO1.7.2.2.01.00.00;12086522,79
Prefeitura Municipal de Manicoré - AM;1302702;AM;53053;Receitas Brutas Realizadas;1.7.2.2.01.01.00 - Cota-Parte do ICMS;siconfi-cor_RO1.7.2.2.01.01.00;11813073,24
Prefeitura Municipal de Manicoré - AM;1302702;AM;53053;Receitas Brutas Realizadas;1.7.2.2.01.02.00 - Cota-Parte do IPVA;siconfi-cor_RO1.7.2.2.01.02.00;140999,81
Prefeitura Municipal de Manicoré - AM;1302702;AM;53053;Receitas Brutas Realizadas;1.7.2.2.01.04.00 - Cota-Parte do IPI - Municípios;siconfi-cor_RO1.7.2.2.01.04.00;47774,78
Prefeitura Municipal de Manicoré - AM;1302702;AM;53053;Receitas Brutas Realizadas;1.7.2.2.01.13.00 - Cota-Parte da Contribuição de Intervenção no Domínio Econômico;siconfi-cor_RO1.7.2.2.01.13.00;84674,96
Prefeitura Municipal de Manicoré - AM;1302702;AM;53053;Receitas Brutas Realizadas;1.7.2.2.22.00.00 - Transferências da Cota-Parte da Compensação Financeira (25%);siconfi-cor_RO1.7.2.2.22.00.00;136923,98
Prefeitura Municipal de Manicoré - AM;1302702;AM;53053;Receitas Brutas Realizadas;1.7.2.2.22.30.00 - Cota-Parte Royalties - Compensação Financeira pela Produção de Petróleo - Lei nº 7.990/89 artigo 9º;siconfi-cor_RO1.7.2.2.22.30.00;136923,98
Prefeitura Municipal de Manicoré - AM;1302702;AM;53053;Receitas Brutas Realizadas;1.7.2.2.33.00.00 - Transferências de Recursos do Estado para Programas de Saúde - Repasse Fundo a Fundo;siconfi-cor_RO1.7.2.2.33.00.00;942746,16
Prefeitura Municipal de Manicoré - AM;1302702;AM;53053;Receitas Brutas Realizadas;1.7.2.4.00.00.00 - Transferências Multigovernamentais;siconfi-cor_RO1.7.2.4.00.00.00;27231224,69
Prefeitura Municipal de Manicoré - AM;1302702;AM;53053;Receitas Brutas Realizadas;1.7.2.4.01.00.00 - Transferências de Recursos do Fundo de Manutenção e Desenvolvimento do Ensino Fundamental e de Valorização do Magistério - FUNDEB;siconfi-cor_RO1.7.2.4.01.00.00;21626371,59
Prefeitura Municipal de Manicoré - AM;1302702;AM;53053;Receitas Brutas Realizadas;1.7.2.4.02.00.00 - Transferências de Recursos da Complementação ao Fundo de Manutenção e Desenvolvimento do Ensino Fundamental e de Valorização do Magistério - FUNDEB;siconfi-cor_RO1.7.2.4.02.00.00;5604853,1
Prefeitura Municipal de Manicoré - AM;1302702;AM;53053;Receitas Brutas Realizadas;1.7.6.0.00.00.00 - Transferências de Convênios;siconfi-cor_RO1.7.6.0.00.00.00;316266
Prefeitura Municipal de Manicoré - AM;1302702;AM;53053;Receitas Brutas Realizadas;1.7.6.2.00.00.00 - Transferências de Convênios dos Estados e do Distrito Federal e de Suas Entidades;siconfi-cor_RO1.7.6.2.00.00.00;316266
Prefeitura Municipal de Manicoré - AM;1302702;AM;53053;Receitas Brutas Realizadas;1.7.6.2.02.00.00 - Transferências de Convênios dos Estados Destinadas a Programas de Educação;siconfi-cor_RO1.7.6.2.02.00.00;316266
Prefeitura Municipal de Manicoré - AM;1302702;AM;53053;Receitas Brutas Realizadas;1.9.0.0.00.00.00 - Outras Receitas Correntes;siconfi-cor_RO1.9.0.0.00.00.00;399425,74
Prefeitura Municipal de Manicoré - AM;1302702;AM;53053;Receitas Brutas Realizadas;1.9.9.0.00.00.00 - Receitas Diversas;siconfi-cor_RO1.9.9.0.00.00.00;399425,74
Prefeitura Municipal de Manicoré - AM;1302702;AM;53053;Receitas Brutas Realizadas;1.9.9.0.99.00.00 - Outras Receitas;siconfi-cor_RO1.9.9.0.99.00.00;399425,74
Prefeitura Municipal de Manicoré - AM;1302702;AM;53053;Receitas Brutas Realizadas;2.0.0.0.00.00.00 - Receitas de Capital;siconfi-cor_RO2.0.0.0.00.00.00;3009577,22
Prefeitura Municipal de Manicoré - AM;1302702;AM;53053;Receitas Brutas Realizadas;2.4.0.0.00.00.00 - Transferências de Capital;siconfi-cor_RO2.4.0.0.00.00.00;3009577,22
Prefeitura Municipal de Manicoré - AM;1302702;AM;53053;Receitas Brutas Realizadas;2.4.2.0.00.00.00 - Transferências Intergovernamentais;siconfi-cor_RO2.4.2.0.00.00.00;640135,38
Prefeitura Municipal de Manicoré - AM;1302702;AM;53053;Receitas Brutas Realizadas;2.4.2.1.00.00.00 - Transferências da União;siconfi-cor_RO2.4.2.1.00.00.00;640135,38
Prefeitura Municipal de Manicoré - AM;1302702;AM;53053;Receitas Brutas Realizadas;2.4.2.1.02.00.00 - Transferências de Recursos Destinados a Programas de Educação;siconfi-cor_RO2.4.2.1.02.00.00;315599,99
Prefeitura Municipal de Manicoré - AM;1302702;AM;53053;Receitas Brutas Realizadas;2.4.2.1.99.00.00 - Outras Transferências da União;siconfi-cor_RO2.4.2.1.99.00.00;324535,39
Prefeitura Municipal de Manicoré - AM;1302702;AM;53053;Receitas Brutas Realizadas;2.4.7.0.00.00.00 - Transferências de Convênios;siconfi-cor_RO2.4.7.0.00.00.00;2369441,84
Prefeitura Municipal de Manicoré - AM;1302702;AM;53053;Receitas Brutas Realizadas;2.4.7.2.00.00.00 - Transferências de Convênios dos Estados e do Distrito Federal e de suas Entidades;siconfi-cor_RO2.4.7.2.00.00.00;2369441,84
Prefeitura Municipal de Manicoré - AM;1302702;AM;53053;Receitas Brutas Realizadas;2.4.7.2.05.00.00 - Transferências de Convênios dos Estados Destinadas a Programas de Infraestrutura em Transporte;siconfi-cor_RO2.4.7.2.05.00.00;1627770,67
Prefeitura Municipal de Manicoré - AM;1302702;AM;53053;Receitas Brutas Realizadas;2.4.7.2.99.00.00 - Outras Transferências de Convênios dos Estados;siconfi-cor_RO2.4.7.2.99.00.00;741671,17
Prefeitura Municipal de Manicoré - AM;1302702;AM;53053;Receitas Brutas Realizadas;7.0.0.0.00.00.00 - Receitas Correntes Intraorçamentárias;siconfi-cor_RI7.0.0.0.00.00.00;1329787,96
Prefeitura Municipal de Manicoré - AM;1302702;AM;53053;Receitas Brutas Realizadas;7.9.0.0.00.00.00 - Outras Receitas Correntes Intraorçamentárias;siconfi-cor_RI7.9.0.0.00.00.00;1329787,96
Prefeitura Municipal de Manicoré - AM;1302702;AM;53053;Receitas Brutas Realizadas;7.9.9.9.00.00.00 - Demais Receitas Correntes Intraorçamentárias;siconfi-cor_RI7.9.9.9.00.00.00;1329787,96
Prefeitura Municipal de Manicoré - AM;1302702;AM;53053;Deduções - FUNDEB;Total Receitas;siconfi-cor_TotalReceitas;7304496,92
Prefeitura Municipal de Manicoré - AM;1302702;AM;53053;Deduções - FUNDEB;1.0.0.0.00.00.00 - Receitas Correntes;siconfi-cor_RO1.0.0.0.00.00.00;7304496,92
Prefeitura Municipal de Manicoré - AM;1302702;AM;53053;Deduções - FUNDEB;1.7.0.0.00.00.00 - Transferências Correntes;siconfi-cor_RO1.7.0.0.00.00.00;7304496,92
Prefeitura Municipal de Manicoré - AM;1302702;AM;53053;Deduções - FUNDEB;1.7.2.0.00.00.00 - Transferências Intergovernamentais;siconfi-cor_RO1.7.2.0.00.00.00;7304496,92
Prefeitura Municipal de Manicoré - AM;1302702;AM;53053;Deduções - FUNDEB;1.7.2.1.00.00.00 - Transferências da União;siconfi-cor_RO1.7.2.1.00.00.00;4904081,37
Prefeitura Municipal de Manicoré - AM;1302702;AM;53053;Deduções - FUNDEB;1.7.2.1.01.00.00 - Participação na Receita da União;siconfi-cor_RO1.7.2.1.01.00.00;4897534,77
Prefeitura Municipal de Manicoré - AM;1302702;AM;53053;Deduções - FUNDEB;1.7.2.1.01.02.00 - Cota-Parte do Fundo de Participação dos Municípios ¿ FPM;siconfi-cor_RO1.7.2.1.01.02.00;4892887,07
Prefeitura Municipal de Manicoré - AM;1302702;AM;53053;Deduções - FUNDEB;1.7.2.1.01.05.00 - Cota-Parte do Imposto Sobre a Propriedade Territorial Rural ¿ ITR;siconfi-cor_RO1.7.2.1.01.05.00;4647,7
Prefeitura Municipal de Manicoré - AM;1302702;AM;53053;Deduções - FUNDEB;1.7.2.1.36.00.00 - Transferências Financeiras do ICMS ¿ Desoneração ¿ L.C. Nº 87/96;siconfi-cor_RO1.7.2.1.36.00.00;6546,6
Prefeitura Municipal de Manicoré - AM;1302702;AM;53053;Deduções - FUNDEB;1.7.2.2.00.00.00 - Transferências dos Estados;siconfi-cor_RO1.7.2.2.00.00.00;2400415,55
Prefeitura Municipal de Manicoré - AM;1302702;AM;53053;Deduções - FUNDEB;1.7.2.2.01.00.00 - Participação na Receita dos Estados;siconfi-cor_RO1.7.2.2.01.00.00;2400415,55
Prefeitura Municipal de Manicoré - AM;1302702;AM;53053;Deduções - FUNDEB;1.7.2.2.01.01.00 - Cota-Parte do ICMS;siconfi-cor_RO1.7.2.2.01.01.00;2362614,34
Prefeitura Municipal de Manicoré - AM;1302702;AM;53053;Deduções - FUNDEB;1.7.2.2.01.02.00 - Cota-Parte do IPVA;siconfi-cor_RO1.7.2.2.01.02.00;28246,3
Prefeitura Municipal de Manicoré - AM;1302702;AM;53053;Deduções - FUNDEB;1.7.2.2.01.04.00 - Cota-Parte do IPI - Municípios;siconfi-cor_RO1.7.2.2.01.04.00;9554,91
Prefeitura Municipal de Apuí - AM;1300144;AM;20648;Receitas Brutas Realizadas;Total Receitas;siconfi-cor_TotalReceitas;37580910,69
Prefeitura Municipal de Apuí - AM;1300144;AM;20648;Receitas Brutas Realizadas;1.0.0.0.00.00.00 - Receitas Correntes;siconfi-cor_RO1.0.0.0.00.00.00;35422292,91
Prefeitura Municipal de Apuí - AM;1300144;AM;20648;Receitas Brutas Realizadas;1.1.0.0.00.00.00 - Receita Tributária;siconfi-cor_RO1.1.0.0.00.00.00;1134845,66
Prefeitura Municipal de Apuí - AM;1300144;AM;20648;Receitas Brutas Realizadas;1.1.1.0.00.00.00 - Impostos;siconfi-cor_RO1.1.1.0.00.00.00;1078429,16
Prefeitura Municipal de Apuí - AM;1300144;AM;20648;Receitas Brutas Realizadas;1.1.1.2.00.00.00 - Impostos sobre o Patrimônio e a Renda;siconfi-cor_RO1.1.1.2.00.00.00;594505,35
Prefeitura Municipal de Apuí - AM;1300144;AM;20648;Receitas Brutas Realizadas;1.1.1.2.04.00.00 - Imposto sobre a Renda e Proventos de Qualquer Natureza ¿ IR;siconfi-cor_RO1.1.1.2.04.00.00;553899,78
Prefeitura Municipal de Apuí - AM;1300144;AM;20648;Receitas Brutas Realizadas;1.1.1.2.04.31.00 - Retido nas Fontes - Trabalho;siconfi-cor_RO1.1.1.2.04.31.00;137582,13
Prefeitura Municipal de Apuí - AM;1300144;AM;20648;Receitas Brutas Realizadas;1.1.1.2.04.34.00 - Retido nas Fontes - Outros Rendimentos;siconfi-cor_RO1.1.1.2.04.34.00;416317,65
Prefeitura Municipal de Apuí - AM;1300144;AM;20648;Receitas Brutas Realizadas;"1.1.1.2.08.00.00 - Imposto sobre Transmissão Inter Vivos"" de Bens Imóveis e de Direitos Reais sobre Imóveis ¿ ITBI""";siconfi-cor_RO1.1.1.2.08.00.00;40605,57
Prefeitura Municipal de Apuí - AM;1300144;AM;20648;Receitas Brutas Realizadas;1.1.1.3.00.00.00 - Impostos sobre a Produção e a Circulação;siconfi-cor_RO1.1.1.3.00.00.00;483923,81
Prefeitura Municipal de Apuí - AM;1300144;AM;20648;Receitas Brutas Realizadas;1.1.1.3.05.00.00 - Imposto sobre Serviços de Qualquer Natureza ¿ ISSQN;siconfi-cor_RO1.1.1.3.05.00.00;483923,81
Prefeitura Municipal de Apuí - AM;1300144;AM;20648;Receitas Brutas Realizadas;1.1.2.0.00.00.00 - Taxas;siconfi-cor_RO1.1.2.0.00.00.00;56416,5
Prefeitura Municipal de Apuí - AM;1300144;AM;20648;Receitas Brutas Realizadas;1.1.2.1.00.00.00 - Taxas pelo Exercício do Poder de Polícia;siconfi-cor_RO1.1.2.1.00.00.00;52310,48
Prefeitura Municipal de Apuí - AM;1300144;AM;20648;Receitas Brutas Realizadas;1.1.2.2.00.00.00 - Taxas pela Prestação de Serviços;siconfi-cor_RO1.1.2.2.00.00.00;4106,02
Prefeitura Municipal de Apuí - AM;1300144;AM;20648;Receitas Brutas Realizadas;1.1.2.2.99.00.00 - Outras Taxas pela Prestação de Serviços;siconfi-cor_RO1.1.2.2.99.00.00;4106,02
Prefeitura Municipal de Apuí - AM;1300144;AM;20648;Receitas Brutas Realizadas;1.2.0.0.00.00.00 - Receitas de Contribuições;siconfi-cor_RO1.2.0.0.00.00.00;512141,6
Prefeitura Municipal de Apuí - AM;1300144;AM;20648;Receitas Brutas Realizadas;1.2.3.0.00.00.00 - Contribuição para Custeio do Serviço de Iluminação Pública;siconfi-cor_RO1.2.3.0.00.00.00;512141,6
Prefeitura Municipal de Apuí - AM;1300144;AM;20648;Receitas Brutas Realizadas;1.3.0.0.00.00.00 - Receita Patrimonial;siconfi-cor_RO1.3.0.0.00.00.00;352292,12
Prefeitura Municipal de Apuí - AM;1300144;AM;20648;Receitas Brutas Realizadas;1.3.1.0.00.00.00 - Receitas Imobiliárias;siconfi-cor_RO1.3.1.0.00.00.00;34108,74
Prefeitura Municipal de Apuí - AM;1300144;AM;20648;Receitas Brutas Realizadas;1.3.1.1.00.00.00 - Aluguéis;siconfi-cor_RO1.3.1.1.00.00.00;34108,74
Prefeitura Municipal de Apuí - AM;1300144;AM;20648;Receitas Brutas Realizadas;1.3.2.0.00.00.00 - Receitas de Valores Mobiliários;siconfi-cor_RO1.3.2.0.00.00.00;318183,38
Prefeitura Municipal de Apuí - AM;1300144;AM;20648;Receitas Brutas Realizadas;1.3.2.5.00.00.00 - Remuneração de Depósitos Bancários;siconfi-cor_RO1.3.2.5.00.00.00;318183,38
Prefeitura Municipal de Apuí - AM;1300144;AM;20648;Receitas Brutas Realizadas;1.7.0.0.00.00.00 - Transferências Correntes;siconfi-cor_RO1.7.0.0.00.00.00;33422812,53
Prefeitura Municipal de Apuí - AM;1300144;AM;20648;Receitas Brutas Realizadas;1.7.2.0.00.00.00 - Transferências Intergovernamentais;siconfi-cor_RO1.7.2.0.00.00.00;33212870,5
Prefeitura Municipal de Apuí - AM;1300144;AM;20648;Receitas Brutas Realizadas;1.7.2.1.00.00.00 - Transferências da União;siconfi-cor_RO1.7.2.1.00.00.00;18730662,84
Prefeitura Municipal de Apuí - AM;1300144;AM;20648;Receitas Brutas Realizadas;1.7.2.1.01.00.00 - Participação na Receita da União;siconfi-cor_RO1.7.2.1.01.00.00;14359957,59
Prefeitura Municipal de Apuí - AM;1300144;AM;20648;Receitas Brutas Realizadas;1.7.2.1.01.02.00 - Cota-Parte do Fundo de Participação dos Municípios ¿ FPM;siconfi-cor_RO1.7.2.1.01.02.00;13378686,83
Prefeitura Municipal de Apuí - AM;1300144;AM;20648;Receitas Brutas Realizadas;1.7.2.1.01.03.00 - Cota-Parte do Fundo de Participação dos Municípios - 1% Cota Anual;siconfi-cor_RO1.7.2.1.01.03.00;556040,01
Prefeitura Municipal de Apuí - AM;1300144;AM;20648;Receitas Brutas Realizadas;1.7.2.1.01.04.00 - Cota-Parte do Fundo de Participação dos Municípios - 1% Cota entregue no mês de julho (67)(I);siconfi-cor_RO1.7.2.1.01.04.00;395160,46
Prefeitura Municipal de Apuí - AM;1300144;AM;20648;Receitas Brutas Realizadas;1.7.2.1.01.05.00 - Cota-Parte do Imposto Sobre a Propriedade Territorial Rural ¿ ITR;siconfi-cor_RO1.7.2.1.01.05.00;30070,29
Prefeitura Municipal de Apuí - AM;1300144;AM;20648;Receitas Brutas Realizadas;1.7.2.1.22.00.00 - Transferências da Compensação Financeira pela Exploração de Recursos Naturais;siconfi-cor_RO1.7.2.1.22.00.00;112879
Prefeitura Municipal de Apuí - AM;1300144;AM;20648;Receitas Brutas Realizadas;1.7.2.1.22.70.00 - Cota-Parte do Fundo Especial do Petróleo ¿ FEP;siconfi-cor_RO1.7.2.1.22.70.00;112879
Prefeitura Municipal de Apuí - AM;1300144;AM;20648;Receitas Brutas Realizadas;1.7.2.1.33.00.00 - Transferências de Recursos do Sistema Único de Saúde - SUS - Repasses Fundo a Fundo;siconfi-cor_RO1.7.2.1.33.00.00;3281984,06
Prefeitura Municipal de Apuí - AM;1300144;AM;20648;Receitas Brutas Realizadas;1.7.2.1.34.00.00 - Transferências de Recursos do Fundo Nacional de Assistência Social ¿ FNAS;siconfi-cor_RO1.7.2.1.34.00.00;390002,38
Prefeitura Municipal de Apuí - AM;1300144;AM;20648;Receitas Brutas Realizadas;1.7.2.1.35.00.00 - Transferências de Recursos do Fundo Nacional do Desenvolvimento da Educação ¿ FNDE;siconfi-cor_RO1.7.2.1.35.00.00;529372,69
Prefeitura Municipal de Apuí - AM;1300144;AM;20648;Receitas Brutas Realizadas;1.7.2.1.36.00.00 - Transferências Financeiras do ICMS ¿ Desoneração ¿ L.C. Nº 87/96;siconfi-cor_RO1.7.2.1.36.00.00;20529,12
Prefeitura Municipal de Apuí - AM;1300144;AM;20648;Receitas Brutas Realizadas;1.7.2.1.99.00.00 - Outras Transferências da União;siconfi-cor_RO1.7.2.1.99.00.00;35938
Prefeitura Municipal de Apuí - AM;1300144;AM;20648;Receitas Brutas Realizadas;1.7.2.2.00.00.00 - Transferências dos Estados;siconfi-cor_RO1.7.2.2.00.00.00;8486949,27
Prefeitura Municipal de Apuí - AM;1300144;AM;20648;Receitas Brutas Realizadas;1.7.2.2.01.00.00 - Participação na Receita dos Estados;siconfi-cor_RO1.7.2.2.01.00.00;7781226,28
Prefeitura Municipal de Apuí - AM;1300144;AM;20648;Receitas Brutas Realizadas;1.7.2.2.01.01.00 - Cota-Parte do ICMS;siconfi-cor_RO1.7.2.2.01.01.00;7408758,05
Prefeitura Municipal de Apuí - AM;1300144;AM;20648;Receitas Brutas Realizadas;1.7.2.2.01.02.00 - Cota-Parte do IPVA;siconfi-cor_RO1.7.2.2.01.02.00;301281,93
Prefeitura Municipal de Apuí - AM;1300144;AM;20648;Receitas Brutas Realizadas;1.7.2.2.01.04.00 - Cota-Parte do IPI - Municípios;siconfi-cor_RO1.7.2.2.01.04.00;29962,75
Prefeitura Municipal de Apuí - AM;1300144;AM;20648;Receitas Brutas Realizadas;1.7.2.2.01.13.00 - Cota-Parte da Contribuição de Intervenção no Domínio Econômico;siconfi-cor_RO1.7.2.2.01.13.00;41223,55
Prefeitura Municipal de Apuí - AM;1300144;AM;20648;Receitas Brutas Realizadas;1.7.2.2.22.00.00 - Transferências da Cota-Parte da Compensação Financeira (25%);siconfi-cor_RO1.7.2.2.22.00.00;85874,07
Prefeitura Municipal de Apuí - AM;1300144;AM;20648;Receitas Brutas Realizadas;1.7.2.2.22.30.00 - Cota-Parte Royalties - Compensação Financeira pela Produção de Petróleo - Lei nº 7.990/89 artigo 9º;siconfi-cor_RO1.7.2.2.22.30.00;85874,07
Prefeitura Municipal de Apuí - AM;1300144;AM;20648;Receitas Brutas Realizadas;1.7.2.2.33.00.00 - Transferências de Recursos do Estado para Programas de Saúde - Repasse Fundo a Fundo;siconfi-cor_RO1.7.2.2.33.00.00;619848,92
Prefeitura Municipal de Apuí - AM;1300144;AM;20648;Receitas Brutas Realizadas;1.7.2.4.00.00.00 - Transferências Multigovernamentais;siconfi-cor_RO1.7.2.4.00.00.00;5995258,39
Prefeitura Municipal de Apuí - AM;1300144;AM;20648;Receitas Brutas Realizadas;1.7.2.4.01.00.00 - Transferências de Recursos do Fundo de Manutenção e Desenvolvimento do Ensino Fundamental e de Valorização do Magistério - FUNDEB;siconfi-cor_RO1.7.2.4.01.00.00;4650964,37
Prefeitura Municipal de Apuí - AM;1300144;AM;20648;Receitas Brutas Realizadas;1.7.2.4.02.00.00 - Transferências de Recursos da Complementação ao Fundo de Manutenção e Desenvolvimento do Ensino Fundamental e de Valorização do Magistério - FUNDEB;siconfi-cor_RO1.7.2.4.02.00.00;1344294,02
Prefeitura Municipal de Apuí - AM;1300144;AM;20648;Receitas Brutas Realizadas;1.7.6.0.00.00.00 - Transferências de Convênios;siconfi-cor_RO1.7.6.0.00.00.00;209942,03
Prefeitura Municipal de Apuí - AM;1300144;AM;20648;Receitas Brutas Realizadas;1.7.6.2.00.00.00 - Transferências de Convênios dos Estados e do Distrito Federal e de Suas Entidades;siconfi-cor_RO1.7.6.2.00.00.00;200000
Prefeitura Municipal de Apuí - AM;1300144;AM;20648;Receitas Brutas Realizadas;1.7.6.2.02.00.00 - Transferências de Convênios dos Estados Destinadas a Programas de Educação;siconfi-cor_RO1.7.6.2.02.00.00;200000
Prefeitura Municipal de Apuí - AM;1300144;AM;20648;Receitas Brutas Realizadas;1.7.6.4.00.00.00 - Transferências de Convênios de Instituições Privadas;siconfi-cor_RO1.7.6.4.00.00.00;9942,03
Prefeitura Municipal de Apuí - AM;1300144;AM;20648;Receitas Brutas Realizadas;1.9.0.0.00.00.00 - Outras Receitas Correntes;siconfi-cor_RO1.9.0.0.00.00.00;201
Prefeitura Municipal de Apuí - AM;1300144;AM;20648;Receitas Brutas Realizadas;1.9.1.0.00.00.00 - Multas e Juros de Mora;siconfi-cor_RO1.9.1.0.00.00.00;200
Prefeitura Municipal de Apuí - AM;1300144;AM;20648;Receitas Brutas Realizadas;1.9.1.9.00.00.00 - Multas de Outras Origens;siconfi-cor_RO1.9.1.9.00.00.00;200
Prefeitura Municipal de Apuí - AM;1300144;AM;20648;Receitas Brutas Realizadas;1.9.9.0.00.00.00 - Receitas Diversas;siconfi-cor_RO1.9.9.0.00.00.00;1
Prefeitura Municipal de Apuí - AM;1300144;AM;20648;Receitas Brutas Realizadas;1.9.9.0.99.00.00 - Outras Receitas;siconfi-cor_RO1.9.9.0.99.00.00;1
Prefeitura Municipal de Apuí - AM;1300144;AM;20648;Receitas Brutas Realizadas;2.0.0.0.00.00.00 - Receitas de Capital;siconfi-cor_RO2.0.0.0.00.00.00;2158617,78
Prefeitura Municipal de Apuí - AM;1300144;AM;20648;Receitas Brutas Realizadas;2.4.0.0.00.00.00 - Transferências de Capital;siconfi-cor_RO2.4.0.0.00.00.00;2158617,78
Prefeitura Municipal de Apuí - AM;1300144;AM;20648;Receitas Brutas Realizadas;2.4.7.0.00.00.00 - Transferências de Convênios;siconfi-cor_RO2.4.7.0.00.00.00;2158617,78
Prefeitura Municipal de Apuí - AM;1300144;AM;20648;Receitas Brutas Realizadas;2.4.7.1.00.00.00 - Transferências de Convênios da União e de suas Entidades;siconfi-cor_RO2.4.7.1.00.00.00;1990313,05
Prefeitura Municipal de Apuí - AM;1300144;AM;20648;Receitas Brutas Realizadas;2.4.7.1.99.00.00 - Outras Transferências de Convênios da União;siconfi-cor_RO2.4.7.1.99.00.00;1990313,05
Prefeitura Municipal de Apuí - AM;1300144;AM;20648;Receitas Brutas Realizadas;2.4.7.2.00.00.00 - Transferências de Convênios dos Estados e do Distrito Federal e de suas Entidades;siconfi-cor_RO2.4.7.2.00.00.00;168304,73
Prefeitura Municipal de Apuí - AM;1300144;AM;20648;Receitas Brutas Realizadas;2.4.7.2.02.00.00 - Transferências de Convênios dos Estados Destinadas a Programas de Educação;siconfi-cor_RO2.4.7.2.02.00.00;168304,73
Prefeitura Municipal de Apuí - AM;1300144;AM;20648;Deduções - Transferências Constitucionais;Total Receitas;siconfi-cor_TotalReceitas;4226966,74
Prefeitura Municipal de Apuí - AM;1300144;AM;20648;Deduções - Transferências Constitucionais;1.0.0.0.00.00.00 - Receitas Correntes;siconfi-cor_RO1.0.0.0.00.00.00;4226966,74
Prefeitura Municipal de Apuí - AM;1300144;AM;20648;Deduções - Transferências Constitucionais;1.7.0.0.00.00.00 - Transferências Correntes;siconfi-cor_RO1.7.0.0.00.00.00;4226966,74
Prefeitura Municipal de Apuí - AM;1300144;AM;20648;Deduções - Transferências Constitucionais;1.7.2.0.00.00.00 - Transferências Intergovernamentais;siconfi-cor_RO1.7.2.0.00.00.00;4226966,74
Prefeitura Municipal de Apuí - AM;1300144;AM;20648;Deduções - Transferências Constitucionais;1.7.2.1.00.00.00 - Transferências da União;siconfi-cor_RO1.7.2.1.00.00.00;2678967,09
Prefeitura Municipal de Apuí - AM;1300144;AM;20648;Deduções - Transferências Constitucionais;1.7.2.1.01.00.00 - Participação na Receita da União;siconfi-cor_RO1.7.2.1.01.00.00;2674861,29
Prefeitura Municipal de Apuí - AM;1300144;AM;20648;Deduções - Transferências Constitucionais;1.7.2.1.01.02.00 - Cota-Parte do Fundo de Participação dos Municípios ¿ FPM;siconfi-cor_RO1.7.2.1.01.02.00;2668847,36
Prefeitura Municipal de Apuí - AM;1300144;AM;20648;Deduções - Transferências Constitucionais;1.7.2.1.01.05.00 - Cota-Parte do Imposto Sobre a Propriedade Territorial Rural ¿ ITR;siconfi-cor_RO1.7.2.1.01.05.00;6013,93
Prefeitura Municipal de Apuí - AM;1300144;AM;20648;Deduções - Transferências Constitucionais;1.7.2.1.36.00.00 - Transferências Financeiras do ICMS ¿ Desoneração ¿ L.C. Nº 87/96;siconfi-cor_RO1.7.2.1.36.00.00;4105,8
Prefeitura Municipal de Apuí - AM;1300144;AM;20648;Deduções - Transferências Constitucionais;1.7.2.2.00.00.00 - Transferências dos Estados;siconfi-cor_RO1.7.2.2.00.00.00;1547999,65
Prefeitura Municipal de Apuí - AM;1300144;AM;20648;Deduções - Transferências Constitucionais;1.7.2.2.01.00.00 - Participação na Receita dos Estados;siconfi-cor_RO1.7.2.2.01.00.00;1547999,65
Prefeitura Municipal de Apuí - AM;1300144;AM;20648;Deduções - Transferências Constitucionais;1.7.2.2.01.01.00 - Cota-Parte do ICMS;siconfi-cor_RO1.7.2.2.01.01.00;1481751,64
Prefeitura Municipal de Apuí - AM;1300144;AM;20648;Deduções - Transferências Constitucionais;1.7.2.2.01.02.00 - Cota-Parte do IPVA;siconfi-cor_RO1.7.2.2.01.02.00;60255,47
Prefeitura Municipal de Apuí - AM;1300144;AM;20648;Deduções - Transferências Constitucionais;1.7.2.2.01.04.00 - Cota-Parte do IPI - Municípios;siconfi-cor_RO1.7.2.2.01.04.00;5992,54
Prefeitura Municipal de Manaus - AM;1302603;AM;2057711;Receitas Brutas Realizadas;Total Receitas;siconfi-cor_TotalReceitas;5227414016
Prefeitura Municipal de Manaus - AM;1302603;AM;2057711;Receitas Brutas Realizadas;1.0.0.0.00.00.00 - Receitas Correntes;siconfi-cor_RO1.0.0.0.00.00.00;4194002662
Prefeitura Municipal de Manaus - AM;1302603;AM;2057711;Receitas Brutas Realizadas;1.1.0.0.00.00.00 - Receita Tributária;siconfi-cor_RO1.1.0.0.00.00.00;924619011,5
Prefeitura Municipal de Manaus - AM;1302603;AM;2057711;Receitas Brutas Realizadas;1.1.1.0.00.00.00 - Impostos;siconfi-cor_RO1.1.1.0.00.00.00;887189494,4
Prefeitura Municipal de Manaus - AM;1302603;AM;2057711;Receitas Brutas Realizadas;1.1.1.2.00.00.00 - Impostos sobre o Patrimônio e a Renda;siconfi-cor_RO1.1.1.2.00.00.00;368034014,4
Prefeitura Municipal de Manaus - AM;1302603;AM;2057711;Receitas Brutas Realizadas;1.1.1.2.02.00.00 - Imposto sobre a Propriedade Predial e Territorial Urbana ¿ IPTU;siconfi-cor_RO1.1.1.2.02.00.00;184190093,3
Prefeitura Municipal de Manaus - AM;1302603;AM;2057711;Receitas Brutas Realizadas;1.1.1.2.04.00.00 - Imposto sobre a Renda e Proventos de Qualquer Natureza ¿ IR;siconfi-cor_RO1.1.1.2.04.00.00;138112570,2
Prefeitura Municipal de Manaus - AM;1302603;AM;2057711;Receitas Brutas Realizadas;1.1.1.2.04.31.00 - Retido nas Fontes - Trabalho;siconfi-cor_RO1.1.1.2.04.31.00;120805668,4
Prefeitura Municipal de Manaus - AM;1302603;AM;2057711;Receitas Brutas Realizadas;1.1.1.2.04.34.00 - Retido nas Fontes - Outros Rendimentos;siconfi-cor_RO1.1.1.2.04.34.00;17306901,86
Prefeitura Municipal de Manaus - AM;1302603;AM;2057711;Receitas Brutas Realizadas;"1.1.1.2.08.00.00 - Imposto sobre Transmissão Inter Vivos"" de Bens Imóveis e de Direitos Reais sobre Imóveis ¿ ITBI""";siconfi-cor_RO1.1.1.2.08.00.00;45731350,91
Prefeitura Municipal de Manaus - AM;1302603;AM;2057711;Receitas Brutas Realizadas;1.1.1.3.00.00.00 - Impostos sobre a Produção e a Circulação;siconfi-cor_RO1.1.1.3.00.00.00;519155480
Prefeitura Municipal de Manaus - AM;1302603;AM;2057711;Receitas Brutas Realizadas;1.1.1.3.05.00.00 - Imposto sobre Serviços de Qualquer Natureza ¿ ISSQN;siconfi-cor_RO1.1.1.3.05.00.00;519155480
Prefeitura Municipal de Manaus - AM;1302603;AM;2057711;Receitas Brutas Realizadas;1.1.2.0.00.00.00 - Taxas;siconfi-cor_RO1.1.2.0.00.00.00;37429517,16
Prefeitura Municipal de Manaus - AM;1302603;AM;2057711;Receitas Brutas Realizadas;1.1.2.1.00.00.00 - Taxas pelo Exercício do Poder de Polícia;siconfi-cor_RO1.1.2.1.00.00.00;37302123,96
Prefeitura Municipal de Manaus - AM;1302603;AM;2057711;Receitas Brutas Realizadas;1.1.2.2.00.00.00 - Taxas pela Prestação de Serviços;siconfi-cor_RO1.1.2.2.00.00.00;127393,2
Prefeitura Municipal de Manaus - AM;1302603;AM;2057711;Receitas Brutas Realizadas;1.1.2.2.90.00.00 - Taxa de Limpeza Pública;siconfi-cor_RO1.1.2.2.90.00.00;23,45
Prefeitura Municipal de Manaus - AM;1302603;AM;2057711;Receitas Brutas Realizadas;1.1.2.2.99.00.00 - Outras Taxas pela Prestação de Serviços;siconfi-cor_RO1.1.2.2.99.00.00;127369,75
Prefeitura Municipal de Manaus - AM;1302603;AM;2057711;Receitas Brutas Realizadas;1.2.0.0.00.00.00 - Receitas de Contribuições;siconfi-cor_RO1.2.0.0.00.00.00;309589555,8
Prefeitura Municipal de Manaus - AM;1302603;AM;2057711;Receitas Brutas Realizadas;1.2.1.0.00.00.00 - Contribuições Sociais;siconfi-cor_RO1.2.1.0.00.00.00;136831663,4
Prefeitura Municipal de Manaus - AM;1302603;AM;2057711;Receitas Brutas Realizadas;1.2.1.0.29.00.00 - Contribuições para o Regime Próprio de Previdência do Servidor Público;siconfi-cor_RO1.2.1.0.29.00.00;110191966,3
Prefeitura Municipal de Manaus - AM;1302603;AM;2057711;Receitas Brutas Realizadas;1.2.1.0.29.07.00 - Contribuição do Servidor Ativo Civil para o Regime Próprio;siconfi-cor_RO1.2.1.0.29.07.00;106503967,9
Prefeitura Municipal de Manaus - AM;1302603;AM;2057711;Receitas Brutas Realizadas;1.2.1.0.29.09.00 - Contribuições do Servidor Inativo Civil para o Regime Próprio;siconfi-cor_RO1.2.1.0.29.09.00;2725969,85
Prefeitura Municipal de Manaus - AM;1302603;AM;2057711;Receitas Brutas Realizadas;1.2.1.0.29.11.00 - Contribuições de Pensionista Civil para o Regime Próprio;siconfi-cor_RO1.2.1.0.29.11.00;962028,51
Prefeitura Municipal de Manaus - AM;1302603;AM;2057711;Receitas Brutas Realizadas;1.2.1.0.99.00.00 - Outras Contribuições Sociais;siconfi-cor_RO1.2.1.0.99.00.00;26639697,12
Prefeitura Municipal de Manaus - AM;1302603;AM;2057711;Receitas Brutas Realizadas;1.2.2.0.00.00.00 - Contribuições de Intervenção no Domínio Econômico;siconfi-cor_RO1.2.2.0.00.00.00;20715070,12
Prefeitura Municipal de Manaus - AM;1302603;AM;2057711;Receitas Brutas Realizadas;1.2.2.0.99.00.00 - Outras Contribuições Econômicas;siconfi-cor_RO1.2.2.0.99.00.00;20715070,12
Prefeitura Municipal de Manaus - AM;1302603;AM;2057711;Receitas Brutas Realizadas;1.2.3.0.00.00.00 - Contribuição para Custeio do Serviço de Iluminação Pública;siconfi-cor_RO1.2.3.0.00.00.00;152042822,3
Prefeitura Municipal de Manaus - AM;1302603;AM;2057711;Receitas Brutas Realizadas;1.3.0.0.00.00.00 - Receita Patrimonial;siconfi-cor_RO1.3.0.0.00.00.00;97777955,72
Prefeitura Municipal de Manaus - AM;1302603;AM;2057711;Receitas Brutas Realizadas;1.3.1.0.00.00.00 - Receitas Imobiliárias;siconfi-cor_RO1.3.1.0.00.00.00;929267,55
Prefeitura Municipal de Manaus - AM;1302603;AM;2057711;Receitas Brutas Realizadas;1.3.1.1.00.00.00 - Aluguéis;siconfi-cor_RO1.3.1.1.00.00.00;929267,55
Prefeitura Municipal de Manaus - AM;1302603;AM;2057711;Receitas Brutas Realizadas;1.3.2.0.00.00.00 - Receitas de Valores Mobiliários;siconfi-cor_RO1.3.2.0.00.00.00;96630461,22
Prefeitura Municipal de Manaus - AM;1302603;AM;2057711;Receitas Brutas Realizadas;1.3.2.2.00.00.00 - Dividendos;siconfi-cor_RO1.3.2.2.00.00.00;2487562,84
Prefeitura Municipal de Manaus - AM;1302603;AM;2057711;Receitas Brutas Realizadas;1.3.2.5.00.00.00 - Remuneração de Depósitos Bancários;siconfi-cor_RO1.3.2.5.00.00.00;69384521,12
Prefeitura Municipal de Manaus - AM;1302603;AM;2057711;Receitas Brutas Realizadas;1.3.2.8.00.00.00 - Remuneração dos Investimentos do Regime Próprio de Previdência do Servidor;siconfi-cor_RO1.3.2.8.00.00.00;18658524,43
Prefeitura Municipal de Manaus - AM;1302603;AM;2057711;Receitas Brutas Realizadas;1.3.2.9.00.00.00 - Outras Receitas de Valores Mobiliários;siconfi-cor_RO1.3.2.9.00.00.00;6099852,83
Prefeitura Municipal de Manaus - AM;1302603;AM;2057711;Receitas Brutas Realizadas;1.3.3.0.00.00.00 - Receitas de Concessões e Permissões;siconfi-cor_RO1.3.3.0.00.00.00;218226,95
Prefeitura Municipal de Manaus - AM;1302603;AM;2057711;Receitas Brutas Realizadas;1.6.0.0.00.00.00 - Receita de Serviços;siconfi-cor_RO1.6.0.0.00.00.00;19455356,68
Prefeitura Municipal de Manaus - AM;1302603;AM;2057711;Receitas Brutas Realizadas;1.6.0.0.13.00.00 - Serviços Administrativos;siconfi-cor_RO1.6.0.0.13.00.00;1303722,81
Prefeitura Municipal de Manaus - AM;1302603;AM;2057711;Receitas Brutas Realizadas;1.6.0.0.14.00.00 - Serviços de Inspeção e Fiscalização;siconfi-cor_RO1.6.0.0.14.00.00;14528036,72
Prefeitura Municipal de Manaus - AM;1302603;AM;2057711;Receitas Brutas Realizadas;1.6.0.0.43.00.00 - Serviços de Coleta, Transporte, Tratamento e Destino Final de Resíduos Sólidos;siconfi-cor_RO1.6.0.0.43.00.00;3623597,15
Prefeitura Municipal de Manaus - AM;1302603;AM;2057711;Receitas Brutas Realizadas;1.7.0.0.00.00.00 - Transferências Correntes;siconfi-cor_RO1.7.0.0.00.00.00;2608987270
Prefeitura Municipal de Manaus - AM;1302603;AM;2057711;Receitas Brutas Realizadas;1.7.2.0.00.00.00 - Transferências Intergovernamentais;siconfi-cor_RO1.7.2.0.00.00.00;2602379531
Prefeitura Municipal de Manaus - AM;1302603;AM;2057711;Receitas Brutas Realizadas;1.7.2.1.00.00.00 - Transferências da União;siconfi-cor_RO1.7.2.1.00.00.00;706972151,1
Prefeitura Municipal de Manaus - AM;1302603;AM;2057711;Receitas Brutas Realizadas;1.7.2.1.01.00.00 - Participação na Receita da União;siconfi-cor_RO1.7.2.1.01.00.00;449735166
Prefeitura Municipal de Manaus - AM;1302603;AM;2057711;Receitas Brutas Realizadas;1.7.2.1.01.02.00 - Cota-Parte do Fundo de Participação dos Municípios ¿ FPM;siconfi-cor_RO1.7.2.1.01.02.00;419589515,6
Prefeitura Municipal de Manaus - AM;1302603;AM;2057711;Receitas Brutas Realizadas;1.7.2.1.01.03.00 - Cota-Parte do Fundo de Participação dos Municípios - 1% Cota Anual;siconfi-cor_RO1.7.2.1.01.03.00;17423522,57
Prefeitura Municipal de Manaus - AM;1302603;AM;2057711;Receitas Brutas Realizadas;1.7.2.1.01.04.00 - Cota-Parte do Fundo de Participação dos Municípios - 1% Cota entregue no mês de julho (67)(I);siconfi-cor_RO1.7.2.1.01.04.00;12382358,97
Prefeitura Municipal de Manaus - AM;1302603;AM;2057711;Receitas Brutas Realizadas;1.7.2.1.01.05.00 - Cota-Parte do Imposto Sobre a Propriedade Territorial Rural ¿ ITR;siconfi-cor_RO1.7.2.1.01.05.00;339768,89
Prefeitura Municipal de Manaus - AM;1302603;AM;2057711;Receitas Brutas Realizadas;1.7.2.1.22.00.00 - Transferências da Compensação Financeira pela Exploração de Recursos Naturais;siconfi-cor_RO1.7.2.1.22.00.00;7136578,2
Prefeitura Municipal de Manaus - AM;1302603;AM;2057711;Receitas Brutas Realizadas;1.7.2.1.22.20.00 - Cota-Parte da Compensação Financeira de Recursos Minerais - CFEM;siconfi-cor_RO1.7.2.1.22.20.00;732317,29
Prefeitura Municipal de Manaus - AM;1302603;AM;2057711;Receitas Brutas Realizadas;1.7.2.1.22.30.00 - Cota-Parte Royalties ¿ Compensação Financeira pela Produção de Petróleo ¿ Lei nº 7.990/89;siconfi-cor_RO1.7.2.1.22.30.00;2822492,54
Prefeitura Municipal de Manaus - AM;1302603;AM;2057711;Receitas Brutas Realizadas;1.7.2.1.22.70.00 - Cota-Parte do Fundo Especial do Petróleo ¿ FEP;siconfi-cor_RO1.7.2.1.22.70.00;3581768,37
Prefeitura Municipal de Manaus - AM;1302603;AM;2057711;Receitas Brutas Realizadas;1.7.2.1.33.00.00 - Transferências de Recursos do Sistema Único de Saúde - SUS - Repasses Fundo a Fundo;siconfi-cor_RO1.7.2.1.33.00.00;181294231,9
Prefeitura Municipal de Manaus - AM;1302603;AM;2057711;Receitas Brutas Realizadas;1.7.2.1.34.00.00 - Transferências de Recursos do Fundo Nacional de Assistência Social ¿ FNAS;siconfi-cor_RO1.7.2.1.34.00.00;6665894,64
Prefeitura Municipal de Manaus - AM;1302603;AM;2057711;Receitas Brutas Realizadas;1.7.2.1.35.00.00 - Transferências de Recursos do Fundo Nacional do Desenvolvimento da Educação ¿ FNDE;siconfi-cor_RO1.7.2.1.35.00.00;53663471,67
Prefeitura Municipal de Manaus - AM;1302603;AM;2057711;Receitas Brutas Realizadas;1.7.2.1.36.00.00 - Transferências Financeiras do ICMS ¿ Desoneração ¿ L.C. Nº 87/96;siconfi-cor_RO1.7.2.1.36.00.00;3050917,44
Prefeitura Municipal de Manaus - AM;1302603;AM;2057711;Receitas Brutas Realizadas;1.7.2.1.99.00.00 - Outras Transferências da União;siconfi-cor_RO1.7.2.1.99.00.00;5425891,25
Prefeitura Municipal de Manaus - AM;1302603;AM;2057711;Receitas Brutas Realizadas;1.7.2.2.00.00.00 - Transferências dos Estados;siconfi-cor_RO1.7.2.2.00.00.00;1262426083
Prefeitura Municipal de Manaus - AM;1302603;AM;2057711;Receitas Brutas Realizadas;1.7.2.2.01.00.00 - Participação na Receita dos Estados;siconfi-cor_RO1.7.2.2.01.00.00;1247436837
Prefeitura Municipal de Manaus - AM;1302603;AM;2057711;Receitas Brutas Realizadas;1.7.2.2.01.01.00 - Cota-Parte do ICMS;siconfi-cor_RO1.7.2.2.01.01.00;1101045455
Prefeitura Municipal de Manaus - AM;1302603;AM;2057711;Receitas Brutas Realizadas;1.7.2.2.01.02.00 - Cota-Parte do IPVA;siconfi-cor_RO1.7.2.2.01.02.00;140474380
Prefeitura Municipal de Manaus - AM;1302603;AM;2057711;Receitas Brutas Realizadas;1.7.2.2.01.04.00 - Cota-Parte do IPI - Municípios;siconfi-cor_RO1.7.2.2.01.04.00;4452881,21
Prefeitura Municipal de Manaus - AM;1302603;AM;2057711;Receitas Brutas Realizadas;1.7.2.2.01.13.00 - Cota-Parte da Contribuição de Intervenção no Domínio Econômico;siconfi-cor_RO1.7.2.2.01.13.00;1464120,65
Prefeitura Municipal de Manaus - AM;1302603;AM;2057711;Receitas Brutas Realizadas;1.7.2.2.22.00.00 - Transferências da Cota-Parte da Compensação Financeira (25%);siconfi-cor_RO1.7.2.2.22.00.00;12762091,96
Prefeitura Municipal de Manaus - AM;1302603;AM;2057711;Receitas Brutas Realizadas;1.7.2.2.22.30.00 - Cota-Parte Royalties - Compensação Financeira pela Produção de Petróleo - Lei nº 7.990/89 artigo 9º;siconfi-cor_RO1.7.2.2.22.30.00;12762091,96
Prefeitura Municipal de Manaus - AM;1302603;AM;2057711;Receitas Brutas Realizadas;1.7.2.2.33.00.00 - Transferências de Recursos do Estado para Programas de Saúde - Repasse Fundo a Fundo;siconfi-cor_RO1.7.2.2.33.00.00;2227154,12
Prefeitura Municipal de Manaus - AM;1302603;AM;2057711;Receitas Brutas Realizadas;1.7.2.4.00.00.00 - Transferências Multigovernamentais;siconfi-cor_RO1.7.2.4.00.00.00;632981296,9
Prefeitura Municipal de Manaus - AM;1302603;AM;2057711;Receitas Brutas Realizadas;1.7.2.4.01.00.00 - Transferências de Recursos do Fundo de Manutenção e Desenvolvimento do Ensino Fundamental e de Valorização do Magistério - FUNDEB;siconfi-cor_RO1.7.2.4.01.00.00;470191691,8
Prefeitura Municipal de Manaus - AM;1302603;AM;2057711;Receitas Brutas Realizadas;1.7.2.4.02.00.00 - Transferências de Recursos da Complementação ao Fundo de Manutenção e Desenvolvimento do Ensino Fundamental e de Valorização do Magistério - FUNDEB;siconfi-cor_RO1.7.2.4.02.00.00;162789605,2
Prefeitura Municipal de Manaus - AM;1302603;AM;2057711;Receitas Brutas Realizadas;1.7.6.0.00.00.00 - Transferências de Convênios;siconfi-cor_RO1.7.6.0.00.00.00;6607739,69
Prefeitura Municipal de Manaus - AM;1302603;AM;2057711;Receitas Brutas Realizadas;1.7.6.1.00.00.00 - Transferências de Convênios da União e de Suas Entidades;siconfi-cor_RO1.7.6.1.00.00.00;73829
Prefeitura Municipal de Manaus - AM;1302603;AM;2057711;Receitas Brutas Realizadas;1.7.6.1.99.00.00 - Outras Transferências de Convênios da União;siconfi-cor_RO1.7.6.1.99.00.00;73829
Prefeitura Municipal de Manaus - AM;1302603;AM;2057711;Receitas Brutas Realizadas;1.7.6.2.00.00.00 - Transferências de Convênios dos Estados e do Distrito Federal e de Suas Entidades;siconfi-cor_RO1.7.6.2.00.00.00;6533910,69
Prefeitura Municipal de Manaus - AM;1302603;AM;2057711;Receitas Brutas Realizadas;1.7.6.2.99.00.00 - Outras Transferências de Convênios dos Estados;siconfi-cor_RO1.7.6.2.99.00.00;6533910,69
Prefeitura Municipal de Manaus - AM;1302603;AM;2057711;Receitas Brutas Realizadas;1.9.0.0.00.00.00 - Outras Receitas Correntes;siconfi-cor_RO1.9.0.0.00.00.00;233573512,4
Prefeitura Municipal de Manaus - AM;1302603;AM;2057711;Receitas Brutas Realizadas;1.9.1.0.00.00.00 - Multas e Juros de Mora;siconfi-cor_RO1.9.1.0.00.00.00;76979238,27
Prefeitura Municipal de Manaus - AM;1302603;AM;2057711;Receitas Brutas Realizadas;1.9.1.1.00.00.00 - Multas e Juros de Mora dos Tributos;siconfi-cor_RO1.9.1.1.00.00.00;10589070,87
Prefeitura Municipal de Manaus - AM;1302603;AM;2057711;Receitas Brutas Realizadas;1.9.1.1.38.00.00 - Multas e Juros de Mora do Imposto sobre a Propriedade Predial e Territorial Urbana ¿ IPTU;siconfi-cor_RO1.9.1.1.38.00.00;3347518,96
Prefeitura Municipal de Manaus - AM;1302603;AM;2057711;Receitas Brutas Realizadas;1.9.1.1.39.00.00 - Multas e Juros de Mora do Imposto sobre a Transmissão Inter Vivos de Bens Imóveis - ITBI;siconfi-cor_RO1.9.1.1.39.00.00;1497,11
Prefeitura Municipal de Manaus - AM;1302603;AM;2057711;Receitas Brutas Realizadas;1.9.1.1.40.00.00 - Multas e Juros de Mora do Imposto sobre Serviços de Qualquer Natureza ¿ ISS;siconfi-cor_RO1.9.1.1.40.00.00;6476989,23
Prefeitura Municipal de Manaus - AM;1302603;AM;2057711;Receitas Brutas Realizadas;1.9.1.1.99.00.00 - Multas e Juros de Mora de Outros Tributos;siconfi-cor_RO1.9.1.1.99.00.00;763065,57
Prefeitura Municipal de Manaus - AM;1302603;AM;2057711;Receitas Brutas Realizadas;1.9.1.2.00.00.00 - Multas e Juros de Mora das Contribuições;siconfi-cor_RO1.9.1.2.00.00.00;10644,71
Prefeitura Municipal de Manaus - AM;1302603;AM;2057711;Receitas Brutas Realizadas;1.9.1.2.99.00.00 - Multas e Juros de Mora de Outras Contribuições;siconfi-cor_RO1.9.1.2.99.00.00;10644,71
Prefeitura Municipal de Manaus - AM;1302603;AM;2057711;Receitas Brutas Realizadas;1.9.1.3.00.00.00 - Multas e Juros de Mora da Dívida Ativa dos Tributos;siconfi-cor_RO1.9.1.3.00.00.00;8042984,07
Prefeitura Municipal de Manaus - AM;1302603;AM;2057711;Receitas Brutas Realizadas;1.9.1.3.11.00.00 - Multas e Juros de Mora da Dívida Ativa do Imposto sobre a Propriedade Predial e Territorial Urbana ¿ IPTU;siconfi-cor_RO1.9.1.3.11.00.00;6230793,29
Prefeitura Municipal de Manaus - AM;1302603;AM;2057711;Receitas Brutas Realizadas;1.9.1.3.12.00.00 - Multas e Juros de Mora da Dívida Ativa do Imposto sobre a Transmissão Inter Vivos de Bens Imóveis - ITBI;siconfi-cor_RO1.9.1.3.12.00.00;16382,91
Prefeitura Municipal de Manaus - AM;1302603;AM;2057711;Receitas Brutas Realizadas;1.9.1.3.13.00.00 - Multas e Juros de Mora da Dívida Ativa do Imposto sobre Serviços de Qualquer Natureza ¿ ISS;siconfi-cor_RO1.9.1.3.13.00.00;504894,12
Prefeitura Municipal de Manaus - AM;1302603;AM;2057711;Receitas Brutas Realizadas;1.9.1.3.99.00.00 - Multas e Juros de Mora da Dívida Ativa de Outros Tributos;siconfi-cor_RO1.9.1.3.99.00.00;1290913,75
Prefeitura Municipal de Manaus - AM;1302603;AM;2057711;Receitas Brutas Realizadas;1.9.1.8.00.00.00 - Multas e Juros de Mora de Outras Receitas;siconfi-cor_RO1.9.1.8.00.00.00;220990,75
Prefeitura Municipal de Manaus - AM;1302603;AM;2057711;Receitas Brutas Realizadas;1.9.1.8.01.00.00 - Multas e Juros de Mora de Aluguel;siconfi-cor_RO1.9.1.8.01.00.00;10344,21
Prefeitura Municipal de Manaus - AM;1302603;AM;2057711;Receitas Brutas Realizadas;1.9.1.8.02.00.00 - Multas e Juros de Mora de Arrendamentos;siconfi-cor_RO1.9.1.8.02.00.00;4574,61
Prefeitura Municipal de Manaus - AM;1302603;AM;2057711;Receitas Brutas Realizadas;1.9.1.8.99.00.00 - Outras Multas e Juros de Mora;siconfi-cor_RO1.9.1.8.99.00.00;206071,93
Prefeitura Municipal de Manaus - AM;1302603;AM;2057711;Receitas Brutas Realizadas;1.9.1.9.00.00.00 - Multas de Outras Origens;siconfi-cor_RO1.9.1.9.00.00.00;58115547,87
Prefeitura Municipal de Manaus - AM;1302603;AM;2057711;Receitas Brutas Realizadas;1.9.2.0.00.00.00 - Indenizações e Restituições;siconfi-cor_RO1.9.2.0.00.00.00;54206487,31
Prefeitura Municipal de Manaus - AM;1302603;AM;2057711;Receitas Brutas Realizadas;1.9.2.1.00.00.00 - Indenizações;siconfi-cor_RO1.9.2.1.00.00.00;1250412,01
Prefeitura Municipal de Manaus - AM;1302603;AM;2057711;Receitas Brutas Realizadas;1.9.2.2.00.00.00 - Restituições;siconfi-cor_RO1.9.2.2.00.00.00;52956075,3
Prefeitura Municipal de Manaus - AM;1302603;AM;2057711;Receitas Brutas Realizadas;1.9.2.2.01.00.00 - Restituições de Convênios;siconfi-cor_RO1.9.2.2.01.00.00;256230,23
Prefeitura Municipal de Manaus - AM;1302603;AM;2057711;Receitas Brutas Realizadas;1.9.2.2.07.00.00 - Recuperação de Despesas de Exercícios Anteriores;siconfi-cor_RO1.9.2.2.07.00.00;2628555,5
Prefeitura Municipal de Manaus - AM;1302603;AM;2057711;Receitas Brutas Realizadas;1.9.2.2.10.00.00 - Compensações Financeiras entre o Regime Geral e os Regimes Próprios de Previdência dos Servidores;siconfi-cor_RO1.9.2.2.10.00.00;13014,23
Prefeitura Municipal de Manaus - AM;1302603;AM;2057711;Receitas Brutas Realizadas;1.9.2.2.99.00.00 - Outras Restituições;siconfi-cor_RO1.9.2.2.99.00.00;50058275,34
Prefeitura Municipal de Manaus - AM;1302603;AM;2057711;Receitas Brutas Realizadas;1.9.3.0.00.00.00 - Receita da Dívida Ativa;siconfi-cor_RO1.9.3.0.00.00.00;55918725,89
Prefeitura Municipal de Manaus - AM;1302603;AM;2057711;Receitas Brutas Realizadas;1.9.3.1.00.00.00 - Receita da Dívida Ativa Tributária;siconfi-cor_RO1.9.3.1.00.00.00;55918725,89
Prefeitura Municipal de Manaus - AM;1302603;AM;2057711;Receitas Brutas Realizadas;1.9.3.1.11.00.00 - Receita da Dívida Ativa do Imposto sobre a Propriedade Predial e Territorial Urbana ¿ IPTU;siconfi-cor_RO1.9.3.1.11.00.00;30377976,76
Prefeitura Municipal de Manaus - AM;1302603;AM;2057711;Receitas Brutas Realizadas;1.9.3.1.12.00.00 - Receita da Dívida Ativa do Imposto sobre a Transmissão Inter Vivos de Bens Imóveis - ITBI;siconfi-cor_RO1.9.3.1.12.00.00;64957,4
Prefeitura Municipal de Manaus - AM;1302603;AM;2057711;Receitas Brutas Realizadas;1.9.3.1.13.00.00 - Receita da Dívida Ativa do Imposto sobre Serviços de Qualquer Natureza ¿ ISS;siconfi-cor_RO1.9.3.1.13.00.00;16726922,27
Prefeitura Municipal de Manaus - AM;1302603;AM;2057711;Receitas Brutas Realizadas;1.9.3.1.99.00.00 - Receita da Dívida Ativa de Outros Tributos;siconfi-cor_RO1.9.3.1.99.00.00;8748869,46
Prefeitura Municipal de Manaus - AM;1302603;AM;2057711;Receitas Brutas Realizadas;1.9.9.0.00.00.00 - Receitas Diversas;siconfi-cor_RO1.9.9.0.00.00.00;46469060,88
Prefeitura Municipal de Manaus - AM;1302603;AM;2057711;Receitas Brutas Realizadas;1.9.9.0.02.00.00 - Encargos Legais pela Inscrição em Dívida Ativa e Receitas de Ônus de Sucumbência;siconfi-cor_RO1.9.9.0.02.00.00;2906633,53
Prefeitura Municipal de Manaus - AM;1302603;AM;2057711;Receitas Brutas Realizadas;1.9.9.0.99.00.00 - Outras Receitas;siconfi-cor_RO1.9.9.0.99.00.00;43562427,35
Prefeitura Municipal de Manaus - AM;1302603;AM;2057711;Receitas Brutas Realizadas;2.0.0.0.00.00.00 - Receitas de Capital;siconfi-cor_RO2.0.0.0.00.00.00;571417984,4
Prefeitura Municipal de Manaus - AM;1302603;AM;2057711;Receitas Brutas Realizadas;2.1.0.0.00.00.00 - Operações de Crédito;siconfi-cor_RO2.1.0.0.00.00.00;550786901,9
Prefeitura Municipal de Manaus - AM;1302603;AM;2057711;Receitas Brutas Realizadas;2.1.1.0.00.00.00 - Operações de Crédito Internas;siconfi-cor_RO2.1.1.0.00.00.00;66676706,9
Prefeitura Municipal de Manaus - AM;1302603;AM;2057711;Receitas Brutas Realizadas;2.1.2.0.00.00.00 - Operações de Crédito Externas;siconfi-cor_RO2.1.2.0.00.00.00;484110195
Prefeitura Municipal de Manaus - AM;1302603;AM;2057711;Receitas Brutas Realizadas;2.2.0.0.00.00.00 - Alienação de Bens;siconfi-cor_RO2.2.0.0.00.00.00;574536,88
Prefeitura Municipal de Manaus - AM;1302603;AM;2057711;Receitas Brutas Realizadas;2.2.1.0.00.00.00 - Alienação de Bens Móveis;siconfi-cor_RO2.2.1.0.00.00.00;337443,14
Prefeitura Municipal de Manaus - AM;1302603;AM;2057711;Receitas Brutas Realizadas;2.2.2.0.00.00.00 - Alienação de Bens Imóveis;siconfi-cor_RO2.2.2.0.00.00.00;237093,74
Prefeitura Municipal de Manaus - AM;1302603;AM;2057711;Receitas Brutas Realizadas;2.3.0.0.00.00.00 - Amortização de Empréstimos;siconfi-cor_RO2.3.0.0.00.00.00;177240,24
Prefeitura Municipal de Manaus - AM;1302603;AM;2057711;Receitas Brutas Realizadas;2.4.0.0.00.00.00 - Transferências de Capital;siconfi-cor_RO2.4.0.0.00.00.00;19879305,41
Prefeitura Municipal de Manaus - AM;1302603;AM;2057711;Receitas Brutas Realizadas;2.4.2.0.00.00.00 - Transferências Intergovernamentais;siconfi-cor_RO2.4.2.0.00.00.00;6158304
Prefeitura Municipal de Manaus - AM;1302603;AM;2057711;Receitas Brutas Realizadas;2.4.2.1.00.00.00 - Transferências da União;siconfi-cor_RO2.4.2.1.00.00.00;6158304
Prefeitura Municipal de Manaus - AM;1302603;AM;2057711;Receitas Brutas Realizadas;2.4.2.1.01.00.00 - Participação na Receita da União;siconfi-cor_RO2.4.2.1.01.00.00;6158304
Prefeitura Municipal de Manaus - AM;1302603;AM;2057711;Receitas Brutas Realizadas;2.4.7.0.00.00.00 - Transferências de Convênios;siconfi-cor_RO2.4.7.0.00.00.00;13721001,41
Prefeitura Municipal de Manaus - AM;1302603;AM;2057711;Receitas Brutas Realizadas;2.4.7.1.00.00.00 - Transferências de Convênios da União e de suas Entidades;siconfi-cor_RO2.4.7.1.00.00.00;3608850,91
Prefeitura Municipal de Manaus - AM;1302603;AM;2057711;Receitas Brutas Realizadas;2.4.7.1.02.00.00 - Transferências de Convênios da União Destinadas a Programas de Educação;siconfi-cor_RO2.4.7.1.02.00.00;2873985,42
Prefeitura Municipal de Manaus - AM;1302603;AM;2057711;Receitas Brutas Realizadas;2.4.7.1.99.00.00 - Outras Transferências de Convênios da União;siconfi-cor_RO2.4.7.1.99.00.00;734865,49
Prefeitura Municipal de Manaus - AM;1302603;AM;2057711;Receitas Brutas Realizadas;2.4.7.2.00.00.00 - Transferências de Convênios dos Estados e do Distrito Federal e de suas Entidades;siconfi-cor_RO2.4.7.2.00.00.00;10112150,5
Prefeitura Municipal de Manaus - AM;1302603;AM;2057711;Receitas Brutas Realizadas;2.4.7.2.99.00.00 - Outras Transferências de Convênios dos Estados;siconfi-cor_RO2.4.7.2.99.00.00;10112150,5
Prefeitura Municipal de Manaus - AM;1302603;AM;2057711;Receitas Brutas Realizadas;2.5.0.0.00.00.00 - Outras Receitas de Capital;siconfi-cor_RO2.5.0.0.00.00.00;0,01
Prefeitura Municipal de Manaus - AM;1302603;AM;2057711;Receitas Brutas Realizadas;2.5.9.0.00.00.00 - Outras Receitas;siconfi-cor_RO2.5.9.0.00.00.00;0,01
Prefeitura Municipal de Manaus - AM;1302603;AM;2057711;Receitas Brutas Realizadas;7.0.0.0.00.00.00 - Receitas Correntes Intraorçamentárias;siconfi-cor_RI7.0.0.0.00.00.00;449966773,3
Prefeitura Municipal de Manaus - AM;1302603;AM;2057711;Receitas Brutas Realizadas;7.2.0.0.00.00.00 - Receitas de Contribuições Intraorçamentárias;siconfi-cor_RI7.2.0.0.00.00.00;138014008,7
Prefeitura Municipal de Manaus - AM;1302603;AM;2057711;Receitas Brutas Realizadas;7.2.1.0.00.00.00 - Contribuições Sociais Intraorçamentárias;siconfi-cor_RI7.2.1.0.00.00.00;138014008,7
Prefeitura Municipal de Manaus - AM;1302603;AM;2057711;Receitas Brutas Realizadas;7.2.1.0.29.00.00 - Contribuições para o Regime Próprio de Previdência do Servidor Público Intraorçamentárias;siconfi-cor_RI7.2.1.0.29.00.00;138014008,7
Prefeitura Municipal de Manaus - AM;1302603;AM;2057711;Receitas Brutas Realizadas;7.2.1.0.29.01.00 - Contribuição Patronal de Servidor Ativo Civil para o Regime Próprio Intraorçamentária;siconfi-cor_RI7.2.1.0.29.01.00;98824062,71
Prefeitura Municipal de Manaus - AM;1302603;AM;2057711;Receitas Brutas Realizadas;7.2.1.0.29.99.00 - Outras Contribuições para o Regime Próprio de Previdência do Servidor Público Intraorçamentárias;siconfi-cor_RI7.2.1.0.29.99.00;39189945,97
Prefeitura Municipal de Manaus - AM;1302603;AM;2057711;Receitas Brutas Realizadas;7.9.0.0.00.00.00 - Outras Receitas Correntes Intraorçamentárias;siconfi-cor_RI7.9.0.0.00.00.00;311952764,7
Prefeitura Municipal de Manaus - AM;1302603;AM;2057711;Receitas Brutas Realizadas;7.9.1.2.00.00.00 - Multas e Juros de Mora das Contribuições Intraorçamentárias;siconfi-cor_RI7.9.1.2.00.00.00;4765241,43
Prefeitura Municipal de Manaus - AM;1302603;AM;2057711;Receitas Brutas Realizadas;7.9.1.2.99.00.00 - Outras Multas e Juros de Mora de Contribuições Intraorçamentárias;siconfi-cor_RI7.9.1.2.99.00.00;4765241,43
Prefeitura Municipal de Manaus - AM;1302603;AM;2057711;Receitas Brutas Realizadas;7.9.9.9.00.00.00 - Demais Receitas Correntes Intraorçamentárias;siconfi-cor_RI7.9.9.9.00.00.00;307187523,2
Prefeitura Municipal de Manaus - AM;1302603;AM;2057711;Receitas Brutas Realizadas;8.0.0.0.00.00.00 - Receitas de Capital Intraorçamentárias;siconfi-cor_RI8.0.0.0.00.00.00;12026596,12
Prefeitura Municipal de Manaus - AM;1302603;AM;2057711;Deduções - FUNDEB;Total Receitas;siconfi-cor_TotalReceitas;333574655,4
Prefeitura Municipal de Manaus - AM;1302603;AM;2057711;Deduções - FUNDEB;1.0.0.0.00.00.00 - Receitas Correntes;siconfi-cor_RO1.0.0.0.00.00.00;333574655,4
Prefeitura Municipal de Manaus - AM;1302603;AM;2057711;Deduções - FUNDEB;1.7.0.0.00.00.00 - Transferências Correntes;siconfi-cor_RO1.7.0.0.00.00.00;333574655,4
Prefeitura Municipal de Manaus - AM;1302603;AM;2057711;Deduções - FUNDEB;1.7.2.0.00.00.00 - Transferências Intergovernamentais;siconfi-cor_RO1.7.2.0.00.00.00;333574655,4
Prefeitura Municipal de Manaus - AM;1302603;AM;2057711;Deduções - FUNDEB;1.7.2.1.00.00.00 - Transferências da União;siconfi-cor_RO1.7.2.1.00.00.00;84380113,38
Prefeitura Municipal de Manaus - AM;1302603;AM;2057711;Deduções - FUNDEB;1.7.2.1.01.00.00 - Participação na Receita da União;siconfi-cor_RO1.7.2.1.01.00.00;83769929,94
Prefeitura Municipal de Manaus - AM;1302603;AM;2057711;Deduções - FUNDEB;1.7.2.1.01.02.00 - Cota-Parte do Fundo de Participação dos Municípios ¿ FPM;siconfi-cor_RO1.7.2.1.01.02.00;83701976,4
Prefeitura Municipal de Manaus - AM;1302603;AM;2057711;Deduções - FUNDEB;1.7.2.1.01.05.00 - Cota-Parte do Imposto Sobre a Propriedade Territorial Rural ¿ ITR;siconfi-cor_RO1.7.2.1.01.05.00;67953,54
Prefeitura Municipal de Manaus - AM;1302603;AM;2057711;Deduções - FUNDEB;1.7.2.1.36.00.00 - Transferências Financeiras do ICMS ¿ Desoneração ¿ L.C. Nº 87/96;siconfi-cor_RO1.7.2.1.36.00.00;610183,44
Prefeitura Municipal de Manaus - AM;1302603;AM;2057711;Deduções - FUNDEB;1.7.2.2.00.00.00 - Transferências dos Estados;siconfi-cor_RO1.7.2.2.00.00.00;249194542
Prefeitura Municipal de Manaus - AM;1302603;AM;2057711;Deduções - FUNDEB;1.7.2.2.01.00.00 - Participação na Receita dos Estados;siconfi-cor_RO1.7.2.2.01.00.00;249194542
Prefeitura Municipal de Manaus - AM;1302603;AM;2057711;Deduções - FUNDEB;1.7.2.2.01.01.00 - Cota-Parte do ICMS;siconfi-cor_RO1.7.2.2.01.01.00;220209090,9
Prefeitura Municipal de Manaus - AM;1302603;AM;2057711;Deduções - FUNDEB;1.7.2.2.01.02.00 - Cota-Parte do IPVA;siconfi-cor_RO1.7.2.2.01.02.00;28094874,96
Prefeitura Municipal de Manaus - AM;1302603;AM;2057711;Deduções - FUNDEB;1.7.2.2.01.04.00 - Cota-Parte do IPI - Municípios;siconfi-cor_RO1.7.2.2.01.04.00;890576,15
Prefeitura Municipal de Manaus - AM;1302603;AM;2057711;Outras Deduções da Receita;Total Receitas;siconfi-cor_TotalReceitas;72832513,37
Prefeitura Municipal de Manaus - AM;1302603;AM;2057711;Outras Deduções da Receita;1.0.0.0.00.00.00 - Receitas Correntes;siconfi-cor_RO1.0.0.0.00.00.00;72832513,37
Prefeitura Municipal de Manaus - AM;1302603;AM;2057711;Outras Deduções da Receita;1.1.0.0.00.00.00 - Receita Tributária;siconfi-cor_RO1.1.0.0.00.00.00;2846024,55
Prefeitura Municipal de Manaus - AM;1302603;AM;2057711;Outras Deduções da Receita;1.1.1.0.00.00.00 - Impostos;siconfi-cor_RO1.1.1.0.00.00.00;659265,5
Prefeitura Municipal de Manaus - AM;1302603;AM;2057711;Outras Deduções da Receita;1.1.1.2.00.00.00 - Impostos sobre o Patrimônio e a Renda;siconfi-cor_RO1.1.1.2.00.00.00;257151,29
Prefeitura Municipal de Manaus - AM;1302603;AM;2057711;Outras Deduções da Receita;1.1.1.2.02.00.00 - Imposto sobre a Propriedade Predial e Territorial Urbana ¿ IPTU;siconfi-cor_RO1.1.1.2.02.00.00;167873,1
Prefeitura Municipal de Manaus - AM;1302603;AM;2057711;Outras Deduções da Receita;"1.1.1.2.08.00.00 - Imposto sobre Transmissão Inter Vivos"" de Bens Imóveis e de Direitos Reais sobre Imóveis ¿ ITBI""";siconfi-cor_RO1.1.1.2.08.00.00;89278,19
Prefeitura Municipal de Manaus - AM;1302603;AM;2057711;Outras Deduções da Receita;1.1.1.3.00.00.00 - Impostos sobre a Produção e a Circulação;siconfi-cor_RO1.1.1.3.00.00.00;402114,21
Prefeitura Municipal de Manaus - AM;1302603;AM;2057711;Outras Deduções da Receita;1.1.1.3.05.00.00 - Imposto sobre Serviços de Qualquer Natureza ¿ ISSQN;siconfi-cor_RO1.1.1.3.05.00.00;402114,21
Prefeitura Municipal de Manaus - AM;1302603;AM;2057711;Outras Deduções da Receita;1.1.2.0.00.00.00 - Taxas;siconfi-cor_RO1.1.2.0.00.00.00;2186759,05
Prefeitura Municipal de Manaus - AM;1302603;AM;2057711;Outras Deduções da Receita;1.1.2.1.00.00.00 - Taxas pelo Exercício do Poder de Polícia;siconfi-cor_RO1.1.2.1.00.00.00;2180011,72
Prefeitura Municipal de Manaus - AM;1302603;AM;2057711;Outras Deduções da Receita;1.1.2.2.00.00.00 - Taxas pela Prestação de Serviços;siconfi-cor_RO1.1.2.2.00.00.00;6747,33
Prefeitura Municipal de Manaus - AM;1302603;AM;2057711;Outras Deduções da Receita;1.1.2.2.99.00.00 - Outras Taxas pela Prestação de Serviços;siconfi-cor_RO1.1.2.2.99.00.00;6747,33
Prefeitura Municipal de Manaus - AM;1302603;AM;2057711;Outras Deduções da Receita;1.2.0.0.00.00.00 - Receitas de Contribuições;siconfi-cor_RO1.2.0.0.00.00.00;39729532,3
Prefeitura Municipal de Manaus - AM;1302603;AM;2057711;Outras Deduções da Receita;1.2.1.0.00.00.00 - Contribuições Sociais;siconfi-cor_RO1.2.1.0.00.00.00;299,2
Prefeitura Municipal de Manaus - AM;1302603;AM;2057711;Outras Deduções da Receita;1.2.1.0.29.00.00 - Contribuições para o Regime Próprio de Previdência do Servidor Público;siconfi-cor_RO1.2.1.0.29.00.00;299,2
Prefeitura Municipal de Manaus - AM;1302603;AM;2057711;Outras Deduções da Receita;1.2.1.0.29.07.00 - Contribuição do Servidor Ativo Civil para o Regime Próprio;siconfi-cor_RO1.2.1.0.29.07.00;299,2
Prefeitura Municipal de Manaus - AM;1302603;AM;2057711;Outras Deduções da Receita;1.2.2.0.00.00.00 - Contribuições de Intervenção no Domínio Econômico;siconfi-cor_RO1.2.2.0.00.00.00;4642427,95
Prefeitura Municipal de Manaus - AM;1302603;AM;2057711;Outras Deduções da Receita;1.2.2.0.99.00.00 - Outras Contribuições Econômicas;siconfi-cor_RO1.2.2.0.99.00.00;4642427,95
Prefeitura Municipal de Manaus - AM;1302603;AM;2057711;Outras Deduções da Receita;1.2.3.0.00.00.00 - Contribuição para Custeio do Serviço de Iluminação Pública;siconfi-cor_RO1.2.3.0.00.00.00;35086805,15
Prefeitura Municipal de Manaus - AM;1302603;AM;2057711;Outras Deduções da Receita;1.3.0.0.00.00.00 - Receita Patrimonial;siconfi-cor_RO1.3.0.0.00.00.00;5353823,13
Prefeitura Municipal de Manaus - AM;1302603;AM;2057711;Outras Deduções da Receita;1.3.2.0.00.00.00 - Receitas de Valores Mobiliários;siconfi-cor_RO1.3.2.0.00.00.00;5344200,88
Prefeitura Municipal de Manaus - AM;1302603;AM;2057711;Outras Deduções da Receita;1.3.2.5.00.00.00 - Remuneração de Depósitos Bancários;siconfi-cor_RO1.3.2.5.00.00.00;3998491,64
Prefeitura Municipal de Manaus - AM;1302603;AM;2057711;Outras Deduções da Receita;1.3.2.9.00.00.00 - Outras Receitas de Valores Mobiliários;siconfi-cor_RO1.3.2.9.00.00.00;1345709,24
Prefeitura Municipal de Manaus - AM;1302603;AM;2057711;Outras Deduções da Receita;1.3.3.0.00.00.00 - Receitas de Concessões e Permissões;siconfi-cor_RO1.3.3.0.00.00.00;9622,25
Prefeitura Municipal de Manaus - AM;1302603;AM;2057711;Outras Deduções da Receita;1.6.0.0.00.00.00 - Receita de Serviços;siconfi-cor_RO1.6.0.0.00.00.00;315151,47
Prefeitura Municipal de Manaus - AM;1302603;AM;2057711;Outras Deduções da Receita;1.6.0.0.14.00.00 - Serviços de Inspeção e Fiscalização;siconfi-cor_RO1.6.0.0.14.00.00;315151,47
Prefeitura Municipal de Manaus - AM;1302603;AM;2057711;Outras Deduções da Receita;1.9.0.0.00.00.00 - Outras Receitas Correntes;siconfi-cor_RO1.9.0.0.00.00.00;24587981,92
Prefeitura Municipal de Manaus - AM;1302603;AM;2057711;Outras Deduções da Receita;1.9.1.0.00.00.00 - Multas e Juros de Mora;siconfi-cor_RO1.9.1.0.00.00.00;14482135,58
Prefeitura Municipal de Manaus - AM;1302603;AM;2057711;Outras Deduções da Receita;1.9.1.8.00.00.00 - Multas e Juros de Mora de Outras Receitas;siconfi-cor_RO1.9.1.8.00.00.00;46272,49
Prefeitura Municipal de Manaus - AM;1302603;AM;2057711;Outras Deduções da Receita;1.9.1.8.99.00.00 - Outras Multas e Juros de Mora;siconfi-cor_RO1.9.1.8.99.00.00;46272,49
Prefeitura Municipal de Manaus - AM;1302603;AM;2057711;Outras Deduções da Receita;1.9.1.9.00.00.00 - Multas de Outras Origens;siconfi-cor_RO1.9.1.9.00.00.00;14435863,09
Prefeitura Municipal de Manaus - AM;1302603;AM;2057711;Outras Deduções da Receita;1.9.2.0.00.00.00 - Indenizações e Restituições;siconfi-cor_RO1.9.2.0.00.00.00;1789,27
Prefeitura Municipal de Manaus - AM;1302603;AM;2057711;Outras Deduções da Receita;1.9.2.2.00.00.00 - Restituições;siconfi-cor_RO1.9.2.2.00.00.00;1789,27
Prefeitura Municipal de Manaus - AM;1302603;AM;2057711;Outras Deduções da Receita;1.9.2.2.07.00.00 - Recuperação de Despesas de Exercícios Anteriores;siconfi-cor_RO1.9.2.2.07.00.00;105,17
Prefeitura Municipal de Manaus - AM;1302603;AM;2057711;Outras Deduções da Receita;1.9.2.2.99.00.00 - Outras Restituições;siconfi-cor_RO1.9.2.2.99.00.00;1684,1
Prefeitura Municipal de Manaus - AM;1302603;AM;2057711;Outras Deduções da Receita;1.9.9.0.00.00.00 - Receitas Diversas;siconfi-cor_RO1.9.9.0.00.00.00;10104057,07
Prefeitura Municipal de Manaus - AM;1302603;AM;2057711;Outras Deduções da Receita;1.9.9.0.99.00.00 - Outras Receitas;siconfi-cor_RO1.9.9.0.99.00.00;10104057,07
Prefeitura Municipal de Itamarati - AM;1301951;AM;8179;Receitas Brutas Realizadas;Total Receitas;siconfi-cor_TotalReceitas;29514118,46
Prefeitura Municipal de Itamarati - AM;1301951;AM;8179;Receitas Brutas Realizadas;1.0.0.0.00.00.00 - Receitas Correntes;siconfi-cor_RO1.0.0.0.00.00.00;25309283,31
Prefeitura Municipal de Itamarati - AM;1301951;AM;8179;Receitas Brutas Realizadas;1.1.0.0.00.00.00 - Receita Tributária;siconfi-cor_RO1.1.0.0.00.00.00;666079,3
Prefeitura Municipal de Itamarati - AM;1301951;AM;8179;Receitas Brutas Realizadas;1.1.1.0.00.00.00 - Impostos;siconfi-cor_RO1.1.1.0.00.00.00;532295,93
Prefeitura Municipal de Itamarati - AM;1301951;AM;8179;Receitas Brutas Realizadas;1.1.1.2.00.00.00 - Impostos sobre o Patrimônio e a Renda;siconfi-cor_RO1.1.1.2.00.00.00;210092,14
Prefeitura Municipal de Itamarati - AM;1301951;AM;8179;Receitas Brutas Realizadas;1.1.1.2.02.00.00 - Imposto sobre a Propriedade Predial e Territorial Urbana ¿ IPTU;siconfi-cor_RO1.1.1.2.02.00.00;2973,91
Prefeitura Municipal de Itamarati - AM;1301951;AM;8179;Receitas Brutas Realizadas;1.1.1.2.04.00.00 - Imposto sobre a Renda e Proventos de Qualquer Natureza ¿ IR;siconfi-cor_RO1.1.1.2.04.00.00;202518,23
Prefeitura Municipal de Itamarati - AM;1301951;AM;8179;Receitas Brutas Realizadas;1.1.1.2.04.31.00 - Retido nas Fontes - Trabalho;siconfi-cor_RO1.1.1.2.04.31.00;202518,23
Prefeitura Municipal de Itamarati - AM;1301951;AM;8179;Receitas Brutas Realizadas;"1.1.1.2.08.00.00 - Imposto sobre Transmissão Inter Vivos"" de Bens Imóveis e de Direitos Reais sobre Imóveis ¿ ITBI""";siconfi-cor_RO1.1.1.2.08.00.00;4600
Prefeitura Municipal de Itamarati - AM;1301951;AM;8179;Receitas Brutas Realizadas;1.1.1.3.00.00.00 - Impostos sobre a Produção e a Circulação;siconfi-cor_RO1.1.1.3.00.00.00;322203,79
Prefeitura Municipal de Itamarati - AM;1301951;AM;8179;Receitas Brutas Realizadas;1.1.1.3.05.00.00 - Imposto sobre Serviços de Qualquer Natureza ¿ ISSQN;siconfi-cor_RO1.1.1.3.05.00.00;322203,79
Prefeitura Municipal de Itamarati - AM;1301951;AM;8179;Receitas Brutas Realizadas;1.1.2.0.00.00.00 - Taxas;siconfi-cor_RO1.1.2.0.00.00.00;133783,37
Prefeitura Municipal de Itamarati - AM;1301951;AM;8179;Receitas Brutas Realizadas;1.1.2.1.00.00.00 - Taxas pelo Exercício do Poder de Polícia;siconfi-cor_RO1.1.2.1.00.00.00;739,8
Prefeitura Municipal de Itamarati - AM;1301951;AM;8179;Receitas Brutas Realizadas;1.1.2.2.00.00.00 - Taxas pela Prestação de Serviços;siconfi-cor_RO1.1.2.2.00.00.00;133043,57
Prefeitura Municipal de Itamarati - AM;1301951;AM;8179;Receitas Brutas Realizadas;1.1.2.2.99.00.00 - Outras Taxas pela Prestação de Serviços;siconfi-cor_RO1.1.2.2.99.00.00;133043,57
Prefeitura Municipal de Itamarati - AM;1301951;AM;8179;Receitas Brutas Realizadas;1.3.0.0.00.00.00 - Receita Patrimonial;siconfi-cor_RO1.3.0.0.00.00.00;62026,3
Prefeitura Municipal de Itamarati - AM;1301951;AM;8179;Receitas Brutas Realizadas;1.3.2.0.00.00.00 - Receitas de Valores Mobiliários;siconfi-cor_RO1.3.2.0.00.00.00;62026,3
Prefeitura Municipal de Itamarati - AM;1301951;AM;8179;Receitas Brutas Realizadas;1.3.2.9.00.00.00 - Outras Receitas de Valores Mobiliários;siconfi-cor_RO1.3.2.9.00.00.00;62026,3
Prefeitura Municipal de Itamarati - AM;1301951;AM;8179;Receitas Brutas Realizadas;1.7.0.0.00.00.00 - Transferências Correntes;siconfi-cor_RO1.7.0.0.00.00.00;24581049,21
Prefeitura Municipal de Itamarati - AM;1301951;AM;8179;Receitas Brutas Realizadas;1.7.2.0.00.00.00 - Transferências Intergovernamentais;siconfi-cor_RO1.7.2.0.00.00.00;24386049,21
Prefeitura Municipal de Itamarati - AM;1301951;AM;8179;Receitas Brutas Realizadas;1.7.2.1.00.00.00 - Transferências da União;siconfi-cor_RO1.7.2.1.00.00.00;9455718,28
Prefeitura Municipal de Itamarati - AM;1301951;AM;8179;Receitas Brutas Realizadas;1.7.2.1.01.00.00 - Participação na Receita da União;siconfi-cor_RO1.7.2.1.01.00.00;7165421,59
Prefeitura Municipal de Itamarati - AM;1301951;AM;8179;Receitas Brutas Realizadas;1.7.2.1.01.02.00 - Cota-Parte do Fundo de Participação dos Municípios ¿ FPM;siconfi-cor_RO1.7.2.1.01.02.00;7164943,64
Prefeitura Municipal de Itamarati - AM;1301951;AM;8179;Receitas Brutas Realizadas;1.7.2.1.01.05.00 - Cota-Parte do Imposto Sobre a Propriedade Territorial Rural ¿ ITR;siconfi-cor_RO1.7.2.1.01.05.00;477,95
Prefeitura Municipal de Itamarati - AM;1301951;AM;8179;Receitas Brutas Realizadas;1.7.2.1.22.00.00 - Transferências da Compensação Financeira pela Exploração de Recursos Naturais;siconfi-cor_RO1.7.2.1.22.00.00;134089,07
Prefeitura Municipal de Itamarati - AM;1301951;AM;8179;Receitas Brutas Realizadas;1.7.2.1.22.30.00 - Cota-Parte Royalties ¿ Compensação Financeira pela Produção de Petróleo ¿ Lei nº 7.990/89;siconfi-cor_RO1.7.2.1.22.30.00;77649,57
Prefeitura Municipal de Itamarati - AM;1301951;AM;8179;Receitas Brutas Realizadas;1.7.2.1.22.70.00 - Cota-Parte do Fundo Especial do Petróleo ¿ FEP;siconfi-cor_RO1.7.2.1.22.70.00;56439,5
Prefeitura Municipal de Itamarati - AM;1301951;AM;8179;Receitas Brutas Realizadas;1.7.2.1.33.00.00 - Transferências de Recursos do Sistema Único de Saúde - SUS - Repasses Fundo a Fundo;siconfi-cor_RO1.7.2.1.33.00.00;1236615,16
Prefeitura Municipal de Itamarati - AM;1301951;AM;8179;Receitas Brutas Realizadas;1.7.2.1.34.00.00 - Transferências de Recursos do Fundo Nacional de Assistência Social ¿ FNAS;siconfi-cor_RO1.7.2.1.34.00.00;234486,64
Prefeitura Municipal de Itamarati - AM;1301951;AM;8179;Receitas Brutas Realizadas;1.7.2.1.35.00.00 - Transferências de Recursos do Fundo Nacional do Desenvolvimento da Educação ¿ FNDE;siconfi-cor_RO1.7.2.1.35.00.00;666355,34
Prefeitura Municipal de Itamarati - AM;1301951;AM;8179;Receitas Brutas Realizadas;1.7.2.1.36.00.00 - Transferências Financeiras do ICMS ¿ Desoneração ¿ L.C. Nº 87/96;siconfi-cor_RO1.7.2.1.36.00.00;18750,48
Prefeitura Municipal de Itamarati - AM;1301951;AM;8179;Receitas Brutas Realizadas;1.7.2.2.00.00.00 - Transferências dos Estados;siconfi-cor_RO1.7.2.2.00.00.00;7288180,46
Prefeitura Municipal de Itamarati - AM;1301951;AM;8179;Receitas Brutas Realizadas;1.7.2.2.01.00.00 - Participação na Receita dos Estados;siconfi-cor_RO1.7.2.2.01.00.00;6819115,66
Prefeitura Municipal de Itamarati - AM;1301951;AM;8179;Receitas Brutas Realizadas;1.7.2.2.01.01.00 - Cota-Parte do ICMS;siconfi-cor_RO1.7.2.2.01.01.00;6766858,89
Prefeitura Municipal de Itamarati - AM;1301951;AM;8179;Receitas Brutas Realizadas;1.7.2.2.01.02.00 - Cota-Parte do IPVA;siconfi-cor_RO1.7.2.2.01.02.00;11222,09
Prefeitura Municipal de Itamarati - AM;1301951;AM;8179;Receitas Brutas Realizadas;1.7.2.2.01.04.00 - Cota-Parte do IPI - Municípios;siconfi-cor_RO1.7.2.2.01.04.00;21674,5
Prefeitura Municipal de Itamarati - AM;1301951;AM;8179;Receitas Brutas Realizadas;1.7.2.2.01.13.00 - Cota-Parte da Contribuição de Intervenção no Domínio Econômico;siconfi-cor_RO1.7.2.2.01.13.00;19360,18
Prefeitura Municipal de Itamarati - AM;1301951;AM;8179;Receitas Brutas Realizadas;1.7.2.2.33.00.00 - Transferências de Recursos do Estado para Programas de Saúde - Repasse Fundo a Fundo;siconfi-cor_RO1.7.2.2.33.00.00;436240,5
Prefeitura Municipal de Itamarati - AM;1301951;AM;8179;Receitas Brutas Realizadas;1.7.2.2.99.00.00 - Outras Transferências dos Estados;siconfi-cor_RO1.7.2.2.99.00.00;32824,3
Prefeitura Municipal de Itamarati - AM;1301951;AM;8179;Receitas Brutas Realizadas;1.7.2.4.00.00.00 - Transferências Multigovernamentais;siconfi-cor_RO1.7.2.4.00.00.00;7642150,47
Prefeitura Municipal de Itamarati - AM;1301951;AM;8179;Receitas Brutas Realizadas;1.7.2.4.01.00.00 - Transferências de Recursos do Fundo de Manutenção e Desenvolvimento do Ensino Fundamental e de Valorização do Magistério - FUNDEB;siconfi-cor_RO1.7.2.4.01.00.00;5911921,27
Prefeitura Municipal de Itamarati - AM;1301951;AM;8179;Receitas Brutas Realizadas;1.7.2.4.02.00.00 - Transferências de Recursos da Complementação ao Fundo de Manutenção e Desenvolvimento do Ensino Fundamental e de Valorização do Magistério - FUNDEB;siconfi-cor_RO1.7.2.4.02.00.00;1730229,2
Prefeitura Municipal de Itamarati - AM;1301951;AM;8179;Receitas Brutas Realizadas;1.7.6.0.00.00.00 - Transferências de Convênios;siconfi-cor_RO1.7.6.0.00.00.00;195000
Prefeitura Municipal de Itamarati - AM;1301951;AM;8179;Receitas Brutas Realizadas;1.7.6.2.00.00.00 - Transferências de Convênios dos Estados e do Distrito Federal e de Suas Entidades;siconfi-cor_RO1.7.6.2.00.00.00;195000
Prefeitura Municipal de Itamarati - AM;1301951;AM;8179;Receitas Brutas Realizadas;1.7.6.2.02.00.00 - Transferências de Convênios dos Estados Destinadas a Programas de Educação;siconfi-cor_RO1.7.6.2.02.00.00;195000
Prefeitura Municipal de Itamarati - AM;1301951;AM;8179;Receitas Brutas Realizadas;1.9.0.0.00.00.00 - Outras Receitas Correntes;siconfi-cor_RO1.9.0.0.00.00.00;128,5
Prefeitura Municipal de Itamarati - AM;1301951;AM;8179;Receitas Brutas Realizadas;1.9.9.0.00.00.00 - Receitas Diversas;siconfi-cor_RO1.9.9.0.00.00.00;128,5
Prefeitura Municipal de Itamarati - AM;1301951;AM;8179;Receitas Brutas Realizadas;1.9.9.0.99.00.00 - Outras Receitas;siconfi-cor_RO1.9.9.0.99.00.00;128,5
Prefeitura Municipal de Itamarati - AM;1301951;AM;8179;Receitas Brutas Realizadas;2.0.0.0.00.00.00 - Receitas de Capital;siconfi-cor_RO2.0.0.0.00.00.00;4204835,15
Prefeitura Municipal de Itamarati - AM;1301951;AM;8179;Receitas Brutas Realizadas;2.4.0.0.00.00.00 - Transferências de Capital;siconfi-cor_RO2.4.0.0.00.00.00;4204835,15
Prefeitura Municipal de Itamarati - AM;1301951;AM;8179;Receitas Brutas Realizadas;2.4.2.0.00.00.00 - Transferências Intergovernamentais;siconfi-cor_RO2.4.2.0.00.00.00;81600
Prefeitura Municipal de Itamarati - AM;1301951;AM;8179;Receitas Brutas Realizadas;2.4.2.1.00.00.00 - Transferências da União;siconfi-cor_RO2.4.2.1.00.00.00;81600
Prefeitura Municipal de Itamarati - AM;1301951;AM;8179;Receitas Brutas Realizadas;2.4.2.1.99.00.00 - Outras Transferências da União;siconfi-cor_RO2.4.2.1.99.00.00;81600
Prefeitura Municipal de Itamarati - AM;1301951;AM;8179;Receitas Brutas Realizadas;2.4.7.0.00.00.00 - Transferências de Convênios;siconfi-cor_RO2.4.7.0.00.00.00;4123235,15
Prefeitura Municipal de Itamarati - AM;1301951;AM;8179;Receitas Brutas Realizadas;2.4.7.1.00.00.00 - Transferências de Convênios da União e de suas Entidades;siconfi-cor_RO2.4.7.1.00.00.00;3098402,28
Prefeitura Municipal de Itamarati - AM;1301951;AM;8179;Receitas Brutas Realizadas;2.4.7.1.99.00.00 - Outras Transferências de Convênios da União;siconfi-cor_RO2.4.7.1.99.00.00;3098402,28
Prefeitura Municipal de Itamarati - AM;1301951;AM;8179;Receitas Brutas Realizadas;2.4.7.2.00.00.00 - Transferências de Convênios dos Estados e do Distrito Federal e de suas Entidades;siconfi-cor_RO2.4.7.2.00.00.00;1024832,87
Prefeitura Municipal de Itamarati - AM;1301951;AM;8179;Receitas Brutas Realizadas;2.4.7.2.02.00.00 - Transferências de Convênios dos Estados Destinadas a Programas de Educação;siconfi-cor_RO2.4.7.2.02.00.00;973907,87
Prefeitura Municipal de Itamarati - AM;1301951;AM;8179;Receitas Brutas Realizadas;2.4.7.2.99.00.00 - Outras Transferências de Convênios dos Estados;siconfi-cor_RO2.4.7.2.99.00.00;50925
Prefeitura Municipal de Itamarati - AM;1301951;AM;8179;Deduções - FUNDEB;Total Receitas;siconfi-cor_TotalReceitas;2693885,18
Prefeitura Municipal de Itamarati - AM;1301951;AM;8179;Deduções - FUNDEB;1.0.0.0.00.00.00 - Receitas Correntes;siconfi-cor_RO1.0.0.0.00.00.00;2693885,18
Prefeitura Municipal de Itamarati - AM;1301951;AM;8179;Deduções - FUNDEB;1.7.0.0.00.00.00 - Transferências Correntes;siconfi-cor_RO1.7.0.0.00.00.00;2693885,18
Prefeitura Municipal de Itamarati - AM;1301951;AM;8179;Deduções - FUNDEB;1.7.2.0.00.00.00 - Transferências Intergovernamentais;siconfi-cor_RO1.7.2.0.00.00.00;2693885,18
Prefeitura Municipal de Itamarati - AM;1301951;AM;8179;Deduções - FUNDEB;1.7.2.1.00.00.00 - Transferências da União;siconfi-cor_RO1.7.2.1.00.00.00;1338269,12
Prefeitura Municipal de Itamarati - AM;1301951;AM;8179;Deduções - FUNDEB;1.7.2.1.01.00.00 - Participação na Receita da União;siconfi-cor_RO1.7.2.1.01.00.00;1334519,12
Prefeitura Municipal de Itamarati - AM;1301951;AM;8179;Deduções - FUNDEB;1.7.2.1.01.02.00 - Cota-Parte do Fundo de Participação dos Municípios ¿ FPM;siconfi-cor_RO1.7.2.1.01.02.00;1334423,55
Prefeitura Municipal de Itamarati - AM;1301951;AM;8179;Deduções - FUNDEB;1.7.2.1.01.05.00 - Cota-Parte do Imposto Sobre a Propriedade Territorial Rural ¿ ITR;siconfi-cor_RO1.7.2.1.01.05.00;95,57
Prefeitura Municipal de Itamarati - AM;1301951;AM;8179;Deduções - FUNDEB;1.7.2.1.36.00.00 - Transferências Financeiras do ICMS ¿ Desoneração ¿ L.C. Nº 87/96;siconfi-cor_RO1.7.2.1.36.00.00;3750
Prefeitura Municipal de Itamarati - AM;1301951;AM;8179;Deduções - FUNDEB;1.7.2.2.00.00.00 - Transferências dos Estados;siconfi-cor_RO1.7.2.2.00.00.00;1355616,06
Prefeitura Municipal de Itamarati - AM;1301951;AM;8179;Deduções - FUNDEB;1.7.2.2.01.00.00 - Participação na Receita dos Estados;siconfi-cor_RO1.7.2.2.01.00.00;1355616,06
Prefeitura Municipal de Itamarati - AM;1301951;AM;8179;Deduções - FUNDEB;1.7.2.2.01.01.00 - Cota-Parte do ICMS;siconfi-cor_RO1.7.2.2.01.01.00;1353371,78
Prefeitura Municipal de Itamarati - AM;1301951;AM;8179;Deduções - FUNDEB;1.7.2.2.01.02.00 - Cota-Parte do IPVA;siconfi-cor_RO1.7.2.2.01.02.00;2244,28
Prefeitura Municipal de Urucurituba - AM;1304401;AM;21140;Receitas Brutas Realizadas;Total Receitas;siconfi-cor_TotalReceitas;32634719,19
Prefeitura Municipal de Urucurituba - AM;1304401;AM;21140;Receitas Brutas Realizadas;1.0.0.0.00.00.00 - Receitas Correntes;siconfi-cor_RO1.0.0.0.00.00.00;32507315,92
Prefeitura Municipal de Urucurituba - AM;1304401;AM;21140;Receitas Brutas Realizadas;1.1.0.0.00.00.00 - Receita Tributária;siconfi-cor_RO1.1.0.0.00.00.00;391981,54
Prefeitura Municipal de Urucurituba - AM;1304401;AM;21140;Receitas Brutas Realizadas;1.1.1.0.00.00.00 - Impostos;siconfi-cor_RO1.1.1.0.00.00.00;277031,9
Prefeitura Municipal de Urucurituba - AM;1304401;AM;21140;Receitas Brutas Realizadas;1.1.1.2.00.00.00 - Impostos sobre o Patrimônio e a Renda;siconfi-cor_RO1.1.1.2.00.00.00;277031,9
Prefeitura Municipal de Urucurituba - AM;1304401;AM;21140;Receitas Brutas Realizadas;1.1.1.2.02.00.00 - Imposto sobre a Propriedade Predial e Territorial Urbana ¿ IPTU;siconfi-cor_RO1.1.1.2.02.00.00;1787,45
Prefeitura Municipal de Urucurituba - AM;1304401;AM;21140;Receitas Brutas Realizadas;1.1.1.2.04.00.00 - Imposto sobre a Renda e Proventos de Qualquer Natureza ¿ IR;siconfi-cor_RO1.1.1.2.04.00.00;275244,45
Prefeitura Municipal de Urucurituba - AM;1304401;AM;21140;Receitas Brutas Realizadas;1.1.1.2.04.31.00 - Retido nas Fontes - Trabalho;siconfi-cor_RO1.1.1.2.04.31.00;185650,84
Prefeitura Municipal de Urucurituba - AM;1304401;AM;21140;Receitas Brutas Realizadas;1.1.1.2.04.34.00 - Retido nas Fontes - Outros Rendimentos;siconfi-cor_RO1.1.1.2.04.34.00;89593,61
Prefeitura Municipal de Urucurituba - AM;1304401;AM;21140;Receitas Brutas Realizadas;1.1.3.0.00.00.00 - Contribuição de Melhoria;siconfi-cor_RO1.1.3.0.00.00.00;114949,64
Prefeitura Municipal de Urucurituba - AM;1304401;AM;21140;Receitas Brutas Realizadas;1.1.3.0.02.00.00 - Contribuição de Melhoria para Expansão da Rede de Iluminação Pública na Cidade;siconfi-cor_RO1.1.3.0.02.00.00;114949,64
Prefeitura Municipal de Urucurituba - AM;1304401;AM;21140;Receitas Brutas Realizadas;1.3.0.0.00.00.00 - Receita Patrimonial;siconfi-cor_RO1.3.0.0.00.00.00;13615,47
Prefeitura Municipal de Urucurituba - AM;1304401;AM;21140;Receitas Brutas Realizadas;1.3.2.0.00.00.00 - Receitas de Valores Mobiliários;siconfi-cor_RO1.3.2.0.00.00.00;13615,47
Prefeitura Municipal de Urucurituba - AM;1304401;AM;21140;Receitas Brutas Realizadas;1.3.2.5.00.00.00 - Remuneração de Depósitos Bancários;siconfi-cor_RO1.3.2.5.00.00.00;13615,47
Prefeitura Municipal de Urucurituba - AM;1304401;AM;21140;Receitas Brutas Realizadas;1.6.0.0.00.00.00 - Receita de Serviços;siconfi-cor_RO1.6.0.0.00.00.00;625,22
Prefeitura Municipal de Urucurituba - AM;1304401;AM;21140;Receitas Brutas Realizadas;1.6.0.0.41.00.00 - Serviços de Captação, Adução, Tratamento, Reserva e Distribuição de Água;siconfi-cor_RO1.6.0.0.41.00.00;625,22
Prefeitura Municipal de Urucurituba - AM;1304401;AM;21140;Receitas Brutas Realizadas;1.7.0.0.00.00.00 - Transferências Correntes;siconfi-cor_RO1.7.0.0.00.00.00;32100802,15
Prefeitura Municipal de Urucurituba - AM;1304401;AM;21140;Receitas Brutas Realizadas;1.7.2.0.00.00.00 - Transferências Intergovernamentais;siconfi-cor_RO1.7.2.0.00.00.00;32100802,15
Prefeitura Municipal de Urucurituba - AM;1304401;AM;21140;Receitas Brutas Realizadas;1.7.2.1.00.00.00 - Transferências da União;siconfi-cor_RO1.7.2.1.00.00.00;18143463,87
Prefeitura Municipal de Urucurituba - AM;1304401;AM;21140;Receitas Brutas Realizadas;1.7.2.1.01.00.00 - Participação na Receita da União;siconfi-cor_RO1.7.2.1.01.00.00;14330936,84
Prefeitura Municipal de Urucurituba - AM;1304401;AM;21140;Receitas Brutas Realizadas;1.7.2.1.01.02.00 - Cota-Parte do Fundo de Participação dos Municípios ¿ FPM;siconfi-cor_RO1.7.2.1.01.02.00;13378686,83
Prefeitura Municipal de Urucurituba - AM;1304401;AM;21140;Receitas Brutas Realizadas;1.7.2.1.01.03.00 - Cota-Parte do Fundo de Participação dos Municípios - 1% Cota Anual;siconfi-cor_RO1.7.2.1.01.03.00;556040,01
Prefeitura Municipal de Urucurituba - AM;1304401;AM;21140;Receitas Brutas Realizadas;1.7.2.1.01.04.00 - Cota-Parte do Fundo de Participação dos Municípios - 1% Cota entregue no mês de julho (67)(I);siconfi-cor_RO1.7.2.1.01.04.00;395160,46
Prefeitura Municipal de Urucurituba - AM;1304401;AM;21140;Receitas Brutas Realizadas;1.7.2.1.01.05.00 - Cota-Parte do Imposto Sobre a Propriedade Territorial Rural ¿ ITR;siconfi-cor_RO1.7.2.1.01.05.00;1049,54
Prefeitura Municipal de Urucurituba - AM;1304401;AM;21140;Receitas Brutas Realizadas;1.7.2.1.22.00.00 - Transferências da Compensação Financeira pela Exploração de Recursos Naturais;siconfi-cor_RO1.7.2.1.22.00.00;161901,56
Prefeitura Municipal de Urucurituba - AM;1304401;AM;21140;Receitas Brutas Realizadas;1.7.2.1.22.40.00 - Cota-Parte Royalties pelo Excedente da Produção do Petróleo - Lei nº 9.478/97 artigo 49 I e II;siconfi-cor_RO1.7.2.1.22.40.00;49022,56
Prefeitura Municipal de Urucurituba - AM;1304401;AM;21140;Receitas Brutas Realizadas;1.7.2.1.22.70.00 - Cota-Parte do Fundo Especial do Petróleo ¿ FEP;siconfi-cor_RO1.7.2.1.22.70.00;112879
Prefeitura Municipal de Urucurituba - AM;1304401;AM;21140;Receitas Brutas Realizadas;1.7.2.1.33.00.00 - Transferências de Recursos do Sistema Único de Saúde - SUS - Repasses Fundo a Fundo;siconfi-cor_RO1.7.2.1.33.00.00;2784988,11
Prefeitura Municipal de Urucurituba - AM;1304401;AM;21140;Receitas Brutas Realizadas;1.7.2.1.34.00.00 - Transferências de Recursos do Fundo Nacional de Assistência Social ¿ FNAS;siconfi-cor_RO1.7.2.1.34.00.00;377209,27
Prefeitura Municipal de Urucurituba - AM;1304401;AM;21140;Receitas Brutas Realizadas;1.7.2.1.35.00.00 - Transferências de Recursos do Fundo Nacional do Desenvolvimento da Educação ¿ FNDE;siconfi-cor_RO1.7.2.1.35.00.00;436164,08
Prefeitura Municipal de Urucurituba - AM;1304401;AM;21140;Receitas Brutas Realizadas;1.7.2.1.36.00.00 - Transferências Financeiras do ICMS ¿ Desoneração ¿ L.C. Nº 87/96;siconfi-cor_RO1.7.2.1.36.00.00;19001,04
Prefeitura Municipal de Urucurituba - AM;1304401;AM;21140;Receitas Brutas Realizadas;1.7.2.1.99.00.00 - Outras Transferências da União;siconfi-cor_RO1.7.2.1.99.00.00;33262,97
Prefeitura Municipal de Urucurituba - AM;1304401;AM;21140;Receitas Brutas Realizadas;1.7.2.2.00.00.00 - Transferências dos Estados;siconfi-cor_RO1.7.2.2.00.00.00;7015750,34
Prefeitura Municipal de Urucurituba - AM;1304401;AM;21140;Receitas Brutas Realizadas;1.7.2.2.01.00.00 - Participação na Receita dos Estados;siconfi-cor_RO1.7.2.2.01.00.00;6936268,26
Prefeitura Municipal de Urucurituba - AM;1304401;AM;21140;Receitas Brutas Realizadas;1.7.2.2.01.01.00 - Cota-Parte do ICMS;siconfi-cor_RO1.7.2.2.01.01.00;6857292,23
Prefeitura Municipal de Urucurituba - AM;1304401;AM;21140;Receitas Brutas Realizadas;1.7.2.2.01.02.00 - Cota-Parte do IPVA;siconfi-cor_RO1.7.2.2.01.02.00;9745,52
Prefeitura Municipal de Urucurituba - AM;1304401;AM;21140;Receitas Brutas Realizadas;1.7.2.2.01.04.00 - Cota-Parte do IPI - Municípios;siconfi-cor_RO1.7.2.2.01.04.00;27732,5
Prefeitura Municipal de Urucurituba - AM;1304401;AM;21140;Receitas Brutas Realizadas;1.7.2.2.01.13.00 - Cota-Parte da Contribuição de Intervenção no Domínio Econômico;siconfi-cor_RO1.7.2.2.01.13.00;41498,01
Prefeitura Municipal de Urucurituba - AM;1304401;AM;21140;Receitas Brutas Realizadas;1.7.2.2.22.00.00 - Transferências da Cota-Parte da Compensação Financeira (25%);siconfi-cor_RO1.7.2.2.22.00.00;79482,08
Prefeitura Municipal de Urucurituba - AM;1304401;AM;21140;Receitas Brutas Realizadas;1.7.2.2.22.30.00 - Cota-Parte Royalties - Compensação Financeira pela Produção de Petróleo - Lei nº 7.990/89 artigo 9º;siconfi-cor_RO1.7.2.2.22.30.00;79482,08
Prefeitura Municipal de Urucurituba - AM;1304401;AM;21140;Receitas Brutas Realizadas;1.7.2.4.00.00.00 - Transferências Multigovernamentais;siconfi-cor_RO1.7.2.4.00.00.00;6941587,94
Prefeitura Municipal de Urucurituba - AM;1304401;AM;21140;Receitas Brutas Realizadas;1.7.2.4.01.00.00 - Transferências de Recursos do Fundo de Manutenção e Desenvolvimento do Ensino Fundamental e de Valorização do Magistério - FUNDEB;siconfi-cor_RO1.7.2.4.01.00.00;5373666,66
Prefeitura Municipal de Urucurituba - AM;1304401;AM;21140;Receitas Brutas Realizadas;1.7.2.4.02.00.00 - Transferências de Recursos da Complementação ao Fundo de Manutenção e Desenvolvimento do Ensino Fundamental e de Valorização do Magistério - FUNDEB;siconfi-cor_RO1.7.2.4.02.00.00;1567921,28
Prefeitura Municipal de Urucurituba - AM;1304401;AM;21140;Receitas Brutas Realizadas;1.9.0.0.00.00.00 - Outras Receitas Correntes;siconfi-cor_RO1.9.0.0.00.00.00;291,54
Prefeitura Municipal de Urucurituba - AM;1304401;AM;21140;Receitas Brutas Realizadas;1.9.9.0.00.00.00 - Receitas Diversas;siconfi-cor_RO1.9.9.0.00.00.00;291,54
Prefeitura Municipal de Urucurituba - AM;1304401;AM;21140;Receitas Brutas Realizadas;1.9.9.0.99.00.00 - Outras Receitas;siconfi-cor_RO1.9.9.0.99.00.00;291,54
Prefeitura Municipal de Urucurituba - AM;1304401;AM;21140;Receitas Brutas Realizadas;2.0.0.0.00.00.00 - Receitas de Capital;siconfi-cor_RO2.0.0.0.00.00.00;127403,27
Prefeitura Municipal de Urucurituba - AM;1304401;AM;21140;Receitas Brutas Realizadas;2.4.0.0.00.00.00 - Transferências de Capital;siconfi-cor_RO2.4.0.0.00.00.00;127403,27
Prefeitura Municipal de Urucurituba - AM;1304401;AM;21140;Receitas Brutas Realizadas;2.4.2.0.00.00.00 - Transferências Intergovernamentais;siconfi-cor_RO2.4.2.0.00.00.00;127403,27
Prefeitura Municipal de Urucurituba - AM;1304401;AM;21140;Receitas Brutas Realizadas;2.4.2.1.00.00.00 - Transferências da União;siconfi-cor_RO2.4.2.1.00.00.00;127403,27
Prefeitura Municipal de Urucurituba - AM;1304401;AM;21140;Receitas Brutas Realizadas;2.4.2.1.02.00.00 - Transferências de Recursos Destinados a Programas de Educação;siconfi-cor_RO2.4.2.1.02.00.00;127403,27
Prefeitura Municipal de Urucurituba - AM;1304401;AM;21140;Deduções - FUNDEB;Total Receitas;siconfi-cor_TotalReceitas;4051811,4
Prefeitura Municipal de Urucurituba - AM;1304401;AM;21140;Deduções - FUNDEB;1.0.0.0.00.00.00 - Receitas Correntes;siconfi-cor_RO1.0.0.0.00.00.00;4051811,4
Prefeitura Municipal de Urucurituba - AM;1304401;AM;21140;Deduções - FUNDEB;1.7.0.0.00.00.00 - Transferências Correntes;siconfi-cor_RO1.7.0.0.00.00.00;4051811,4
Prefeitura Municipal de Urucurituba - AM;1304401;AM;21140;Deduções - FUNDEB;1.7.2.0.00.00.00 - Transferências Intergovernamentais;siconfi-cor_RO1.7.2.0.00.00.00;4051811,4
Prefeitura Municipal de Urucurituba - AM;1304401;AM;21140;Deduções - FUNDEB;1.7.2.1.00.00.00 - Transferências da União;siconfi-cor_RO1.7.2.1.00.00.00;2672857,4
Prefeitura Municipal de Urucurituba - AM;1304401;AM;21140;Deduções - FUNDEB;1.7.2.1.01.00.00 - Participação na Receita da União;siconfi-cor_RO1.7.2.1.01.00.00;2669057,24
Prefeitura Municipal de Urucurituba - AM;1304401;AM;21140;Deduções - FUNDEB;1.7.2.1.01.02.00 - Cota-Parte do Fundo de Participação dos Municípios ¿ FPM;siconfi-cor_RO1.7.2.1.01.02.00;2668847,36
Prefeitura Municipal de Urucurituba - AM;1304401;AM;21140;Deduções - FUNDEB;1.7.2.1.01.05.00 - Cota-Parte do Imposto Sobre a Propriedade Territorial Rural ¿ ITR;siconfi-cor_RO1.7.2.1.01.05.00;209,88
Prefeitura Municipal de Urucurituba - AM;1304401;AM;21140;Deduções - FUNDEB;1.7.2.1.36.00.00 - Transferências Financeiras do ICMS ¿ Desoneração ¿ L.C. Nº 87/96;siconfi-cor_RO1.7.2.1.36.00.00;3800,16
Prefeitura Municipal de Urucurituba - AM;1304401;AM;21140;Deduções - FUNDEB;1.7.2.2.00.00.00 - Transferências dos Estados;siconfi-cor_RO1.7.2.2.00.00.00;1378954
Prefeitura Municipal de Urucurituba - AM;1304401;AM;21140;Deduções - FUNDEB;1.7.2.2.01.00.00 - Participação na Receita dos Estados;siconfi-cor_RO1.7.2.2.01.00.00;1378954
Prefeitura Municipal de Urucurituba - AM;1304401;AM;21140;Deduções - FUNDEB;1.7.2.2.01.01.00 - Cota-Parte do ICMS;siconfi-cor_RO1.7.2.2.01.01.00;1371458,45
Prefeitura Municipal de Urucurituba - AM;1304401;AM;21140;Deduções - FUNDEB;1.7.2.2.01.02.00 - Cota-Parte do IPVA;siconfi-cor_RO1.7.2.2.01.02.00;1949,03
Prefeitura Municipal de Urucurituba - AM;1304401;AM;21140;Deduções - FUNDEB;1.7.2.2.01.04.00 - Cota-Parte do IPI - Municípios;siconfi-cor_RO1.7.2.2.01.04.00;5546,52
Prefeitura Municipal de Iranduba - AM;1301852;AM;45984;Receitas Brutas Realizadas;Total Receitas;siconfi-cor_TotalReceitas;105230705,1
Prefeitura Municipal de Iranduba - AM;1301852;AM;45984;Receitas Brutas Realizadas;1.0.0.0.00.00.00 - Receitas Correntes;siconfi-cor_RO1.0.0.0.00.00.00;101516231,1
Prefeitura Municipal de Iranduba - AM;1301852;AM;45984;Receitas Brutas Realizadas;1.1.0.0.00.00.00 - Receita Tributária;siconfi-cor_RO1.1.0.0.00.00.00;7212688,06
Prefeitura Municipal de Iranduba - AM;1301852;AM;45984;Receitas Brutas Realizadas;1.1.1.0.00.00.00 - Impostos;siconfi-cor_RO1.1.1.0.00.00.00;6633367,31
Prefeitura Municipal de Iranduba - AM;1301852;AM;45984;Receitas Brutas Realizadas;1.1.1.2.00.00.00 - Impostos sobre o Patrimônio e a Renda;siconfi-cor_RO1.1.1.2.00.00.00;1118887,62
Prefeitura Municipal de Iranduba - AM;1301852;AM;45984;Receitas Brutas Realizadas;1.1.1.2.02.00.00 - Imposto sobre a Propriedade Predial e Territorial Urbana ¿ IPTU;siconfi-cor_RO1.1.1.2.02.00.00;53479,16
Prefeitura Municipal de Iranduba - AM;1301852;AM;45984;Receitas Brutas Realizadas;1.1.1.2.04.00.00 - Imposto sobre a Renda e Proventos de Qualquer Natureza ¿ IR;siconfi-cor_RO1.1.1.2.04.00.00;736599,17
Prefeitura Municipal de Iranduba - AM;1301852;AM;45984;Receitas Brutas Realizadas;1.1.1.2.04.31.00 - Retido nas Fontes - Trabalho;siconfi-cor_RO1.1.1.2.04.31.00;657856,71
Prefeitura Municipal de Iranduba - AM;1301852;AM;45984;Receitas Brutas Realizadas;1.1.1.2.04.34.00 - Retido nas Fontes - Outros Rendimentos;siconfi-cor_RO1.1.1.2.04.34.00;78742,46
Prefeitura Municipal de Iranduba - AM;1301852;AM;45984;Receitas Brutas Realizadas;"1.1.1.2.08.00.00 - Imposto sobre Transmissão Inter Vivos"" de Bens Imóveis e de Direitos Reais sobre Imóveis ¿ ITBI""";siconfi-cor_RO1.1.1.2.08.00.00;328809,29
Prefeitura Municipal de Iranduba - AM;1301852;AM;45984;Receitas Brutas Realizadas;1.1.1.3.00.00.00 - Impostos sobre a Produção e a Circulação;siconfi-cor_RO1.1.1.3.00.00.00;5514479,69
Prefeitura Municipal de Iranduba - AM;1301852;AM;45984;Receitas Brutas Realizadas;1.1.1.3.05.00.00 - Imposto sobre Serviços de Qualquer Natureza ¿ ISSQN;siconfi-cor_RO1.1.1.3.05.00.00;5514479,69
Prefeitura Municipal de Iranduba - AM;1301852;AM;45984;Receitas Brutas Realizadas;1.1.2.0.00.00.00 - Taxas;siconfi-cor_RO1.1.2.0.00.00.00;92839,88
Prefeitura Municipal de Iranduba - AM;1301852;AM;45984;Receitas Brutas Realizadas;1.1.2.1.00.00.00 - Taxas pelo Exercício do Poder de Polícia;siconfi-cor_RO1.1.2.1.00.00.00;55580,72
Prefeitura Municipal de Iranduba - AM;1301852;AM;45984;Receitas Brutas Realizadas;1.1.2.2.00.00.00 - Taxas pela Prestação de Serviços;siconfi-cor_RO1.1.2.2.00.00.00;37259,16
Prefeitura Municipal de Iranduba - AM;1301852;AM;45984;Receitas Brutas Realizadas;1.1.2.2.99.00.00 - Outras Taxas pela Prestação de Serviços;siconfi-cor_RO1.1.2.2.99.00.00;37259,16
Prefeitura Municipal de Iranduba - AM;1301852;AM;45984;Receitas Brutas Realizadas;1.1.3.0.00.00.00 - Contribuição de Melhoria;siconfi-cor_RO1.1.3.0.00.00.00;486480,87
Prefeitura Municipal de Iranduba - AM;1301852;AM;45984;Receitas Brutas Realizadas;1.1.3.0.02.00.00 - Contribuição de Melhoria para Expansão da Rede de Iluminação Pública na Cidade;siconfi-cor_RO1.1.3.0.02.00.00;486480,87
Prefeitura Municipal de Iranduba - AM;1301852;AM;45984;Receitas Brutas Realizadas;1.3.0.0.00.00.00 - Receita Patrimonial;siconfi-cor_RO1.3.0.0.00.00.00;3147287,1
Prefeitura Municipal de Iranduba - AM;1301852;AM;45984;Receitas Brutas Realizadas;1.3.2.0.00.00.00 - Receitas de Valores Mobiliários;siconfi-cor_RO1.3.2.0.00.00.00;3147287,1
Prefeitura Municipal de Iranduba - AM;1301852;AM;45984;Receitas Brutas Realizadas;1.3.2.5.00.00.00 - Remuneração de Depósitos Bancários;siconfi-cor_RO1.3.2.5.00.00.00;445522,42
Prefeitura Municipal de Iranduba - AM;1301852;AM;45984;Receitas Brutas Realizadas;1.3.2.8.00.00.00 - Remuneração dos Investimentos do Regime Próprio de Previdência do Servidor;siconfi-cor_RO1.3.2.8.00.00.00;2701764,68
Prefeitura Municipal de Iranduba - AM;1301852;AM;45984;Receitas Brutas Realizadas;1.6.0.0.00.00.00 - Receita de Serviços;siconfi-cor_RO1.6.0.0.00.00.00;450
Prefeitura Municipal de Iranduba - AM;1301852;AM;45984;Receitas Brutas Realizadas;1.6.0.0.13.00.00 - Serviços Administrativos;siconfi-cor_RO1.6.0.0.13.00.00;450
Prefeitura Municipal de Iranduba - AM;1301852;AM;45984;Receitas Brutas Realizadas;1.7.0.0.00.00.00 - Transferências Correntes;siconfi-cor_RO1.7.0.0.00.00.00;89282929
Prefeitura Municipal de Iranduba - AM;1301852;AM;45984;Receitas Brutas Realizadas;1.7.2.0.00.00.00 - Transferências Intergovernamentais;siconfi-cor_RO1.7.2.0.00.00.00;89231798,56
Prefeitura Municipal de Iranduba - AM;1301852;AM;45984;Receitas Brutas Realizadas;1.7.2.1.00.00.00 - Transferências da União;siconfi-cor_RO1.7.2.1.00.00.00;40557816,67
Prefeitura Municipal de Iranduba - AM;1301852;AM;45984;Receitas Brutas Realizadas;1.7.2.1.01.00.00 - Participação na Receita da União;siconfi-cor_RO1.7.2.1.01.00.00;23911720,92
Prefeitura Municipal de Iranduba - AM;1301852;AM;45984;Receitas Brutas Realizadas;1.7.2.1.01.02.00 - Cota-Parte do Fundo de Participação dos Municípios ¿ FPM;siconfi-cor_RO1.7.2.1.01.02.00;22956412,15
Prefeitura Municipal de Iranduba - AM;1301852;AM;45984;Receitas Brutas Realizadas;1.7.2.1.01.03.00 - Cota-Parte do Fundo de Participação dos Municípios - 1% Cota Anual;siconfi-cor_RO1.7.2.1.01.03.00;926733,35
Prefeitura Municipal de Iranduba - AM;1301852;AM;45984;Receitas Brutas Realizadas;1.7.2.1.01.05.00 - Cota-Parte do Imposto Sobre a Propriedade Territorial Rural ¿ ITR;siconfi-cor_RO1.7.2.1.01.05.00;28575,42
Prefeitura Municipal de Iranduba - AM;1301852;AM;45984;Receitas Brutas Realizadas;1.7.2.1.22.00.00 - Transferências da Compensação Financeira pela Exploração de Recursos Naturais;siconfi-cor_RO1.7.2.1.22.00.00;482279,71
Prefeitura Municipal de Iranduba - AM;1301852;AM;45984;Receitas Brutas Realizadas;1.7.2.1.22.20.00 - Cota-Parte da Compensação Financeira de Recursos Minerais - CFEM;siconfi-cor_RO1.7.2.1.22.20.00;22199,89
Prefeitura Municipal de Iranduba - AM;1301852;AM;45984;Receitas Brutas Realizadas;1.7.2.1.22.40.00 - Cota-Parte Royalties pelo Excedente da Produção do Petróleo - Lei nº 9.478/97 artigo 49 I e II;siconfi-cor_RO1.7.2.1.22.40.00;271948,16
Prefeitura Municipal de Iranduba - AM;1301852;AM;45984;Receitas Brutas Realizadas;1.7.2.1.22.70.00 - Cota-Parte do Fundo Especial do Petróleo ¿ FEP;siconfi-cor_RO1.7.2.1.22.70.00;188131,66
Prefeitura Municipal de Iranduba - AM;1301852;AM;45984;Receitas Brutas Realizadas;1.7.2.1.33.00.00 - Transferências de Recursos do Sistema Único de Saúde - SUS - Repasses Fundo a Fundo;siconfi-cor_RO1.7.2.1.33.00.00;11255873,03
Prefeitura Municipal de Iranduba - AM;1301852;AM;45984;Receitas Brutas Realizadas;1.7.2.1.34.00.00 - Transferências de Recursos do Fundo Nacional de Assistência Social ¿ FNAS;siconfi-cor_RO1.7.2.1.34.00.00;864813,54
Prefeitura Municipal de Iranduba - AM;1301852;AM;45984;Receitas Brutas Realizadas;1.7.2.1.35.00.00 - Transferências de Recursos do Fundo Nacional do Desenvolvimento da Educação ¿ FNDE;siconfi-cor_RO1.7.2.1.35.00.00;3984405,36
Prefeitura Municipal de Iranduba - AM;1301852;AM;45984;Receitas Brutas Realizadas;1.7.2.1.36.00.00 - Transferências Financeiras do ICMS ¿ Desoneração ¿ L.C. Nº 87/96;siconfi-cor_RO1.7.2.1.36.00.00;21349,68
Prefeitura Municipal de Iranduba - AM;1301852;AM;45984;Receitas Brutas Realizadas;1.7.2.1.99.00.00 - Outras Transferências da União;siconfi-cor_RO1.7.2.1.99.00.00;37374,43
Prefeitura Municipal de Iranduba - AM;1301852;AM;45984;Receitas Brutas Realizadas;1.7.2.2.00.00.00 - Transferências dos Estados;siconfi-cor_RO1.7.2.2.00.00.00;9092398,97
Prefeitura Municipal de Iranduba - AM;1301852;AM;45984;Receitas Brutas Realizadas;1.7.2.2.01.00.00 - Participação na Receita dos Estados;siconfi-cor_RO1.7.2.2.01.00.00;8995631,27
Prefeitura Municipal de Iranduba - AM;1301852;AM;45984;Receitas Brutas Realizadas;1.7.2.2.01.01.00 - Cota-Parte do ICMS;siconfi-cor_RO1.7.2.2.01.01.00;7704882,89
Prefeitura Municipal de Iranduba - AM;1301852;AM;45984;Receitas Brutas Realizadas;1.7.2.2.01.02.00 - Cota-Parte do IPVA;siconfi-cor_RO1.7.2.2.01.02.00;822505,5
Prefeitura Municipal de Iranduba - AM;1301852;AM;45984;Receitas Brutas Realizadas;1.7.2.2.01.04.00 - Cota-Parte do IPI - Municípios;siconfi-cor_RO1.7.2.2.01.04.00;31160,32
Prefeitura Municipal de Iranduba - AM;1301852;AM;45984;Receitas Brutas Realizadas;1.7.2.2.01.13.00 - Cota-Parte da Contribuição de Intervenção no Domínio Econômico;siconfi-cor_RO1.7.2.2.01.13.00;75636,06
Prefeitura Municipal de Iranduba - AM;1301852;AM;45984;Receitas Brutas Realizadas;1.7.2.2.01.99.00 - Outras Participações na Receita dos Estados;siconfi-cor_RO1.7.2.2.01.99.00;361446,5
Prefeitura Municipal de Iranduba - AM;1301852;AM;45984;Receitas Brutas Realizadas;1.7.2.2.22.00.00 - Transferências da Cota-Parte da Compensação Financeira (25%);siconfi-cor_RO1.7.2.2.22.00.00;96767,7
Prefeitura Municipal de Iranduba - AM;1301852;AM;45984;Receitas Brutas Realizadas;1.7.2.2.22.30.00 - Cota-Parte Royalties - Compensação Financeira pela Produção de Petróleo - Lei nº 7.990/89 artigo 9º;siconfi-cor_RO1.7.2.2.22.30.00;96767,7
Prefeitura Municipal de Iranduba - AM;1301852;AM;45984;Receitas Brutas Realizadas;1.7.2.4.00.00.00 - Transferências Multigovernamentais;siconfi-cor_RO1.7.2.4.00.00.00;39581582,92
Prefeitura Municipal de Iranduba - AM;1301852;AM;45984;Receitas Brutas Realizadas;1.7.2.4.01.00.00 - Transferências de Recursos do Fundo de Manutenção e Desenvolvimento do Ensino Fundamental e de Valorização do Magistério - FUNDEB;siconfi-cor_RO1.7.2.4.01.00.00;30370025,32
Prefeitura Municipal de Iranduba - AM;1301852;AM;45984;Receitas Brutas Realizadas;1.7.2.4.02.00.00 - Transferências de Recursos da Complementação ao Fundo de Manutenção e Desenvolvimento do Ensino Fundamental e de Valorização do Magistério - FUNDEB;siconfi-cor_RO1.7.2.4.02.00.00;9211557,6
Prefeitura Municipal de Iranduba - AM;1301852;AM;45984;Receitas Brutas Realizadas;1.7.6.0.00.00.00 - Transferências de Convênios;siconfi-cor_RO1.7.6.0.00.00.00;51130,44
Prefeitura Municipal de Iranduba - AM;1301852;AM;45984;Receitas Brutas Realizadas;1.7.6.1.00.00.00 - Transferências de Convênios da União e de Suas Entidades;siconfi-cor_RO1.7.6.1.00.00.00;51130,44
Prefeitura Municipal de Iranduba - AM;1301852;AM;45984;Receitas Brutas Realizadas;1.7.6.1.99.00.00 - Outras Transferências de Convênios da União;siconfi-cor_RO1.7.6.1.99.00.00;51130,44
Prefeitura Municipal de Iranduba - AM;1301852;AM;45984;Receitas Brutas Realizadas;1.9.0.0.00.00.00 - Outras Receitas Correntes;siconfi-cor_RO1.9.0.0.00.00.00;1872876,95
Prefeitura Municipal de Iranduba - AM;1301852;AM;45984;Receitas Brutas Realizadas;1.9.1.0.00.00.00 - Multas e Juros de Mora;siconfi-cor_RO1.9.1.0.00.00.00;22746,95
Prefeitura Municipal de Iranduba - AM;1301852;AM;45984;Receitas Brutas Realizadas;1.9.1.8.00.00.00 - Multas e Juros de Mora de Outras Receitas;siconfi-cor_RO1.9.1.8.00.00.00;22746,95
Prefeitura Municipal de Iranduba - AM;1301852;AM;45984;Receitas Brutas Realizadas;1.9.1.8.99.00.00 - Outras Multas e Juros de Mora;siconfi-cor_RO1.9.1.8.99.00.00;22746,95
Prefeitura Municipal de Iranduba - AM;1301852;AM;45984;Receitas Brutas Realizadas;1.9.9.0.00.00.00 - Receitas Diversas;siconfi-cor_RO1.9.9.0.00.00.00;1850130
Prefeitura Municipal de Iranduba - AM;1301852;AM;45984;Receitas Brutas Realizadas;1.9.9.0.99.00.00 - Outras Receitas;siconfi-cor_RO1.9.9.0.99.00.00;1850130
Prefeitura Municipal de Iranduba - AM;1301852;AM;45984;Receitas Brutas Realizadas;8.0.0.0.00.00.00 - Receitas de Capital Intraorçamentárias;siconfi-cor_RI8.0.0.0.00.00.00;3714473,94
Prefeitura Municipal de Iranduba - AM;1301852;AM;45984;Deduções - FUNDEB;Total Receitas;siconfi-cor_TotalReceitas;6169774,74
Prefeitura Municipal de Iranduba - AM;1301852;AM;45984;Deduções - FUNDEB;1.0.0.0.00.00.00 - Receitas Correntes;siconfi-cor_RO1.0.0.0.00.00.00;6169774,74
Prefeitura Municipal de Iranduba - AM;1301852;AM;45984;Deduções - FUNDEB;1.7.0.0.00.00.00 - Transferências Correntes;siconfi-cor_RO1.7.0.0.00.00.00;6169774,74
Prefeitura Municipal de Iranduba - AM;1301852;AM;45984;Deduções - FUNDEB;1.7.2.0.00.00.00 - Transferências Intergovernamentais;siconfi-cor_RO1.7.2.0.00.00.00;6169774,74
Prefeitura Municipal de Iranduba - AM;1301852;AM;45984;Deduções - FUNDEB;1.7.2.1.00.00.00 - Transferências da União;siconfi-cor_RO1.7.2.1.00.00.00;4458063,98
Prefeitura Municipal de Iranduba - AM;1301852;AM;45984;Deduções - FUNDEB;1.7.2.1.01.00.00 - Participação na Receita da União;siconfi-cor_RO1.7.2.1.01.00.00;4453794,14
Prefeitura Municipal de Iranduba - AM;1301852;AM;45984;Deduções - FUNDEB;1.7.2.1.01.02.00 - Cota-Parte do Fundo de Participação dos Municípios ¿ FPM;siconfi-cor_RO1.7.2.1.01.02.00;4448079,18
Prefeitura Municipal de Iranduba - AM;1301852;AM;45984;Deduções - FUNDEB;1.7.2.1.01.05.00 - Cota-Parte do Imposto Sobre a Propriedade Territorial Rural ¿ ITR;siconfi-cor_RO1.7.2.1.01.05.00;5714,96
Prefeitura Municipal de Iranduba - AM;1301852;AM;45984;Deduções - FUNDEB;1.7.2.1.36.00.00 - Transferências Financeiras do ICMS ¿ Desoneração ¿ L.C. Nº 87/96;siconfi-cor_RO1.7.2.1.36.00.00;4269,84
Prefeitura Municipal de Iranduba - AM;1301852;AM;45984;Deduções - FUNDEB;1.7.2.2.00.00.00 - Transferências dos Estados;siconfi-cor_RO1.7.2.2.00.00.00;1711710,76
Prefeitura Municipal de Iranduba - AM;1301852;AM;45984;Deduções - FUNDEB;1.7.2.2.01.00.00 - Participação na Receita dos Estados;siconfi-cor_RO1.7.2.2.01.00.00;1711710,76
Prefeitura Municipal de Iranduba - AM;1301852;AM;45984;Deduções - FUNDEB;1.7.2.2.01.01.00 - Cota-Parte do ICMS;siconfi-cor_RO1.7.2.2.01.01.00;1540976,59
Prefeitura Municipal de Iranduba - AM;1301852;AM;45984;Deduções - FUNDEB;1.7.2.2.01.02.00 - Cota-Parte do IPVA;siconfi-cor_RO1.7.2.2.01.02.00;164502,12
Prefeitura Municipal de Iranduba - AM;1301852;AM;45984;Deduções - FUNDEB;1.7.2.2.01.04.00 - Cota-Parte do IPI - Municípios;siconfi-cor_RO1.7.2.2.01.04.00;6232,05
Prefeitura Municipal de Canutama - AM;1300904;AM;15130;Receitas Brutas Realizadas;Total Receitas;siconfi-cor_TotalReceitas;30820143,95
Prefeitura Municipal de Canutama - AM;1300904;AM;15130;Receitas Brutas Realizadas;1.0.0.0.00.00.00 - Receitas Correntes;siconfi-cor_RO1.0.0.0.00.00.00;30042062,98
Prefeitura Municipal de Canutama - AM;1300904;AM;15130;Receitas Brutas Realizadas;1.1.0.0.00.00.00 - Receita Tributária;siconfi-cor_RO1.1.0.0.00.00.00;980468,08
Prefeitura Municipal de Canutama - AM;1300904;AM;15130;Receitas Brutas Realizadas;1.1.1.0.00.00.00 - Impostos;siconfi-cor_RO1.1.1.0.00.00.00;974283,08
Prefeitura Municipal de Canutama - AM;1300904;AM;15130;Receitas Brutas Realizadas;1.1.1.2.00.00.00 - Impostos sobre o Patrimônio e a Renda;siconfi-cor_RO1.1.1.2.00.00.00;286394,68
Prefeitura Municipal de Canutama - AM;1300904;AM;15130;Receitas Brutas Realizadas;1.1.1.2.02.00.00 - Imposto sobre a Propriedade Predial e Territorial Urbana ¿ IPTU;siconfi-cor_RO1.1.1.2.02.00.00;1298,71
Prefeitura Municipal de Canutama - AM;1300904;AM;15130;Receitas Brutas Realizadas;1.1.1.2.04.00.00 - Imposto sobre a Renda e Proventos de Qualquer Natureza ¿ IR;siconfi-cor_RO1.1.1.2.04.00.00;275095,97
Prefeitura Municipal de Canutama - AM;1300904;AM;15130;Receitas Brutas Realizadas;1.1.1.2.04.31.00 - Retido nas Fontes - Trabalho;siconfi-cor_RO1.1.1.2.04.31.00;267346,92
Prefeitura Municipal de Canutama - AM;1300904;AM;15130;Receitas Brutas Realizadas;1.1.1.2.04.34.00 - Retido nas Fontes - Outros Rendimentos;siconfi-cor_RO1.1.1.2.04.34.00;7749,05
Prefeitura Municipal de Canutama - AM;1300904;AM;15130;Receitas Brutas Realizadas;"1.1.1.2.08.00.00 - Imposto sobre Transmissão Inter Vivos"" de Bens Imóveis e de Direitos Reais sobre Imóveis ¿ ITBI""";siconfi-cor_RO1.1.1.2.08.00.00;10000
Prefeitura Municipal de Canutama - AM;1300904;AM;15130;Receitas Brutas Realizadas;1.1.1.3.00.00.00 - Impostos sobre a Produção e a Circulação;siconfi-cor_RO1.1.1.3.00.00.00;687888,4
Prefeitura Municipal de Canutama - AM;1300904;AM;15130;Receitas Brutas Realizadas;1.1.1.3.05.00.00 - Imposto sobre Serviços de Qualquer Natureza ¿ ISSQN;siconfi-cor_RO1.1.1.3.05.00.00;687888,4
Prefeitura Municipal de Canutama - AM;1300904;AM;15130;Receitas Brutas Realizadas;1.1.2.0.00.00.00 - Taxas;siconfi-cor_RO1.1.2.0.00.00.00;6185
Prefeitura Municipal de Canutama - AM;1300904;AM;15130;Receitas Brutas Realizadas;1.1.2.1.00.00.00 - Taxas pelo Exercício do Poder de Polícia;siconfi-cor_RO1.1.2.1.00.00.00;5914,4
Prefeitura Municipal de Canutama - AM;1300904;AM;15130;Receitas Brutas Realizadas;1.1.2.2.00.00.00 - Taxas pela Prestação de Serviços;siconfi-cor_RO1.1.2.2.00.00.00;270,6
Prefeitura Municipal de Canutama - AM;1300904;AM;15130;Receitas Brutas Realizadas;1.1.2.2.90.00.00 - Taxa de Limpeza Pública;siconfi-cor_RO1.1.2.2.90.00.00;105,6
Prefeitura Municipal de Canutama - AM;1300904;AM;15130;Receitas Brutas Realizadas;1.1.2.2.99.00.00 - Outras Taxas pela Prestação de Serviços;siconfi-cor_RO1.1.2.2.99.00.00;165
Prefeitura Municipal de Canutama - AM;1300904;AM;15130;Receitas Brutas Realizadas;1.3.0.0.00.00.00 - Receita Patrimonial;siconfi-cor_RO1.3.0.0.00.00.00;46951,11
Prefeitura Municipal de Canutama - AM;1300904;AM;15130;Receitas Brutas Realizadas;1.3.2.0.00.00.00 - Receitas de Valores Mobiliários;siconfi-cor_RO1.3.2.0.00.00.00;46951,11
Prefeitura Municipal de Canutama - AM;1300904;AM;15130;Receitas Brutas Realizadas;1.3.2.5.00.00.00 - Remuneração de Depósitos Bancários;siconfi-cor_RO1.3.2.5.00.00.00;46951,11
Prefeitura Municipal de Canutama - AM;1300904;AM;15130;Receitas Brutas Realizadas;1.6.0.0.00.00.00 - Receita de Serviços;siconfi-cor_RO1.6.0.0.00.00.00;81969,04
Prefeitura Municipal de Canutama - AM;1300904;AM;15130;Receitas Brutas Realizadas;1.6.0.0.41.00.00 - Serviços de Captação, Adução, Tratamento, Reserva e Distribuição de Água;siconfi-cor_RO1.6.0.0.41.00.00;81969,04
Prefeitura Municipal de Canutama - AM;1300904;AM;15130;Receitas Brutas Realizadas;1.7.0.0.00.00.00 - Transferências Correntes;siconfi-cor_RO1.7.0.0.00.00.00;28756876,93
Prefeitura Municipal de Canutama - AM;1300904;AM;15130;Receitas Brutas Realizadas;1.7.2.0.00.00.00 - Transferências Intergovernamentais;siconfi-cor_RO1.7.2.0.00.00.00;28756876,93
Prefeitura Municipal de Canutama - AM;1300904;AM;15130;Receitas Brutas Realizadas;1.7.2.1.00.00.00 - Transferências da União;siconfi-cor_RO1.7.2.1.00.00.00;14692338,68
Prefeitura Municipal de Canutama - AM;1300904;AM;15130;Receitas Brutas Realizadas;1.7.2.1.01.00.00 - Participação na Receita da União;siconfi-cor_RO1.7.2.1.01.00.00;11967550,51
Prefeitura Municipal de Canutama - AM;1300904;AM;15130;Receitas Brutas Realizadas;1.7.2.1.01.02.00 - Cota-Parte do Fundo de Participação dos Municípios ¿ FPM;siconfi-cor_RO1.7.2.1.01.02.00;11941572,76
Prefeitura Municipal de Canutama - AM;1300904;AM;15130;Receitas Brutas Realizadas;1.7.2.1.01.05.00 - Cota-Parte do Imposto Sobre a Propriedade Territorial Rural ¿ ITR;siconfi-cor_RO1.7.2.1.01.05.00;25977,75
Prefeitura Municipal de Canutama - AM;1300904;AM;15130;Receitas Brutas Realizadas;1.7.2.1.22.00.00 - Transferências da Compensação Financeira pela Exploração de Recursos Naturais;siconfi-cor_RO1.7.2.1.22.00.00;94065,83
Prefeitura Municipal de Canutama - AM;1300904;AM;15130;Receitas Brutas Realizadas;1.7.2.1.22.70.00 - Cota-Parte do Fundo Especial do Petróleo ¿ FEP;siconfi-cor_RO1.7.2.1.22.70.00;94065,83
Prefeitura Municipal de Canutama - AM;1300904;AM;15130;Receitas Brutas Realizadas;1.7.2.1.33.00.00 - Transferências de Recursos do Sistema Único de Saúde - SUS - Repasses Fundo a Fundo;siconfi-cor_RO1.7.2.1.33.00.00;1753692,16
Prefeitura Municipal de Canutama - AM;1300904;AM;15130;Receitas Brutas Realizadas;1.7.2.1.34.00.00 - Transferências de Recursos do Fundo Nacional de Assistência Social ¿ FNAS;siconfi-cor_RO1.7.2.1.34.00.00;412779,12
Prefeitura Municipal de Canutama - AM;1300904;AM;15130;Receitas Brutas Realizadas;1.7.2.1.35.00.00 - Transferências de Recursos do Fundo Nacional do Desenvolvimento da Educação ¿ FNDE;siconfi-cor_RO1.7.2.1.35.00.00;406513,54
Prefeitura Municipal de Canutama - AM;1300904;AM;15130;Receitas Brutas Realizadas;1.7.2.1.36.00.00 - Transferências Financeiras do ICMS ¿ Desoneração ¿ L.C. Nº 87/96;siconfi-cor_RO1.7.2.1.36.00.00;20991
Prefeitura Municipal de Canutama - AM;1300904;AM;15130;Receitas Brutas Realizadas;1.7.2.1.99.00.00 - Outras Transferências da União;siconfi-cor_RO1.7.2.1.99.00.00;36746,52
Prefeitura Municipal de Canutama - AM;1300904;AM;15130;Receitas Brutas Realizadas;1.7.2.2.00.00.00 - Transferências dos Estados;siconfi-cor_RO1.7.2.2.00.00.00;8084748,04
Prefeitura Municipal de Canutama - AM;1300904;AM;15130;Receitas Brutas Realizadas;1.7.2.2.01.00.00 - Participação na Receita dos Estados;siconfi-cor_RO1.7.2.2.01.00.00;7652316,86
Prefeitura Municipal de Canutama - AM;1300904;AM;15130;Receitas Brutas Realizadas;1.7.2.2.01.01.00 - Cota-Parte do ICMS;siconfi-cor_RO1.7.2.2.01.01.00;7575439,12
Prefeitura Municipal de Canutama - AM;1300904;AM;15130;Receitas Brutas Realizadas;1.7.2.2.01.02.00 - Cota-Parte do IPVA;siconfi-cor_RO1.7.2.2.01.02.00;13111,76
Prefeitura Municipal de Canutama - AM;1300904;AM;15130;Receitas Brutas Realizadas;1.7.2.2.01.04.00 - Cota-Parte do IPI - Municípios;siconfi-cor_RO1.7.2.2.01.04.00;30636,81
Prefeitura Municipal de Canutama - AM;1300904;AM;15130;Receitas Brutas Realizadas;1.7.2.2.01.13.00 - Cota-Parte da Contribuição de Intervenção no Domínio Econômico;siconfi-cor_RO1.7.2.2.01.13.00;33129,17
Prefeitura Municipal de Canutama - AM;1300904;AM;15130;Receitas Brutas Realizadas;1.7.2.2.22.00.00 - Transferências da Cota-Parte da Compensação Financeira (25%);siconfi-cor_RO1.7.2.2.22.00.00;87806,06
Prefeitura Municipal de Canutama - AM;1300904;AM;15130;Receitas Brutas Realizadas;1.7.2.2.22.30.00 - Cota-Parte Royalties - Compensação Financeira pela Produção de Petróleo - Lei nº 7.990/89 artigo 9º;siconfi-cor_RO1.7.2.2.22.30.00;87806,06
Prefeitura Municipal de Canutama - AM;1300904;AM;15130;Receitas Brutas Realizadas;1.7.2.2.33.00.00 - Transferências de Recursos do Estado para Programas de Saúde - Repasse Fundo a Fundo;siconfi-cor_RO1.7.2.2.33.00.00;344625,12
Prefeitura Municipal de Canutama - AM;1300904;AM;15130;Receitas Brutas Realizadas;1.7.2.4.00.00.00 - Transferências Multigovernamentais;siconfi-cor_RO1.7.2.4.00.00.00;5979790,21
Prefeitura Municipal de Canutama - AM;1300904;AM;15130;Receitas Brutas Realizadas;1.7.2.4.01.00.00 - Transferências de Recursos do Fundo de Manutenção e Desenvolvimento do Ensino Fundamental e de Valorização do Magistério - FUNDEB;siconfi-cor_RO1.7.2.4.01.00.00;4701849,56
Prefeitura Municipal de Canutama - AM;1300904;AM;15130;Receitas Brutas Realizadas;1.7.2.4.02.00.00 - Transferências de Recursos da Complementação ao Fundo de Manutenção e Desenvolvimento do Ensino Fundamental e de Valorização do Magistério - FUNDEB;siconfi-cor_RO1.7.2.4.02.00.00;1277940,65
Prefeitura Municipal de Canutama - AM;1300904;AM;15130;Receitas Brutas Realizadas;1.9.0.0.00.00.00 - Outras Receitas Correntes;siconfi-cor_RO1.9.0.0.00.00.00;175797,82
Prefeitura Municipal de Canutama - AM;1300904;AM;15130;Receitas Brutas Realizadas;1.9.9.0.00.00.00 - Receitas Diversas;siconfi-cor_RO1.9.9.0.00.00.00;175797,82
Prefeitura Municipal de Canutama - AM;1300904;AM;15130;Receitas Brutas Realizadas;1.9.9.0.99.00.00 - Outras Receitas;siconfi-cor_RO1.9.9.0.99.00.00;175797,82
Prefeitura Municipal de Canutama - AM;1300904;AM;15130;Receitas Brutas Realizadas;2.0.0.0.00.00.00 - Receitas de Capital;siconfi-cor_RO2.0.0.0.00.00.00;778080,97
Prefeitura Municipal de Canutama - AM;1300904;AM;15130;Receitas Brutas Realizadas;2.4.0.0.00.00.00 - Transferências de Capital;siconfi-cor_RO2.4.0.0.00.00.00;778080,97
Prefeitura Municipal de Canutama - AM;1300904;AM;15130;Receitas Brutas Realizadas;2.4.2.0.00.00.00 - Transferências Intergovernamentais;siconfi-cor_RO2.4.2.0.00.00.00;580909,2
Prefeitura Municipal de Canutama - AM;1300904;AM;15130;Receitas Brutas Realizadas;2.4.2.1.00.00.00 - Transferências da União;siconfi-cor_RO2.4.2.1.00.00.00;580909,2
Prefeitura Municipal de Canutama - AM;1300904;AM;15130;Receitas Brutas Realizadas;2.4.2.1.02.00.00 - Transferências de Recursos Destinados a Programas de Educação;siconfi-cor_RO2.4.2.1.02.00.00;80969,2
Prefeitura Municipal de Canutama - AM;1300904;AM;15130;Receitas Brutas Realizadas;2.4.2.1.99.00.00 - Outras Transferências da União;siconfi-cor_RO2.4.2.1.99.00.00;499940
Prefeitura Municipal de Canutama - AM;1300904;AM;15130;Receitas Brutas Realizadas;2.4.7.0.00.00.00 - Transferências de Convênios;siconfi-cor_RO2.4.7.0.00.00.00;197171,77
Prefeitura Municipal de Canutama - AM;1300904;AM;15130;Receitas Brutas Realizadas;2.4.7.1.00.00.00 - Transferências de Convênios da União e de suas Entidades;siconfi-cor_RO2.4.7.1.00.00.00;197171,77
Prefeitura Municipal de Canutama - AM;1300904;AM;15130;Receitas Brutas Realizadas;2.4.7.1.99.00.00 - Outras Transferências de Convênios da União;siconfi-cor_RO2.4.7.1.99.00.00;197171,77
Prefeitura Municipal de Canutama - AM;1300904;AM;15130;Deduções - FUNDEB;Total Receitas;siconfi-cor_TotalReceitas;3757270,29
Prefeitura Municipal de Canutama - AM;1300904;AM;15130;Deduções - FUNDEB;1.0.0.0.00.00.00 - Receitas Correntes;siconfi-cor_RO1.0.0.0.00.00.00;3757270,29
Prefeitura Municipal de Canutama - AM;1300904;AM;15130;Deduções - FUNDEB;1.7.0.0.00.00.00 - Transferências Correntes;siconfi-cor_RO1.7.0.0.00.00.00;3757270,29
Prefeitura Municipal de Canutama - AM;1300904;AM;15130;Deduções - FUNDEB;1.7.2.0.00.00.00 - Transferências Intergovernamentais;siconfi-cor_RO1.7.2.0.00.00.00;3757270,29
Prefeitura Municipal de Canutama - AM;1300904;AM;15130;Deduções - FUNDEB;1.7.2.1.00.00.00 - Transferências da União;siconfi-cor_RO1.7.2.1.00.00.00;2233433,06
Prefeitura Municipal de Canutama - AM;1300904;AM;15130;Deduções - FUNDEB;1.7.2.1.01.00.00 - Participação na Receita da União;siconfi-cor_RO1.7.2.1.01.00.00;2229234,86
Prefeitura Municipal de Canutama - AM;1300904;AM;15130;Deduções - FUNDEB;1.7.2.1.01.02.00 - Cota-Parte do Fundo de Participação dos Municípios ¿ FPM;siconfi-cor_RO1.7.2.1.01.02.00;2224039,44
Prefeitura Municipal de Canutama - AM;1300904;AM;15130;Deduções - FUNDEB;1.7.2.1.01.05.00 - Cota-Parte do Imposto Sobre a Propriedade Territorial Rural ¿ ITR;siconfi-cor_RO1.7.2.1.01.05.00;5195,42
Prefeitura Municipal de Canutama - AM;1300904;AM;15130;Deduções - FUNDEB;1.7.2.1.36.00.00 - Transferências Financeiras do ICMS ¿ Desoneração ¿ L.C. Nº 87/96;siconfi-cor_RO1.7.2.1.36.00.00;4198,2
Prefeitura Municipal de Canutama - AM;1300904;AM;15130;Deduções - FUNDEB;1.7.2.2.00.00.00 - Transferências dos Estados;siconfi-cor_RO1.7.2.2.00.00.00;1523837,23
Prefeitura Municipal de Canutama - AM;1300904;AM;15130;Deduções - FUNDEB;1.7.2.2.01.00.00 - Participação na Receita dos Estados;siconfi-cor_RO1.7.2.2.01.00.00;1523837,23
Prefeitura Municipal de Canutama - AM;1300904;AM;15130;Deduções - FUNDEB;1.7.2.2.01.01.00 - Cota-Parte do ICMS;siconfi-cor_RO1.7.2.2.01.01.00;1515087,81
Prefeitura Municipal de Canutama - AM;1300904;AM;15130;Deduções - FUNDEB;1.7.2.2.01.02.00 - Cota-Parte do IPVA;siconfi-cor_RO1.7.2.2.01.02.00;2622,08
Prefeitura Municipal de Canutama - AM;1300904;AM;15130;Deduções - FUNDEB;1.7.2.2.01.04.00 - Cota-Parte do IPI - Municípios;siconfi-cor_RO1.7.2.2.01.04.00;6127,34
Prefeitura Municipal de Amaturá - AM;1300060;AM;10847;Receitas Brutas Realizadas;Total Receitas;siconfi-cor_TotalReceitas;26315904,56
Prefeitura Municipal de Amaturá - AM;1300060;AM;10847;Receitas Brutas Realizadas;1.0.0.0.00.00.00 - Receitas Correntes;siconfi-cor_RO1.0.0.0.00.00.00;25912816,03
Prefeitura Municipal de Amaturá - AM;1300060;AM;10847;Receitas Brutas Realizadas;1.1.0.0.00.00.00 - Receita Tributária;siconfi-cor_RO1.1.0.0.00.00.00;478165,49
Prefeitura Municipal de Amaturá - AM;1300060;AM;10847;Receitas Brutas Realizadas;1.1.1.0.00.00.00 - Impostos;siconfi-cor_RO1.1.1.0.00.00.00;478165,49
Prefeitura Municipal de Amaturá - AM;1300060;AM;10847;Receitas Brutas Realizadas;1.1.1.2.00.00.00 - Impostos sobre o Patrimônio e a Renda;siconfi-cor_RO1.1.1.2.00.00.00;298076,67
Prefeitura Municipal de Amaturá - AM;1300060;AM;10847;Receitas Brutas Realizadas;1.1.1.2.04.00.00 - Imposto sobre a Renda e Proventos de Qualquer Natureza ¿ IR;siconfi-cor_RO1.1.1.2.04.00.00;298076,67
Prefeitura Municipal de Amaturá - AM;1300060;AM;10847;Receitas Brutas Realizadas;1.1.1.2.04.31.00 - Retido nas Fontes - Trabalho;siconfi-cor_RO1.1.1.2.04.31.00;262092,97
Prefeitura Municipal de Amaturá - AM;1300060;AM;10847;Receitas Brutas Realizadas;1.1.1.2.04.34.00 - Retido nas Fontes - Outros Rendimentos;siconfi-cor_RO1.1.1.2.04.34.00;35983,7
Prefeitura Municipal de Amaturá - AM;1300060;AM;10847;Receitas Brutas Realizadas;1.1.1.3.00.00.00 - Impostos sobre a Produção e a Circulação;siconfi-cor_RO1.1.1.3.00.00.00;180088,82
Prefeitura Municipal de Amaturá - AM;1300060;AM;10847;Receitas Brutas Realizadas;1.1.1.3.05.00.00 - Imposto sobre Serviços de Qualquer Natureza ¿ ISSQN;siconfi-cor_RO1.1.1.3.05.00.00;180088,82
Prefeitura Municipal de Amaturá - AM;1300060;AM;10847;Receitas Brutas Realizadas;1.3.0.0.00.00.00 - Receita Patrimonial;siconfi-cor_RO1.3.0.0.00.00.00;295285,66
Prefeitura Municipal de Amaturá - AM;1300060;AM;10847;Receitas Brutas Realizadas;1.3.2.0.00.00.00 - Receitas de Valores Mobiliários;siconfi-cor_RO1.3.2.0.00.00.00;295285,66
Prefeitura Municipal de Amaturá - AM;1300060;AM;10847;Receitas Brutas Realizadas;1.3.2.5.00.00.00 - Remuneração de Depósitos Bancários;siconfi-cor_RO1.3.2.5.00.00.00;295285,66
Prefeitura Municipal de Amaturá - AM;1300060;AM;10847;Receitas Brutas Realizadas;1.6.0.0.00.00.00 - Receita de Serviços;siconfi-cor_RO1.6.0.0.00.00.00;54262,15
Prefeitura Municipal de Amaturá - AM;1300060;AM;10847;Receitas Brutas Realizadas;1.6.0.0.41.00.00 - Serviços de Captação, Adução, Tratamento, Reserva e Distribuição de Água;siconfi-cor_RO1.6.0.0.41.00.00;54262,15
Prefeitura Municipal de Amaturá - AM;1300060;AM;10847;Receitas Brutas Realizadas;1.7.0.0.00.00.00 - Transferências Correntes;siconfi-cor_RO1.7.0.0.00.00.00;25085102,73
Prefeitura Municipal de Amaturá - AM;1300060;AM;10847;Receitas Brutas Realizadas;1.7.2.0.00.00.00 - Transferências Intergovernamentais;siconfi-cor_RO1.7.2.0.00.00.00;25085102,73
Prefeitura Municipal de Amaturá - AM;1300060;AM;10847;Receitas Brutas Realizadas;1.7.2.1.00.00.00 - Transferências da União;siconfi-cor_RO1.7.2.1.00.00.00;11511667,61
Prefeitura Municipal de Amaturá - AM;1300060;AM;10847;Receitas Brutas Realizadas;1.7.2.1.01.00.00 - Participação na Receita da União;siconfi-cor_RO1.7.2.1.01.00.00;9553985,31
Prefeitura Municipal de Amaturá - AM;1300060;AM;10847;Receitas Brutas Realizadas;1.7.2.1.01.02.00 - Cota-Parte do Fundo de Participação dos Municípios ¿ FPM;siconfi-cor_RO1.7.2.1.01.02.00;8919124,54
Prefeitura Municipal de Amaturá - AM;1300060;AM;10847;Receitas Brutas Realizadas;1.7.2.1.01.03.00 - Cota-Parte do Fundo de Participação dos Municípios - 1% Cota Anual;siconfi-cor_RO1.7.2.1.01.03.00;370693,44
Prefeitura Municipal de Amaturá - AM;1300060;AM;10847;Receitas Brutas Realizadas;1.7.2.1.01.04.00 - Cota-Parte do Fundo de Participação dos Municípios - 1% Cota entregue no mês de julho (67)(I);siconfi-cor_RO1.7.2.1.01.04.00;263440,3
Prefeitura Municipal de Amaturá - AM;1300060;AM;10847;Receitas Brutas Realizadas;1.7.2.1.01.05.00 - Cota-Parte do Imposto Sobre a Propriedade Territorial Rural ¿ ITR;siconfi-cor_RO1.7.2.1.01.05.00;727,03
Prefeitura Municipal de Amaturá - AM;1300060;AM;10847;Receitas Brutas Realizadas;1.7.2.1.22.00.00 - Transferências da Compensação Financeira pela Exploração de Recursos Naturais;siconfi-cor_RO1.7.2.1.22.00.00;75252,65
Prefeitura Municipal de Amaturá - AM;1300060;AM;10847;Receitas Brutas Realizadas;1.7.2.1.22.70.00 - Cota-Parte do Fundo Especial do Petróleo ¿ FEP;siconfi-cor_RO1.7.2.1.22.70.00;75252,65
Prefeitura Municipal de Amaturá - AM;1300060;AM;10847;Receitas Brutas Realizadas;1.7.2.1.33.00.00 - Transferências de Recursos do Sistema Único de Saúde - SUS - Repasses Fundo a Fundo;siconfi-cor_RO1.7.2.1.33.00.00;1005655,86
Prefeitura Municipal de Amaturá - AM;1300060;AM;10847;Receitas Brutas Realizadas;1.7.2.1.34.00.00 - Transferências de Recursos do Fundo Nacional de Assistência Social ¿ FNAS;siconfi-cor_RO1.7.2.1.34.00.00;247076,18
Prefeitura Municipal de Amaturá - AM;1300060;AM;10847;Receitas Brutas Realizadas;1.7.2.1.35.00.00 - Transferências de Recursos do Fundo Nacional do Desenvolvimento da Educação ¿ FNDE;siconfi-cor_RO1.7.2.1.35.00.00;587029,09
Prefeitura Municipal de Amaturá - AM;1300060;AM;10847;Receitas Brutas Realizadas;1.7.2.1.36.00.00 - Transferências Financeiras do ICMS ¿ Desoneração ¿ L.C. Nº 87/96;siconfi-cor_RO1.7.2.1.36.00.00;15512,52
Prefeitura Municipal de Amaturá - AM;1300060;AM;10847;Receitas Brutas Realizadas;1.7.2.1.99.00.00 - Outras Transferências da União;siconfi-cor_RO1.7.2.1.99.00.00;27156
Prefeitura Municipal de Amaturá - AM;1300060;AM;10847;Receitas Brutas Realizadas;1.7.2.2.00.00.00 - Transferências dos Estados;siconfi-cor_RO1.7.2.2.00.00.00;5893210,23
Prefeitura Municipal de Amaturá - AM;1300060;AM;10847;Receitas Brutas Realizadas;1.7.2.2.01.00.00 - Participação na Receita dos Estados;siconfi-cor_RO1.7.2.2.01.00.00;5649374,48
Prefeitura Municipal de Amaturá - AM;1300060;AM;10847;Receitas Brutas Realizadas;1.7.2.2.01.01.00 - Cota-Parte do ICMS;siconfi-cor_RO1.7.2.2.01.01.00;5598318,71
Prefeitura Municipal de Amaturá - AM;1300060;AM;10847;Receitas Brutas Realizadas;1.7.2.2.01.02.00 - Cota-Parte do IPVA;siconfi-cor_RO1.7.2.2.01.02.00;2674,67
Prefeitura Municipal de Amaturá - AM;1300060;AM;10847;Receitas Brutas Realizadas;1.7.2.2.01.04.00 - Cota-Parte do IPI - Municípios;siconfi-cor_RO1.7.2.2.01.04.00;22640,87
Prefeitura Municipal de Amaturá - AM;1300060;AM;10847;Receitas Brutas Realizadas;1.7.2.2.01.13.00 - Cota-Parte da Contribuição de Intervenção no Domínio Econômico;siconfi-cor_RO1.7.2.2.01.13.00;25740,23
Prefeitura Municipal de Amaturá - AM;1300060;AM;10847;Receitas Brutas Realizadas;1.7.2.2.22.00.00 - Transferências da Cota-Parte da Compensação Financeira (25%);siconfi-cor_RO1.7.2.2.22.00.00;64889,48
Prefeitura Municipal de Amaturá - AM;1300060;AM;10847;Receitas Brutas Realizadas;1.7.2.2.22.30.00 - Cota-Parte Royalties - Compensação Financeira pela Produção de Petróleo - Lei nº 7.990/89 artigo 9º;siconfi-cor_RO1.7.2.2.22.30.00;64889,48
Prefeitura Municipal de Amaturá - AM;1300060;AM;10847;Receitas Brutas Realizadas;1.7.2.2.33.00.00 - Transferências de Recursos do Estado para Programas de Saúde - Repasse Fundo a Fundo;siconfi-cor_RO1.7.2.2.33.00.00;178946,27
Prefeitura Municipal de Amaturá - AM;1300060;AM;10847;Receitas Brutas Realizadas;1.7.2.4.00.00.00 - Transferências Multigovernamentais;siconfi-cor_RO1.7.2.4.00.00.00;7680224,89
Prefeitura Municipal de Amaturá - AM;1300060;AM;10847;Receitas Brutas Realizadas;1.7.2.4.01.00.00 - Transferências de Recursos do Fundo de Manutenção e Desenvolvimento do Ensino Fundamental e de Valorização do Magistério - FUNDEB;siconfi-cor_RO1.7.2.4.01.00.00;5953729,15
Prefeitura Municipal de Amaturá - AM;1300060;AM;10847;Receitas Brutas Realizadas;1.7.2.4.02.00.00 - Transferências de Recursos da Complementação ao Fundo de Manutenção e Desenvolvimento do Ensino Fundamental e de Valorização do Magistério - FUNDEB;siconfi-cor_RO1.7.2.4.02.00.00;1726495,74
Prefeitura Municipal de Amaturá - AM;1300060;AM;10847;Receitas Brutas Realizadas;2.0.0.0.00.00.00 - Receitas de Capital;siconfi-cor_RO2.0.0.0.00.00.00;403088,53
Prefeitura Municipal de Amaturá - AM;1300060;AM;10847;Receitas Brutas Realizadas;2.4.0.0.00.00.00 - Transferências de Capital;siconfi-cor_RO2.4.0.0.00.00.00;403088,53
Prefeitura Municipal de Amaturá - AM;1300060;AM;10847;Receitas Brutas Realizadas;2.4.7.0.00.00.00 - Transferências de Convênios;siconfi-cor_RO2.4.7.0.00.00.00;403088,53
Prefeitura Municipal de Amaturá - AM;1300060;AM;10847;Receitas Brutas Realizadas;2.4.7.1.00.00.00 - Transferências de Convênios da União e de suas Entidades;siconfi-cor_RO2.4.7.1.00.00.00;403088,53
Prefeitura Municipal de Amaturá - AM;1300060;AM;10847;Receitas Brutas Realizadas;2.4.7.1.02.00.00 - Transferências de Convênios da União Destinadas a Programas de Educação;siconfi-cor_RO2.4.7.1.02.00.00;153088,53
Prefeitura Municipal de Amaturá - AM;1300060;AM;10847;Receitas Brutas Realizadas;2.4.7.1.99.00.00 - Outras Transferências de Convênios da União;siconfi-cor_RO2.4.7.1.99.00.00;250000
Prefeitura Municipal de Amaturá - AM;1300060;AM;10847;Deduções - Transferências Constitucionais;Total Receitas;siconfi-cor_TotalReceitas;2907206,08
Prefeitura Municipal de Amaturá - AM;1300060;AM;10847;Deduções - Transferências Constitucionais;1.0.0.0.00.00.00 - Receitas Correntes;siconfi-cor_RO1.0.0.0.00.00.00;2907206,08
Prefeitura Municipal de Amaturá - AM;1300060;AM;10847;Deduções - Transferências Constitucionais;1.7.0.0.00.00.00 - Transferências Correntes;siconfi-cor_RO1.7.0.0.00.00.00;2907206,08
Prefeitura Municipal de Amaturá - AM;1300060;AM;10847;Deduções - Transferências Constitucionais;1.7.2.0.00.00.00 - Transferências Intergovernamentais;siconfi-cor_RO1.7.2.0.00.00.00;2907206,08
Prefeitura Municipal de Amaturá - AM;1300060;AM;10847;Deduções - Transferências Constitucionais;1.7.2.1.00.00.00 - Transferências da União;siconfi-cor_RO1.7.2.1.00.00.00;1782479,34
Prefeitura Municipal de Amaturá - AM;1300060;AM;10847;Deduções - Transferências Constitucionais;1.7.2.1.01.00.00 - Participação na Receita da União;siconfi-cor_RO1.7.2.1.01.00.00;1779376,86
Prefeitura Municipal de Amaturá - AM;1300060;AM;10847;Deduções - Transferências Constitucionais;1.7.2.1.01.02.00 - Cota-Parte do Fundo de Participação dos Municípios ¿ FPM;siconfi-cor_RO1.7.2.1.01.02.00;1779231,5
Prefeitura Municipal de Amaturá - AM;1300060;AM;10847;Deduções - Transferências Constitucionais;1.7.2.1.01.05.00 - Cota-Parte do Imposto Sobre a Propriedade Territorial Rural ¿ ITR;siconfi-cor_RO1.7.2.1.01.05.00;145,36
Prefeitura Municipal de Amaturá - AM;1300060;AM;10847;Deduções - Transferências Constitucionais;1.7.2.1.36.00.00 - Transferências Financeiras do ICMS ¿ Desoneração ¿ L.C. Nº 87/96;siconfi-cor_RO1.7.2.1.36.00.00;3102,48
Prefeitura Municipal de Amaturá - AM;1300060;AM;10847;Deduções - Transferências Constitucionais;1.7.2.2.00.00.00 - Transferências dos Estados;siconfi-cor_RO1.7.2.2.00.00.00;1124726,74
Prefeitura Municipal de Amaturá - AM;1300060;AM;10847;Deduções - Transferências Constitucionais;1.7.2.2.01.00.00 - Participação na Receita dos Estados;siconfi-cor_RO1.7.2.2.01.00.00;1124726,74
Prefeitura Municipal de Amaturá - AM;1300060;AM;10847;Deduções - Transferências Constitucionais;1.7.2.2.01.01.00 - Cota-Parte do ICMS;siconfi-cor_RO1.7.2.2.01.01.00;1119663,74
Prefeitura Municipal de Amaturá - AM;1300060;AM;10847;Deduções - Transferências Constitucionais;1.7.2.2.01.02.00 - Cota-Parte do IPVA;siconfi-cor_RO1.7.2.2.01.02.00;534,82
Prefeitura Municipal de Amaturá - AM;1300060;AM;10847;Deduções - Transferências Constitucionais;1.7.2.2.01.04.00 - Cota-Parte do IPI - Municípios;siconfi-cor_RO1.7.2.2.01.04.00;4528,18
Prefeitura Municipal de Itapiranga - AM;1302009;AM;8953;Receitas Brutas Realizadas;Total Receitas;siconfi-cor_TotalReceitas;23218330,25
Prefeitura Municipal de Itapiranga - AM;1302009;AM;8953;Receitas Brutas Realizadas;1.0.0.0.00.00.00 - Receitas Correntes;siconfi-cor_RO1.0.0.0.00.00.00;22646427,73
Prefeitura Municipal de Itapiranga - AM;1302009;AM;8953;Receitas Brutas Realizadas;1.1.0.0.00.00.00 - Receita Tributária;siconfi-cor_RO1.1.0.0.00.00.00;467136,59
Prefeitura Municipal de Itapiranga - AM;1302009;AM;8953;Receitas Brutas Realizadas;1.1.1.0.00.00.00 - Impostos;siconfi-cor_RO1.1.1.0.00.00.00;365576,83
Prefeitura Municipal de Itapiranga - AM;1302009;AM;8953;Receitas Brutas Realizadas;1.1.1.2.00.00.00 - Impostos sobre o Patrimônio e a Renda;siconfi-cor_RO1.1.1.2.00.00.00;125939,42
Prefeitura Municipal de Itapiranga - AM;1302009;AM;8953;Receitas Brutas Realizadas;1.1.1.2.02.00.00 - Imposto sobre a Propriedade Predial e Territorial Urbana ¿ IPTU;siconfi-cor_RO1.1.1.2.02.00.00;9659,8
Prefeitura Municipal de Itapiranga - AM;1302009;AM;8953;Receitas Brutas Realizadas;1.1.1.2.04.00.00 - Imposto sobre a Renda e Proventos de Qualquer Natureza ¿ IR;siconfi-cor_RO1.1.1.2.04.00.00;110379,62
Prefeitura Municipal de Itapiranga - AM;1302009;AM;8953;Receitas Brutas Realizadas;1.1.1.2.04.31.00 - Retido nas Fontes - Trabalho;siconfi-cor_RO1.1.1.2.04.31.00;110379,62
Prefeitura Municipal de Itapiranga - AM;1302009;AM;8953;Receitas Brutas Realizadas;"1.1.1.2.08.00.00 - Imposto sobre Transmissão Inter Vivos"" de Bens Imóveis e de Direitos Reais sobre Imóveis ¿ ITBI""";siconfi-cor_RO1.1.1.2.08.00.00;5900
Prefeitura Municipal de Itapiranga - AM;1302009;AM;8953;Receitas Brutas Realizadas;1.1.1.3.00.00.00 - Impostos sobre a Produção e a Circulação;siconfi-cor_RO1.1.1.3.00.00.00;239637,41
Prefeitura Municipal de Itapiranga - AM;1302009;AM;8953;Receitas Brutas Realizadas;1.1.1.3.05.00.00 - Imposto sobre Serviços de Qualquer Natureza ¿ ISSQN;siconfi-cor_RO1.1.1.3.05.00.00;239637,41
Prefeitura Municipal de Itapiranga - AM;1302009;AM;8953;Receitas Brutas Realizadas;1.1.2.0.00.00.00 - Taxas;siconfi-cor_RO1.1.2.0.00.00.00;101559,76
Prefeitura Municipal de Itapiranga - AM;1302009;AM;8953;Receitas Brutas Realizadas;1.1.2.1.00.00.00 - Taxas pelo Exercício do Poder de Polícia;siconfi-cor_RO1.1.2.1.00.00.00;12175,46
Prefeitura Municipal de Itapiranga - AM;1302009;AM;8953;Receitas Brutas Realizadas;1.1.2.2.00.00.00 - Taxas pela Prestação de Serviços;siconfi-cor_RO1.1.2.2.00.00.00;89384,3
Prefeitura Municipal de Itapiranga - AM;1302009;AM;8953;Receitas Brutas Realizadas;1.1.2.2.99.00.00 - Outras Taxas pela Prestação de Serviços;siconfi-cor_RO1.1.2.2.99.00.00;89384,3
Prefeitura Municipal de Itapiranga - AM;1302009;AM;8953;Receitas Brutas Realizadas;1.2.0.0.00.00.00 - Receitas de Contribuições;siconfi-cor_RO1.2.0.0.00.00.00;39512,2
Prefeitura Municipal de Itapiranga - AM;1302009;AM;8953;Receitas Brutas Realizadas;1.2.3.0.00.00.00 - Contribuição para Custeio do Serviço de Iluminação Pública;siconfi-cor_RO1.2.3.0.00.00.00;39512,2
Prefeitura Municipal de Itapiranga - AM;1302009;AM;8953;Receitas Brutas Realizadas;1.3.0.0.00.00.00 - Receita Patrimonial;siconfi-cor_RO1.3.0.0.00.00.00;47239,01
Prefeitura Municipal de Itapiranga - AM;1302009;AM;8953;Receitas Brutas Realizadas;1.3.2.0.00.00.00 - Receitas de Valores Mobiliários;siconfi-cor_RO1.3.2.0.00.00.00;47239,01
Prefeitura Municipal de Itapiranga - AM;1302009;AM;8953;Receitas Brutas Realizadas;1.3.2.5.00.00.00 - Remuneração de Depósitos Bancários;siconfi-cor_RO1.3.2.5.00.00.00;47239,01
Prefeitura Municipal de Itapiranga - AM;1302009;AM;8953;Receitas Brutas Realizadas;1.6.0.0.00.00.00 - Receita de Serviços;siconfi-cor_RO1.6.0.0.00.00.00;2619,89
Prefeitura Municipal de Itapiranga - AM;1302009;AM;8953;Receitas Brutas Realizadas;1.6.0.0.41.00.00 - Serviços de Captação, Adução, Tratamento, Reserva e Distribuição de Água;siconfi-cor_RO1.6.0.0.41.00.00;2619,89
Prefeitura Municipal de Itapiranga - AM;1302009;AM;8953;Receitas Brutas Realizadas;1.7.0.0.00.00.00 - Transferências Correntes;siconfi-cor_RO1.7.0.0.00.00.00;21971712,9
Prefeitura Municipal de Itapiranga - AM;1302009;AM;8953;Receitas Brutas Realizadas;1.7.2.0.00.00.00 - Transferências Intergovernamentais;siconfi-cor_RO1.7.2.0.00.00.00;21271712,9
Prefeitura Municipal de Itapiranga - AM;1302009;AM;8953;Receitas Brutas Realizadas;1.7.2.1.00.00.00 - Transferências da União;siconfi-cor_RO1.7.2.1.00.00.00;9630126,45
Prefeitura Municipal de Itapiranga - AM;1302009;AM;8953;Receitas Brutas Realizadas;1.7.2.1.01.00.00 - Participação na Receita da União;siconfi-cor_RO1.7.2.1.01.00.00;7169309,76
Prefeitura Municipal de Itapiranga - AM;1302009;AM;8953;Receitas Brutas Realizadas;1.7.2.1.01.02.00 - Cota-Parte do Fundo de Participação dos Municípios ¿ FPM;siconfi-cor_RO1.7.2.1.01.02.00;6689343,4
Prefeitura Municipal de Itapiranga - AM;1302009;AM;8953;Receitas Brutas Realizadas;1.7.2.1.01.03.00 - Cota-Parte do Fundo de Participação dos Municípios - 1% Cota Anual;siconfi-cor_RO1.7.2.1.01.03.00;278020,01
Prefeitura Municipal de Itapiranga - AM;1302009;AM;8953;Receitas Brutas Realizadas;1.7.2.1.01.04.00 - Cota-Parte do Fundo de Participação dos Municípios - 1% Cota entregue no mês de julho (67)(I);siconfi-cor_RO1.7.2.1.01.04.00;197580,23
Prefeitura Municipal de Itapiranga - AM;1302009;AM;8953;Receitas Brutas Realizadas;1.7.2.1.01.05.00 - Cota-Parte do Imposto Sobre a Propriedade Territorial Rural ¿ ITR;siconfi-cor_RO1.7.2.1.01.05.00;4366,12
Prefeitura Municipal de Itapiranga - AM;1302009;AM;8953;Receitas Brutas Realizadas;1.7.2.1.22.00.00 - Transferências da Compensação Financeira pela Exploração de Recursos Naturais;siconfi-cor_RO1.7.2.1.22.00.00;105462,06
Prefeitura Municipal de Itapiranga - AM;1302009;AM;8953;Receitas Brutas Realizadas;1.7.2.1.22.40.00 - Cota-Parte Royalties pelo Excedente da Produção do Petróleo - Lei nº 9.478/97 artigo 49 I e II;siconfi-cor_RO1.7.2.1.22.40.00;49022,56
Prefeitura Municipal de Itapiranga - AM;1302009;AM;8953;Receitas Brutas Realizadas;1.7.2.1.22.70.00 - Cota-Parte do Fundo Especial do Petróleo ¿ FEP;siconfi-cor_RO1.7.2.1.22.70.00;56439,5
Prefeitura Municipal de Itapiranga - AM;1302009;AM;8953;Receitas Brutas Realizadas;1.7.2.1.33.00.00 - Transferências de Recursos do Sistema Único de Saúde - SUS - Repasses Fundo a Fundo;siconfi-cor_RO1.7.2.1.33.00.00;1717944,85
Prefeitura Municipal de Itapiranga - AM;1302009;AM;8953;Receitas Brutas Realizadas;1.7.2.1.34.00.00 - Transferências de Recursos do Fundo Nacional de Assistência Social ¿ FNAS;siconfi-cor_RO1.7.2.1.34.00.00;215538,12
Prefeitura Municipal de Itapiranga - AM;1302009;AM;8953;Receitas Brutas Realizadas;1.7.2.1.35.00.00 - Transferências de Recursos do Fundo Nacional do Desenvolvimento da Educação ¿ FNDE;siconfi-cor_RO1.7.2.1.35.00.00;377811,14
Prefeitura Municipal de Itapiranga - AM;1302009;AM;8953;Receitas Brutas Realizadas;1.7.2.1.36.00.00 - Transferências Financeiras do ICMS ¿ Desoneração ¿ L.C. Nº 87/96;siconfi-cor_RO1.7.2.1.36.00.00;16018,56
Prefeitura Municipal de Itapiranga - AM;1302009;AM;8953;Receitas Brutas Realizadas;1.7.2.1.99.00.00 - Outras Transferências da União;siconfi-cor_RO1.7.2.1.99.00.00;28041,96
Prefeitura Municipal de Itapiranga - AM;1302009;AM;8953;Receitas Brutas Realizadas;1.7.2.2.00.00.00 - Transferências dos Estados;siconfi-cor_RO1.7.2.2.00.00.00;6213602,91
Prefeitura Municipal de Itapiranga - AM;1302009;AM;8953;Receitas Brutas Realizadas;1.7.2.2.01.00.00 - Participação na Receita dos Estados;siconfi-cor_RO1.7.2.2.01.00.00;5883626,59
Prefeitura Municipal de Itapiranga - AM;1302009;AM;8953;Receitas Brutas Realizadas;1.7.2.2.01.01.00 - Cota-Parte do ICMS;siconfi-cor_RO1.7.2.2.01.01.00;5780958,44
Prefeitura Municipal de Itapiranga - AM;1302009;AM;8953;Receitas Brutas Realizadas;1.7.2.2.01.02.00 - Cota-Parte do IPVA;siconfi-cor_RO1.7.2.2.01.02.00;59482,51
Prefeitura Municipal de Itapiranga - AM;1302009;AM;8953;Receitas Brutas Realizadas;1.7.2.2.01.04.00 - Cota-Parte do IPI - Municípios;siconfi-cor_RO1.7.2.2.01.04.00;23379,51
Prefeitura Municipal de Itapiranga - AM;1302009;AM;8953;Receitas Brutas Realizadas;1.7.2.2.01.13.00 - Cota-Parte da Contribuição de Intervenção no Domínio Econômico;siconfi-cor_RO1.7.2.2.01.13.00;19806,13
Prefeitura Municipal de Itapiranga - AM;1302009;AM;8953;Receitas Brutas Realizadas;1.7.2.2.22.00.00 - Transferências da Cota-Parte da Compensação Financeira (25%);siconfi-cor_RO1.7.2.2.22.00.00;67006,44
Prefeitura Municipal de Itapiranga - AM;1302009;AM;8953;Receitas Brutas Realizadas;1.7.2.2.22.30.00 - Cota-Parte Royalties - Compensação Financeira pela Produção de Petróleo - Lei nº 7.990/89 artigo 9º;siconfi-cor_RO1.7.2.2.22.30.00;67006,44
Prefeitura Municipal de Itapiranga - AM;1302009;AM;8953;Receitas Brutas Realizadas;1.7.2.2.33.00.00 - Transferências de Recursos do Estado para Programas de Saúde - Repasse Fundo a Fundo;siconfi-cor_RO1.7.2.2.33.00.00;262969,88
Prefeitura Municipal de Itapiranga - AM;1302009;AM;8953;Receitas Brutas Realizadas;1.7.2.4.00.00.00 - Transferências Multigovernamentais;siconfi-cor_RO1.7.2.4.00.00.00;5427983,54
Prefeitura Municipal de Itapiranga - AM;1302009;AM;8953;Receitas Brutas Realizadas;1.7.2.4.01.00.00 - Transferências de Recursos do Fundo de Manutenção e Desenvolvimento do Ensino Fundamental e de Valorização do Magistério - FUNDEB;siconfi-cor_RO1.7.2.4.01.00.00;4215578,59
Prefeitura Municipal de Itapiranga - AM;1302009;AM;8953;Receitas Brutas Realizadas;1.7.2.4.02.00.00 - Transferências de Recursos da Complementação ao Fundo de Manutenção e Desenvolvimento do Ensino Fundamental e de Valorização do Magistério - FUNDEB;siconfi-cor_RO1.7.2.4.02.00.00;1212404,95
Prefeitura Municipal de Itapiranga - AM;1302009;AM;8953;Receitas Brutas Realizadas;1.7.3.0.00.00.00 - Transferências de Instituições Privadas;siconfi-cor_RO1.7.3.0.00.00.00;700000
Prefeitura Municipal de Itapiranga - AM;1302009;AM;8953;Receitas Brutas Realizadas;1.9.0.0.00.00.00 - Outras Receitas Correntes;siconfi-cor_RO1.9.0.0.00.00.00;118207,14
Prefeitura Municipal de Itapiranga - AM;1302009;AM;8953;Receitas Brutas Realizadas;1.9.2.0.00.00.00 - Indenizações e Restituições;siconfi-cor_RO1.9.2.0.00.00.00;118207,14
Prefeitura Municipal de Itapiranga - AM;1302009;AM;8953;Receitas Brutas Realizadas;1.9.2.2.00.00.00 - Restituições;siconfi-cor_RO1.9.2.2.00.00.00;118207,14
Prefeitura Municipal de Itapiranga - AM;1302009;AM;8953;Receitas Brutas Realizadas;1.9.2.2.99.00.00 - Outras Restituições;siconfi-cor_RO1.9.2.2.99.00.00;118207,14
Prefeitura Municipal de Itapiranga - AM;1302009;AM;8953;Receitas Brutas Realizadas;2.0.0.0.00.00.00 - Receitas de Capital;siconfi-cor_RO2.0.0.0.00.00.00;571902,52
Prefeitura Municipal de Itapiranga - AM;1302009;AM;8953;Receitas Brutas Realizadas;2.4.0.0.00.00.00 - Transferências de Capital;siconfi-cor_RO2.4.0.0.00.00.00;571902,52
Prefeitura Municipal de Itapiranga - AM;1302009;AM;8953;Receitas Brutas Realizadas;2.4.2.0.00.00.00 - Transferências Intergovernamentais;siconfi-cor_RO2.4.2.0.00.00.00;571902,52
Prefeitura Municipal de Itapiranga - AM;1302009;AM;8953;Receitas Brutas Realizadas;2.4.2.1.00.00.00 - Transferências da União;siconfi-cor_RO2.4.2.1.00.00.00;571902,52
Prefeitura Municipal de Itapiranga - AM;1302009;AM;8953;Receitas Brutas Realizadas;2.4.2.1.01.00.00 - Participação na Receita da União;siconfi-cor_RO2.4.2.1.01.00.00;571902,52
Prefeitura Municipal de Itapiranga - AM;1302009;AM;8953;Deduções - Transferências Constitucionais;Total Receitas;siconfi-cor_TotalReceitas;2511263,79
Prefeitura Municipal de Itapiranga - AM;1302009;AM;8953;Deduções - Transferências Constitucionais;1.0.0.0.00.00.00 - Receitas Correntes;siconfi-cor_RO1.0.0.0.00.00.00;2511263,79
Prefeitura Municipal de Itapiranga - AM;1302009;AM;8953;Deduções - Transferências Constitucionais;1.7.0.0.00.00.00 - Transferências Correntes;siconfi-cor_RO1.7.0.0.00.00.00;2511263,79
Prefeitura Municipal de Itapiranga - AM;1302009;AM;8953;Deduções - Transferências Constitucionais;1.7.2.0.00.00.00 - Transferências Intergovernamentais;siconfi-cor_RO1.7.2.0.00.00.00;2511263,79
Prefeitura Municipal de Itapiranga - AM;1302009;AM;8953;Deduções - Transferências Constitucionais;1.7.2.1.00.00.00 - Transferências da União;siconfi-cor_RO1.7.2.1.00.00.00;1338500,35
Prefeitura Municipal de Itapiranga - AM;1302009;AM;8953;Deduções - Transferências Constitucionais;1.7.2.1.01.00.00 - Participação na Receita da União;siconfi-cor_RO1.7.2.1.01.00.00;1335296,71
Prefeitura Municipal de Itapiranga - AM;1302009;AM;8953;Deduções - Transferências Constitucionais;1.7.2.1.01.02.00 - Cota-Parte do Fundo de Participação dos Municípios ¿ FPM;siconfi-cor_RO1.7.2.1.01.02.00;1334423,55
Prefeitura Municipal de Itapiranga - AM;1302009;AM;8953;Deduções - Transferências Constitucionais;1.7.2.1.01.05.00 - Cota-Parte do Imposto Sobre a Propriedade Territorial Rural ¿ ITR;siconfi-cor_RO1.7.2.1.01.05.00;873,16
Prefeitura Municipal de Itapiranga - AM;1302009;AM;8953;Deduções - Transferências Constitucionais;1.7.2.1.36.00.00 - Transferências Financeiras do ICMS ¿ Desoneração ¿ L.C. Nº 87/96;siconfi-cor_RO1.7.2.1.36.00.00;3203,64
Prefeitura Municipal de Itapiranga - AM;1302009;AM;8953;Deduções - Transferências Constitucionais;1.7.2.2.00.00.00 - Transferências dos Estados;siconfi-cor_RO1.7.2.2.00.00.00;1172763,44
Prefeitura Municipal de Itapiranga - AM;1302009;AM;8953;Deduções - Transferências Constitucionais;1.7.2.2.01.00.00 - Participação na Receita dos Estados;siconfi-cor_RO1.7.2.2.01.00.00;1172763,44
Prefeitura Municipal de Itapiranga - AM;1302009;AM;8953;Deduções - Transferências Constitucionais;1.7.2.2.01.01.00 - Cota-Parte do ICMS;siconfi-cor_RO1.7.2.2.01.01.00;1156191,65
Prefeitura Municipal de Itapiranga - AM;1302009;AM;8953;Deduções - Transferências Constitucionais;1.7.2.2.01.02.00 - Cota-Parte do IPVA;siconfi-cor_RO1.7.2.2.01.02.00;11895,9
Prefeitura Municipal de Itapiranga - AM;1302009;AM;8953;Deduções - Transferências Constitucionais;1.7.2.2.01.04.00 - Cota-Parte do IPI - Municípios;siconfi-cor_RO1.7.2.2.01.04.00;4675,89
Prefeitura Municipal de Juruá - AM;1302207;AM;13198;Receitas Brutas Realizadas;Total Receitas;siconfi-cor_TotalReceitas;34993554,71
Prefeitura Municipal de Juruá - AM;1302207;AM;13198;Receitas Brutas Realizadas;1.0.0.0.00.00.00 - Receitas Correntes;siconfi-cor_RO1.0.0.0.00.00.00;30216868,36
Prefeitura Municipal de Juruá - AM;1302207;AM;13198;Receitas Brutas Realizadas;1.1.0.0.00.00.00 - Receita Tributária;siconfi-cor_RO1.1.0.0.00.00.00;807049,71
Prefeitura Municipal de Juruá - AM;1302207;AM;13198;Receitas Brutas Realizadas;1.1.1.0.00.00.00 - Impostos;siconfi-cor_RO1.1.1.0.00.00.00;752211,17
Prefeitura Municipal de Juruá - AM;1302207;AM;13198;Receitas Brutas Realizadas;1.1.1.2.00.00.00 - Impostos sobre o Patrimônio e a Renda;siconfi-cor_RO1.1.1.2.00.00.00;371500,19
Prefeitura Municipal de Juruá - AM;1302207;AM;13198;Receitas Brutas Realizadas;1.1.1.2.02.00.00 - Imposto sobre a Propriedade Predial e Territorial Urbana ¿ IPTU;siconfi-cor_RO1.1.1.2.02.00.00;7929,38
Prefeitura Municipal de Juruá - AM;1302207;AM;13198;Receitas Brutas Realizadas;1.1.1.2.04.00.00 - Imposto sobre a Renda e Proventos de Qualquer Natureza ¿ IR;siconfi-cor_RO1.1.1.2.04.00.00;360606,21
Prefeitura Municipal de Juruá - AM;1302207;AM;13198;Receitas Brutas Realizadas;1.1.1.2.04.31.00 - Retido nas Fontes - Trabalho;siconfi-cor_RO1.1.1.2.04.31.00;109177,52
Prefeitura Municipal de Juruá - AM;1302207;AM;13198;Receitas Brutas Realizadas;1.1.1.2.04.34.00 - Retido nas Fontes - Outros Rendimentos;siconfi-cor_RO1.1.1.2.04.34.00;251428,69
Prefeitura Municipal de Juruá - AM;1302207;AM;13198;Receitas Brutas Realizadas;"1.1.1.2.08.00.00 - Imposto sobre Transmissão Inter Vivos"" de Bens Imóveis e de Direitos Reais sobre Imóveis ¿ ITBI""";siconfi-cor_RO1.1.1.2.08.00.00;2964,6
Prefeitura Municipal de Juruá - AM;1302207;AM;13198;Receitas Brutas Realizadas;1.1.1.3.00.00.00 - Impostos sobre a Produção e a Circulação;siconfi-cor_RO1.1.1.3.00.00.00;380710,98
Prefeitura Municipal de Juruá - AM;1302207;AM;13198;Receitas Brutas Realizadas;1.1.1.3.05.00.00 - Imposto sobre Serviços de Qualquer Natureza ¿ ISSQN;siconfi-cor_RO1.1.1.3.05.00.00;380710,98
Prefeitura Municipal de Juruá - AM;1302207;AM;13198;Receitas Brutas Realizadas;1.1.2.0.00.00.00 - Taxas;siconfi-cor_RO1.1.2.0.00.00.00;54838,54
Prefeitura Municipal de Juruá - AM;1302207;AM;13198;Receitas Brutas Realizadas;1.1.2.1.00.00.00 - Taxas pelo Exercício do Poder de Polícia;siconfi-cor_RO1.1.2.1.00.00.00;26587,69
Prefeitura Municipal de Juruá - AM;1302207;AM;13198;Receitas Brutas Realizadas;1.1.2.2.00.00.00 - Taxas pela Prestação de Serviços;siconfi-cor_RO1.1.2.2.00.00.00;28250,85
Prefeitura Municipal de Juruá - AM;1302207;AM;13198;Receitas Brutas Realizadas;1.1.2.2.99.00.00 - Outras Taxas pela Prestação de Serviços;siconfi-cor_RO1.1.2.2.99.00.00;28250,85
Prefeitura Municipal de Juruá - AM;1302207;AM;13198;Receitas Brutas Realizadas;1.2.0.0.00.00.00 - Receitas de Contribuições;siconfi-cor_RO1.2.0.0.00.00.00;92758,94
Prefeitura Municipal de Juruá - AM;1302207;AM;13198;Receitas Brutas Realizadas;1.2.2.0.00.00.00 - Contribuições de Intervenção no Domínio Econômico;siconfi-cor_RO1.2.2.0.00.00.00;92758,94
Prefeitura Municipal de Juruá - AM;1302207;AM;13198;Receitas Brutas Realizadas;1.2.2.0.99.00.00 - Outras Contribuições Econômicas;siconfi-cor_RO1.2.2.0.99.00.00;92758,94
Prefeitura Municipal de Juruá - AM;1302207;AM;13198;Receitas Brutas Realizadas;1.3.0.0.00.00.00 - Receita Patrimonial;siconfi-cor_RO1.3.0.0.00.00.00;368996,33
Prefeitura Municipal de Juruá - AM;1302207;AM;13198;Receitas Brutas Realizadas;1.3.2.0.00.00.00 - Receitas de Valores Mobiliários;siconfi-cor_RO1.3.2.0.00.00.00;368996,33
Prefeitura Municipal de Juruá - AM;1302207;AM;13198;Receitas Brutas Realizadas;1.3.2.5.00.00.00 - Remuneração de Depósitos Bancários;siconfi-cor_RO1.3.2.5.00.00.00;327202,98
Prefeitura Municipal de Juruá - AM;1302207;AM;13198;Receitas Brutas Realizadas;1.3.2.9.00.00.00 - Outras Receitas de Valores Mobiliários;siconfi-cor_RO1.3.2.9.00.00.00;41793,35
Prefeitura Municipal de Juruá - AM;1302207;AM;13198;Receitas Brutas Realizadas;1.7.0.0.00.00.00 - Transferências Correntes;siconfi-cor_RO1.7.0.0.00.00.00;28927537,97
Prefeitura Municipal de Juruá - AM;1302207;AM;13198;Receitas Brutas Realizadas;1.7.2.0.00.00.00 - Transferências Intergovernamentais;siconfi-cor_RO1.7.2.0.00.00.00;28797170,94
Prefeitura Municipal de Juruá - AM;1302207;AM;13198;Receitas Brutas Realizadas;1.7.2.1.00.00.00 - Transferências da União;siconfi-cor_RO1.7.2.1.00.00.00;13053397,68
Prefeitura Municipal de Juruá - AM;1302207;AM;13198;Receitas Brutas Realizadas;1.7.2.1.01.00.00 - Participação na Receita da União;siconfi-cor_RO1.7.2.1.01.00.00;10549230,44
Prefeitura Municipal de Juruá - AM;1302207;AM;13198;Receitas Brutas Realizadas;1.7.2.1.01.02.00 - Cota-Parte do Fundo de Participação dos Municípios ¿ FPM;siconfi-cor_RO1.7.2.1.01.02.00;9853039,25
Prefeitura Municipal de Juruá - AM;1302207;AM;13198;Receitas Brutas Realizadas;1.7.2.1.01.03.00 - Cota-Parte do Fundo de Participação dos Municípios - 1% Cota Anual;siconfi-cor_RO1.7.2.1.01.03.00;370693,34
Prefeitura Municipal de Juruá - AM;1302207;AM;13198;Receitas Brutas Realizadas;1.7.2.1.01.04.00 - Cota-Parte do Fundo de Participação dos Municípios - 1% Cota entregue no mês de julho (67)(I);siconfi-cor_RO1.7.2.1.01.04.00;263440,3
Prefeitura Municipal de Juruá - AM;1302207;AM;13198;Receitas Brutas Realizadas;1.7.2.1.01.05.00 - Cota-Parte do Imposto Sobre a Propriedade Territorial Rural ¿ ITR;siconfi-cor_RO1.7.2.1.01.05.00;62057,55
Prefeitura Municipal de Juruá - AM;1302207;AM;13198;Receitas Brutas Realizadas;1.7.2.1.22.00.00 - Transferências da Compensação Financeira pela Exploração de Recursos Naturais;siconfi-cor_RO1.7.2.1.22.00.00;75252,65
Prefeitura Municipal de Juruá - AM;1302207;AM;13198;Receitas Brutas Realizadas;1.7.2.1.22.70.00 - Cota-Parte do Fundo Especial do Petróleo ¿ FEP;siconfi-cor_RO1.7.2.1.22.70.00;75252,65
Prefeitura Municipal de Juruá - AM;1302207;AM;13198;Receitas Brutas Realizadas;1.7.2.1.33.00.00 - Transferências de Recursos do Sistema Único de Saúde - SUS - Repasses Fundo a Fundo;siconfi-cor_RO1.7.2.1.33.00.00;1256965,48
Prefeitura Municipal de Juruá - AM;1302207;AM;13198;Receitas Brutas Realizadas;1.7.2.1.34.00.00 - Transferências de Recursos do Fundo Nacional de Assistência Social ¿ FNAS;siconfi-cor_RO1.7.2.1.34.00.00;380533,84
Prefeitura Municipal de Juruá - AM;1302207;AM;13198;Receitas Brutas Realizadas;1.7.2.1.35.00.00 - Transferências de Recursos do Fundo Nacional do Desenvolvimento da Educação ¿ FNDE;siconfi-cor_RO1.7.2.1.35.00.00;742962,36
Prefeitura Municipal de Juruá - AM;1302207;AM;13198;Receitas Brutas Realizadas;1.7.2.1.36.00.00 - Transferências Financeiras do ICMS ¿ Desoneração ¿ L.C. Nº 87/96;siconfi-cor_RO1.7.2.1.36.00.00;17615,52
Prefeitura Municipal de Juruá - AM;1302207;AM;13198;Receitas Brutas Realizadas;1.7.2.1.99.00.00 - Outras Transferências da União;siconfi-cor_RO1.7.2.1.99.00.00;30837,39
Prefeitura Municipal de Juruá - AM;1302207;AM;13198;Receitas Brutas Realizadas;1.7.2.2.00.00.00 - Transferências dos Estados;siconfi-cor_RO1.7.2.2.00.00.00;7105433,11
Prefeitura Municipal de Juruá - AM;1302207;AM;13198;Receitas Brutas Realizadas;1.7.2.2.01.00.00 - Participação na Receita dos Estados;siconfi-cor_RO1.7.2.2.01.00.00;6421289,59
Prefeitura Municipal de Juruá - AM;1302207;AM;13198;Receitas Brutas Realizadas;1.7.2.2.01.01.00 - Cota-Parte do ICMS;siconfi-cor_RO1.7.2.2.01.01.00;6357249,21
Prefeitura Municipal de Juruá - AM;1302207;AM;13198;Receitas Brutas Realizadas;1.7.2.2.01.02.00 - Cota-Parte do IPVA;siconfi-cor_RO1.7.2.2.01.02.00;11209,45
Prefeitura Municipal de Juruá - AM;1302207;AM;13198;Receitas Brutas Realizadas;1.7.2.2.01.04.00 - Cota-Parte do IPI - Municípios;siconfi-cor_RO1.7.2.2.01.04.00;25710,15
Prefeitura Municipal de Juruá - AM;1302207;AM;13198;Receitas Brutas Realizadas;1.7.2.2.01.13.00 - Cota-Parte da Contribuição de Intervenção no Domínio Econômico;siconfi-cor_RO1.7.2.2.01.13.00;27120,78
Prefeitura Municipal de Juruá - AM;1302207;AM;13198;Receitas Brutas Realizadas;1.7.2.2.22.00.00 - Transferências da Cota-Parte da Compensação Financeira (25%);siconfi-cor_RO1.7.2.2.22.00.00;73686,16
Prefeitura Municipal de Juruá - AM;1302207;AM;13198;Receitas Brutas Realizadas;1.7.2.2.22.30.00 - Cota-Parte Royalties - Compensação Financeira pela Produção de Petróleo - Lei nº 7.990/89 artigo 9º;siconfi-cor_RO1.7.2.2.22.30.00;73686,16
Prefeitura Municipal de Juruá - AM;1302207;AM;13198;Receitas Brutas Realizadas;1.7.2.2.33.00.00 - Transferências de Recursos do Estado para Programas de Saúde - Repasse Fundo a Fundo;siconfi-cor_RO1.7.2.2.33.00.00;610457,36
Prefeitura Municipal de Juruá - AM;1302207;AM;13198;Receitas Brutas Realizadas;1.7.2.4.00.00.00 - Transferências Multigovernamentais;siconfi-cor_RO1.7.2.4.00.00.00;8638340,15
Prefeitura Municipal de Juruá - AM;1302207;AM;13198;Receitas Brutas Realizadas;1.7.2.4.01.00.00 - Transferências de Recursos do Fundo de Manutenção e Desenvolvimento do Ensino Fundamental e de Valorização do Magistério - FUNDEB;siconfi-cor_RO1.7.2.4.01.00.00;6709264,19
Prefeitura Municipal de Juruá - AM;1302207;AM;13198;Receitas Brutas Realizadas;1.7.2.4.02.00.00 - Transferências de Recursos da Complementação ao Fundo de Manutenção e Desenvolvimento do Ensino Fundamental e de Valorização do Magistério - FUNDEB;siconfi-cor_RO1.7.2.4.02.00.00;1929075,96
Prefeitura Municipal de Juruá - AM;1302207;AM;13198;Receitas Brutas Realizadas;1.7.3.0.00.00.00 - Transferências de Instituições Privadas;siconfi-cor_RO1.7.3.0.00.00.00;1317,03
Prefeitura Municipal de Juruá - AM;1302207;AM;13198;Receitas Brutas Realizadas;1.7.6.0.00.00.00 - Transferências de Convênios;siconfi-cor_RO1.7.6.0.00.00.00;129050
Prefeitura Municipal de Juruá - AM;1302207;AM;13198;Receitas Brutas Realizadas;1.7.6.2.00.00.00 - Transferências de Convênios dos Estados e do Distrito Federal e de Suas Entidades;siconfi-cor_RO1.7.6.2.00.00.00;129050
Prefeitura Municipal de Juruá - AM;1302207;AM;13198;Receitas Brutas Realizadas;1.7.6.2.99.00.00 - Outras Transferências de Convênios dos Estados;siconfi-cor_RO1.7.6.2.99.00.00;129050
Prefeitura Municipal de Juruá - AM;1302207;AM;13198;Receitas Brutas Realizadas;1.9.0.0.00.00.00 - Outras Receitas Correntes;siconfi-cor_RO1.9.0.0.00.00.00;20525,41
Prefeitura Municipal de Juruá - AM;1302207;AM;13198;Receitas Brutas Realizadas;1.9.2.0.00.00.00 - Indenizações e Restituições;siconfi-cor_RO1.9.2.0.00.00.00;4685,97
Prefeitura Municipal de Juruá - AM;1302207;AM;13198;Receitas Brutas Realizadas;1.9.2.2.00.00.00 - Restituições;siconfi-cor_RO1.9.2.2.00.00.00;4685,97
Prefeitura Municipal de Juruá - AM;1302207;AM;13198;Receitas Brutas Realizadas;1.9.2.2.99.00.00 - Outras Restituições;siconfi-cor_RO1.9.2.2.99.00.00;4685,97
Prefeitura Municipal de Juruá - AM;1302207;AM;13198;Receitas Brutas Realizadas;1.9.3.0.00.00.00 - Receita da Dívida Ativa;siconfi-cor_RO1.9.3.0.00.00.00;15149,44
Prefeitura Municipal de Juruá - AM;1302207;AM;13198;Receitas Brutas Realizadas;1.9.3.1.00.00.00 - Receita da Dívida Ativa Tributária;siconfi-cor_RO1.9.3.1.00.00.00;15149,44
Prefeitura Municipal de Juruá - AM;1302207;AM;13198;Receitas Brutas Realizadas;1.9.3.1.11.00.00 - Receita da Dívida Ativa do Imposto sobre a Propriedade Predial e Territorial Urbana ¿ IPTU;siconfi-cor_RO1.9.3.1.11.00.00;15149,44
Prefeitura Municipal de Juruá - AM;1302207;AM;13198;Receitas Brutas Realizadas;1.9.9.0.00.00.00 - Receitas Diversas;siconfi-cor_RO1.9.9.0.00.00.00;690
Prefeitura Municipal de Juruá - AM;1302207;AM;13198;Receitas Brutas Realizadas;1.9.9.0.99.00.00 - Outras Receitas;siconfi-cor_RO1.9.9.0.99.00.00;690
Prefeitura Municipal de Juruá - AM;1302207;AM;13198;Receitas Brutas Realizadas;2.0.0.0.00.00.00 - Receitas de Capital;siconfi-cor_RO2.0.0.0.00.00.00;4776686,35
Prefeitura Municipal de Juruá - AM;1302207;AM;13198;Receitas Brutas Realizadas;2.4.0.0.00.00.00 - Transferências de Capital;siconfi-cor_RO2.4.0.0.00.00.00;4776686,35
Prefeitura Municipal de Juruá - AM;1302207;AM;13198;Receitas Brutas Realizadas;2.4.7.0.00.00.00 - Transferências de Convênios;siconfi-cor_RO2.4.7.0.00.00.00;4776686,35
Prefeitura Municipal de Juruá - AM;1302207;AM;13198;Receitas Brutas Realizadas;2.4.7.1.00.00.00 - Transferências de Convênios da União e de suas Entidades;siconfi-cor_RO2.4.7.1.00.00.00;4776686,35
Prefeitura Municipal de Juruá - AM;1302207;AM;13198;Receitas Brutas Realizadas;2.4.7.1.99.00.00 - Outras Transferências de Convênios da União;siconfi-cor_RO2.4.7.1.99.00.00;4776686,35
Prefeitura Municipal de Juruá - AM;1302207;AM;13198;Deduções - Transferências Constitucionais;Total Receitas;siconfi-cor_TotalReceitas;3260782,45
Prefeitura Municipal de Juruá - AM;1302207;AM;13198;Deduções - Transferências Constitucionais;1.0.0.0.00.00.00 - Receitas Correntes;siconfi-cor_RO1.0.0.0.00.00.00;3260782,45
Prefeitura Municipal de Juruá - AM;1302207;AM;13198;Deduções - Transferências Constitucionais;1.7.0.0.00.00.00 - Transferências Correntes;siconfi-cor_RO1.7.0.0.00.00.00;3260782,45
Prefeitura Municipal de Juruá - AM;1302207;AM;13198;Deduções - Transferências Constitucionais;1.7.2.0.00.00.00 - Transferências Intergovernamentais;siconfi-cor_RO1.7.2.0.00.00.00;3260782,45
Prefeitura Municipal de Juruá - AM;1302207;AM;13198;Deduções - Transferências Constitucionais;1.7.2.1.00.00.00 - Transferências da União;siconfi-cor_RO1.7.2.1.00.00.00;1981948,95
Prefeitura Municipal de Juruá - AM;1302207;AM;13198;Deduções - Transferências Constitucionais;1.7.2.1.01.00.00 - Participação na Receita da União;siconfi-cor_RO1.7.2.1.01.00.00;1978425,87
Prefeitura Municipal de Juruá - AM;1302207;AM;13198;Deduções - Transferências Constitucionais;1.7.2.1.01.02.00 - Cota-Parte do Fundo de Participação dos Municípios ¿ FPM;siconfi-cor_RO1.7.2.1.01.02.00;1966014,43
Prefeitura Municipal de Juruá - AM;1302207;AM;13198;Deduções - Transferências Constitucionais;1.7.2.1.01.05.00 - Cota-Parte do Imposto Sobre a Propriedade Territorial Rural ¿ ITR;siconfi-cor_RO1.7.2.1.01.05.00;12411,44
Prefeitura Municipal de Juruá - AM;1302207;AM;13198;Deduções - Transferências Constitucionais;1.7.2.1.36.00.00 - Transferências Financeiras do ICMS ¿ Desoneração ¿ L.C. Nº 87/96;siconfi-cor_RO1.7.2.1.36.00.00;3523,08
Prefeitura Municipal de Juruá - AM;1302207;AM;13198;Deduções - Transferências Constitucionais;1.7.2.2.00.00.00 - Transferências dos Estados;siconfi-cor_RO1.7.2.2.00.00.00;1278833,5
Prefeitura Municipal de Juruá - AM;1302207;AM;13198;Deduções - Transferências Constitucionais;1.7.2.2.01.00.00 - Participação na Receita dos Estados;siconfi-cor_RO1.7.2.2.01.00.00;1278833,5
Prefeitura Municipal de Juruá - AM;1302207;AM;13198;Deduções - Transferências Constitucionais;1.7.2.2.01.01.00 - Cota-Parte do ICMS;siconfi-cor_RO1.7.2.2.01.01.00;1271449,8
Prefeitura Municipal de Juruá - AM;1302207;AM;13198;Deduções - Transferências Constitucionais;1.7.2.2.01.02.00 - Cota-Parte do IPVA;siconfi-cor_RO1.7.2.2.01.02.00;2241,71
Prefeitura Municipal de Juruá - AM;1302207;AM;13198;Deduções - Transferências Constitucionais;1.7.2.2.01.04.00 - Cota-Parte do IPI - Municípios;siconfi-cor_RO1.7.2.2.01.04.00;5141,99
Prefeitura Municipal de Pauini - AM;1303502;AM;19378;Receitas Brutas Realizadas;Total Receitas;siconfi-cor_TotalReceitas;38480442,99
Prefeitura Municipal de Pauini - AM;1303502;AM;19378;Receitas Brutas Realizadas;1.0.0.0.00.00.00 - Receitas Correntes;siconfi-cor_RO1.0.0.0.00.00.00;36335897,49
Prefeitura Municipal de Pauini - AM;1303502;AM;19378;Receitas Brutas Realizadas;1.1.0.0.00.00.00 - Receita Tributária;siconfi-cor_RO1.1.0.0.00.00.00;562874,56
Prefeitura Municipal de Pauini - AM;1303502;AM;19378;Receitas Brutas Realizadas;1.1.1.0.00.00.00 - Impostos;siconfi-cor_RO1.1.1.0.00.00.00;542032,78
Prefeitura Municipal de Pauini - AM;1303502;AM;19378;Receitas Brutas Realizadas;1.1.1.2.00.00.00 - Impostos sobre o Patrimônio e a Renda;siconfi-cor_RO1.1.1.2.00.00.00;375471,13
Prefeitura Municipal de Pauini - AM;1303502;AM;19378;Receitas Brutas Realizadas;1.1.1.2.02.00.00 - Imposto sobre a Propriedade Predial e Territorial Urbana ¿ IPTU;siconfi-cor_RO1.1.1.2.02.00.00;491,54
Prefeitura Municipal de Pauini - AM;1303502;AM;19378;Receitas Brutas Realizadas;1.1.1.2.04.00.00 - Imposto sobre a Renda e Proventos de Qualquer Natureza ¿ IR;siconfi-cor_RO1.1.1.2.04.00.00;374889,59
Prefeitura Municipal de Pauini - AM;1303502;AM;19378;Receitas Brutas Realizadas;1.1.1.2.04.31.00 - Retido nas Fontes - Trabalho;siconfi-cor_RO1.1.1.2.04.31.00;354981,27
Prefeitura Municipal de Pauini - AM;1303502;AM;19378;Receitas Brutas Realizadas;1.1.1.2.04.34.00 - Retido nas Fontes - Outros Rendimentos;siconfi-cor_RO1.1.1.2.04.34.00;19908,32
Prefeitura Municipal de Pauini - AM;1303502;AM;19378;Receitas Brutas Realizadas;"1.1.1.2.08.00.00 - Imposto sobre Transmissão Inter Vivos"" de Bens Imóveis e de Direitos Reais sobre Imóveis ¿ ITBI""";siconfi-cor_RO1.1.1.2.08.00.00;90
Prefeitura Municipal de Pauini - AM;1303502;AM;19378;Receitas Brutas Realizadas;1.1.1.3.00.00.00 - Impostos sobre a Produção e a Circulação;siconfi-cor_RO1.1.1.3.00.00.00;166561,65
Prefeitura Municipal de Pauini - AM;1303502;AM;19378;Receitas Brutas Realizadas;1.1.1.3.05.00.00 - Imposto sobre Serviços de Qualquer Natureza ¿ ISSQN;siconfi-cor_RO1.1.1.3.05.00.00;166561,65
Prefeitura Municipal de Pauini - AM;1303502;AM;19378;Receitas Brutas Realizadas;1.1.2.0.00.00.00 - Taxas;siconfi-cor_RO1.1.2.0.00.00.00;534,1
Prefeitura Municipal de Pauini - AM;1303502;AM;19378;Receitas Brutas Realizadas;1.1.2.1.00.00.00 - Taxas pelo Exercício do Poder de Polícia;siconfi-cor_RO1.1.2.1.00.00.00;534,1
Prefeitura Municipal de Pauini - AM;1303502;AM;19378;Receitas Brutas Realizadas;1.1.3.0.00.00.00 - Contribuição de Melhoria;siconfi-cor_RO1.1.3.0.00.00.00;20307,68
Prefeitura Municipal de Pauini - AM;1303502;AM;19378;Receitas Brutas Realizadas;1.1.3.0.02.00.00 - Contribuição de Melhoria para Expansão da Rede de Iluminação Pública na Cidade;siconfi-cor_RO1.1.3.0.02.00.00;20307,68
Prefeitura Municipal de Pauini - AM;1303502;AM;19378;Receitas Brutas Realizadas;1.3.0.0.00.00.00 - Receita Patrimonial;siconfi-cor_RO1.3.0.0.00.00.00;189556,75
Prefeitura Municipal de Pauini - AM;1303502;AM;19378;Receitas Brutas Realizadas;1.3.2.0.00.00.00 - Receitas de Valores Mobiliários;siconfi-cor_RO1.3.2.0.00.00.00;189556,75
Prefeitura Municipal de Pauini - AM;1303502;AM;19378;Receitas Brutas Realizadas;1.3.2.5.00.00.00 - Remuneração de Depósitos Bancários;siconfi-cor_RO1.3.2.5.00.00.00;189556,75
Prefeitura Municipal de Pauini - AM;1303502;AM;19378;Receitas Brutas Realizadas;1.7.0.0.00.00.00 - Transferências Correntes;siconfi-cor_RO1.7.0.0.00.00.00;35415560,18
Prefeitura Municipal de Pauini - AM;1303502;AM;19378;Receitas Brutas Realizadas;1.7.2.0.00.00.00 - Transferências Intergovernamentais;siconfi-cor_RO1.7.2.0.00.00.00;35415560,18
Prefeitura Municipal de Pauini - AM;1303502;AM;19378;Receitas Brutas Realizadas;1.7.2.1.00.00.00 - Transferências da União;siconfi-cor_RO1.7.2.1.00.00.00;17670903,54
Prefeitura Municipal de Pauini - AM;1303502;AM;19378;Receitas Brutas Realizadas;1.7.2.1.01.00.00 - Participação na Receita da União;siconfi-cor_RO1.7.2.1.01.00.00;14334346,92
Prefeitura Municipal de Pauini - AM;1303502;AM;19378;Receitas Brutas Realizadas;1.7.2.1.01.02.00 - Cota-Parte do Fundo de Participação dos Municípios ¿ FPM;siconfi-cor_RO1.7.2.1.01.02.00;13773847,29
Prefeitura Municipal de Pauini - AM;1303502;AM;19378;Receitas Brutas Realizadas;1.7.2.1.01.03.00 - Cota-Parte do Fundo de Participação dos Municípios - 1% Cota Anual;siconfi-cor_RO1.7.2.1.01.03.00;556040,01
Prefeitura Municipal de Pauini - AM;1303502;AM;19378;Receitas Brutas Realizadas;1.7.2.1.01.05.00 - Cota-Parte do Imposto Sobre a Propriedade Territorial Rural ¿ ITR;siconfi-cor_RO1.7.2.1.01.05.00;4459,62
Prefeitura Municipal de Pauini - AM;1303502;AM;19378;Receitas Brutas Realizadas;1.7.2.1.22.00.00 - Transferências da Compensação Financeira pela Exploração de Recursos Naturais;siconfi-cor_RO1.7.2.1.22.00.00;112879
Prefeitura Municipal de Pauini - AM;1303502;AM;19378;Receitas Brutas Realizadas;1.7.2.1.22.70.00 - Cota-Parte do Fundo Especial do Petróleo ¿ FEP;siconfi-cor_RO1.7.2.1.22.70.00;112879
Prefeitura Municipal de Pauini - AM;1303502;AM;19378;Receitas Brutas Realizadas;1.7.2.1.33.00.00 - Transferências de Recursos do Sistema Único de Saúde - SUS - Repasses Fundo a Fundo;siconfi-cor_RO1.7.2.1.33.00.00;2143306,15
Prefeitura Municipal de Pauini - AM;1303502;AM;19378;Receitas Brutas Realizadas;1.7.2.1.34.00.00 - Transferências de Recursos do Fundo Nacional de Assistência Social ¿ FNAS;siconfi-cor_RO1.7.2.1.34.00.00;310602,58
Prefeitura Municipal de Pauini - AM;1303502;AM;19378;Receitas Brutas Realizadas;1.7.2.1.35.00.00 - Transferências de Recursos do Fundo Nacional do Desenvolvimento da Educação ¿ FNDE;siconfi-cor_RO1.7.2.1.35.00.00;708625,67
Prefeitura Municipal de Pauini - AM;1303502;AM;19378;Receitas Brutas Realizadas;1.7.2.1.36.00.00 - Transferências Financeiras do ICMS ¿ Desoneração ¿ L.C. Nº 87/96;siconfi-cor_RO1.7.2.1.36.00.00;22229,16
Prefeitura Municipal de Pauini - AM;1303502;AM;19378;Receitas Brutas Realizadas;1.7.2.1.99.00.00 - Outras Transferências da União;siconfi-cor_RO1.7.2.1.99.00.00;38914,06
Prefeitura Municipal de Pauini - AM;1303502;AM;19378;Receitas Brutas Realizadas;1.7.2.2.00.00.00 - Transferências dos Estados;siconfi-cor_RO1.7.2.2.00.00.00;8411523,83
Prefeitura Municipal de Pauini - AM;1303502;AM;19378;Receitas Brutas Realizadas;1.7.2.2.01.00.00 - Participação na Receita dos Estados;siconfi-cor_RO1.7.2.2.01.00.00;8104303,22
Prefeitura Municipal de Pauini - AM;1303502;AM;19378;Receitas Brutas Realizadas;1.7.2.2.01.01.00 - Cota-Parte do ICMS;siconfi-cor_RO1.7.2.2.01.01.00;8022286,14
Prefeitura Municipal de Pauini - AM;1303502;AM;19378;Receitas Brutas Realizadas;1.7.2.2.01.02.00 - Cota-Parte do IPVA;siconfi-cor_RO1.7.2.2.01.02.00;9066,99
Prefeitura Municipal de Pauini - AM;1303502;AM;19378;Receitas Brutas Realizadas;1.7.2.2.01.04.00 - Cota-Parte do IPI - Municípios;siconfi-cor_RO1.7.2.2.01.04.00;32443,98
Prefeitura Municipal de Pauini - AM;1303502;AM;19378;Receitas Brutas Realizadas;1.7.2.2.01.13.00 - Cota-Parte da Contribuição de Intervenção no Domínio Econômico;siconfi-cor_RO1.7.2.2.01.13.00;40506,11
Prefeitura Municipal de Pauini - AM;1303502;AM;19378;Receitas Brutas Realizadas;1.7.2.2.22.00.00 - Transferências da Cota-Parte da Compensação Financeira (25%);siconfi-cor_RO1.7.2.2.22.00.00;92985,41
Prefeitura Municipal de Pauini - AM;1303502;AM;19378;Receitas Brutas Realizadas;1.7.2.2.22.30.00 - Cota-Parte Royalties - Compensação Financeira pela Produção de Petróleo - Lei nº 7.990/89 artigo 9º;siconfi-cor_RO1.7.2.2.22.30.00;92985,41
Prefeitura Municipal de Pauini - AM;1303502;AM;19378;Receitas Brutas Realizadas;1.7.2.2.33.00.00 - Transferências de Recursos do Estado para Programas de Saúde - Repasse Fundo a Fundo;siconfi-cor_RO1.7.2.2.33.00.00;214235,2
Prefeitura Municipal de Pauini - AM;1303502;AM;19378;Receitas Brutas Realizadas;1.7.2.4.00.00.00 - Transferências Multigovernamentais;siconfi-cor_RO1.7.2.4.00.00.00;9333132,81
Prefeitura Municipal de Pauini - AM;1303502;AM;19378;Receitas Brutas Realizadas;1.7.2.4.01.00.00 - Transferências de Recursos do Fundo de Manutenção e Desenvolvimento do Ensino Fundamental e de Valorização do Magistério - FUNDEB;siconfi-cor_RO1.7.2.4.01.00.00;7411359,8
Prefeitura Municipal de Pauini - AM;1303502;AM;19378;Receitas Brutas Realizadas;1.7.2.4.02.00.00 - Transferências de Recursos da Complementação ao Fundo de Manutenção e Desenvolvimento do Ensino Fundamental e de Valorização do Magistério - FUNDEB;siconfi-cor_RO1.7.2.4.02.00.00;1921773,01
Prefeitura Municipal de Pauini - AM;1303502;AM;19378;Receitas Brutas Realizadas;1.9.0.0.00.00.00 - Outras Receitas Correntes;siconfi-cor_RO1.9.0.0.00.00.00;167906
Prefeitura Municipal de Pauini - AM;1303502;AM;19378;Receitas Brutas Realizadas;1.9.2.0.00.00.00 - Indenizações e Restituições;siconfi-cor_RO1.9.2.0.00.00.00;50
Prefeitura Municipal de Pauini - AM;1303502;AM;19378;Receitas Brutas Realizadas;1.9.2.2.00.00.00 - Restituições;siconfi-cor_RO1.9.2.2.00.00.00;50
Prefeitura Municipal de Pauini - AM;1303502;AM;19378;Receitas Brutas Realizadas;1.9.2.2.99.00.00 - Outras Restituições;siconfi-cor_RO1.9.2.2.99.00.00;50
Prefeitura Municipal de Pauini - AM;1303502;AM;19378;Receitas Brutas Realizadas;1.9.9.0.00.00.00 - Receitas Diversas;siconfi-cor_RO1.9.9.0.00.00.00;167856
Prefeitura Municipal de Pauini - AM;1303502;AM;19378;Receitas Brutas Realizadas;1.9.9.0.99.00.00 - Outras Receitas;siconfi-cor_RO1.9.9.0.99.00.00;167856
Prefeitura Municipal de Pauini - AM;1303502;AM;19378;Receitas Brutas Realizadas;2.0.0.0.00.00.00 - Receitas de Capital;siconfi-cor_RO2.0.0.0.00.00.00;2144545,5
Prefeitura Municipal de Pauini - AM;1303502;AM;19378;Receitas Brutas Realizadas;2.4.0.0.00.00.00 - Transferências de Capital;siconfi-cor_RO2.4.0.0.00.00.00;2144545,5
Prefeitura Municipal de Pauini - AM;1303502;AM;19378;Receitas Brutas Realizadas;2.4.2.0.00.00.00 - Transferências Intergovernamentais;siconfi-cor_RO2.4.2.0.00.00.00;2144545,5
Prefeitura Municipal de Pauini - AM;1303502;AM;19378;Receitas Brutas Realizadas;2.4.2.1.00.00.00 - Transferências da União;siconfi-cor_RO2.4.2.1.00.00.00;2144545,5
Prefeitura Municipal de Pauini - AM;1303502;AM;19378;Receitas Brutas Realizadas;2.4.2.1.01.00.00 - Participação na Receita da União;siconfi-cor_RO2.4.2.1.01.00.00;1868646
Prefeitura Municipal de Pauini - AM;1303502;AM;19378;Receitas Brutas Realizadas;2.4.2.1.02.00.00 - Transferências de Recursos Destinados a Programas de Educação;siconfi-cor_RO2.4.2.1.02.00.00;275899,5
Prefeitura Municipal de Pauini - AM;1303502;AM;19378;Deduções - FUNDEB;Total Receitas;siconfi-cor_TotalReceitas;4286944,31
Prefeitura Municipal de Pauini - AM;1303502;AM;19378;Deduções - FUNDEB;1.0.0.0.00.00.00 - Receitas Correntes;siconfi-cor_RO1.0.0.0.00.00.00;4286944,31
Prefeitura Municipal de Pauini - AM;1303502;AM;19378;Deduções - FUNDEB;1.7.0.0.00.00.00 - Transferências Correntes;siconfi-cor_RO1.7.0.0.00.00.00;4286944,31
Prefeitura Municipal de Pauini - AM;1303502;AM;19378;Deduções - FUNDEB;1.7.2.0.00.00.00 - Transferências Intergovernamentais;siconfi-cor_RO1.7.2.0.00.00.00;4286944,31
Prefeitura Municipal de Pauini - AM;1303502;AM;19378;Deduções - FUNDEB;1.7.2.1.00.00.00 - Transferências da União;siconfi-cor_RO1.7.2.1.00.00.00;2674185,01
Prefeitura Municipal de Pauini - AM;1303502;AM;19378;Deduções - FUNDEB;1.7.2.1.01.00.00 - Participação na Receita da União;siconfi-cor_RO1.7.2.1.01.00.00;2669739,25
Prefeitura Municipal de Pauini - AM;1303502;AM;19378;Deduções - FUNDEB;1.7.2.1.01.02.00 - Cota-Parte do Fundo de Participação dos Municípios ¿ FPM;siconfi-cor_RO1.7.2.1.01.02.00;2668847,36
Prefeitura Municipal de Pauini - AM;1303502;AM;19378;Deduções - FUNDEB;1.7.2.1.01.05.00 - Cota-Parte do Imposto Sobre a Propriedade Territorial Rural ¿ ITR;siconfi-cor_RO1.7.2.1.01.05.00;891,89
Prefeitura Municipal de Pauini - AM;1303502;AM;19378;Deduções - FUNDEB;1.7.2.1.36.00.00 - Transferências Financeiras do ICMS ¿ Desoneração ¿ L.C. Nº 87/96;siconfi-cor_RO1.7.2.1.36.00.00;4445,76
Prefeitura Municipal de Pauini - AM;1303502;AM;19378;Deduções - FUNDEB;1.7.2.2.00.00.00 - Transferências dos Estados;siconfi-cor_RO1.7.2.2.00.00.00;1612759,3
Prefeitura Municipal de Pauini - AM;1303502;AM;19378;Deduções - FUNDEB;1.7.2.2.01.00.00 - Participação na Receita dos Estados;siconfi-cor_RO1.7.2.2.01.00.00;1612759,3
Prefeitura Municipal de Pauini - AM;1303502;AM;19378;Deduções - FUNDEB;1.7.2.2.01.01.00 - Cota-Parte do ICMS;siconfi-cor_RO1.7.2.2.01.01.00;1604457,24
Prefeitura Municipal de Pauini - AM;1303502;AM;19378;Deduções - FUNDEB;1.7.2.2.01.02.00 - Cota-Parte do IPVA;siconfi-cor_RO1.7.2.2.01.02.00;1813,27
Prefeitura Municipal de Pauini - AM;1303502;AM;19378;Deduções - FUNDEB;1.7.2.2.01.04.00 - Cota-Parte do IPI - Municípios;siconfi-cor_RO1.7.2.2.01.04.00;6488,79
Prefeitura Municipal de São Sebastião do Uatumã - AM;1303957;AM;12781;Receitas Brutas Realizadas;Total Receitas;siconfi-cor_TotalReceitas;23631963,36
Prefeitura Municipal de São Sebastião do Uatumã - AM;1303957;AM;12781;Receitas Brutas Realizadas;1.0.0.0.00.00.00 - Receitas Correntes;siconfi-cor_RO1.0.0.0.00.00.00;23300375,36
Prefeitura Municipal de São Sebastião do Uatumã - AM;1303957;AM;12781;Receitas Brutas Realizadas;1.1.0.0.00.00.00 - Receita Tributária;siconfi-cor_RO1.1.0.0.00.00.00;524717,64
Prefeitura Municipal de São Sebastião do Uatumã - AM;1303957;AM;12781;Receitas Brutas Realizadas;1.1.1.0.00.00.00 - Impostos;siconfi-cor_RO1.1.1.0.00.00.00;518387,11
Prefeitura Municipal de São Sebastião do Uatumã - AM;1303957;AM;12781;Receitas Brutas Realizadas;1.1.1.2.00.00.00 - Impostos sobre o Patrimônio e a Renda;siconfi-cor_RO1.1.1.2.00.00.00;280499,13
Prefeitura Municipal de São Sebastião do Uatumã - AM;1303957;AM;12781;Receitas Brutas Realizadas;1.1.1.2.02.00.00 - Imposto sobre a Propriedade Predial e Territorial Urbana ¿ IPTU;siconfi-cor_RO1.1.1.2.02.00.00;2538,79
Prefeitura Municipal de São Sebastião do Uatumã - AM;1303957;AM;12781;Receitas Brutas Realizadas;1.1.1.2.04.00.00 - Imposto sobre a Renda e Proventos de Qualquer Natureza ¿ IR;siconfi-cor_RO1.1.1.2.04.00.00;277092,36
Prefeitura Municipal de São Sebastião do Uatumã - AM;1303957;AM;12781;Receitas Brutas Realizadas;1.1.1.2.04.31.00 - Retido nas Fontes - Trabalho;siconfi-cor_RO1.1.1.2.04.31.00;274200,1
Prefeitura Municipal de São Sebastião do Uatumã - AM;1303957;AM;12781;Receitas Brutas Realizadas;1.1.1.2.04.34.00 - Retido nas Fontes - Outros Rendimentos;siconfi-cor_RO1.1.1.2.04.34.00;2892,26
Prefeitura Municipal de São Sebastião do Uatumã - AM;1303957;AM;12781;Receitas Brutas Realizadas;"1.1.1.2.08.00.00 - Imposto sobre Transmissão Inter Vivos"" de Bens Imóveis e de Direitos Reais sobre Imóveis ¿ ITBI""";siconfi-cor_RO1.1.1.2.08.00.00;867,98
Prefeitura Municipal de São Sebastião do Uatumã - AM;1303957;AM;12781;Receitas Brutas Realizadas;1.1.1.3.00.00.00 - Impostos sobre a Produção e a Circulação;siconfi-cor_RO1.1.1.3.00.00.00;237887,98
Prefeitura Municipal de São Sebastião do Uatumã - AM;1303957;AM;12781;Receitas Brutas Realizadas;1.1.1.3.05.00.00 - Imposto sobre Serviços de Qualquer Natureza ¿ ISSQN;siconfi-cor_RO1.1.1.3.05.00.00;237887,98
Prefeitura Municipal de São Sebastião do Uatumã - AM;1303957;AM;12781;Receitas Brutas Realizadas;1.1.2.0.00.00.00 - Taxas;siconfi-cor_RO1.1.2.0.00.00.00;6330,53
Prefeitura Municipal de São Sebastião do Uatumã - AM;1303957;AM;12781;Receitas Brutas Realizadas;1.1.2.1.00.00.00 - Taxas pelo Exercício do Poder de Polícia;siconfi-cor_RO1.1.2.1.00.00.00;6220,73
Prefeitura Municipal de São Sebastião do Uatumã - AM;1303957;AM;12781;Receitas Brutas Realizadas;1.1.2.2.00.00.00 - Taxas pela Prestação de Serviços;siconfi-cor_RO1.1.2.2.00.00.00;109,8
Prefeitura Municipal de São Sebastião do Uatumã - AM;1303957;AM;12781;Receitas Brutas Realizadas;1.1.2.2.99.00.00 - Outras Taxas pela Prestação de Serviços;siconfi-cor_RO1.1.2.2.99.00.00;109,8
Prefeitura Municipal de São Sebastião do Uatumã - AM;1303957;AM;12781;Receitas Brutas Realizadas;1.2.0.0.00.00.00 - Receitas de Contribuições;siconfi-cor_RO1.2.0.0.00.00.00;74333,32
Prefeitura Municipal de São Sebastião do Uatumã - AM;1303957;AM;12781;Receitas Brutas Realizadas;1.2.2.0.00.00.00 - Contribuições de Intervenção no Domínio Econômico;siconfi-cor_RO1.2.2.0.00.00.00;74333,32
Prefeitura Municipal de São Sebastião do Uatumã - AM;1303957;AM;12781;Receitas Brutas Realizadas;1.2.2.0.99.00.00 - Outras Contribuições Econômicas;siconfi-cor_RO1.2.2.0.99.00.00;74333,32
Prefeitura Municipal de São Sebastião do Uatumã - AM;1303957;AM;12781;Receitas Brutas Realizadas;1.3.0.0.00.00.00 - Receita Patrimonial;siconfi-cor_RO1.3.0.0.00.00.00;255461,27
Prefeitura Municipal de São Sebastião do Uatumã - AM;1303957;AM;12781;Receitas Brutas Realizadas;1.3.2.0.00.00.00 - Receitas de Valores Mobiliários;siconfi-cor_RO1.3.2.0.00.00.00;255461,27
Prefeitura Municipal de São Sebastião do Uatumã - AM;1303957;AM;12781;Receitas Brutas Realizadas;1.3.2.5.00.00.00 - Remuneração de Depósitos Bancários;siconfi-cor_RO1.3.2.5.00.00.00;255461,27
Prefeitura Municipal de São Sebastião do Uatumã - AM;1303957;AM;12781;Receitas Brutas Realizadas;1.6.0.0.00.00.00 - Receita de Serviços;siconfi-cor_RO1.6.0.0.00.00.00;262862,14
Prefeitura Municipal de São Sebastião do Uatumã - AM;1303957;AM;12781;Receitas Brutas Realizadas;1.6.0.0.13.00.00 - Serviços Administrativos;siconfi-cor_RO1.6.0.0.13.00.00;530
Prefeitura Municipal de São Sebastião do Uatumã - AM;1303957;AM;12781;Receitas Brutas Realizadas;1.6.0.0.41.00.00 - Serviços de Captação, Adução, Tratamento, Reserva e Distribuição de Água;siconfi-cor_RO1.6.0.0.41.00.00;256312,71
Prefeitura Municipal de São Sebastião do Uatumã - AM;1303957;AM;12781;Receitas Brutas Realizadas;1.6.0.0.48.00.00 - Serviços de Religamento de Água;siconfi-cor_RO1.6.0.0.48.00.00;147
Prefeitura Municipal de São Sebastião do Uatumã - AM;1303957;AM;12781;Receitas Brutas Realizadas;1.6.0.0.99.00.00 - Outros Serviços;siconfi-cor_RO1.6.0.0.99.00.00;5872,43
Prefeitura Municipal de São Sebastião do Uatumã - AM;1303957;AM;12781;Receitas Brutas Realizadas;1.7.0.0.00.00.00 - Transferências Correntes;siconfi-cor_RO1.7.0.0.00.00.00;22139170,27
Prefeitura Municipal de São Sebastião do Uatumã - AM;1303957;AM;12781;Receitas Brutas Realizadas;1.7.2.0.00.00.00 - Transferências Intergovernamentais;siconfi-cor_RO1.7.2.0.00.00.00;22139170,27
Prefeitura Municipal de São Sebastião do Uatumã - AM;1303957;AM;12781;Receitas Brutas Realizadas;1.7.2.1.00.00.00 - Transferências da União;siconfi-cor_RO1.7.2.1.00.00.00;12080943,01
Prefeitura Municipal de São Sebastião do Uatumã - AM;1303957;AM;12781;Receitas Brutas Realizadas;1.7.2.1.01.00.00 - Participação na Receita da União;siconfi-cor_RO1.7.2.1.01.00.00;9553632,45
Prefeitura Municipal de São Sebastião do Uatumã - AM;1303957;AM;12781;Receitas Brutas Realizadas;1.7.2.1.01.02.00 - Cota-Parte do Fundo de Participação dos Municípios ¿ FPM;siconfi-cor_RO1.7.2.1.01.02.00;8919124,54
Prefeitura Municipal de São Sebastião do Uatumã - AM;1303957;AM;12781;Receitas Brutas Realizadas;1.7.2.1.01.03.00 - Cota-Parte do Fundo de Participação dos Municípios - 1% Cota Anual;siconfi-cor_RO1.7.2.1.01.03.00;370693,34
Prefeitura Municipal de São Sebastião do Uatumã - AM;1303957;AM;12781;Receitas Brutas Realizadas;1.7.2.1.01.04.00 - Cota-Parte do Fundo de Participação dos Municípios - 1% Cota entregue no mês de julho (67)(I);siconfi-cor_RO1.7.2.1.01.04.00;263440,3
Prefeitura Municipal de São Sebastião do Uatumã - AM;1303957;AM;12781;Receitas Brutas Realizadas;1.7.2.1.01.05.00 - Cota-Parte do Imposto Sobre a Propriedade Territorial Rural ¿ ITR;siconfi-cor_RO1.7.2.1.01.05.00;374,27
Prefeitura Municipal de São Sebastião do Uatumã - AM;1303957;AM;12781;Receitas Brutas Realizadas;1.7.2.1.22.00.00 - Transferências da Compensação Financeira pela Exploração de Recursos Naturais;siconfi-cor_RO1.7.2.1.22.00.00;75252,65
Prefeitura Municipal de São Sebastião do Uatumã - AM;1303957;AM;12781;Receitas Brutas Realizadas;1.7.2.1.22.70.00 - Cota-Parte do Fundo Especial do Petróleo ¿ FEP;siconfi-cor_RO1.7.2.1.22.70.00;75252,65
Prefeitura Municipal de São Sebastião do Uatumã - AM;1303957;AM;12781;Receitas Brutas Realizadas;1.7.2.1.33.00.00 - Transferências de Recursos do Sistema Único de Saúde - SUS - Repasses Fundo a Fundo;siconfi-cor_RO1.7.2.1.33.00.00;1865949,22
Prefeitura Municipal de São Sebastião do Uatumã - AM;1303957;AM;12781;Receitas Brutas Realizadas;1.7.2.1.34.00.00 - Transferências de Recursos do Fundo Nacional de Assistência Social ¿ FNAS;siconfi-cor_RO1.7.2.1.34.00.00;214725,99
Prefeitura Municipal de São Sebastião do Uatumã - AM;1303957;AM;12781;Receitas Brutas Realizadas;1.7.2.1.35.00.00 - Transferências de Recursos do Fundo Nacional do Desenvolvimento da Educação ¿ FNDE;siconfi-cor_RO1.7.2.1.35.00.00;327227,54
Prefeitura Municipal de São Sebastião do Uatumã - AM;1303957;AM;12781;Receitas Brutas Realizadas;1.7.2.1.36.00.00 - Transferências Financeiras do ICMS ¿ Desoneração ¿ L.C. Nº 87/96;siconfi-cor_RO1.7.2.1.36.00.00;16053
Prefeitura Municipal de São Sebastião do Uatumã - AM;1303957;AM;12781;Receitas Brutas Realizadas;1.7.2.1.99.00.00 - Outras Transferências da União;siconfi-cor_RO1.7.2.1.99.00.00;28102,16
Prefeitura Municipal de São Sebastião do Uatumã - AM;1303957;AM;12781;Receitas Brutas Realizadas;1.7.2.2.00.00.00 - Transferências dos Estados;siconfi-cor_RO1.7.2.2.00.00.00;6164913,56
Prefeitura Municipal de São Sebastião do Uatumã - AM;1303957;AM;12781;Receitas Brutas Realizadas;1.7.2.2.01.00.00 - Participação na Receita dos Estados;siconfi-cor_RO1.7.2.2.01.00.00;5855557,54
Prefeitura Municipal de São Sebastião do Uatumã - AM;1303957;AM;12781;Receitas Brutas Realizadas;1.7.2.2.01.01.00 - Cota-Parte do ICMS;siconfi-cor_RO1.7.2.2.01.01.00;5793371
Prefeitura Municipal de São Sebastião do Uatumã - AM;1303957;AM;12781;Receitas Brutas Realizadas;1.7.2.2.01.02.00 - Cota-Parte do IPVA;siconfi-cor_RO1.7.2.2.01.02.00;11876,42
Prefeitura Municipal de São Sebastião do Uatumã - AM;1303957;AM;12781;Receitas Brutas Realizadas;1.7.2.2.01.04.00 - Cota-Parte do IPI - Municípios;siconfi-cor_RO1.7.2.2.01.04.00;23429,74
Prefeitura Municipal de São Sebastião do Uatumã - AM;1303957;AM;12781;Receitas Brutas Realizadas;1.7.2.2.01.13.00 - Cota-Parte da Contribuição de Intervenção no Domínio Econômico;siconfi-cor_RO1.7.2.2.01.13.00;26880,38
Prefeitura Municipal de São Sebastião do Uatumã - AM;1303957;AM;12781;Receitas Brutas Realizadas;1.7.2.2.22.00.00 - Transferências da Cota-Parte da Compensação Financeira (25%);siconfi-cor_RO1.7.2.2.22.00.00;67150,3
Prefeitura Municipal de São Sebastião do Uatumã - AM;1303957;AM;12781;Receitas Brutas Realizadas;1.7.2.2.22.30.00 - Cota-Parte Royalties - Compensação Financeira pela Produção de Petróleo - Lei nº 7.990/89 artigo 9º;siconfi-cor_RO1.7.2.2.22.30.00;67150,3
Prefeitura Municipal de São Sebastião do Uatumã - AM;1303957;AM;12781;Receitas Brutas Realizadas;1.7.2.2.33.00.00 - Transferências de Recursos do Estado para Programas de Saúde - Repasse Fundo a Fundo;siconfi-cor_RO1.7.2.2.33.00.00;242205,72
Prefeitura Municipal de São Sebastião do Uatumã - AM;1303957;AM;12781;Receitas Brutas Realizadas;1.7.2.4.00.00.00 - Transferências Multigovernamentais;siconfi-cor_RO1.7.2.4.00.00.00;3893313,7
Prefeitura Municipal de São Sebastião do Uatumã - AM;1303957;AM;12781;Receitas Brutas Realizadas;1.7.2.4.01.00.00 - Transferências de Recursos do Fundo de Manutenção e Desenvolvimento do Ensino Fundamental e de Valorização do Magistério - FUNDEB;siconfi-cor_RO1.7.2.4.01.00.00;3002090
Prefeitura Municipal de São Sebastião do Uatumã - AM;1303957;AM;12781;Receitas Brutas Realizadas;1.7.2.4.02.00.00 - Transferências de Recursos da Complementação ao Fundo de Manutenção e Desenvolvimento do Ensino Fundamental e de Valorização do Magistério - FUNDEB;siconfi-cor_RO1.7.2.4.02.00.00;891223,7
Prefeitura Municipal de São Sebastião do Uatumã - AM;1303957;AM;12781;Receitas Brutas Realizadas;1.9.0.0.00.00.00 - Outras Receitas Correntes;siconfi-cor_RO1.9.0.0.00.00.00;43830,72
Prefeitura Municipal de São Sebastião do Uatumã - AM;1303957;AM;12781;Receitas Brutas Realizadas;1.9.1.0.00.00.00 - Multas e Juros de Mora;siconfi-cor_RO1.9.1.0.00.00.00;20381,27
Prefeitura Municipal de São Sebastião do Uatumã - AM;1303957;AM;12781;Receitas Brutas Realizadas;1.9.1.9.00.00.00 - Multas de Outras Origens;siconfi-cor_RO1.9.1.9.00.00.00;20381,27
Prefeitura Municipal de São Sebastião do Uatumã - AM;1303957;AM;12781;Receitas Brutas Realizadas;1.9.2.0.00.00.00 - Indenizações e Restituições;siconfi-cor_RO1.9.2.0.00.00.00;4299,5
Prefeitura Municipal de São Sebastião do Uatumã - AM;1303957;AM;12781;Receitas Brutas Realizadas;1.9.2.1.00.00.00 - Indenizações;siconfi-cor_RO1.9.2.1.00.00.00;4299,42
Prefeitura Municipal de São Sebastião do Uatumã - AM;1303957;AM;12781;Receitas Brutas Realizadas;1.9.2.2.00.00.00 - Restituições;siconfi-cor_RO1.9.2.2.00.00.00;0,08
Prefeitura Municipal de São Sebastião do Uatumã - AM;1303957;AM;12781;Receitas Brutas Realizadas;1.9.2.2.99.00.00 - Outras Restituições;siconfi-cor_RO1.9.2.2.99.00.00;0,08
Prefeitura Municipal de São Sebastião do Uatumã - AM;1303957;AM;12781;Receitas Brutas Realizadas;1.9.3.0.00.00.00 - Receita da Dívida Ativa;siconfi-cor_RO1.9.3.0.00.00.00;19149,95
Prefeitura Municipal de São Sebastião do Uatumã - AM;1303957;AM;12781;Receitas Brutas Realizadas;1.9.3.1.00.00.00 - Receita da Dívida Ativa Tributária;siconfi-cor_RO1.9.3.1.00.00.00;4184,57
Prefeitura Municipal de São Sebastião do Uatumã - AM;1303957;AM;12781;Receitas Brutas Realizadas;1.9.3.1.11.00.00 - Receita da Dívida Ativa do Imposto sobre a Propriedade Predial e Territorial Urbana ¿ IPTU;siconfi-cor_RO1.9.3.1.11.00.00;4184,57
Prefeitura Municipal de São Sebastião do Uatumã - AM;1303957;AM;12781;Receitas Brutas Realizadas;1.9.3.2.00.00.00 - Receita da Dívida Ativa Não Tributária;siconfi-cor_RO1.9.3.2.00.00.00;14965,38
Prefeitura Municipal de São Sebastião do Uatumã - AM;1303957;AM;12781;Receitas Brutas Realizadas;1.9.3.2.99.00.00 - Receita da Dívida Ativa Não Tributária de Outras Receitas;siconfi-cor_RO1.9.3.2.99.00.00;14965,38
Prefeitura Municipal de São Sebastião do Uatumã - AM;1303957;AM;12781;Receitas Brutas Realizadas;2.0.0.0.00.00.00 - Receitas de Capital;siconfi-cor_RO2.0.0.0.00.00.00;331588
Prefeitura Municipal de São Sebastião do Uatumã - AM;1303957;AM;12781;Receitas Brutas Realizadas;2.4.0.0.00.00.00 - Transferências de Capital;siconfi-cor_RO2.4.0.0.00.00.00;331588
Prefeitura Municipal de São Sebastião do Uatumã - AM;1303957;AM;12781;Receitas Brutas Realizadas;2.4.2.0.00.00.00 - Transferências Intergovernamentais;siconfi-cor_RO2.4.2.0.00.00.00;331588
Prefeitura Municipal de São Sebastião do Uatumã - AM;1303957;AM;12781;Receitas Brutas Realizadas;2.4.2.1.00.00.00 - Transferências da União;siconfi-cor_RO2.4.2.1.00.00.00;331588
Prefeitura Municipal de São Sebastião do Uatumã - AM;1303957;AM;12781;Receitas Brutas Realizadas;2.4.2.1.01.00.00 - Participação na Receita da União;siconfi-cor_RO2.4.2.1.01.00.00;331588
Prefeitura Municipal de São Sebastião do Uatumã - AM;1303957;AM;12781;Deduções - Transferências Constitucionais;Total Receitas;siconfi-cor_TotalReceitas;2948252,25
Prefeitura Municipal de São Sebastião do Uatumã - AM;1303957;AM;12781;Deduções - Transferências Constitucionais;1.0.0.0.00.00.00 - Receitas Correntes;siconfi-cor_RO1.0.0.0.00.00.00;2948252,25
Prefeitura Municipal de São Sebastião do Uatumã - AM;1303957;AM;12781;Deduções - Transferências Constitucionais;1.7.0.0.00.00.00 - Transferências Correntes;siconfi-cor_RO1.7.0.0.00.00.00;2948252,25
Prefeitura Municipal de São Sebastião do Uatumã - AM;1303957;AM;12781;Deduções - Transferências Constitucionais;1.7.2.0.00.00.00 - Transferências Intergovernamentais;siconfi-cor_RO1.7.2.0.00.00.00;2948252,25
Prefeitura Municipal de São Sebastião do Uatumã - AM;1303957;AM;12781;Deduções - Transferências Constitucionais;1.7.2.1.00.00.00 - Transferências da União;siconfi-cor_RO1.7.2.1.00.00.00;1782516,93
Prefeitura Municipal de São Sebastião do Uatumã - AM;1303957;AM;12781;Deduções - Transferências Constitucionais;1.7.2.1.01.00.00 - Participação na Receita da União;siconfi-cor_RO1.7.2.1.01.00.00;1779306,33
Prefeitura Municipal de São Sebastião do Uatumã - AM;1303957;AM;12781;Deduções - Transferências Constitucionais;1.7.2.1.01.02.00 - Cota-Parte do Fundo de Participação dos Municípios ¿ FPM;siconfi-cor_RO1.7.2.1.01.02.00;1779231,5
Prefeitura Municipal de São Sebastião do Uatumã - AM;1303957;AM;12781;Deduções - Transferências Constitucionais;1.7.2.1.01.05.00 - Cota-Parte do Imposto Sobre a Propriedade Territorial Rural ¿ ITR;siconfi-cor_RO1.7.2.1.01.05.00;74,83
Prefeitura Municipal de São Sebastião do Uatumã - AM;1303957;AM;12781;Deduções - Transferências Constitucionais;1.7.2.1.36.00.00 - Transferências Financeiras do ICMS ¿ Desoneração ¿ L.C. Nº 87/96;siconfi-cor_RO1.7.2.1.36.00.00;3210,6
Prefeitura Municipal de São Sebastião do Uatumã - AM;1303957;AM;12781;Deduções - Transferências Constitucionais;1.7.2.2.00.00.00 - Transferências dos Estados;siconfi-cor_RO1.7.2.2.00.00.00;1165735,32
Prefeitura Municipal de São Sebastião do Uatumã - AM;1303957;AM;12781;Deduções - Transferências Constitucionais;1.7.2.2.01.00.00 - Participação na Receita dos Estados;siconfi-cor_RO1.7.2.2.01.00.00;1165735,32
Prefeitura Municipal de São Sebastião do Uatumã - AM;1303957;AM;12781;Deduções - Transferências Constitucionais;1.7.2.2.01.01.00 - Cota-Parte do ICMS;siconfi-cor_RO1.7.2.2.01.01.00;1158685,29
Prefeitura Municipal de São Sebastião do Uatumã - AM;1303957;AM;12781;Deduções - Transferências Constitucionais;1.7.2.2.01.02.00 - Cota-Parte do IPVA;siconfi-cor_RO1.7.2.2.01.02.00;2364,05
Prefeitura Municipal de São Sebastião do Uatumã - AM;1303957;AM;12781;Deduções - Transferências Constitucionais;1.7.2.2.01.04.00 - Cota-Parte do IPI - Municípios;siconfi-cor_RO1.7.2.2.01.04.00;4685,98
Prefeitura Municipal de Nova Olinda do Norte - AM;1303106;AM;35156;Receitas Brutas Realizadas;Total Receitas;siconfi-cor_TotalReceitas;56601912,65
Prefeitura Municipal de Nova Olinda do Norte - AM;1303106;AM;35156;Receitas Brutas Realizadas;1.0.0.0.00.00.00 - Receitas Correntes;siconfi-cor_RO1.0.0.0.00.00.00;55079036,18
Prefeitura Municipal de Nova Olinda do Norte - AM;1303106;AM;35156;Receitas Brutas Realizadas;1.1.0.0.00.00.00 - Receita Tributária;siconfi-cor_RO1.1.0.0.00.00.00;938054,33
Prefeitura Municipal de Nova Olinda do Norte - AM;1303106;AM;35156;Receitas Brutas Realizadas;1.1.1.0.00.00.00 - Impostos;siconfi-cor_RO1.1.1.0.00.00.00;938054,33
Prefeitura Municipal de Nova Olinda do Norte - AM;1303106;AM;35156;Receitas Brutas Realizadas;1.1.1.2.00.00.00 - Impostos sobre o Patrimônio e a Renda;siconfi-cor_RO1.1.1.2.00.00.00;340666,7
Prefeitura Municipal de Nova Olinda do Norte - AM;1303106;AM;35156;Receitas Brutas Realizadas;1.1.1.2.04.00.00 - Imposto sobre a Renda e Proventos de Qualquer Natureza ¿ IR;siconfi-cor_RO1.1.1.2.04.00.00;340666,7
Prefeitura Municipal de Nova Olinda do Norte - AM;1303106;AM;35156;Receitas Brutas Realizadas;1.1.1.2.04.31.00 - Retido nas Fontes - Trabalho;siconfi-cor_RO1.1.1.2.04.31.00;321004,76
Prefeitura Municipal de Nova Olinda do Norte - AM;1303106;AM;35156;Receitas Brutas Realizadas;1.1.1.2.04.34.00 - Retido nas Fontes - Outros Rendimentos;siconfi-cor_RO1.1.1.2.04.34.00;19661,94
Prefeitura Municipal de Nova Olinda do Norte - AM;1303106;AM;35156;Receitas Brutas Realizadas;1.1.1.3.00.00.00 - Impostos sobre a Produção e a Circulação;siconfi-cor_RO1.1.1.3.00.00.00;597387,63
Prefeitura Municipal de Nova Olinda do Norte - AM;1303106;AM;35156;Receitas Brutas Realizadas;1.1.1.3.05.00.00 - Imposto sobre Serviços de Qualquer Natureza ¿ ISSQN;siconfi-cor_RO1.1.1.3.05.00.00;597387,63
Prefeitura Municipal de Nova Olinda do Norte - AM;1303106;AM;35156;Receitas Brutas Realizadas;1.2.0.0.00.00.00 - Receitas de Contribuições;siconfi-cor_RO1.2.0.0.00.00.00;273106,88
Prefeitura Municipal de Nova Olinda do Norte - AM;1303106;AM;35156;Receitas Brutas Realizadas;1.2.3.0.00.00.00 - Contribuição para Custeio do Serviço de Iluminação Pública;siconfi-cor_RO1.2.3.0.00.00.00;273106,88
Prefeitura Municipal de Nova Olinda do Norte - AM;1303106;AM;35156;Receitas Brutas Realizadas;1.3.0.0.00.00.00 - Receita Patrimonial;siconfi-cor_RO1.3.0.0.00.00.00;98537,94
Prefeitura Municipal de Nova Olinda do Norte - AM;1303106;AM;35156;Receitas Brutas Realizadas;1.3.2.0.00.00.00 - Receitas de Valores Mobiliários;siconfi-cor_RO1.3.2.0.00.00.00;98537,94
Prefeitura Municipal de Nova Olinda do Norte - AM;1303106;AM;35156;Receitas Brutas Realizadas;1.3.2.5.00.00.00 - Remuneração de Depósitos Bancários;siconfi-cor_RO1.3.2.5.00.00.00;98537,94
Prefeitura Municipal de Nova Olinda do Norte - AM;1303106;AM;35156;Receitas Brutas Realizadas;1.6.0.0.00.00.00 - Receita de Serviços;siconfi-cor_RO1.6.0.0.00.00.00;164204,37
Prefeitura Municipal de Nova Olinda do Norte - AM;1303106;AM;35156;Receitas Brutas Realizadas;1.6.0.0.41.00.00 - Serviços de Captação, Adução, Tratamento, Reserva e Distribuição de Água;siconfi-cor_RO1.6.0.0.41.00.00;164204,37
Prefeitura Municipal de Nova Olinda do Norte - AM;1303106;AM;35156;Receitas Brutas Realizadas;1.7.0.0.00.00.00 - Transferências Correntes;siconfi-cor_RO1.7.0.0.00.00.00;53605021,9
Prefeitura Municipal de Nova Olinda do Norte - AM;1303106;AM;35156;Receitas Brutas Realizadas;1.7.2.0.00.00.00 - Transferências Intergovernamentais;siconfi-cor_RO1.7.2.0.00.00.00;53497012,4
Prefeitura Municipal de Nova Olinda do Norte - AM;1303106;AM;35156;Receitas Brutas Realizadas;1.7.2.1.00.00.00 - Transferências da União;siconfi-cor_RO1.7.2.1.00.00.00;27286229,97
Prefeitura Municipal de Nova Olinda do Norte - AM;1303106;AM;35156;Receitas Brutas Realizadas;1.7.2.1.01.00.00 - Participação na Receita da União;siconfi-cor_RO1.7.2.1.01.00.00;19108937,79
Prefeitura Municipal de Nova Olinda do Norte - AM;1303106;AM;35156;Receitas Brutas Realizadas;1.7.2.1.01.02.00 - Cota-Parte do Fundo de Participação dos Municípios ¿ FPM;siconfi-cor_RO1.7.2.1.01.02.00;17838249,13
Prefeitura Municipal de Nova Olinda do Norte - AM;1303106;AM;35156;Receitas Brutas Realizadas;1.7.2.1.01.03.00 - Cota-Parte do Fundo de Participação dos Municípios - 1% Cota Anual;siconfi-cor_RO1.7.2.1.01.03.00;741386,68
Prefeitura Municipal de Nova Olinda do Norte - AM;1303106;AM;35156;Receitas Brutas Realizadas;1.7.2.1.01.04.00 - Cota-Parte do Fundo de Participação dos Municípios - 1% Cota entregue no mês de julho (67)(I);siconfi-cor_RO1.7.2.1.01.04.00;526880,6
Prefeitura Municipal de Nova Olinda do Norte - AM;1303106;AM;35156;Receitas Brutas Realizadas;1.7.2.1.01.05.00 - Cota-Parte do Imposto Sobre a Propriedade Territorial Rural ¿ ITR;siconfi-cor_RO1.7.2.1.01.05.00;2421,38
Prefeitura Municipal de Nova Olinda do Norte - AM;1303106;AM;35156;Receitas Brutas Realizadas;1.7.2.1.22.00.00 - Transferências da Compensação Financeira pela Exploração de Recursos Naturais;siconfi-cor_RO1.7.2.1.22.00.00;150505,33
Prefeitura Municipal de Nova Olinda do Norte - AM;1303106;AM;35156;Receitas Brutas Realizadas;1.7.2.1.22.70.00 - Cota-Parte do Fundo Especial do Petróleo ¿ FEP;siconfi-cor_RO1.7.2.1.22.70.00;150505,33
Prefeitura Municipal de Nova Olinda do Norte - AM;1303106;AM;35156;Receitas Brutas Realizadas;1.7.2.1.33.00.00 - Transferências de Recursos do Sistema Único de Saúde - SUS - Repasses Fundo a Fundo;siconfi-cor_RO1.7.2.1.33.00.00;5428018,5
Prefeitura Municipal de Nova Olinda do Norte - AM;1303106;AM;35156;Receitas Brutas Realizadas;1.7.2.1.34.00.00 - Transferências de Recursos do Fundo Nacional de Assistência Social ¿ FNAS;siconfi-cor_RO1.7.2.1.34.00.00;650828,88
Prefeitura Municipal de Nova Olinda do Norte - AM;1303106;AM;35156;Receitas Brutas Realizadas;1.7.2.1.35.00.00 - Transferências de Recursos do Fundo Nacional do Desenvolvimento da Educação ¿ FNDE;siconfi-cor_RO1.7.2.1.35.00.00;1890674,95
Prefeitura Municipal de Nova Olinda do Norte - AM;1303106;AM;35156;Receitas Brutas Realizadas;1.7.2.1.36.00.00 - Transferências Financeiras do ICMS ¿ Desoneração ¿ L.C. Nº 87/96;siconfi-cor_RO1.7.2.1.36.00.00;20819,04
Prefeitura Municipal de Nova Olinda do Norte - AM;1303106;AM;35156;Receitas Brutas Realizadas;1.7.2.1.99.00.00 - Outras Transferências da União;siconfi-cor_RO1.7.2.1.99.00.00;36445,48
Prefeitura Municipal de Nova Olinda do Norte - AM;1303106;AM;35156;Receitas Brutas Realizadas;1.7.2.2.00.00.00 - Transferências dos Estados;siconfi-cor_RO1.7.2.2.00.00.00;8593148,19
Prefeitura Municipal de Nova Olinda do Norte - AM;1303106;AM;35156;Receitas Brutas Realizadas;1.7.2.2.01.00.00 - Participação na Receita dos Estados;siconfi-cor_RO1.7.2.2.01.00.00;7657878,51
Prefeitura Municipal de Nova Olinda do Norte - AM;1303106;AM;35156;Receitas Brutas Realizadas;1.7.2.2.01.01.00 - Cota-Parte do ICMS;siconfi-cor_RO1.7.2.2.01.01.00;7513376,99
Prefeitura Municipal de Nova Olinda do Norte - AM;1303106;AM;35156;Receitas Brutas Realizadas;1.7.2.2.01.02.00 - Cota-Parte do IPVA;siconfi-cor_RO1.7.2.2.01.02.00;54597,14
Prefeitura Municipal de Nova Olinda do Norte - AM;1303106;AM;35156;Receitas Brutas Realizadas;1.7.2.2.01.04.00 - Cota-Parte do IPI - Municípios;siconfi-cor_RO1.7.2.2.01.04.00;30385,83
Prefeitura Municipal de Nova Olinda do Norte - AM;1303106;AM;35156;Receitas Brutas Realizadas;1.7.2.2.01.13.00 - Cota-Parte da Contribuição de Intervenção no Domínio Econômico;siconfi-cor_RO1.7.2.2.01.13.00;59518,55
Prefeitura Municipal de Nova Olinda do Norte - AM;1303106;AM;35156;Receitas Brutas Realizadas;1.7.2.2.22.00.00 - Transferências da Cota-Parte da Compensação Financeira (25%);siconfi-cor_RO1.7.2.2.22.00.00;87086,7
Prefeitura Municipal de Nova Olinda do Norte - AM;1303106;AM;35156;Receitas Brutas Realizadas;1.7.2.2.22.30.00 - Cota-Parte Royalties - Compensação Financeira pela Produção de Petróleo - Lei nº 7.990/89 artigo 9º;siconfi-cor_RO1.7.2.2.22.30.00;87086,7
Prefeitura Municipal de Nova Olinda do Norte - AM;1303106;AM;35156;Receitas Brutas Realizadas;1.7.2.2.33.00.00 - Transferências de Recursos do Estado para Programas de Saúde - Repasse Fundo a Fundo;siconfi-cor_RO1.7.2.2.33.00.00;848182,98
Prefeitura Municipal de Nova Olinda do Norte - AM;1303106;AM;35156;Receitas Brutas Realizadas;1.7.2.4.00.00.00 - Transferências Multigovernamentais;siconfi-cor_RO1.7.2.4.00.00.00;17617634,24
Prefeitura Municipal de Nova Olinda do Norte - AM;1303106;AM;35156;Receitas Brutas Realizadas;1.7.2.4.01.00.00 - Transferências de Recursos do Fundo de Manutenção e Desenvolvimento do Ensino Fundamental e de Valorização do Magistério - FUNDEB;siconfi-cor_RO1.7.2.4.01.00.00;13647379,19
Prefeitura Municipal de Nova Olinda do Norte - AM;1303106;AM;35156;Receitas Brutas Realizadas;1.7.2.4.02.00.00 - Transferências de Recursos da Complementação ao Fundo de Manutenção e Desenvolvimento do Ensino Fundamental e de Valorização do Magistério - FUNDEB;siconfi-cor_RO1.7.2.4.02.00.00;3970255,05
Prefeitura Municipal de Nova Olinda do Norte - AM;1303106;AM;35156;Receitas Brutas Realizadas;1.7.6.0.00.00.00 - Transferências de Convênios;siconfi-cor_RO1.7.6.0.00.00.00;108009,5
Prefeitura Municipal de Nova Olinda do Norte - AM;1303106;AM;35156;Receitas Brutas Realizadas;1.7.6.2.00.00.00 - Transferências de Convênios dos Estados e do Distrito Federal e de Suas Entidades;siconfi-cor_RO1.7.6.2.00.00.00;108009,5
Prefeitura Municipal de Nova Olinda do Norte - AM;1303106;AM;35156;Receitas Brutas Realizadas;1.7.6.2.02.00.00 - Transferências de Convênios dos Estados Destinadas a Programas de Educação;siconfi-cor_RO1.7.6.2.02.00.00;108009,5
Prefeitura Municipal de Nova Olinda do Norte - AM;1303106;AM;35156;Receitas Brutas Realizadas;1.9.0.0.00.00.00 - Outras Receitas Correntes;siconfi-cor_RO1.9.0.0.00.00.00;110,76
Prefeitura Municipal de Nova Olinda do Norte - AM;1303106;AM;35156;Receitas Brutas Realizadas;1.9.9.0.00.00.00 - Receitas Diversas;siconfi-cor_RO1.9.9.0.00.00.00;110,76
Prefeitura Municipal de Nova Olinda do Norte - AM;1303106;AM;35156;Receitas Brutas Realizadas;1.9.9.0.99.00.00 - Outras Receitas;siconfi-cor_RO1.9.9.0.99.00.00;110,76
Prefeitura Municipal de Nova Olinda do Norte - AM;1303106;AM;35156;Receitas Brutas Realizadas;2.0.0.0.00.00.00 - Receitas de Capital;siconfi-cor_RO2.0.0.0.00.00.00;1522876,47
Prefeitura Municipal de Nova Olinda do Norte - AM;1303106;AM;35156;Receitas Brutas Realizadas;2.4.0.0.00.00.00 - Transferências de Capital;siconfi-cor_RO2.4.0.0.00.00.00;1522876,47
Prefeitura Municipal de Nova Olinda do Norte - AM;1303106;AM;35156;Receitas Brutas Realizadas;2.4.2.0.00.00.00 - Transferências Intergovernamentais;siconfi-cor_RO2.4.2.0.00.00.00;1235643,19
Prefeitura Municipal de Nova Olinda do Norte - AM;1303106;AM;35156;Receitas Brutas Realizadas;2.4.2.1.00.00.00 - Transferências da União;siconfi-cor_RO2.4.2.1.00.00.00;1235643,19
Prefeitura Municipal de Nova Olinda do Norte - AM;1303106;AM;35156;Receitas Brutas Realizadas;2.4.2.1.01.00.00 - Participação na Receita da União;siconfi-cor_RO2.4.2.1.01.00.00;338700
Prefeitura Municipal de Nova Olinda do Norte - AM;1303106;AM;35156;Receitas Brutas Realizadas;2.4.2.1.02.00.00 - Transferências de Recursos Destinados a Programas de Educação;siconfi-cor_RO2.4.2.1.02.00.00;896943,19
Prefeitura Municipal de Nova Olinda do Norte - AM;1303106;AM;35156;Receitas Brutas Realizadas;2.4.7.0.00.00.00 - Transferências de Convênios;siconfi-cor_RO2.4.7.0.00.00.00;287233,28
Prefeitura Municipal de Nova Olinda do Norte - AM;1303106;AM;35156;Receitas Brutas Realizadas;2.4.7.1.00.00.00 - Transferências de Convênios da União e de suas Entidades;siconfi-cor_RO2.4.7.1.00.00.00;287233,28
Prefeitura Municipal de Nova Olinda do Norte - AM;1303106;AM;35156;Receitas Brutas Realizadas;2.4.7.1.05.00.00 - Transferências de Convênios da União Destinadas a Programas de Infraestrutura em Transporte;siconfi-cor_RO2.4.7.1.05.00.00;287233,28
Prefeitura Municipal de Nova Olinda do Norte - AM;1303106;AM;35156;Deduções - Transferências Constitucionais;Total Receitas;siconfi-cor_TotalReceitas;5082782,76
Prefeitura Municipal de Nova Olinda do Norte - AM;1303106;AM;35156;Deduções - Transferências Constitucionais;1.0.0.0.00.00.00 - Receitas Correntes;siconfi-cor_RO1.0.0.0.00.00.00;5082782,76
Prefeitura Municipal de Nova Olinda do Norte - AM;1303106;AM;35156;Deduções - Transferências Constitucionais;1.7.0.0.00.00.00 - Transferências Correntes;siconfi-cor_RO1.7.0.0.00.00.00;5082782,76
Prefeitura Municipal de Nova Olinda do Norte - AM;1303106;AM;35156;Deduções - Transferências Constitucionais;1.7.2.0.00.00.00 - Transferências Intergovernamentais;siconfi-cor_RO1.7.2.0.00.00.00;5082782,76
Prefeitura Municipal de Nova Olinda do Norte - AM;1303106;AM;35156;Deduções - Transferências Constitucionais;1.7.2.1.00.00.00 - Transferências da União;siconfi-cor_RO1.7.2.1.00.00.00;3563111,27
Prefeitura Municipal de Nova Olinda do Norte - AM;1303106;AM;35156;Deduções - Transferências Constitucionais;1.7.2.1.01.00.00 - Participação na Receita da União;siconfi-cor_RO1.7.2.1.01.00.00;3558947,51
Prefeitura Municipal de Nova Olinda do Norte - AM;1303106;AM;35156;Deduções - Transferências Constitucionais;1.7.2.1.01.02.00 - Cota-Parte do Fundo de Participação dos Municípios ¿ FPM;siconfi-cor_RO1.7.2.1.01.02.00;3558463,27
Prefeitura Municipal de Nova Olinda do Norte - AM;1303106;AM;35156;Deduções - Transferências Constitucionais;1.7.2.1.01.05.00 - Cota-Parte do Imposto Sobre a Propriedade Territorial Rural ¿ ITR;siconfi-cor_RO1.7.2.1.01.05.00;484,24
Prefeitura Municipal de Nova Olinda do Norte - AM;1303106;AM;35156;Deduções - Transferências Constitucionais;1.7.2.1.36.00.00 - Transferências Financeiras do ICMS ¿ Desoneração ¿ L.C. Nº 87/96;siconfi-cor_RO1.7.2.1.36.00.00;4163,76
Prefeitura Municipal de Nova Olinda do Norte - AM;1303106;AM;35156;Deduções - Transferências Constitucionais;1.7.2.2.00.00.00 - Transferências dos Estados;siconfi-cor_RO1.7.2.2.00.00.00;1519671,49
Prefeitura Municipal de Nova Olinda do Norte - AM;1303106;AM;35156;Deduções - Transferências Constitucionais;1.7.2.2.01.00.00 - Participação na Receita dos Estados;siconfi-cor_RO1.7.2.2.01.00.00;1519671,49
Prefeitura Municipal de Nova Olinda do Norte - AM;1303106;AM;35156;Deduções - Transferências Constitucionais;1.7.2.2.01.01.00 - Cota-Parte do ICMS;siconfi-cor_RO1.7.2.2.01.01.00;1502675,42
Prefeitura Municipal de Nova Olinda do Norte - AM;1303106;AM;35156;Deduções - Transferências Constitucionais;1.7.2.2.01.02.00 - Cota-Parte do IPVA;siconfi-cor_RO1.7.2.2.01.02.00;10918,91
Prefeitura Municipal de Nova Olinda do Norte - AM;1303106;AM;35156;Deduções - Transferências Constitucionais;1.7.2.2.01.04.00 - Cota-Parte do IPI - Municípios;siconfi-cor_RO1.7.2.2.01.04.00;6077,16
Prefeitura Municipal de Beruri - AM;1300631;AM;18171;Receitas Brutas Realizadas;Total Receitas;siconfi-cor_TotalReceitas;45071659,51
Prefeitura Municipal de Beruri - AM;1300631;AM;18171;Receitas Brutas Realizadas;1.0.0.0.00.00.00 - Receitas Correntes;siconfi-cor_RO1.0.0.0.00.00.00;42254682,47
Prefeitura Municipal de Beruri - AM;1300631;AM;18171;Receitas Brutas Realizadas;1.1.0.0.00.00.00 - Receita Tributária;siconfi-cor_RO1.1.0.0.00.00.00;633757,19
Prefeitura Municipal de Beruri - AM;1300631;AM;18171;Receitas Brutas Realizadas;1.1.1.0.00.00.00 - Impostos;siconfi-cor_RO1.1.1.0.00.00.00;597595,26
Prefeitura Municipal de Beruri - AM;1300631;AM;18171;Receitas Brutas Realizadas;1.1.1.2.00.00.00 - Impostos sobre o Patrimônio e a Renda;siconfi-cor_RO1.1.1.2.00.00.00;403854,9
Prefeitura Municipal de Beruri - AM;1300631;AM;18171;Receitas Brutas Realizadas;1.1.1.2.02.00.00 - Imposto sobre a Propriedade Predial e Territorial Urbana ¿ IPTU;siconfi-cor_RO1.1.1.2.02.00.00;7681,72
Prefeitura Municipal de Beruri - AM;1300631;AM;18171;Receitas Brutas Realizadas;1.1.1.2.04.00.00 - Imposto sobre a Renda e Proventos de Qualquer Natureza ¿ IR;siconfi-cor_RO1.1.1.2.04.00.00;396173,18
Prefeitura Municipal de Beruri - AM;1300631;AM;18171;Receitas Brutas Realizadas;1.1.1.2.04.31.00 - Retido nas Fontes - Trabalho;siconfi-cor_RO1.1.1.2.04.31.00;361320,18
Prefeitura Municipal de Beruri - AM;1300631;AM;18171;Receitas Brutas Realizadas;1.1.1.2.04.34.00 - Retido nas Fontes - Outros Rendimentos;siconfi-cor_RO1.1.1.2.04.34.00;34853
Prefeitura Municipal de Beruri - AM;1300631;AM;18171;Receitas Brutas Realizadas;1.1.1.3.00.00.00 - Impostos sobre a Produção e a Circulação;siconfi-cor_RO1.1.1.3.00.00.00;193740,36
Prefeitura Municipal de Beruri - AM;1300631;AM;18171;Receitas Brutas Realizadas;1.1.1.3.05.00.00 - Imposto sobre Serviços de Qualquer Natureza ¿ ISSQN;siconfi-cor_RO1.1.1.3.05.00.00;193740,36
Prefeitura Municipal de Beruri - AM;1300631;AM;18171;Receitas Brutas Realizadas;1.1.3.0.00.00.00 - Contribuição de Melhoria;siconfi-cor_RO1.1.3.0.00.00.00;36161,93
Prefeitura Municipal de Beruri - AM;1300631;AM;18171;Receitas Brutas Realizadas;1.1.3.0.02.00.00 - Contribuição de Melhoria para Expansão da Rede de Iluminação Pública na Cidade;siconfi-cor_RO1.1.3.0.02.00.00;36161,93
Prefeitura Municipal de Beruri - AM;1300631;AM;18171;Receitas Brutas Realizadas;1.2.0.0.00.00.00 - Receitas de Contribuições;siconfi-cor_RO1.2.0.0.00.00.00;839369,5
Prefeitura Municipal de Beruri - AM;1300631;AM;18171;Receitas Brutas Realizadas;1.2.1.0.00.00.00 - Contribuições Sociais;siconfi-cor_RO1.2.1.0.00.00.00;839369,5
Prefeitura Municipal de Beruri - AM;1300631;AM;18171;Receitas Brutas Realizadas;1.2.1.0.29.00.00 - Contribuições para o Regime Próprio de Previdência do Servidor Público;siconfi-cor_RO1.2.1.0.29.00.00;839369,5
Prefeitura Municipal de Beruri - AM;1300631;AM;18171;Receitas Brutas Realizadas;1.2.1.0.29.01.00 - Contribuição Patronal de Servidor Ativo Civil para o Regime Próprio;siconfi-cor_RO1.2.1.0.29.01.00;271955,27
Prefeitura Municipal de Beruri - AM;1300631;AM;18171;Receitas Brutas Realizadas;1.2.1.0.29.07.00 - Contribuição do Servidor Ativo Civil para o Regime Próprio;siconfi-cor_RO1.2.1.0.29.07.00;567414,23
Prefeitura Municipal de Beruri - AM;1300631;AM;18171;Receitas Brutas Realizadas;1.3.0.0.00.00.00 - Receita Patrimonial;siconfi-cor_RO1.3.0.0.00.00.00;299419,76
Prefeitura Municipal de Beruri - AM;1300631;AM;18171;Receitas Brutas Realizadas;1.3.2.0.00.00.00 - Receitas de Valores Mobiliários;siconfi-cor_RO1.3.2.0.00.00.00;299419,76
Prefeitura Municipal de Beruri - AM;1300631;AM;18171;Receitas Brutas Realizadas;1.3.2.5.00.00.00 - Remuneração de Depósitos Bancários;siconfi-cor_RO1.3.2.5.00.00.00;299419,76
Prefeitura Municipal de Beruri - AM;1300631;AM;18171;Receitas Brutas Realizadas;1.7.0.0.00.00.00 - Transferências Correntes;siconfi-cor_RO1.7.0.0.00.00.00;40480036,02
Prefeitura Municipal de Beruri - AM;1300631;AM;18171;Receitas Brutas Realizadas;1.7.2.0.00.00.00 - Transferências Intergovernamentais;siconfi-cor_RO1.7.2.0.00.00.00;40480036,02
Prefeitura Municipal de Beruri - AM;1300631;AM;18171;Receitas Brutas Realizadas;1.7.2.1.00.00.00 - Transferências da União;siconfi-cor_RO1.7.2.1.00.00.00;17917541,67
Prefeitura Municipal de Beruri - AM;1300631;AM;18171;Receitas Brutas Realizadas;1.7.2.1.01.00.00 - Participação na Receita da União;siconfi-cor_RO1.7.2.1.01.00.00;14330403,19
Prefeitura Municipal de Beruri - AM;1300631;AM;18171;Receitas Brutas Realizadas;1.7.2.1.01.02.00 - Cota-Parte do Fundo de Participação dos Municípios ¿ FPM;siconfi-cor_RO1.7.2.1.01.02.00;14329887,3
Prefeitura Municipal de Beruri - AM;1300631;AM;18171;Receitas Brutas Realizadas;1.7.2.1.01.05.00 - Cota-Parte do Imposto Sobre a Propriedade Territorial Rural ¿ ITR;siconfi-cor_RO1.7.2.1.01.05.00;515,89
Prefeitura Municipal de Beruri - AM;1300631;AM;18171;Receitas Brutas Realizadas;1.7.2.1.22.00.00 - Transferências da Compensação Financeira pela Exploração de Recursos Naturais;siconfi-cor_RO1.7.2.1.22.00.00;128910,57
Prefeitura Municipal de Beruri - AM;1300631;AM;18171;Receitas Brutas Realizadas;1.7.2.1.22.40.00 - Cota-Parte Royalties pelo Excedente da Produção do Petróleo - Lei nº 9.478/97 artigo 49 I e II;siconfi-cor_RO1.7.2.1.22.40.00;16031,57
Prefeitura Municipal de Beruri - AM;1300631;AM;18171;Receitas Brutas Realizadas;1.7.2.1.22.70.00 - Cota-Parte do Fundo Especial do Petróleo ¿ FEP;siconfi-cor_RO1.7.2.1.22.70.00;112879
Prefeitura Municipal de Beruri - AM;1300631;AM;18171;Receitas Brutas Realizadas;1.7.2.1.33.00.00 - Transferências de Recursos do Sistema Único de Saúde - SUS - Repasses Fundo a Fundo;siconfi-cor_RO1.7.2.1.33.00.00;1761804,97
Prefeitura Municipal de Beruri - AM;1300631;AM;18171;Receitas Brutas Realizadas;1.7.2.1.34.00.00 - Transferências de Recursos do Fundo Nacional de Assistência Social ¿ FNAS;siconfi-cor_RO1.7.2.1.34.00.00;403699,45
Prefeitura Municipal de Beruri - AM;1300631;AM;18171;Receitas Brutas Realizadas;1.7.2.1.35.00.00 - Transferências de Recursos do Fundo Nacional do Desenvolvimento da Educação ¿ FNDE;siconfi-cor_RO1.7.2.1.35.00.00;1243635,44
Prefeitura Municipal de Beruri - AM;1300631;AM;18171;Receitas Brutas Realizadas;1.7.2.1.36.00.00 - Transferências Financeiras do ICMS ¿ Desoneração ¿ L.C. Nº 87/96;siconfi-cor_RO1.7.2.1.36.00.00;17846,4
Prefeitura Municipal de Beruri - AM;1300631;AM;18171;Receitas Brutas Realizadas;1.7.2.1.99.00.00 - Outras Transferências da União;siconfi-cor_RO1.7.2.1.99.00.00;31241,65
Prefeitura Municipal de Beruri - AM;1300631;AM;18171;Receitas Brutas Realizadas;1.7.2.2.00.00.00 - Transferências dos Estados;siconfi-cor_RO1.7.2.2.00.00.00;6782532,3
Prefeitura Municipal de Beruri - AM;1300631;AM;18171;Receitas Brutas Realizadas;1.7.2.2.01.00.00 - Participação na Receita dos Estados;siconfi-cor_RO1.7.2.2.01.00.00;6524966,67
Prefeitura Municipal de Beruri - AM;1300631;AM;18171;Receitas Brutas Realizadas;1.7.2.2.01.01.00 - Cota-Parte do ICMS;siconfi-cor_RO1.7.2.2.01.01.00;6440589,69
Prefeitura Municipal de Beruri - AM;1300631;AM;18171;Receitas Brutas Realizadas;1.7.2.2.01.02.00 - Cota-Parte do IPVA;siconfi-cor_RO1.7.2.2.01.02.00;18596,85
Prefeitura Municipal de Beruri - AM;1300631;AM;18171;Receitas Brutas Realizadas;1.7.2.2.01.04.00 - Cota-Parte do IPI - Municípios;siconfi-cor_RO1.7.2.2.01.04.00;26047,24
Prefeitura Municipal de Beruri - AM;1300631;AM;18171;Receitas Brutas Realizadas;1.7.2.2.01.13.00 - Cota-Parte da Contribuição de Intervenção no Domínio Econômico;siconfi-cor_RO1.7.2.2.01.13.00;39732,89
Prefeitura Municipal de Beruri - AM;1300631;AM;18171;Receitas Brutas Realizadas;1.7.2.2.22.00.00 - Transferências da Cota-Parte da Compensação Financeira (25%);siconfi-cor_RO1.7.2.2.22.00.00;74652,13
Prefeitura Municipal de Beruri - AM;1300631;AM;18171;Receitas Brutas Realizadas;1.7.2.2.22.30.00 - Cota-Parte Royalties - Compensação Financeira pela Produção de Petróleo - Lei nº 7.990/89 artigo 9º;siconfi-cor_RO1.7.2.2.22.30.00;74652,13
Prefeitura Municipal de Beruri - AM;1300631;AM;18171;Receitas Brutas Realizadas;1.7.2.2.33.00.00 - Transferências de Recursos do Estado para Programas de Saúde - Repasse Fundo a Fundo;siconfi-cor_RO1.7.2.2.33.00.00;182913,5
Prefeitura Municipal de Beruri - AM;1300631;AM;18171;Receitas Brutas Realizadas;1.7.2.4.00.00.00 - Transferências Multigovernamentais;siconfi-cor_RO1.7.2.4.00.00.00;15779962,05
Prefeitura Municipal de Beruri - AM;1300631;AM;18171;Receitas Brutas Realizadas;1.7.2.4.01.00.00 - Transferências de Recursos do Fundo de Manutenção e Desenvolvimento do Ensino Fundamental e de Valorização do Magistério - FUNDEB;siconfi-cor_RO1.7.2.4.01.00.00;12973130,28
Prefeitura Municipal de Beruri - AM;1300631;AM;18171;Receitas Brutas Realizadas;1.7.2.4.02.00.00 - Transferências de Recursos da Complementação ao Fundo de Manutenção e Desenvolvimento do Ensino Fundamental e de Valorização do Magistério - FUNDEB;siconfi-cor_RO1.7.2.4.02.00.00;2806831,77
Prefeitura Municipal de Beruri - AM;1300631;AM;18171;Receitas Brutas Realizadas;1.9.0.0.00.00.00 - Outras Receitas Correntes;siconfi-cor_RO1.9.0.0.00.00.00;2100
Prefeitura Municipal de Beruri - AM;1300631;AM;18171;Receitas Brutas Realizadas;1.9.9.0.00.00.00 - Receitas Diversas;siconfi-cor_RO1.9.9.0.00.00.00;2100
Prefeitura Municipal de Beruri - AM;1300631;AM;18171;Receitas Brutas Realizadas;1.9.9.0.99.00.00 - Outras Receitas;siconfi-cor_RO1.9.9.0.99.00.00;2100
Prefeitura Municipal de Beruri - AM;1300631;AM;18171;Receitas Brutas Realizadas;2.0.0.0.00.00.00 - Receitas de Capital;siconfi-cor_RO2.0.0.0.00.00.00;2816977,04
Prefeitura Municipal de Beruri - AM;1300631;AM;18171;Receitas Brutas Realizadas;2.4.0.0.00.00.00 - Transferências de Capital;siconfi-cor_RO2.4.0.0.00.00.00;2816977,04
Prefeitura Municipal de Beruri - AM;1300631;AM;18171;Receitas Brutas Realizadas;2.4.2.0.00.00.00 - Transferências Intergovernamentais;siconfi-cor_RO2.4.2.0.00.00.00;2316977,04
Prefeitura Municipal de Beruri - AM;1300631;AM;18171;Receitas Brutas Realizadas;2.4.2.1.00.00.00 - Transferências da União;siconfi-cor_RO2.4.2.1.00.00.00;2316977,04
Prefeitura Municipal de Beruri - AM;1300631;AM;18171;Receitas Brutas Realizadas;2.4.2.1.01.00.00 - Participação na Receita da União;siconfi-cor_RO2.4.2.1.01.00.00;1799476
Prefeitura Municipal de Beruri - AM;1300631;AM;18171;Receitas Brutas Realizadas;2.4.2.1.02.00.00 - Transferências de Recursos Destinados a Programas de Educação;siconfi-cor_RO2.4.2.1.02.00.00;517501,04
Prefeitura Municipal de Beruri - AM;1300631;AM;18171;Receitas Brutas Realizadas;2.4.7.0.00.00.00 - Transferências de Convênios;siconfi-cor_RO2.4.7.0.00.00.00;500000
Prefeitura Municipal de Beruri - AM;1300631;AM;18171;Receitas Brutas Realizadas;2.4.7.2.00.00.00 - Transferências de Convênios dos Estados e do Distrito Federal e de suas Entidades;siconfi-cor_RO2.4.7.2.00.00.00;500000
Prefeitura Municipal de Beruri - AM;1300631;AM;18171;Receitas Brutas Realizadas;2.4.7.2.05.00.00 - Transferências de Convênios dos Estados Destinadas a Programas de Infraestrutura em Transporte;siconfi-cor_RO2.4.7.2.05.00.00;500000
Prefeitura Municipal de Beruri - AM;1300631;AM;18171;Deduções - FUNDEB;Total Receitas;siconfi-cor_TotalReceitas;3969559,3
Prefeitura Municipal de Beruri - AM;1300631;AM;18171;Deduções - FUNDEB;1.0.0.0.00.00.00 - Receitas Correntes;siconfi-cor_RO1.0.0.0.00.00.00;3969559,3
Prefeitura Municipal de Beruri - AM;1300631;AM;18171;Deduções - FUNDEB;1.7.0.0.00.00.00 - Transferências Correntes;siconfi-cor_RO1.7.0.0.00.00.00;3969559,3
Prefeitura Municipal de Beruri - AM;1300631;AM;18171;Deduções - FUNDEB;1.7.2.0.00.00.00 - Transferências Intergovernamentais;siconfi-cor_RO1.7.2.0.00.00.00;3969559,3
Prefeitura Municipal de Beruri - AM;1300631;AM;18171;Deduções - FUNDEB;1.7.2.1.00.00.00 - Transferências da União;siconfi-cor_RO1.7.2.1.00.00.00;2672519,8
Prefeitura Municipal de Beruri - AM;1300631;AM;18171;Deduções - FUNDEB;1.7.2.1.01.00.00 - Participação na Receita da União;siconfi-cor_RO1.7.2.1.01.00.00;2668950,52
Prefeitura Municipal de Beruri - AM;1300631;AM;18171;Deduções - FUNDEB;1.7.2.1.01.02.00 - Cota-Parte do Fundo de Participação dos Municípios ¿ FPM;siconfi-cor_RO1.7.2.1.01.02.00;2668847,36
Prefeitura Municipal de Beruri - AM;1300631;AM;18171;Deduções - FUNDEB;1.7.2.1.01.05.00 - Cota-Parte do Imposto Sobre a Propriedade Territorial Rural ¿ ITR;siconfi-cor_RO1.7.2.1.01.05.00;103,16
Prefeitura Municipal de Beruri - AM;1300631;AM;18171;Deduções - FUNDEB;1.7.2.1.36.00.00 - Transferências Financeiras do ICMS ¿ Desoneração ¿ L.C. Nº 87/96;siconfi-cor_RO1.7.2.1.36.00.00;3569,28
Prefeitura Municipal de Beruri - AM;1300631;AM;18171;Deduções - FUNDEB;1.7.2.2.00.00.00 - Transferências dos Estados;siconfi-cor_RO1.7.2.2.00.00.00;1297039,5
Prefeitura Municipal de Beruri - AM;1300631;AM;18171;Deduções - FUNDEB;1.7.2.2.01.00.00 - Participação na Receita dos Estados;siconfi-cor_RO1.7.2.2.01.00.00;1297039,5
Prefeitura Municipal de Beruri - AM;1300631;AM;18171;Deduções - FUNDEB;1.7.2.2.01.01.00 - Cota-Parte do ICMS;siconfi-cor_RO1.7.2.2.01.01.00;1288110,92
Prefeitura Municipal de Beruri - AM;1300631;AM;18171;Deduções - FUNDEB;1.7.2.2.01.02.00 - Cota-Parte do IPVA;siconfi-cor_RO1.7.2.2.01.02.00;3719,13
Prefeitura Municipal de Beruri - AM;1300631;AM;18171;Deduções - FUNDEB;1.7.2.2.01.04.00 - Cota-Parte do IPI - Municípios;siconfi-cor_RO1.7.2.2.01.04.00;5209,45
Prefeitura Municipal de Benjamin Constant - AM;1300607;AM;39484;Receitas Brutas Realizadas;Total Receitas;siconfi-cor_TotalReceitas;82232052,51
Prefeitura Municipal de Benjamin Constant - AM;1300607;AM;39484;Receitas Brutas Realizadas;1.0.0.0.00.00.00 - Receitas Correntes;siconfi-cor_RO1.0.0.0.00.00.00;78200297,56
Prefeitura Municipal de Benjamin Constant - AM;1300607;AM;39484;Receitas Brutas Realizadas;1.1.0.0.00.00.00 - Receita Tributária;siconfi-cor_RO1.1.0.0.00.00.00;1617374,44
Prefeitura Municipal de Benjamin Constant - AM;1300607;AM;39484;Receitas Brutas Realizadas;1.1.1.0.00.00.00 - Impostos;siconfi-cor_RO1.1.1.0.00.00.00;1578887,67
Prefeitura Municipal de Benjamin Constant - AM;1300607;AM;39484;Receitas Brutas Realizadas;1.1.1.2.00.00.00 - Impostos sobre o Patrimônio e a Renda;siconfi-cor_RO1.1.1.2.00.00.00;770075,95
Prefeitura Municipal de Benjamin Constant - AM;1300607;AM;39484;Receitas Brutas Realizadas;1.1.1.2.02.00.00 - Imposto sobre a Propriedade Predial e Territorial Urbana ¿ IPTU;siconfi-cor_RO1.1.1.2.02.00.00;9819
Prefeitura Municipal de Benjamin Constant - AM;1300607;AM;39484;Receitas Brutas Realizadas;1.1.1.2.04.00.00 - Imposto sobre a Renda e Proventos de Qualquer Natureza ¿ IR;siconfi-cor_RO1.1.1.2.04.00.00;757316,95
Prefeitura Municipal de Benjamin Constant - AM;1300607;AM;39484;Receitas Brutas Realizadas;1.1.1.2.04.31.00 - Retido nas Fontes - Trabalho;siconfi-cor_RO1.1.1.2.04.31.00;677521,82
Prefeitura Municipal de Benjamin Constant - AM;1300607;AM;39484;Receitas Brutas Realizadas;1.1.1.2.04.34.00 - Retido nas Fontes - Outros Rendimentos;siconfi-cor_RO1.1.1.2.04.34.00;79795,13
Prefeitura Municipal de Benjamin Constant - AM;1300607;AM;39484;Receitas Brutas Realizadas;"1.1.1.2.08.00.00 - Imposto sobre Transmissão Inter Vivos"" de Bens Imóveis e de Direitos Reais sobre Imóveis ¿ ITBI""";siconfi-cor_RO1.1.1.2.08.00.00;2940
Prefeitura Municipal de Benjamin Constant - AM;1300607;AM;39484;Receitas Brutas Realizadas;1.1.1.3.00.00.00 - Impostos sobre a Produção e a Circulação;siconfi-cor_RO1.1.1.3.00.00.00;808811,72
Prefeitura Municipal de Benjamin Constant - AM;1300607;AM;39484;Receitas Brutas Realizadas;1.1.1.3.05.00.00 - Imposto sobre Serviços de Qualquer Natureza ¿ ISSQN;siconfi-cor_RO1.1.1.3.05.00.00;808811,72
Prefeitura Municipal de Benjamin Constant - AM;1300607;AM;39484;Receitas Brutas Realizadas;1.1.2.0.00.00.00 - Taxas;siconfi-cor_RO1.1.2.0.00.00.00;38486,77
Prefeitura Municipal de Benjamin Constant - AM;1300607;AM;39484;Receitas Brutas Realizadas;1.1.2.1.00.00.00 - Taxas pelo Exercício do Poder de Polícia;siconfi-cor_RO1.1.2.1.00.00.00;38486,77
Prefeitura Municipal de Benjamin Constant - AM;1300607;AM;39484;Receitas Brutas Realizadas;1.2.0.0.00.00.00 - Receitas de Contribuições;siconfi-cor_RO1.2.0.0.00.00.00;2398178,61
Prefeitura Municipal de Benjamin Constant - AM;1300607;AM;39484;Receitas Brutas Realizadas;1.2.1.0.00.00.00 - Contribuições Sociais;siconfi-cor_RO1.2.1.0.00.00.00;1902114,27
Prefeitura Municipal de Benjamin Constant - AM;1300607;AM;39484;Receitas Brutas Realizadas;1.2.1.0.29.00.00 - Contribuições para o Regime Próprio de Previdência do Servidor Público;siconfi-cor_RO1.2.1.0.29.00.00;1902114,27
Prefeitura Municipal de Benjamin Constant - AM;1300607;AM;39484;Receitas Brutas Realizadas;1.2.1.0.29.07.00 - Contribuição do Servidor Ativo Civil para o Regime Próprio;siconfi-cor_RO1.2.1.0.29.07.00;1902114,27
Prefeitura Municipal de Benjamin Constant - AM;1300607;AM;39484;Receitas Brutas Realizadas;1.2.3.0.00.00.00 - Contribuição para Custeio do Serviço de Iluminação Pública;siconfi-cor_RO1.2.3.0.00.00.00;496064,34
Prefeitura Municipal de Benjamin Constant - AM;1300607;AM;39484;Receitas Brutas Realizadas;1.3.0.0.00.00.00 - Receita Patrimonial;siconfi-cor_RO1.3.0.0.00.00.00;5206263,86
Prefeitura Municipal de Benjamin Constant - AM;1300607;AM;39484;Receitas Brutas Realizadas;1.3.2.0.00.00.00 - Receitas de Valores Mobiliários;siconfi-cor_RO1.3.2.0.00.00.00;5206263,86
Prefeitura Municipal de Benjamin Constant - AM;1300607;AM;39484;Receitas Brutas Realizadas;1.3.2.5.00.00.00 - Remuneração de Depósitos Bancários;siconfi-cor_RO1.3.2.5.00.00.00;328604,36
Prefeitura Municipal de Benjamin Constant - AM;1300607;AM;39484;Receitas Brutas Realizadas;1.3.2.8.00.00.00 - Remuneração dos Investimentos do Regime Próprio de Previdência do Servidor;siconfi-cor_RO1.3.2.8.00.00.00;4877659,5
Prefeitura Municipal de Benjamin Constant - AM;1300607;AM;39484;Receitas Brutas Realizadas;1.6.0.0.00.00.00 - Receita de Serviços;siconfi-cor_RO1.6.0.0.00.00.00;5350
Prefeitura Municipal de Benjamin Constant - AM;1300607;AM;39484;Receitas Brutas Realizadas;1.6.0.0.13.00.00 - Serviços Administrativos;siconfi-cor_RO1.6.0.0.13.00.00;5350
Prefeitura Municipal de Benjamin Constant - AM;1300607;AM;39484;Receitas Brutas Realizadas;1.7.0.0.00.00.00 - Transferências Correntes;siconfi-cor_RO1.7.0.0.00.00.00;68965250,08
Prefeitura Municipal de Benjamin Constant - AM;1300607;AM;39484;Receitas Brutas Realizadas;1.7.2.0.00.00.00 - Transferências Intergovernamentais;siconfi-cor_RO1.7.2.0.00.00.00;68798944,58
Prefeitura Municipal de Benjamin Constant - AM;1300607;AM;39484;Receitas Brutas Realizadas;1.7.2.1.00.00.00 - Transferências da União;siconfi-cor_RO1.7.2.1.00.00.00;29675808,05
Prefeitura Municipal de Benjamin Constant - AM;1300607;AM;39484;Receitas Brutas Realizadas;1.7.2.1.01.00.00 - Participação na Receita da União;siconfi-cor_RO1.7.2.1.01.00.00;21494940,19
Prefeitura Municipal de Benjamin Constant - AM;1300607;AM;39484;Receitas Brutas Realizadas;1.7.2.1.01.02.00 - Cota-Parte do Fundo de Participação dos Municípios ¿ FPM;siconfi-cor_RO1.7.2.1.01.02.00;20068030,24
Prefeitura Municipal de Benjamin Constant - AM;1300607;AM;39484;Receitas Brutas Realizadas;1.7.2.1.01.03.00 - Cota-Parte do Fundo de Participação dos Municípios - 1% Cota Anual;siconfi-cor_RO1.7.2.1.01.03.00;834060,02
Prefeitura Municipal de Benjamin Constant - AM;1300607;AM;39484;Receitas Brutas Realizadas;1.7.2.1.01.04.00 - Cota-Parte do Fundo de Participação dos Municípios - 1% Cota entregue no mês de julho (67)(I);siconfi-cor_RO1.7.2.1.01.04.00;592740,68
Prefeitura Municipal de Benjamin Constant - AM;1300607;AM;39484;Receitas Brutas Realizadas;1.7.2.1.01.05.00 - Cota-Parte do Imposto Sobre a Propriedade Territorial Rural ¿ ITR;siconfi-cor_RO1.7.2.1.01.05.00;109,25
Prefeitura Municipal de Benjamin Constant - AM;1300607;AM;39484;Receitas Brutas Realizadas;1.7.2.1.22.00.00 - Transferências da Compensação Financeira pela Exploração de Recursos Naturais;siconfi-cor_RO1.7.2.1.22.00.00;169318,51
Prefeitura Municipal de Benjamin Constant - AM;1300607;AM;39484;Receitas Brutas Realizadas;1.7.2.1.22.70.00 - Cota-Parte do Fundo Especial do Petróleo ¿ FEP;siconfi-cor_RO1.7.2.1.22.70.00;169318,51
Prefeitura Municipal de Benjamin Constant - AM;1300607;AM;39484;Receitas Brutas Realizadas;1.7.2.1.33.00.00 - Transferências de Recursos do Sistema Único de Saúde - SUS - Repasses Fundo a Fundo;siconfi-cor_RO1.7.2.1.33.00.00;4693651,09
Prefeitura Municipal de Benjamin Constant - AM;1300607;AM;39484;Receitas Brutas Realizadas;1.7.2.1.34.00.00 - Transferências de Recursos do Fundo Nacional de Assistência Social ¿ FNAS;siconfi-cor_RO1.7.2.1.34.00.00;980150,69
Prefeitura Municipal de Benjamin Constant - AM;1300607;AM;39484;Receitas Brutas Realizadas;1.7.2.1.35.00.00 - Transferências de Recursos do Fundo Nacional do Desenvolvimento da Educação ¿ FNDE;siconfi-cor_RO1.7.2.1.35.00.00;2266254,41
Prefeitura Municipal de Benjamin Constant - AM;1300607;AM;39484;Receitas Brutas Realizadas;1.7.2.1.36.00.00 - Transferências Financeiras do ICMS ¿ Desoneração ¿ L.C. Nº 87/96;siconfi-cor_RO1.7.2.1.36.00.00;25992
Prefeitura Municipal de Benjamin Constant - AM;1300607;AM;39484;Receitas Brutas Realizadas;1.7.2.1.99.00.00 - Outras Transferências da União;siconfi-cor_RO1.7.2.1.99.00.00;45501,16
Prefeitura Municipal de Benjamin Constant - AM;1300607;AM;39484;Receitas Brutas Realizadas;1.7.2.2.00.00.00 - Transferências dos Estados;siconfi-cor_RO1.7.2.2.00.00.00;10302755,09
Prefeitura Municipal de Benjamin Constant - AM;1300607;AM;39484;Receitas Brutas Realizadas;1.7.2.2.01.00.00 - Participação na Receita dos Estados;siconfi-cor_RO1.7.2.2.01.00.00;9513057,18
Prefeitura Municipal de Benjamin Constant - AM;1300607;AM;39484;Receitas Brutas Realizadas;1.7.2.2.01.01.00 - Cota-Parte do ICMS;siconfi-cor_RO1.7.2.2.01.01.00;9380239,77
Prefeitura Municipal de Benjamin Constant - AM;1300607;AM;39484;Receitas Brutas Realizadas;1.7.2.2.01.02.00 - Cota-Parte do IPVA;siconfi-cor_RO1.7.2.2.01.02.00;27997,13
Prefeitura Municipal de Benjamin Constant - AM;1300607;AM;39484;Receitas Brutas Realizadas;1.7.2.2.01.04.00 - Cota-Parte do IPI - Municípios;siconfi-cor_RO1.7.2.2.01.04.00;37935,84
Prefeitura Municipal de Benjamin Constant - AM;1300607;AM;39484;Receitas Brutas Realizadas;1.7.2.2.01.13.00 - Cota-Parte da Contribuição de Intervenção no Domínio Econômico;siconfi-cor_RO1.7.2.2.01.13.00;66884,44
Prefeitura Municipal de Benjamin Constant - AM;1300607;AM;39484;Receitas Brutas Realizadas;1.7.2.2.22.00.00 - Transferências da Cota-Parte da Compensação Financeira (25%);siconfi-cor_RO1.7.2.2.22.00.00;108725,3
Prefeitura Municipal de Benjamin Constant - AM;1300607;AM;39484;Receitas Brutas Realizadas;1.7.2.2.22.30.00 - Cota-Parte Royalties - Compensação Financeira pela Produção de Petróleo - Lei nº 7.990/89 artigo 9º;siconfi-cor_RO1.7.2.2.22.30.00;108725,3
Prefeitura Municipal de Benjamin Constant - AM;1300607;AM;39484;Receitas Brutas Realizadas;1.7.2.2.33.00.00 - Transferências de Recursos do Estado para Programas de Saúde - Repasse Fundo a Fundo;siconfi-cor_RO1.7.2.2.33.00.00;680972,61
Prefeitura Municipal de Benjamin Constant - AM;1300607;AM;39484;Receitas Brutas Realizadas;1.7.2.4.00.00.00 - Transferências Multigovernamentais;siconfi-cor_RO1.7.2.4.00.00.00;28820381,44
Prefeitura Municipal de Benjamin Constant - AM;1300607;AM;39484;Receitas Brutas Realizadas;1.7.2.4.01.00.00 - Transferências de Recursos do Fundo de Manutenção e Desenvolvimento do Ensino Fundamental e de Valorização do Magistério - FUNDEB;siconfi-cor_RO1.7.2.4.01.00.00;22367413,57
Prefeitura Municipal de Benjamin Constant - AM;1300607;AM;39484;Receitas Brutas Realizadas;1.7.2.4.02.00.00 - Transferências de Recursos da Complementação ao Fundo de Manutenção e Desenvolvimento do Ensino Fundamental e de Valorização do Magistério - FUNDEB;siconfi-cor_RO1.7.2.4.02.00.00;6452967,87
Prefeitura Municipal de Benjamin Constant - AM;1300607;AM;39484;Receitas Brutas Realizadas;1.7.6.0.00.00.00 - Transferências de Convênios;siconfi-cor_RO1.7.6.0.00.00.00;166305,5
Prefeitura Municipal de Benjamin Constant - AM;1300607;AM;39484;Receitas Brutas Realizadas;1.7.6.1.00.00.00 - Transferências de Convênios da União e de Suas Entidades;siconfi-cor_RO1.7.6.1.00.00.00;166305,5
Prefeitura Municipal de Benjamin Constant - AM;1300607;AM;39484;Receitas Brutas Realizadas;1.7.6.1.99.00.00 - Outras Transferências de Convênios da União;siconfi-cor_RO1.7.6.1.99.00.00;166305,5
Prefeitura Municipal de Benjamin Constant - AM;1300607;AM;39484;Receitas Brutas Realizadas;1.9.0.0.00.00.00 - Outras Receitas Correntes;siconfi-cor_RO1.9.0.0.00.00.00;7880,57
Prefeitura Municipal de Benjamin Constant - AM;1300607;AM;39484;Receitas Brutas Realizadas;1.9.3.0.00.00.00 - Receita da Dívida Ativa;siconfi-cor_RO1.9.3.0.00.00.00;3360,98
Prefeitura Municipal de Benjamin Constant - AM;1300607;AM;39484;Receitas Brutas Realizadas;1.9.3.2.00.00.00 - Receita da Dívida Ativa Não Tributária;siconfi-cor_RO1.9.3.2.00.00.00;3360,98
Prefeitura Municipal de Benjamin Constant - AM;1300607;AM;39484;Receitas Brutas Realizadas;1.9.3.2.38.00.00 - Receita da Dívida Ativa de Ressarcimento ao Erário;siconfi-cor_RO1.9.3.2.38.00.00;3360,98
Prefeitura Municipal de Benjamin Constant - AM;1300607;AM;39484;Receitas Brutas Realizadas;1.9.9.0.00.00.00 - Receitas Diversas;siconfi-cor_RO1.9.9.0.00.00.00;4519,59
Prefeitura Municipal de Benjamin Constant - AM;1300607;AM;39484;Receitas Brutas Realizadas;1.9.9.0.99.00.00 - Outras Receitas;siconfi-cor_RO1.9.9.0.99.00.00;4519,59
Prefeitura Municipal de Benjamin Constant - AM;1300607;AM;39484;Receitas Brutas Realizadas;2.0.0.0.00.00.00 - Receitas de Capital;siconfi-cor_RO2.0.0.0.00.00.00;1928460,77
Prefeitura Municipal de Benjamin Constant - AM;1300607;AM;39484;Receitas Brutas Realizadas;2.4.0.0.00.00.00 - Transferências de Capital;siconfi-cor_RO2.4.0.0.00.00.00;1928460,77
Prefeitura Municipal de Benjamin Constant - AM;1300607;AM;39484;Receitas Brutas Realizadas;2.4.2.0.00.00.00 - Transferências Intergovernamentais;siconfi-cor_RO2.4.2.0.00.00.00;1905337,49
Prefeitura Municipal de Benjamin Constant - AM;1300607;AM;39484;Receitas Brutas Realizadas;2.4.2.1.00.00.00 - Transferências da União;siconfi-cor_RO2.4.2.1.00.00.00;1905337,49
Prefeitura Municipal de Benjamin Constant - AM;1300607;AM;39484;Receitas Brutas Realizadas;2.4.2.1.01.00.00 - Participação na Receita da União;siconfi-cor_RO2.4.2.1.01.00.00;680640
Prefeitura Municipal de Benjamin Constant - AM;1300607;AM;39484;Receitas Brutas Realizadas;2.4.2.1.02.00.00 - Transferências de Recursos Destinados a Programas de Educação;siconfi-cor_RO2.4.2.1.02.00.00;1224697,49
Prefeitura Municipal de Benjamin Constant - AM;1300607;AM;39484;Receitas Brutas Realizadas;2.4.7.0.00.00.00 - Transferências de Convênios;siconfi-cor_RO2.4.7.0.00.00.00;23123,28
Prefeitura Municipal de Benjamin Constant - AM;1300607;AM;39484;Receitas Brutas Realizadas;2.4.7.1.00.00.00 - Transferências de Convênios da União e de suas Entidades;siconfi-cor_RO2.4.7.1.00.00.00;23123,28
Prefeitura Municipal de Benjamin Constant - AM;1300607;AM;39484;Receitas Brutas Realizadas;2.4.7.1.99.00.00 - Outras Transferências de Convênios da União;siconfi-cor_RO2.4.7.1.99.00.00;23123,28
Prefeitura Municipal de Benjamin Constant - AM;1300607;AM;39484;Receitas Brutas Realizadas;7.0.0.0.00.00.00 - Receitas Correntes Intraorçamentárias;siconfi-cor_RI7.0.0.0.00.00.00;2103294,18
Prefeitura Municipal de Benjamin Constant - AM;1300607;AM;39484;Receitas Brutas Realizadas;7.2.0.0.00.00.00 - Receitas de Contribuições Intraorçamentárias;siconfi-cor_RI7.2.0.0.00.00.00;2101556,72
Prefeitura Municipal de Benjamin Constant - AM;1300607;AM;39484;Receitas Brutas Realizadas;7.2.1.0.00.00.00 - Contribuições Sociais Intraorçamentárias;siconfi-cor_RI7.2.1.0.00.00.00;2101556,72
Prefeitura Municipal de Benjamin Constant - AM;1300607;AM;39484;Receitas Brutas Realizadas;7.2.1.0.29.00.00 - Contribuições para o Regime Próprio de Previdência do Servidor Público Intraorçamentárias;siconfi-cor_RI7.2.1.0.29.00.00;2068992,71
Prefeitura Municipal de Benjamin Constant - AM;1300607;AM;39484;Receitas Brutas Realizadas;7.2.1.0.29.01.00 - Contribuição Patronal de Servidor Ativo Civil para o Regime Próprio Intraorçamentária;siconfi-cor_RI7.2.1.0.29.01.00;2068992,71
Prefeitura Municipal de Benjamin Constant - AM;1300607;AM;39484;Receitas Brutas Realizadas;7.2.1.0.99.00.00 - Outras Contribuições Sociais Intraorçamentárias;siconfi-cor_RI7.2.1.0.99.00.00;32564,01
Prefeitura Municipal de Benjamin Constant - AM;1300607;AM;39484;Receitas Brutas Realizadas;7.9.0.0.00.00.00 - Outras Receitas Correntes Intraorçamentárias;siconfi-cor_RI7.9.0.0.00.00.00;1737,46
Prefeitura Municipal de Benjamin Constant - AM;1300607;AM;39484;Receitas Brutas Realizadas;7.9.1.2.00.00.00 - Multas e Juros de Mora das Contribuições Intraorçamentárias;siconfi-cor_RI7.9.1.2.00.00.00;1737,46
Prefeitura Municipal de Benjamin Constant - AM;1300607;AM;39484;Receitas Brutas Realizadas;7.9.1.2.29.00.00 - Multas e Juros de Mora das Contribuições para o Regime Próprio de Previdência do Servidor Intraorçamentárias;siconfi-cor_RI7.9.1.2.29.00.00;1737,46
Prefeitura Municipal de Benjamin Constant - AM;1300607;AM;39484;Deduções - Transferências Constitucionais;Total Receitas;siconfi-cor_TotalReceitas;5897725,53
Prefeitura Municipal de Benjamin Constant - AM;1300607;AM;39484;Deduções - Transferências Constitucionais;1.0.0.0.00.00.00 - Receitas Correntes;siconfi-cor_RO1.0.0.0.00.00.00;5897725,53
Prefeitura Municipal de Benjamin Constant - AM;1300607;AM;39484;Deduções - Transferências Constitucionais;1.7.0.0.00.00.00 - Transferências Correntes;siconfi-cor_RO1.7.0.0.00.00.00;5897725,53
Prefeitura Municipal de Benjamin Constant - AM;1300607;AM;39484;Deduções - Transferências Constitucionais;1.7.2.0.00.00.00 - Transferências Intergovernamentais;siconfi-cor_RO1.7.2.0.00.00.00;5897725,53
Prefeitura Municipal de Benjamin Constant - AM;1300607;AM;39484;Deduções - Transferências Constitucionais;1.7.2.1.00.00.00 - Transferências da União;siconfi-cor_RO1.7.2.1.00.00.00;4008491,41
Prefeitura Municipal de Benjamin Constant - AM;1300607;AM;39484;Deduções - Transferências Constitucionais;1.7.2.1.01.00.00 - Participação na Receita da União;siconfi-cor_RO1.7.2.1.01.00.00;4003293,01
Prefeitura Municipal de Benjamin Constant - AM;1300607;AM;39484;Deduções - Transferências Constitucionais;1.7.2.1.01.02.00 - Cota-Parte do Fundo de Participação dos Municípios ¿ FPM;siconfi-cor_RO1.7.2.1.01.02.00;4003271,17
Prefeitura Municipal de Benjamin Constant - AM;1300607;AM;39484;Deduções - Transferências Constitucionais;1.7.2.1.01.05.00 - Cota-Parte do Imposto Sobre a Propriedade Territorial Rural ¿ ITR;siconfi-cor_RO1.7.2.1.01.05.00;21,84
Prefeitura Municipal de Benjamin Constant - AM;1300607;AM;39484;Deduções - Transferências Constitucionais;1.7.2.1.36.00.00 - Transferências Financeiras do ICMS ¿ Desoneração ¿ L.C. Nº 87/96;siconfi-cor_RO1.7.2.1.36.00.00;5198,4
Prefeitura Municipal de Benjamin Constant - AM;1300607;AM;39484;Deduções - Transferências Constitucionais;1.7.2.2.00.00.00 - Transferências dos Estados;siconfi-cor_RO1.7.2.2.00.00.00;1889234,12
Prefeitura Municipal de Benjamin Constant - AM;1300607;AM;39484;Deduções - Transferências Constitucionais;1.7.2.2.01.00.00 - Participação na Receita dos Estados;siconfi-cor_RO1.7.2.2.01.00.00;1889234,12
Prefeitura Municipal de Benjamin Constant - AM;1300607;AM;39484;Deduções - Transferências Constitucionais;1.7.2.2.01.01.00 - Cota-Parte do ICMS;siconfi-cor_RO1.7.2.2.01.01.00;1876047,95
Prefeitura Municipal de Benjamin Constant - AM;1300607;AM;39484;Deduções - Transferências Constitucionais;1.7.2.2.01.02.00 - Cota-Parte do IPVA;siconfi-cor_RO1.7.2.2.01.02.00;5599,01
Prefeitura Municipal de Benjamin Constant - AM;1300607;AM;39484;Deduções - Transferências Constitucionais;1.7.2.2.01.04.00 - Cota-Parte do IPI - Municípios;siconfi-cor_RO1.7.2.2.01.04.00;7587,16
Prefeitura Municipal de Maués - AM;1302900;AM;59983;Receitas Brutas Realizadas;Total Receitas;siconfi-cor_TotalReceitas;131042763,5
Prefeitura Municipal de Maués - AM;1302900;AM;59983;Receitas Brutas Realizadas;1.0.0.0.00.00.00 - Receitas Correntes;siconfi-cor_RO1.0.0.0.00.00.00;128023752,6
Prefeitura Municipal de Maués - AM;1302900;AM;59983;Receitas Brutas Realizadas;1.1.0.0.00.00.00 - Receita Tributária;siconfi-cor_RO1.1.0.0.00.00.00;2575561,64
Prefeitura Municipal de Maués - AM;1302900;AM;59983;Receitas Brutas Realizadas;1.1.1.0.00.00.00 - Impostos;siconfi-cor_RO1.1.1.0.00.00.00;2428037,36
Prefeitura Municipal de Maués - AM;1302900;AM;59983;Receitas Brutas Realizadas;1.1.1.2.00.00.00 - Impostos sobre o Patrimônio e a Renda;siconfi-cor_RO1.1.1.2.00.00.00;888364,96
Prefeitura Municipal de Maués - AM;1302900;AM;59983;Receitas Brutas Realizadas;1.1.1.2.01.00.00 - Imposto sobre a Propriedade Territorial Rural - ITR;siconfi-cor_RO1.1.1.2.01.00.00;10888,18
Prefeitura Municipal de Maués - AM;1302900;AM;59983;Receitas Brutas Realizadas;1.1.1.2.02.00.00 - Imposto sobre a Propriedade Predial e Territorial Urbana ¿ IPTU;siconfi-cor_RO1.1.1.2.02.00.00;108477,56
Prefeitura Municipal de Maués - AM;1302900;AM;59983;Receitas Brutas Realizadas;1.1.1.2.04.00.00 - Imposto sobre a Renda e Proventos de Qualquer Natureza ¿ IR;siconfi-cor_RO1.1.1.2.04.00.00;710044,08
Prefeitura Municipal de Maués - AM;1302900;AM;59983;Receitas Brutas Realizadas;1.1.1.2.04.31.00 - Retido nas Fontes - Trabalho;siconfi-cor_RO1.1.1.2.04.31.00;595593,9
Prefeitura Municipal de Maués - AM;1302900;AM;59983;Receitas Brutas Realizadas;1.1.1.2.04.32.00 - Retido nas Fontes - Capital;siconfi-cor_RO1.1.1.2.04.32.00;114450,18
Prefeitura Municipal de Maués - AM;1302900;AM;59983;Receitas Brutas Realizadas;"1.1.1.2.08.00.00 - Imposto sobre Transmissão Inter Vivos"" de Bens Imóveis e de Direitos Reais sobre Imóveis ¿ ITBI""";siconfi-cor_RO1.1.1.2.08.00.00;58955,14
Prefeitura Municipal de Maués - AM;1302900;AM;59983;Receitas Brutas Realizadas;1.1.1.3.00.00.00 - Impostos sobre a Produção e a Circulação;siconfi-cor_RO1.1.1.3.00.00.00;1539672,4
Prefeitura Municipal de Maués - AM;1302900;AM;59983;Receitas Brutas Realizadas;1.1.1.3.05.00.00 - Imposto sobre Serviços de Qualquer Natureza ¿ ISSQN;siconfi-cor_RO1.1.1.3.05.00.00;1539672,4
Prefeitura Municipal de Maués - AM;1302900;AM;59983;Receitas Brutas Realizadas;1.1.2.0.00.00.00 - Taxas;siconfi-cor_RO1.1.2.0.00.00.00;147524,28
Prefeitura Municipal de Maués - AM;1302900;AM;59983;Receitas Brutas Realizadas;1.1.2.1.00.00.00 - Taxas pelo Exercício do Poder de Polícia;siconfi-cor_RO1.1.2.1.00.00.00;141399,17
Prefeitura Municipal de Maués - AM;1302900;AM;59983;Receitas Brutas Realizadas;1.1.2.2.00.00.00 - Taxas pela Prestação de Serviços;siconfi-cor_RO1.1.2.2.00.00.00;6125,11
Prefeitura Municipal de Maués - AM;1302900;AM;59983;Receitas Brutas Realizadas;1.1.2.2.99.00.00 - Outras Taxas pela Prestação de Serviços;siconfi-cor_RO1.1.2.2.99.00.00;6125,11
Prefeitura Municipal de Maués - AM;1302900;AM;59983;Receitas Brutas Realizadas;1.2.0.0.00.00.00 - Receitas de Contribuições;siconfi-cor_RO1.2.0.0.00.00.00;6136571,16
Prefeitura Municipal de Maués - AM;1302900;AM;59983;Receitas Brutas Realizadas;1.2.1.0.00.00.00 - Contribuições Sociais;siconfi-cor_RO1.2.1.0.00.00.00;5823184,66
Prefeitura Municipal de Maués - AM;1302900;AM;59983;Receitas Brutas Realizadas;1.2.1.0.29.00.00 - Contribuições para o Regime Próprio de Previdência do Servidor Público;siconfi-cor_RO1.2.1.0.29.00.00;5823184,66
Prefeitura Municipal de Maués - AM;1302900;AM;59983;Receitas Brutas Realizadas;1.2.1.0.29.07.00 - Contribuição do Servidor Ativo Civil para o Regime Próprio;siconfi-cor_RO1.2.1.0.29.07.00;5823184,66
Prefeitura Municipal de Maués - AM;1302900;AM;59983;Receitas Brutas Realizadas;1.2.2.0.00.00.00 - Contribuições de Intervenção no Domínio Econômico;siconfi-cor_RO1.2.2.0.00.00.00;65205,19
Prefeitura Municipal de Maués - AM;1302900;AM;59983;Receitas Brutas Realizadas;1.2.2.0.99.00.00 - Outras Contribuições Econômicas;siconfi-cor_RO1.2.2.0.99.00.00;65205,19
Prefeitura Municipal de Maués - AM;1302900;AM;59983;Receitas Brutas Realizadas;1.2.3.0.00.00.00 - Contribuição para Custeio do Serviço de Iluminação Pública;siconfi-cor_RO1.2.3.0.00.00.00;248181,31
Prefeitura Municipal de Maués - AM;1302900;AM;59983;Receitas Brutas Realizadas;1.3.0.0.00.00.00 - Receita Patrimonial;siconfi-cor_RO1.3.0.0.00.00.00;1193278,08
Prefeitura Municipal de Maués - AM;1302900;AM;59983;Receitas Brutas Realizadas;1.3.2.0.00.00.00 - Receitas de Valores Mobiliários;siconfi-cor_RO1.3.2.0.00.00.00;1182298,35
Prefeitura Municipal de Maués - AM;1302900;AM;59983;Receitas Brutas Realizadas;1.3.2.5.00.00.00 - Remuneração de Depósitos Bancários;siconfi-cor_RO1.3.2.5.00.00.00;448160,88
Prefeitura Municipal de Maués - AM;1302900;AM;59983;Receitas Brutas Realizadas;1.3.2.8.00.00.00 - Remuneração dos Investimentos do Regime Próprio de Previdência do Servidor;siconfi-cor_RO1.3.2.8.00.00.00;734137,47
Prefeitura Municipal de Maués - AM;1302900;AM;59983;Receitas Brutas Realizadas;1.3.9.0.00.00.00 - Outras Receitas Patrimoniais;siconfi-cor_RO1.3.9.0.00.00.00;10979,73
Prefeitura Municipal de Maués - AM;1302900;AM;59983;Receitas Brutas Realizadas;1.6.0.0.00.00.00 - Receita de Serviços;siconfi-cor_RO1.6.0.0.00.00.00;1175482,47
Prefeitura Municipal de Maués - AM;1302900;AM;59983;Receitas Brutas Realizadas;1.6.0.0.13.00.00 - Serviços Administrativos;siconfi-cor_RO1.6.0.0.13.00.00;33086,37
Prefeitura Municipal de Maués - AM;1302900;AM;59983;Receitas Brutas Realizadas;1.6.0.0.41.00.00 - Serviços de Captação, Adução, Tratamento, Reserva e Distribuição de Água;siconfi-cor_RO1.6.0.0.41.00.00;1098685,25
Prefeitura Municipal de Maués - AM;1302900;AM;59983;Receitas Brutas Realizadas;1.6.0.0.48.00.00 - Serviços de Religamento de Água;siconfi-cor_RO1.6.0.0.48.00.00;24742,5
Prefeitura Municipal de Maués - AM;1302900;AM;59983;Receitas Brutas Realizadas;1.6.0.0.99.00.00 - Outros Serviços;siconfi-cor_RO1.6.0.0.99.00.00;18968,35
Prefeitura Municipal de Maués - AM;1302900;AM;59983;Receitas Brutas Realizadas;1.7.0.0.00.00.00 - Transferências Correntes;siconfi-cor_RO1.7.0.0.00.00.00;115557972,5
Prefeitura Municipal de Maués - AM;1302900;AM;59983;Receitas Brutas Realizadas;1.7.2.0.00.00.00 - Transferências Intergovernamentais;siconfi-cor_RO1.7.2.0.00.00.00;114515958,5
Prefeitura Municipal de Maués - AM;1302900;AM;59983;Receitas Brutas Realizadas;1.7.2.1.00.00.00 - Transferências da União;siconfi-cor_RO1.7.2.1.00.00.00;41553781,4
Prefeitura Municipal de Maués - AM;1302900;AM;59983;Receitas Brutas Realizadas;1.7.2.1.01.00.00 - Participação na Receita da União;siconfi-cor_RO1.7.2.1.01.00.00;26276128,77
Prefeitura Municipal de Maués - AM;1302900;AM;59983;Receitas Brutas Realizadas;1.7.2.1.01.02.00 - Cota-Parte do Fundo de Participação dos Municípios ¿ FPM;siconfi-cor_RO1.7.2.1.01.02.00;24527592,57
Prefeitura Municipal de Maués - AM;1302900;AM;59983;Receitas Brutas Realizadas;1.7.2.1.01.03.00 - Cota-Parte do Fundo de Participação dos Municípios - 1% Cota Anual;siconfi-cor_RO1.7.2.1.01.03.00;1019406,68
Prefeitura Municipal de Maués - AM;1302900;AM;59983;Receitas Brutas Realizadas;1.7.2.1.01.04.00 - Cota-Parte do Fundo de Participação dos Municípios - 1% Cota entregue no mês de julho (67)(I);siconfi-cor_RO1.7.2.1.01.04.00;724460,82
Prefeitura Municipal de Maués - AM;1302900;AM;59983;Receitas Brutas Realizadas;1.7.2.1.01.05.00 - Cota-Parte do Imposto Sobre a Propriedade Territorial Rural ¿ ITR;siconfi-cor_RO1.7.2.1.01.05.00;4668,7
Prefeitura Municipal de Maués - AM;1302900;AM;59983;Receitas Brutas Realizadas;1.7.2.1.22.00.00 - Transferências da Compensação Financeira pela Exploração de Recursos Naturais;siconfi-cor_RO1.7.2.1.22.00.00;206944,85
Prefeitura Municipal de Maués - AM;1302900;AM;59983;Receitas Brutas Realizadas;1.7.2.1.22.70.00 - Cota-Parte do Fundo Especial do Petróleo ¿ FEP;siconfi-cor_RO1.7.2.1.22.70.00;206944,85
Prefeitura Municipal de Maués - AM;1302900;AM;59983;Receitas Brutas Realizadas;1.7.2.1.33.00.00 - Transferências de Recursos do Sistema Único de Saúde - SUS - Repasses Fundo a Fundo;siconfi-cor_RO1.7.2.1.33.00.00;9635425,15
Prefeitura Municipal de Maués - AM;1302900;AM;59983;Receitas Brutas Realizadas;1.7.2.1.34.00.00 - Transferências de Recursos do Fundo Nacional de Assistência Social ¿ FNAS;siconfi-cor_RO1.7.2.1.34.00.00;1598197,34
Prefeitura Municipal de Maués - AM;1302900;AM;59983;Receitas Brutas Realizadas;1.7.2.1.35.00.00 - Transferências de Recursos do Fundo Nacional do Desenvolvimento da Educação ¿ FNDE;siconfi-cor_RO1.7.2.1.35.00.00;3651003,76
Prefeitura Municipal de Maués - AM;1302900;AM;59983;Receitas Brutas Realizadas;1.7.2.1.36.00.00 - Transferências Financeiras do ICMS ¿ Desoneração ¿ L.C. Nº 87/96;siconfi-cor_RO1.7.2.1.36.00.00;54563,52
Prefeitura Municipal de Maués - AM;1302900;AM;59983;Receitas Brutas Realizadas;1.7.2.1.99.00.00 - Outras Transferências da União;siconfi-cor_RO1.7.2.1.99.00.00;131518,01
Prefeitura Municipal de Maués - AM;1302900;AM;59983;Receitas Brutas Realizadas;1.7.2.2.00.00.00 - Transferências dos Estados;siconfi-cor_RO1.7.2.2.00.00.00;20173507,9
Prefeitura Municipal de Maués - AM;1302900;AM;59983;Receitas Brutas Realizadas;1.7.2.2.01.00.00 - Participação na Receita dos Estados;siconfi-cor_RO1.7.2.2.01.00.00;19945267,03
Prefeitura Municipal de Maués - AM;1302900;AM;59983;Receitas Brutas Realizadas;1.7.2.2.01.01.00 - Cota-Parte do ICMS;siconfi-cor_RO1.7.2.2.01.01.00;19691410,74
Prefeitura Municipal de Maués - AM;1302900;AM;59983;Receitas Brutas Realizadas;1.7.2.2.01.02.00 - Cota-Parte do IPVA;siconfi-cor_RO1.7.2.2.01.02.00;150563,98
Prefeitura Municipal de Maués - AM;1302900;AM;59983;Receitas Brutas Realizadas;1.7.2.2.01.04.00 - Cota-Parte do IPI - Municípios;siconfi-cor_RO1.7.2.2.01.04.00;79636,62
Prefeitura Municipal de Maués - AM;1302900;AM;59983;Receitas Brutas Realizadas;1.7.2.2.01.13.00 - Cota-Parte da Contribuição de Intervenção no Domínio Econômico;siconfi-cor_RO1.7.2.2.01.13.00;23655,69
Prefeitura Municipal de Maués - AM;1302900;AM;59983;Receitas Brutas Realizadas;1.7.2.2.22.00.00 - Transferências da Cota-Parte da Compensação Financeira (25%);siconfi-cor_RO1.7.2.2.22.00.00;228240,87
Prefeitura Municipal de Maués - AM;1302900;AM;59983;Receitas Brutas Realizadas;1.7.2.2.22.30.00 - Cota-Parte Royalties - Compensação Financeira pela Produção de Petróleo - Lei nº 7.990/89 artigo 9º;siconfi-cor_RO1.7.2.2.22.30.00;228240,87
Prefeitura Municipal de Maués - AM;1302900;AM;59983;Receitas Brutas Realizadas;1.7.2.3.00.00.00 - Transferências dos Municípios;siconfi-cor_RO1.7.2.3.00.00.00;299323,73
Prefeitura Municipal de Maués - AM;1302900;AM;59983;Receitas Brutas Realizadas;1.7.2.3.99.00.00 - Outras Transferências dos Municípios;siconfi-cor_RO1.7.2.3.99.00.00;299323,73
Prefeitura Municipal de Maués - AM;1302900;AM;59983;Receitas Brutas Realizadas;1.7.2.4.00.00.00 - Transferências Multigovernamentais;siconfi-cor_RO1.7.2.4.00.00.00;52489345,42
Prefeitura Municipal de Maués - AM;1302900;AM;59983;Receitas Brutas Realizadas;1.7.2.4.01.00.00 - Transferências de Recursos do Fundo de Manutenção e Desenvolvimento do Ensino Fundamental e de Valorização do Magistério - FUNDEB;siconfi-cor_RO1.7.2.4.01.00.00;41002503,67
Prefeitura Municipal de Maués - AM;1302900;AM;59983;Receitas Brutas Realizadas;1.7.2.4.02.00.00 - Transferências de Recursos da Complementação ao Fundo de Manutenção e Desenvolvimento do Ensino Fundamental e de Valorização do Magistério - FUNDEB;siconfi-cor_RO1.7.2.4.02.00.00;11486841,75
Prefeitura Municipal de Maués - AM;1302900;AM;59983;Receitas Brutas Realizadas;1.7.5.0.00.00.00 - Transferências de Pessoas;siconfi-cor_RO1.7.5.0.00.00.00;647014,03
Prefeitura Municipal de Maués - AM;1302900;AM;59983;Receitas Brutas Realizadas;1.7.6.0.00.00.00 - Transferências de Convênios;siconfi-cor_RO1.7.6.0.00.00.00;395000
Prefeitura Municipal de Maués - AM;1302900;AM;59983;Receitas Brutas Realizadas;1.7.6.1.00.00.00 - Transferências de Convênios da União e de Suas Entidades;siconfi-cor_RO1.7.6.1.00.00.00;395000
Prefeitura Municipal de Maués - AM;1302900;AM;59983;Receitas Brutas Realizadas;1.7.6.1.99.00.00 - Outras Transferências de Convênios da União;siconfi-cor_RO1.7.6.1.99.00.00;395000
Prefeitura Municipal de Maués - AM;1302900;AM;59983;Receitas Brutas Realizadas;1.9.0.0.00.00.00 - Outras Receitas Correntes;siconfi-cor_RO1.9.0.0.00.00.00;1384886,77
Prefeitura Municipal de Maués - AM;1302900;AM;59983;Receitas Brutas Realizadas;1.9.1.0.00.00.00 - Multas e Juros de Mora;siconfi-cor_RO1.9.1.0.00.00.00;109083,63
Prefeitura Municipal de Maués - AM;1302900;AM;59983;Receitas Brutas Realizadas;1.9.1.1.00.00.00 - Multas e Juros de Mora dos Tributos;siconfi-cor_RO1.9.1.1.00.00.00;5326,07
Prefeitura Municipal de Maués - AM;1302900;AM;59983;Receitas Brutas Realizadas;1.9.1.1.38.00.00 - Multas e Juros de Mora do Imposto sobre a Propriedade Predial e Territorial Urbana ¿ IPTU;siconfi-cor_RO1.9.1.1.38.00.00;776,92
Prefeitura Municipal de Maués - AM;1302900;AM;59983;Receitas Brutas Realizadas;1.9.1.1.99.00.00 - Multas e Juros de Mora de Outros Tributos;siconfi-cor_RO1.9.1.1.99.00.00;4549,15
Prefeitura Municipal de Maués - AM;1302900;AM;59983;Receitas Brutas Realizadas;1.9.1.3.00.00.00 - Multas e Juros de Mora da Dívida Ativa dos Tributos;siconfi-cor_RO1.9.1.3.00.00.00;24891,07
Prefeitura Municipal de Maués - AM;1302900;AM;59983;Receitas Brutas Realizadas;1.9.1.3.11.00.00 - Multas e Juros de Mora da Dívida Ativa do Imposto sobre a Propriedade Predial e Territorial Urbana ¿ IPTU;siconfi-cor_RO1.9.1.3.11.00.00;24891,07
Prefeitura Municipal de Maués - AM;1302900;AM;59983;Receitas Brutas Realizadas;1.9.1.9.00.00.00 - Multas de Outras Origens;siconfi-cor_RO1.9.1.9.00.00.00;78866,49
Prefeitura Municipal de Maués - AM;1302900;AM;59983;Receitas Brutas Realizadas;1.9.2.0.00.00.00 - Indenizações e Restituições;siconfi-cor_RO1.9.2.0.00.00.00;19452,28
Prefeitura Municipal de Maués - AM;1302900;AM;59983;Receitas Brutas Realizadas;1.9.2.2.00.00.00 - Restituições;siconfi-cor_RO1.9.2.2.00.00.00;19452,28
Prefeitura Municipal de Maués - AM;1302900;AM;59983;Receitas Brutas Realizadas;1.9.2.2.99.00.00 - Outras Restituições;siconfi-cor_RO1.9.2.2.99.00.00;19452,28
Prefeitura Municipal de Maués - AM;1302900;AM;59983;Receitas Brutas Realizadas;1.9.3.0.00.00.00 - Receita da Dívida Ativa;siconfi-cor_RO1.9.3.0.00.00.00;327791,29
Prefeitura Municipal de Maués - AM;1302900;AM;59983;Receitas Brutas Realizadas;1.9.3.1.00.00.00 - Receita da Dívida Ativa Tributária;siconfi-cor_RO1.9.3.1.00.00.00;74855,83
Prefeitura Municipal de Maués - AM;1302900;AM;59983;Receitas Brutas Realizadas;1.9.3.1.11.00.00 - Receita da Dívida Ativa do Imposto sobre a Propriedade Predial e Territorial Urbana ¿ IPTU;siconfi-cor_RO1.9.3.1.11.00.00;64711,85
Prefeitura Municipal de Maués - AM;1302900;AM;59983;Receitas Brutas Realizadas;1.9.3.1.99.00.00 - Receita da Dívida Ativa de Outros Tributos;siconfi-cor_RO1.9.3.1.99.00.00;10143,98
Prefeitura Municipal de Maués - AM;1302900;AM;59983;Receitas Brutas Realizadas;1.9.3.2.00.00.00 - Receita da Dívida Ativa Não Tributária;siconfi-cor_RO1.9.3.2.00.00.00;252935,46
Prefeitura Municipal de Maués - AM;1302900;AM;59983;Receitas Brutas Realizadas;1.9.3.2.99.00.00 - Receita da Dívida Ativa Não Tributária de Outras Receitas;siconfi-cor_RO1.9.3.2.99.00.00;252935,46
Prefeitura Municipal de Maués - AM;1302900;AM;59983;Receitas Brutas Realizadas;1.9.9.0.00.00.00 - Receitas Diversas;siconfi-cor_RO1.9.9.0.00.00.00;928559,57
Prefeitura Municipal de Maués - AM;1302900;AM;59983;Receitas Brutas Realizadas;1.9.9.0.99.00.00 - Outras Receitas;siconfi-cor_RO1.9.9.0.99.00.00;928559,57
Prefeitura Municipal de Maués - AM;1302900;AM;59983;Receitas Brutas Realizadas;2.0.0.0.00.00.00 - Receitas de Capital;siconfi-cor_RO2.0.0.0.00.00.00;1886209,24
Prefeitura Municipal de Maués - AM;1302900;AM;59983;Receitas Brutas Realizadas;2.4.0.0.00.00.00 - Transferências de Capital;siconfi-cor_RO2.4.0.0.00.00.00;1886209,24
Prefeitura Municipal de Maués - AM;1302900;AM;59983;Receitas Brutas Realizadas;2.4.2.0.00.00.00 - Transferências Intergovernamentais;siconfi-cor_RO2.4.2.0.00.00.00;1886209,24
Prefeitura Municipal de Maués - AM;1302900;AM;59983;Receitas Brutas Realizadas;2.4.2.1.00.00.00 - Transferências da União;siconfi-cor_RO2.4.2.1.00.00.00;1886209,24
Prefeitura Municipal de Maués - AM;1302900;AM;59983;Receitas Brutas Realizadas;2.4.2.1.01.00.00 - Participação na Receita da União;siconfi-cor_RO2.4.2.1.01.00.00;879350
Prefeitura Municipal de Maués - AM;1302900;AM;59983;Receitas Brutas Realizadas;2.4.2.1.02.00.00 - Transferências de Recursos Destinados a Programas de Educação;siconfi-cor_RO2.4.2.1.02.00.00;1006859,24
Prefeitura Municipal de Maués - AM;1302900;AM;59983;Receitas Brutas Realizadas;7.0.0.0.00.00.00 - Receitas Correntes Intraorçamentárias;siconfi-cor_RI7.0.0.0.00.00.00;1132801,66
Prefeitura Municipal de Maués - AM;1302900;AM;59983;Receitas Brutas Realizadas;7.2.0.0.00.00.00 - Receitas de Contribuições Intraorçamentárias;siconfi-cor_RI7.2.0.0.00.00.00;84960,07
Prefeitura Municipal de Maués - AM;1302900;AM;59983;Receitas Brutas Realizadas;7.2.1.0.00.00.00 - Contribuições Sociais Intraorçamentárias;siconfi-cor_RI7.2.1.0.00.00.00;84960,07
Prefeitura Municipal de Maués - AM;1302900;AM;59983;Receitas Brutas Realizadas;7.2.1.0.29.00.00 - Contribuições para o Regime Próprio de Previdência do Servidor Público Intraorçamentárias;siconfi-cor_RI7.2.1.0.29.00.00;84960,07
Prefeitura Municipal de Maués - AM;1302900;AM;59983;Receitas Brutas Realizadas;7.2.1.0.29.01.00 - Contribuição Patronal de Servidor Ativo Civil para o Regime Próprio Intraorçamentária;siconfi-cor_RI7.2.1.0.29.01.00;24348,34
Prefeitura Municipal de Maués - AM;1302900;AM;59983;Receitas Brutas Realizadas;7.2.1.0.29.99.00 - Outras Contribuições para o Regime Próprio de Previdência do Servidor Público Intraorçamentárias;siconfi-cor_RI7.2.1.0.29.99.00;60611,73
Prefeitura Municipal de Maués - AM;1302900;AM;59983;Receitas Brutas Realizadas;7.9.0.0.00.00.00 - Outras Receitas Correntes Intraorçamentárias;siconfi-cor_RI7.9.0.0.00.00.00;1047841,59
Prefeitura Municipal de Maués - AM;1302900;AM;59983;Receitas Brutas Realizadas;7.9.1.2.00.00.00 - Multas e Juros de Mora das Contribuições Intraorçamentárias;siconfi-cor_RI7.9.1.2.00.00.00;1046970,39
Prefeitura Municipal de Maués - AM;1302900;AM;59983;Receitas Brutas Realizadas;7.9.1.2.99.00.00 - Outras Multas e Juros de Mora de Contribuições Intraorçamentárias;siconfi-cor_RI7.9.1.2.99.00.00;1046970,39
Prefeitura Municipal de Maués - AM;1302900;AM;59983;Receitas Brutas Realizadas;7.9.9.9.00.00.00 - Demais Receitas Correntes Intraorçamentárias;siconfi-cor_RI7.9.9.9.00.00.00;871,2
Prefeitura Municipal de Maués - AM;1302900;AM;59983;Deduções - FUNDEB;Total Receitas;siconfi-cor_TotalReceitas;8889054,67
Prefeitura Municipal de Maués - AM;1302900;AM;59983;Deduções - FUNDEB;1.0.0.0.00.00.00 - Receitas Correntes;siconfi-cor_RO1.0.0.0.00.00.00;8889054,67
Prefeitura Municipal de Maués - AM;1302900;AM;59983;Deduções - FUNDEB;1.7.0.0.00.00.00 - Transferências Correntes;siconfi-cor_RO1.7.0.0.00.00.00;8889054,67
Prefeitura Municipal de Maués - AM;1302900;AM;59983;Deduções - FUNDEB;1.7.2.0.00.00.00 - Transferências Intergovernamentais;siconfi-cor_RO1.7.2.0.00.00.00;8889054,67
Prefeitura Municipal de Maués - AM;1302900;AM;59983;Deduções - FUNDEB;1.7.2.1.00.00.00 - Transferências da União;siconfi-cor_RO1.7.2.1.00.00.00;4904733,4
Prefeitura Municipal de Maués - AM;1302900;AM;59983;Deduções - FUNDEB;1.7.2.1.01.00.00 - Participação na Receita da União;siconfi-cor_RO1.7.2.1.01.00.00;4893820,72
Prefeitura Municipal de Maués - AM;1302900;AM;59983;Deduções - FUNDEB;1.7.2.1.01.02.00 - Cota-Parte do Fundo de Participação dos Municípios ¿ FPM;siconfi-cor_RO1.7.2.1.01.02.00;4892887,07
Prefeitura Municipal de Maués - AM;1302900;AM;59983;Deduções - FUNDEB;1.7.2.1.01.05.00 - Cota-Parte do Imposto Sobre a Propriedade Territorial Rural ¿ ITR;siconfi-cor_RO1.7.2.1.01.05.00;933,65
Prefeitura Municipal de Maués - AM;1302900;AM;59983;Deduções - FUNDEB;1.7.2.1.36.00.00 - Transferências Financeiras do ICMS ¿ Desoneração ¿ L.C. Nº 87/96;siconfi-cor_RO1.7.2.1.36.00.00;10912,68
Prefeitura Municipal de Maués - AM;1302900;AM;59983;Deduções - FUNDEB;1.7.2.2.00.00.00 - Transferências dos Estados;siconfi-cor_RO1.7.2.2.00.00.00;3984321,27
Prefeitura Municipal de Maués - AM;1302900;AM;59983;Deduções - FUNDEB;1.7.2.2.01.00.00 - Participação na Receita dos Estados;siconfi-cor_RO1.7.2.2.01.00.00;3984321,27
Prefeitura Municipal de Maués - AM;1302900;AM;59983;Deduções - FUNDEB;1.7.2.2.01.01.00 - Cota-Parte do ICMS;siconfi-cor_RO1.7.2.2.01.01.00;3938282,14
Prefeitura Municipal de Maués - AM;1302900;AM;59983;Deduções - FUNDEB;1.7.2.2.01.02.00 - Cota-Parte do IPVA;siconfi-cor_RO1.7.2.2.01.02.00;30111,83
Prefeitura Municipal de Maués - AM;1302900;AM;59983;Deduções - FUNDEB;1.7.2.2.01.04.00 - Cota-Parte do IPI - Municípios;siconfi-cor_RO1.7.2.2.01.04.00;15927,3
Prefeitura Municipal de Borba - AM;1300805;AM;39292;Receitas Brutas Realizadas;Total Receitas;siconfi-cor_TotalReceitas;80774717,15
Prefeitura Municipal de Borba - AM;1300805;AM;39292;Receitas Brutas Realizadas;1.0.0.0.00.00.00 - Receitas Correntes;siconfi-cor_RO1.0.0.0.00.00.00;72958481,14
Prefeitura Municipal de Borba - AM;1300805;AM;39292;Receitas Brutas Realizadas;1.1.0.0.00.00.00 - Receita Tributária;siconfi-cor_RO1.1.0.0.00.00.00;2606898,86
Prefeitura Municipal de Borba - AM;1300805;AM;39292;Receitas Brutas Realizadas;1.1.1.0.00.00.00 - Impostos;siconfi-cor_RO1.1.1.0.00.00.00;2593220,45
Prefeitura Municipal de Borba - AM;1300805;AM;39292;Receitas Brutas Realizadas;1.1.1.2.00.00.00 - Impostos sobre o Patrimônio e a Renda;siconfi-cor_RO1.1.1.2.00.00.00;1286731,09
Prefeitura Municipal de Borba - AM;1300805;AM;39292;Receitas Brutas Realizadas;1.1.1.2.02.00.00 - Imposto sobre a Propriedade Predial e Territorial Urbana ¿ IPTU;siconfi-cor_RO1.1.1.2.02.00.00;4975,96
Prefeitura Municipal de Borba - AM;1300805;AM;39292;Receitas Brutas Realizadas;1.1.1.2.04.00.00 - Imposto sobre a Renda e Proventos de Qualquer Natureza ¿ IR;siconfi-cor_RO1.1.1.2.04.00.00;1234036,23
Prefeitura Municipal de Borba - AM;1300805;AM;39292;Receitas Brutas Realizadas;1.1.1.2.04.31.00 - Retido nas Fontes - Trabalho;siconfi-cor_RO1.1.1.2.04.31.00;1043632,78
Prefeitura Municipal de Borba - AM;1300805;AM;39292;Receitas Brutas Realizadas;1.1.1.2.04.34.00 - Retido nas Fontes - Outros Rendimentos;siconfi-cor_RO1.1.1.2.04.34.00;190403,45
Prefeitura Municipal de Borba - AM;1300805;AM;39292;Receitas Brutas Realizadas;"1.1.1.2.08.00.00 - Imposto sobre Transmissão Inter Vivos"" de Bens Imóveis e de Direitos Reais sobre Imóveis ¿ ITBI""";siconfi-cor_RO1.1.1.2.08.00.00;47718,9
Prefeitura Municipal de Borba - AM;1300805;AM;39292;Receitas Brutas Realizadas;1.1.1.3.00.00.00 - Impostos sobre a Produção e a Circulação;siconfi-cor_RO1.1.1.3.00.00.00;1306489,36
Prefeitura Municipal de Borba - AM;1300805;AM;39292;Receitas Brutas Realizadas;1.1.1.3.05.00.00 - Imposto sobre Serviços de Qualquer Natureza ¿ ISSQN;siconfi-cor_RO1.1.1.3.05.00.00;1306489,36
Prefeitura Municipal de Borba - AM;1300805;AM;39292;Receitas Brutas Realizadas;1.1.2.0.00.00.00 - Taxas;siconfi-cor_RO1.1.2.0.00.00.00;13678,41
Prefeitura Municipal de Borba - AM;1300805;AM;39292;Receitas Brutas Realizadas;1.1.2.1.00.00.00 - Taxas pelo Exercício do Poder de Polícia;siconfi-cor_RO1.1.2.1.00.00.00;5726,1
Prefeitura Municipal de Borba - AM;1300805;AM;39292;Receitas Brutas Realizadas;1.1.2.2.00.00.00 - Taxas pela Prestação de Serviços;siconfi-cor_RO1.1.2.2.00.00.00;7952,31
Prefeitura Municipal de Borba - AM;1300805;AM;39292;Receitas Brutas Realizadas;1.1.2.2.99.00.00 - Outras Taxas pela Prestação de Serviços;siconfi-cor_RO1.1.2.2.99.00.00;7952,31
Prefeitura Municipal de Borba - AM;1300805;AM;39292;Receitas Brutas Realizadas;1.2.0.0.00.00.00 - Receitas de Contribuições;siconfi-cor_RO1.2.0.0.00.00.00;1142877,79
Prefeitura Municipal de Borba - AM;1300805;AM;39292;Receitas Brutas Realizadas;1.2.1.0.00.00.00 - Contribuições Sociais;siconfi-cor_RO1.2.1.0.00.00.00;932033,38
Prefeitura Municipal de Borba - AM;1300805;AM;39292;Receitas Brutas Realizadas;1.2.1.0.29.00.00 - Contribuições para o Regime Próprio de Previdência do Servidor Público;siconfi-cor_RO1.2.1.0.29.00.00;932033,38
Prefeitura Municipal de Borba - AM;1300805;AM;39292;Receitas Brutas Realizadas;1.2.1.0.29.07.00 - Contribuição do Servidor Ativo Civil para o Regime Próprio;siconfi-cor_RO1.2.1.0.29.07.00;932033,38
Prefeitura Municipal de Borba - AM;1300805;AM;39292;Receitas Brutas Realizadas;1.2.2.0.00.00.00 - Contribuições de Intervenção no Domínio Econômico;siconfi-cor_RO1.2.2.0.00.00.00;210844,41
Prefeitura Municipal de Borba - AM;1300805;AM;39292;Receitas Brutas Realizadas;1.2.2.0.99.00.00 - Outras Contribuições Econômicas;siconfi-cor_RO1.2.2.0.99.00.00;210844,41
Prefeitura Municipal de Borba - AM;1300805;AM;39292;Receitas Brutas Realizadas;1.3.0.0.00.00.00 - Receita Patrimonial;siconfi-cor_RO1.3.0.0.00.00.00;1376046,77
Prefeitura Municipal de Borba - AM;1300805;AM;39292;Receitas Brutas Realizadas;1.3.2.0.00.00.00 - Receitas de Valores Mobiliários;siconfi-cor_RO1.3.2.0.00.00.00;1376046,77
Prefeitura Municipal de Borba - AM;1300805;AM;39292;Receitas Brutas Realizadas;1.3.2.5.00.00.00 - Remuneração de Depósitos Bancários;siconfi-cor_RO1.3.2.5.00.00.00;843102,02
Prefeitura Municipal de Borba - AM;1300805;AM;39292;Receitas Brutas Realizadas;1.3.2.8.00.00.00 - Remuneração dos Investimentos do Regime Próprio de Previdência do Servidor;siconfi-cor_RO1.3.2.8.00.00.00;532944,75
Prefeitura Municipal de Borba - AM;1300805;AM;39292;Receitas Brutas Realizadas;1.6.0.0.00.00.00 - Receita de Serviços;siconfi-cor_RO1.6.0.0.00.00.00;214773,06
Prefeitura Municipal de Borba - AM;1300805;AM;39292;Receitas Brutas Realizadas;1.6.0.0.13.00.00 - Serviços Administrativos;siconfi-cor_RO1.6.0.0.13.00.00;2664
Prefeitura Municipal de Borba - AM;1300805;AM;39292;Receitas Brutas Realizadas;1.6.0.0.41.00.00 - Serviços de Captação, Adução, Tratamento, Reserva e Distribuição de Água;siconfi-cor_RO1.6.0.0.41.00.00;212099,06
Prefeitura Municipal de Borba - AM;1300805;AM;39292;Receitas Brutas Realizadas;1.6.0.0.48.00.00 - Serviços de Religamento de Água;siconfi-cor_RO1.6.0.0.48.00.00;10
Prefeitura Municipal de Borba - AM;1300805;AM;39292;Receitas Brutas Realizadas;1.7.0.0.00.00.00 - Transferências Correntes;siconfi-cor_RO1.7.0.0.00.00.00;67565596,88
Prefeitura Municipal de Borba - AM;1300805;AM;39292;Receitas Brutas Realizadas;1.7.2.0.00.00.00 - Transferências Intergovernamentais;siconfi-cor_RO1.7.2.0.00.00.00;67565596,88
Prefeitura Municipal de Borba - AM;1300805;AM;39292;Receitas Brutas Realizadas;1.7.2.1.00.00.00 - Transferências da União;siconfi-cor_RO1.7.2.1.00.00.00;33420772,24
Prefeitura Municipal de Borba - AM;1300805;AM;39292;Receitas Brutas Realizadas;1.7.2.1.01.00.00 - Participação na Receita da União;siconfi-cor_RO1.7.2.1.01.00.00;21497274,38
Prefeitura Municipal de Borba - AM;1300805;AM;39292;Receitas Brutas Realizadas;1.7.2.1.01.02.00 - Cota-Parte do Fundo de Participação dos Municípios ¿ FPM;siconfi-cor_RO1.7.2.1.01.02.00;20068030,24
Prefeitura Municipal de Borba - AM;1300805;AM;39292;Receitas Brutas Realizadas;1.7.2.1.01.03.00 - Cota-Parte do Fundo de Participação dos Municípios - 1% Cota Anual;siconfi-cor_RO1.7.2.1.01.03.00;834060,02
Prefeitura Municipal de Borba - AM;1300805;AM;39292;Receitas Brutas Realizadas;1.7.2.1.01.04.00 - Cota-Parte do Fundo de Participação dos Municípios - 1% Cota entregue no mês de julho (67)(I);siconfi-cor_RO1.7.2.1.01.04.00;592740,68
Prefeitura Municipal de Borba - AM;1300805;AM;39292;Receitas Brutas Realizadas;1.7.2.1.01.05.00 - Cota-Parte do Imposto Sobre a Propriedade Territorial Rural ¿ ITR;siconfi-cor_RO1.7.2.1.01.05.00;2443,44
Prefeitura Municipal de Borba - AM;1300805;AM;39292;Receitas Brutas Realizadas;1.7.2.1.22.00.00 - Transferências da Compensação Financeira pela Exploração de Recursos Naturais;siconfi-cor_RO1.7.2.1.22.00.00;169318,51
Prefeitura Municipal de Borba - AM;1300805;AM;39292;Receitas Brutas Realizadas;1.7.2.1.22.70.00 - Cota-Parte do Fundo Especial do Petróleo ¿ FEP;siconfi-cor_RO1.7.2.1.22.70.00;169318,51
Prefeitura Municipal de Borba - AM;1300805;AM;39292;Receitas Brutas Realizadas;1.7.2.1.33.00.00 - Transferências de Recursos do Sistema Único de Saúde - SUS - Repasses Fundo a Fundo;siconfi-cor_RO1.7.2.1.33.00.00;8603931,99
Prefeitura Municipal de Borba - AM;1300805;AM;39292;Receitas Brutas Realizadas;1.7.2.1.34.00.00 - Transferências de Recursos do Fundo Nacional de Assistência Social ¿ FNAS;siconfi-cor_RO1.7.2.1.34.00.00;594600,71
Prefeitura Municipal de Borba - AM;1300805;AM;39292;Receitas Brutas Realizadas;1.7.2.1.35.00.00 - Transferências de Recursos do Fundo Nacional do Desenvolvimento da Educação ¿ FNDE;siconfi-cor_RO1.7.2.1.35.00.00;2486691,91
Prefeitura Municipal de Borba - AM;1300805;AM;39292;Receitas Brutas Realizadas;1.7.2.1.36.00.00 - Transferências Financeiras do ICMS ¿ Desoneração ¿ L.C. Nº 87/96;siconfi-cor_RO1.7.2.1.36.00.00;25069,08
Prefeitura Municipal de Borba - AM;1300805;AM;39292;Receitas Brutas Realizadas;1.7.2.1.99.00.00 - Outras Transferências da União;siconfi-cor_RO1.7.2.1.99.00.00;43885,66
Prefeitura Municipal de Borba - AM;1300805;AM;39292;Receitas Brutas Realizadas;1.7.2.2.00.00.00 - Transferências dos Estados;siconfi-cor_RO1.7.2.2.00.00.00;10437861,14
Prefeitura Municipal de Borba - AM;1300805;AM;39292;Receitas Brutas Realizadas;1.7.2.2.01.00.00 - Participação na Receita dos Estados;siconfi-cor_RO1.7.2.2.01.00.00;9187276,82
Prefeitura Municipal de Borba - AM;1300805;AM;39292;Receitas Brutas Realizadas;1.7.2.2.01.01.00 - Cota-Parte do ICMS;siconfi-cor_RO1.7.2.2.01.01.00;9047196,97
Prefeitura Municipal de Borba - AM;1300805;AM;39292;Receitas Brutas Realizadas;1.7.2.2.01.02.00 - Cota-Parte do IPVA;siconfi-cor_RO1.7.2.2.01.02.00;36665,68
Prefeitura Municipal de Borba - AM;1300805;AM;39292;Receitas Brutas Realizadas;1.7.2.2.01.04.00 - Cota-Parte do IPI - Municípios;siconfi-cor_RO1.7.2.2.01.04.00;36588,96
Prefeitura Municipal de Borba - AM;1300805;AM;39292;Receitas Brutas Realizadas;1.7.2.2.01.13.00 - Cota-Parte da Contribuição de Intervenção no Domínio Econômico;siconfi-cor_RO1.7.2.2.01.13.00;66825,21
Prefeitura Municipal de Borba - AM;1300805;AM;39292;Receitas Brutas Realizadas;1.7.2.2.22.00.00 - Transferências da Cota-Parte da Compensação Financeira (25%);siconfi-cor_RO1.7.2.2.22.00.00;104865,04
Prefeitura Municipal de Borba - AM;1300805;AM;39292;Receitas Brutas Realizadas;1.7.2.2.22.30.00 - Cota-Parte Royalties - Compensação Financeira pela Produção de Petróleo - Lei nº 7.990/89 artigo 9º;siconfi-cor_RO1.7.2.2.22.30.00;104865,04
Prefeitura Municipal de Borba - AM;1300805;AM;39292;Receitas Brutas Realizadas;1.7.2.2.33.00.00 - Transferências de Recursos do Estado para Programas de Saúde - Repasse Fundo a Fundo;siconfi-cor_RO1.7.2.2.33.00.00;1145719,28
Prefeitura Municipal de Borba - AM;1300805;AM;39292;Receitas Brutas Realizadas;1.7.2.4.00.00.00 - Transferências Multigovernamentais;siconfi-cor_RO1.7.2.4.00.00.00;23706963,5
Prefeitura Municipal de Borba - AM;1300805;AM;39292;Receitas Brutas Realizadas;1.7.2.4.01.00.00 - Transferências de Recursos do Fundo de Manutenção e Desenvolvimento do Ensino Fundamental e de Valorização do Magistério - FUNDEB;siconfi-cor_RO1.7.2.4.01.00.00;18371674,85
Prefeitura Municipal de Borba - AM;1300805;AM;39292;Receitas Brutas Realizadas;1.7.2.4.02.00.00 - Transferências de Recursos da Complementação ao Fundo de Manutenção e Desenvolvimento do Ensino Fundamental e de Valorização do Magistério - FUNDEB;siconfi-cor_RO1.7.2.4.02.00.00;5335288,65
Prefeitura Municipal de Borba - AM;1300805;AM;39292;Receitas Brutas Realizadas;1.9.0.0.00.00.00 - Outras Receitas Correntes;siconfi-cor_RO1.9.0.0.00.00.00;52287,78
Prefeitura Municipal de Borba - AM;1300805;AM;39292;Receitas Brutas Realizadas;1.9.2.0.00.00.00 - Indenizações e Restituições;siconfi-cor_RO1.9.2.0.00.00.00;49374,85
Prefeitura Municipal de Borba - AM;1300805;AM;39292;Receitas Brutas Realizadas;1.9.2.1.00.00.00 - Indenizações;siconfi-cor_RO1.9.2.1.00.00.00;49374,85
Prefeitura Municipal de Borba - AM;1300805;AM;39292;Receitas Brutas Realizadas;1.9.3.0.00.00.00 - Receita da Dívida Ativa;siconfi-cor_RO1.9.3.0.00.00.00;2912,93
Prefeitura Municipal de Borba - AM;1300805;AM;39292;Receitas Brutas Realizadas;1.9.3.1.00.00.00 - Receita da Dívida Ativa Tributária;siconfi-cor_RO1.9.3.1.00.00.00;2912,93
Prefeitura Municipal de Borba - AM;1300805;AM;39292;Receitas Brutas Realizadas;1.9.3.1.11.00.00 - Receita da Dívida Ativa do Imposto sobre a Propriedade Predial e Territorial Urbana ¿ IPTU;siconfi-cor_RO1.9.3.1.11.00.00;2912,93
Prefeitura Municipal de Borba - AM;1300805;AM;39292;Receitas Brutas Realizadas;2.0.0.0.00.00.00 - Receitas de Capital;siconfi-cor_RO2.0.0.0.00.00.00;7119581,05
Prefeitura Municipal de Borba - AM;1300805;AM;39292;Receitas Brutas Realizadas;2.4.0.0.00.00.00 - Transferências de Capital;siconfi-cor_RO2.4.0.0.00.00.00;7119581,05
Prefeitura Municipal de Borba - AM;1300805;AM;39292;Receitas Brutas Realizadas;2.4.2.0.00.00.00 - Transferências Intergovernamentais;siconfi-cor_RO2.4.2.0.00.00.00;7119581,05
Prefeitura Municipal de Borba - AM;1300805;AM;39292;Receitas Brutas Realizadas;2.4.2.1.00.00.00 - Transferências da União;siconfi-cor_RO2.4.2.1.00.00.00;2581922,11
Prefeitura Municipal de Borba - AM;1300805;AM;39292;Receitas Brutas Realizadas;2.4.2.1.01.00.00 - Participação na Receita da União;siconfi-cor_RO2.4.2.1.01.00.00;277037,67
Prefeitura Municipal de Borba - AM;1300805;AM;39292;Receitas Brutas Realizadas;2.4.2.1.02.00.00 - Transferências de Recursos Destinados a Programas de Educação;siconfi-cor_RO2.4.2.1.02.00.00;1154884,44
Prefeitura Municipal de Borba - AM;1300805;AM;39292;Receitas Brutas Realizadas;2.4.2.1.99.00.00 - Outras Transferências da União;siconfi-cor_RO2.4.2.1.99.00.00;1150000
Prefeitura Municipal de Borba - AM;1300805;AM;39292;Receitas Brutas Realizadas;2.4.2.2.00.00.00 - Transferências dos Estados;siconfi-cor_RO2.4.2.2.00.00.00;4537658,94
Prefeitura Municipal de Borba - AM;1300805;AM;39292;Receitas Brutas Realizadas;2.4.2.2.02.00.00 - Transferências de Recursos Destinados a Programas de Educação;siconfi-cor_RO2.4.2.2.02.00.00;4537658,94
Prefeitura Municipal de Borba - AM;1300805;AM;39292;Receitas Brutas Realizadas;7.0.0.0.00.00.00 - Receitas Correntes Intraorçamentárias;siconfi-cor_RI7.0.0.0.00.00.00;696654,96
Prefeitura Municipal de Borba - AM;1300805;AM;39292;Receitas Brutas Realizadas;7.2.0.0.00.00.00 - Receitas de Contribuições Intraorçamentárias;siconfi-cor_RI7.2.0.0.00.00.00;689984,43
Prefeitura Municipal de Borba - AM;1300805;AM;39292;Receitas Brutas Realizadas;7.2.1.0.00.00.00 - Contribuições Sociais Intraorçamentárias;siconfi-cor_RI7.2.1.0.00.00.00;689984,43
Prefeitura Municipal de Borba - AM;1300805;AM;39292;Receitas Brutas Realizadas;7.2.1.0.29.00.00 - Contribuições para o Regime Próprio de Previdência do Servidor Público Intraorçamentárias;siconfi-cor_RI7.2.1.0.29.00.00;689984,43
Prefeitura Municipal de Borba - AM;1300805;AM;39292;Receitas Brutas Realizadas;7.2.1.0.29.01.00 - Contribuição Patronal de Servidor Ativo Civil para o Regime Próprio Intraorçamentária;siconfi-cor_RI7.2.1.0.29.01.00;627572,91
Prefeitura Municipal de Borba - AM;1300805;AM;39292;Receitas Brutas Realizadas;7.2.1.0.29.99.00 - Outras Contribuições para o Regime Próprio de Previdência do Servidor Público Intraorçamentárias;siconfi-cor_RI7.2.1.0.29.99.00;62411,52
Prefeitura Municipal de Borba - AM;1300805;AM;39292;Receitas Brutas Realizadas;7.9.0.0.00.00.00 - Outras Receitas Correntes Intraorçamentárias;siconfi-cor_RI7.9.0.0.00.00.00;6670,53
Prefeitura Municipal de Borba - AM;1300805;AM;39292;Receitas Brutas Realizadas;7.9.9.9.00.00.00 - Demais Receitas Correntes Intraorçamentárias;siconfi-cor_RI7.9.9.9.00.00.00;6670,53
Prefeitura Municipal de Borba - AM;1300805;AM;39292;Deduções - Transferências Constitucionais;Total Receitas;siconfi-cor_TotalReceitas;5832863,41
Prefeitura Municipal de Borba - AM;1300805;AM;39292;Deduções - Transferências Constitucionais;1.0.0.0.00.00.00 - Receitas Correntes;siconfi-cor_RO1.0.0.0.00.00.00;5832863,41
Prefeitura Municipal de Borba - AM;1300805;AM;39292;Deduções - Transferências Constitucionais;1.7.0.0.00.00.00 - Transferências Correntes;siconfi-cor_RO1.7.0.0.00.00.00;5832863,41
Prefeitura Municipal de Borba - AM;1300805;AM;39292;Deduções - Transferências Constitucionais;1.7.2.0.00.00.00 - Transferências Intergovernamentais;siconfi-cor_RO1.7.2.0.00.00.00;5832863,41
Prefeitura Municipal de Borba - AM;1300805;AM;39292;Deduções - Transferências Constitucionais;1.7.2.1.00.00.00 - Transferências da União;siconfi-cor_RO1.7.2.1.00.00.00;4008773,53
Prefeitura Municipal de Borba - AM;1300805;AM;39292;Deduções - Transferências Constitucionais;1.7.2.1.01.00.00 - Participação na Receita da União;siconfi-cor_RO1.7.2.1.01.00.00;4003759,81
Prefeitura Municipal de Borba - AM;1300805;AM;39292;Deduções - Transferências Constitucionais;1.7.2.1.01.02.00 - Cota-Parte do Fundo de Participação dos Municípios ¿ FPM;siconfi-cor_RO1.7.2.1.01.02.00;4003271,17
Prefeitura Municipal de Borba - AM;1300805;AM;39292;Deduções - Transferências Constitucionais;1.7.2.1.01.05.00 - Cota-Parte do Imposto Sobre a Propriedade Territorial Rural ¿ ITR;siconfi-cor_RO1.7.2.1.01.05.00;488,64
Prefeitura Municipal de Borba - AM;1300805;AM;39292;Deduções - Transferências Constitucionais;1.7.2.1.36.00.00 - Transferências Financeiras do ICMS ¿ Desoneração ¿ L.C. Nº 87/96;siconfi-cor_RO1.7.2.1.36.00.00;5013,72
Prefeitura Municipal de Borba - AM;1300805;AM;39292;Deduções - Transferências Constitucionais;1.7.2.2.00.00.00 - Transferências dos Estados;siconfi-cor_RO1.7.2.2.00.00.00;1824089,88
Prefeitura Municipal de Borba - AM;1300805;AM;39292;Deduções - Transferências Constitucionais;1.7.2.2.01.00.00 - Participação na Receita dos Estados;siconfi-cor_RO1.7.2.2.01.00.00;1824089,88
Prefeitura Municipal de Borba - AM;1300805;AM;39292;Deduções - Transferências Constitucionais;1.7.2.2.01.01.00 - Cota-Parte do ICMS;siconfi-cor_RO1.7.2.2.01.01.00;1809439,4
Prefeitura Municipal de Borba - AM;1300805;AM;39292;Deduções - Transferências Constitucionais;1.7.2.2.01.02.00 - Cota-Parte do IPVA;siconfi-cor_RO1.7.2.2.01.02.00;7332,69
Prefeitura Municipal de Borba - AM;1300805;AM;39292;Deduções - Transferências Constitucionais;1.7.2.2.01.04.00 - Cota-Parte do IPI - Municípios;siconfi-cor_RO1.7.2.2.01.04.00;7317,79
Prefeitura Municipal de Japurá - AM;1302108;AM;5125;Receitas Brutas Realizadas;Total Receitas;siconfi-cor_TotalReceitas;30417101,58
Prefeitura Municipal de Japurá - AM;1302108;AM;5125;Receitas Brutas Realizadas;1.0.0.0.00.00.00 - Receitas Correntes;siconfi-cor_RO1.0.0.0.00.00.00;27578379,07
Prefeitura Municipal de Japurá - AM;1302108;AM;5125;Receitas Brutas Realizadas;1.1.0.0.00.00.00 - Receita Tributária;siconfi-cor_RO1.1.0.0.00.00.00;524127,14
Prefeitura Municipal de Japurá - AM;1302108;AM;5125;Receitas Brutas Realizadas;1.1.1.0.00.00.00 - Impostos;siconfi-cor_RO1.1.1.0.00.00.00;452991,82
Prefeitura Municipal de Japurá - AM;1302108;AM;5125;Receitas Brutas Realizadas;1.1.1.2.00.00.00 - Impostos sobre o Patrimônio e a Renda;siconfi-cor_RO1.1.1.2.00.00.00;233443,63
Prefeitura Municipal de Japurá - AM;1302108;AM;5125;Receitas Brutas Realizadas;1.1.1.2.02.00.00 - Imposto sobre a Propriedade Predial e Territorial Urbana ¿ IPTU;siconfi-cor_RO1.1.1.2.02.00.00;1404,82
Prefeitura Municipal de Japurá - AM;1302108;AM;5125;Receitas Brutas Realizadas;1.1.1.2.04.00.00 - Imposto sobre a Renda e Proventos de Qualquer Natureza ¿ IR;siconfi-cor_RO1.1.1.2.04.00.00;232038,81
Prefeitura Municipal de Japurá - AM;1302108;AM;5125;Receitas Brutas Realizadas;1.1.1.2.04.31.00 - Retido nas Fontes - Trabalho;siconfi-cor_RO1.1.1.2.04.31.00;190108,06
Prefeitura Municipal de Japurá - AM;1302108;AM;5125;Receitas Brutas Realizadas;1.1.1.2.04.34.00 - Retido nas Fontes - Outros Rendimentos;siconfi-cor_RO1.1.1.2.04.34.00;41930,75
Prefeitura Municipal de Japurá - AM;1302108;AM;5125;Receitas Brutas Realizadas;1.1.1.3.00.00.00 - Impostos sobre a Produção e a Circulação;siconfi-cor_RO1.1.1.3.00.00.00;219548,19
Prefeitura Municipal de Japurá - AM;1302108;AM;5125;Receitas Brutas Realizadas;1.1.1.3.05.00.00 - Imposto sobre Serviços de Qualquer Natureza ¿ ISSQN;siconfi-cor_RO1.1.1.3.05.00.00;219548,19
Prefeitura Municipal de Japurá - AM;1302108;AM;5125;Receitas Brutas Realizadas;1.1.2.0.00.00.00 - Taxas;siconfi-cor_RO1.1.2.0.00.00.00;71135,32
Prefeitura Municipal de Japurá - AM;1302108;AM;5125;Receitas Brutas Realizadas;1.1.2.1.00.00.00 - Taxas pelo Exercício do Poder de Polícia;siconfi-cor_RO1.1.2.1.00.00.00;71111,32
Prefeitura Municipal de Japurá - AM;1302108;AM;5125;Receitas Brutas Realizadas;1.1.2.2.00.00.00 - Taxas pela Prestação de Serviços;siconfi-cor_RO1.1.2.2.00.00.00;24
Prefeitura Municipal de Japurá - AM;1302108;AM;5125;Receitas Brutas Realizadas;1.1.2.2.99.00.00 - Outras Taxas pela Prestação de Serviços;siconfi-cor_RO1.1.2.2.99.00.00;24
Prefeitura Municipal de Japurá - AM;1302108;AM;5125;Receitas Brutas Realizadas;1.3.0.0.00.00.00 - Receita Patrimonial;siconfi-cor_RO1.3.0.0.00.00.00;94676,52
Prefeitura Municipal de Japurá - AM;1302108;AM;5125;Receitas Brutas Realizadas;1.3.2.0.00.00.00 - Receitas de Valores Mobiliários;siconfi-cor_RO1.3.2.0.00.00.00;94676,52
Prefeitura Municipal de Japurá - AM;1302108;AM;5125;Receitas Brutas Realizadas;1.3.2.5.00.00.00 - Remuneração de Depósitos Bancários;siconfi-cor_RO1.3.2.5.00.00.00;94676,52
Prefeitura Municipal de Japurá - AM;1302108;AM;5125;Receitas Brutas Realizadas;1.7.0.0.00.00.00 - Transferências Correntes;siconfi-cor_RO1.7.0.0.00.00.00;26959575,41
Prefeitura Municipal de Japurá - AM;1302108;AM;5125;Receitas Brutas Realizadas;1.7.2.0.00.00.00 - Transferências Intergovernamentais;siconfi-cor_RO1.7.2.0.00.00.00;26959575,41
Prefeitura Municipal de Japurá - AM;1302108;AM;5125;Receitas Brutas Realizadas;1.7.2.1.00.00.00 - Transferências da União;siconfi-cor_RO1.7.2.1.00.00.00;10418881,04
Prefeitura Municipal de Japurá - AM;1302108;AM;5125;Receitas Brutas Realizadas;1.7.2.1.01.00.00 - Participação na Receita da União;siconfi-cor_RO1.7.2.1.01.00.00;7165013,97
Prefeitura Municipal de Japurá - AM;1302108;AM;5125;Receitas Brutas Realizadas;1.7.2.1.01.02.00 - Cota-Parte do Fundo de Participação dos Municípios ¿ FPM;siconfi-cor_RO1.7.2.1.01.02.00;6689343,4
Prefeitura Municipal de Japurá - AM;1302108;AM;5125;Receitas Brutas Realizadas;1.7.2.1.01.03.00 - Cota-Parte do Fundo de Participação dos Municípios - 1% Cota Anual;siconfi-cor_RO1.7.2.1.01.03.00;278020,01
Prefeitura Municipal de Japurá - AM;1302108;AM;5125;Receitas Brutas Realizadas;1.7.2.1.01.04.00 - Cota-Parte do Fundo de Participação dos Municípios - 1% Cota entregue no mês de julho (67)(I);siconfi-cor_RO1.7.2.1.01.04.00;197580,23
Prefeitura Municipal de Japurá - AM;1302108;AM;5125;Receitas Brutas Realizadas;1.7.2.1.01.05.00 - Cota-Parte do Imposto Sobre a Propriedade Territorial Rural ¿ ITR;siconfi-cor_RO1.7.2.1.01.05.00;70,33
Prefeitura Municipal de Japurá - AM;1302108;AM;5125;Receitas Brutas Realizadas;1.7.2.1.22.00.00 - Transferências da Compensação Financeira pela Exploração de Recursos Naturais;siconfi-cor_RO1.7.2.1.22.00.00;56439,5
Prefeitura Municipal de Japurá - AM;1302108;AM;5125;Receitas Brutas Realizadas;1.7.2.1.22.70.00 - Cota-Parte do Fundo Especial do Petróleo ¿ FEP;siconfi-cor_RO1.7.2.1.22.70.00;56439,5
Prefeitura Municipal de Japurá - AM;1302108;AM;5125;Receitas Brutas Realizadas;1.7.2.1.33.00.00 - Transferências de Recursos do Sistema Único de Saúde - SUS - Repasses Fundo a Fundo;siconfi-cor_RO1.7.2.1.33.00.00;1618458,3
Prefeitura Municipal de Japurá - AM;1302108;AM;5125;Receitas Brutas Realizadas;1.7.2.1.34.00.00 - Transferências de Recursos do Fundo Nacional de Assistência Social ¿ FNAS;siconfi-cor_RO1.7.2.1.34.00.00;199231,69
Prefeitura Municipal de Japurá - AM;1302108;AM;5125;Receitas Brutas Realizadas;1.7.2.1.35.00.00 - Transferências de Recursos do Fundo Nacional do Desenvolvimento da Educação ¿ FNDE;siconfi-cor_RO1.7.2.1.35.00.00;1322299,8
Prefeitura Municipal de Japurá - AM;1302108;AM;5125;Receitas Brutas Realizadas;1.7.2.1.36.00.00 - Transferências Financeiras do ICMS ¿ Desoneração ¿ L.C. Nº 87/96;siconfi-cor_RO1.7.2.1.36.00.00;20882,04
Prefeitura Municipal de Japurá - AM;1302108;AM;5125;Receitas Brutas Realizadas;1.7.2.1.99.00.00 - Outras Transferências da União;siconfi-cor_RO1.7.2.1.99.00.00;36555,74
Prefeitura Municipal de Japurá - AM;1302108;AM;5125;Receitas Brutas Realizadas;1.7.2.2.00.00.00 - Transferências dos Estados;siconfi-cor_RO1.7.2.2.00.00.00;8150588,47
Prefeitura Municipal de Japurá - AM;1302108;AM;5125;Receitas Brutas Realizadas;1.7.2.2.01.00.00 - Participação na Receita dos Estados;siconfi-cor_RO1.7.2.2.01.00.00;7590202,61
Prefeitura Municipal de Japurá - AM;1302108;AM;5125;Receitas Brutas Realizadas;1.7.2.2.01.01.00 - Cota-Parte do ICMS;siconfi-cor_RO1.7.2.2.01.01.00;7536109,5
Prefeitura Municipal de Japurá - AM;1302108;AM;5125;Receitas Brutas Realizadas;1.7.2.2.01.02.00 - Cota-Parte do IPVA;siconfi-cor_RO1.7.2.2.01.02.00;6015,6
Prefeitura Municipal de Japurá - AM;1302108;AM;5125;Receitas Brutas Realizadas;1.7.2.2.01.04.00 - Cota-Parte do IPI - Municípios;siconfi-cor_RO1.7.2.2.01.04.00;30477,77
Prefeitura Municipal de Japurá - AM;1302108;AM;5125;Receitas Brutas Realizadas;1.7.2.2.01.13.00 - Cota-Parte da Contribuição de Intervenção no Domínio Econômico;siconfi-cor_RO1.7.2.2.01.13.00;17599,74
Prefeitura Municipal de Japurá - AM;1302108;AM;5125;Receitas Brutas Realizadas;1.7.2.2.22.00.00 - Transferências da Cota-Parte da Compensação Financeira (25%);siconfi-cor_RO1.7.2.2.22.00.00;87350,18
Prefeitura Municipal de Japurá - AM;1302108;AM;5125;Receitas Brutas Realizadas;1.7.2.2.22.30.00 - Cota-Parte Royalties - Compensação Financeira pela Produção de Petróleo - Lei nº 7.990/89 artigo 9º;siconfi-cor_RO1.7.2.2.22.30.00;87350,18
Prefeitura Municipal de Japurá - AM;1302108;AM;5125;Receitas Brutas Realizadas;1.7.2.2.33.00.00 - Transferências de Recursos do Estado para Programas de Saúde - Repasse Fundo a Fundo;siconfi-cor_RO1.7.2.2.33.00.00;473035,68
Prefeitura Municipal de Japurá - AM;1302108;AM;5125;Receitas Brutas Realizadas;1.7.2.4.00.00.00 - Transferências Multigovernamentais;siconfi-cor_RO1.7.2.4.00.00.00;8390105,9
Prefeitura Municipal de Japurá - AM;1302108;AM;5125;Receitas Brutas Realizadas;1.7.2.4.01.00.00 - Transferências de Recursos do Fundo de Manutenção e Desenvolvimento do Ensino Fundamental e de Valorização do Magistério - FUNDEB;siconfi-cor_RO1.7.2.4.01.00.00;6223255,32
Prefeitura Municipal de Japurá - AM;1302108;AM;5125;Receitas Brutas Realizadas;1.7.2.4.02.00.00 - Transferências de Recursos da Complementação ao Fundo de Manutenção e Desenvolvimento do Ensino Fundamental e de Valorização do Magistério - FUNDEB;siconfi-cor_RO1.7.2.4.02.00.00;2166850,58
Prefeitura Municipal de Japurá - AM;1302108;AM;5125;Receitas Brutas Realizadas;2.0.0.0.00.00.00 - Receitas de Capital;siconfi-cor_RO2.0.0.0.00.00.00;2838722,51
Prefeitura Municipal de Japurá - AM;1302108;AM;5125;Receitas Brutas Realizadas;2.4.0.0.00.00.00 - Transferências de Capital;siconfi-cor_RO2.4.0.0.00.00.00;2838722,51
Prefeitura Municipal de Japurá - AM;1302108;AM;5125;Receitas Brutas Realizadas;2.4.2.0.00.00.00 - Transferências Intergovernamentais;siconfi-cor_RO2.4.2.0.00.00.00;958670
Prefeitura Municipal de Japurá - AM;1302108;AM;5125;Receitas Brutas Realizadas;2.4.2.1.00.00.00 - Transferências da União;siconfi-cor_RO2.4.2.1.00.00.00;958670
Prefeitura Municipal de Japurá - AM;1302108;AM;5125;Receitas Brutas Realizadas;2.4.2.1.01.00.00 - Participação na Receita da União;siconfi-cor_RO2.4.2.1.01.00.00;958670
Prefeitura Municipal de Japurá - AM;1302108;AM;5125;Receitas Brutas Realizadas;2.4.7.0.00.00.00 - Transferências de Convênios;siconfi-cor_RO2.4.7.0.00.00.00;1880052,51
Prefeitura Municipal de Japurá - AM;1302108;AM;5125;Receitas Brutas Realizadas;2.4.7.1.00.00.00 - Transferências de Convênios da União e de suas Entidades;siconfi-cor_RO2.4.7.1.00.00.00;1505150,74
Prefeitura Municipal de Japurá - AM;1302108;AM;5125;Receitas Brutas Realizadas;2.4.7.1.02.00.00 - Transferências de Convênios da União Destinadas a Programas de Educação;siconfi-cor_RO2.4.7.1.02.00.00;1205150,74
Prefeitura Municipal de Japurá - AM;1302108;AM;5125;Receitas Brutas Realizadas;2.4.7.1.99.00.00 - Outras Transferências de Convênios da União;siconfi-cor_RO2.4.7.1.99.00.00;300000
Prefeitura Municipal de Japurá - AM;1302108;AM;5125;Receitas Brutas Realizadas;2.4.7.2.00.00.00 - Transferências de Convênios dos Estados e do Distrito Federal e de suas Entidades;siconfi-cor_RO2.4.7.2.00.00.00;374901,77
Prefeitura Municipal de Japurá - AM;1302108;AM;5125;Receitas Brutas Realizadas;2.4.7.2.02.00.00 - Transferências de Convênios dos Estados Destinadas a Programas de Educação;siconfi-cor_RO2.4.7.2.02.00.00;374901,77
Prefeitura Municipal de Japurá - AM;1302108;AM;5125;Deduções - Transferências Constitucionais;Total Receitas;siconfi-cor_TotalReceitas;2853134,4
Prefeitura Municipal de Japurá - AM;1302108;AM;5125;Deduções - Transferências Constitucionais;1.0.0.0.00.00.00 - Receitas Correntes;siconfi-cor_RO1.0.0.0.00.00.00;2853134,4
Prefeitura Municipal de Japurá - AM;1302108;AM;5125;Deduções - Transferências Constitucionais;1.7.0.0.00.00.00 - Transferências Correntes;siconfi-cor_RO1.7.0.0.00.00.00;2853134,4
Prefeitura Municipal de Japurá - AM;1302108;AM;5125;Deduções - Transferências Constitucionais;1.7.2.0.00.00.00 - Transferências Intergovernamentais;siconfi-cor_RO1.7.2.0.00.00.00;2853134,4
Prefeitura Municipal de Japurá - AM;1302108;AM;5125;Deduções - Transferências Constitucionais;1.7.2.1.00.00.00 - Transferências da União;siconfi-cor_RO1.7.2.1.00.00.00;1338613,97
Prefeitura Municipal de Japurá - AM;1302108;AM;5125;Deduções - Transferências Constitucionais;1.7.2.1.01.00.00 - Participação na Receita da União;siconfi-cor_RO1.7.2.1.01.00.00;1334437,61
Prefeitura Municipal de Japurá - AM;1302108;AM;5125;Deduções - Transferências Constitucionais;1.7.2.1.01.02.00 - Cota-Parte do Fundo de Participação dos Municípios ¿ FPM;siconfi-cor_RO1.7.2.1.01.02.00;1334437,61
Prefeitura Municipal de Japurá - AM;1302108;AM;5125;Deduções - Transferências Constitucionais;1.7.2.1.36.00.00 - Transferências Financeiras do ICMS ¿ Desoneração ¿ L.C. Nº 87/96;siconfi-cor_RO1.7.2.1.36.00.00;4176,36
Prefeitura Municipal de Japurá - AM;1302108;AM;5125;Deduções - Transferências Constitucionais;1.7.2.2.00.00.00 - Transferências dos Estados;siconfi-cor_RO1.7.2.2.00.00.00;1514520,43
Prefeitura Municipal de Japurá - AM;1302108;AM;5125;Deduções - Transferências Constitucionais;1.7.2.2.01.00.00 - Participação na Receita dos Estados;siconfi-cor_RO1.7.2.2.01.00.00;1514520,43
Prefeitura Municipal de Japurá - AM;1302108;AM;5125;Deduções - Transferências Constitucionais;1.7.2.2.01.01.00 - Cota-Parte do ICMS;siconfi-cor_RO1.7.2.2.01.01.00;1507221,91
Prefeitura Municipal de Japurá - AM;1302108;AM;5125;Deduções - Transferências Constitucionais;1.7.2.2.01.02.00 - Cota-Parte do IPVA;siconfi-cor_RO1.7.2.2.01.02.00;1202,99
Prefeitura Municipal de Japurá - AM;1302108;AM;5125;Deduções - Transferências Constitucionais;1.7.2.2.01.04.00 - Cota-Parte do IPI - Municípios;siconfi-cor_RO1.7.2.2.01.04.00;6095,53
Prefeitura Municipal de Envira - AM;1301506;AM;18786;Receitas Brutas Realizadas;Total Receitas;siconfi-cor_TotalReceitas;42286761,34
Prefeitura Municipal de Envira - AM;1301506;AM;18786;Receitas Brutas Realizadas;1.0.0.0.00.00.00 - Receitas Correntes;siconfi-cor_RO1.0.0.0.00.00.00;38706629,6
Prefeitura Municipal de Envira - AM;1301506;AM;18786;Receitas Brutas Realizadas;1.1.0.0.00.00.00 - Receita Tributária;siconfi-cor_RO1.1.0.0.00.00.00;496109,35
Prefeitura Municipal de Envira - AM;1301506;AM;18786;Receitas Brutas Realizadas;1.1.1.0.00.00.00 - Impostos;siconfi-cor_RO1.1.1.0.00.00.00;472049,35
Prefeitura Municipal de Envira - AM;1301506;AM;18786;Receitas Brutas Realizadas;1.1.1.2.00.00.00 - Impostos sobre o Patrimônio e a Renda;siconfi-cor_RO1.1.1.2.00.00.00;274810,83
Prefeitura Municipal de Envira - AM;1301506;AM;18786;Receitas Brutas Realizadas;1.1.1.2.04.00.00 - Imposto sobre a Renda e Proventos de Qualquer Natureza ¿ IR;siconfi-cor_RO1.1.1.2.04.00.00;271291,31
Prefeitura Municipal de Envira - AM;1301506;AM;18786;Receitas Brutas Realizadas;1.1.1.2.04.31.00 - Retido nas Fontes - Trabalho;siconfi-cor_RO1.1.1.2.04.31.00;147955,27
Prefeitura Municipal de Envira - AM;1301506;AM;18786;Receitas Brutas Realizadas;1.1.1.2.04.34.00 - Retido nas Fontes - Outros Rendimentos;siconfi-cor_RO1.1.1.2.04.34.00;123336,04
Prefeitura Municipal de Envira - AM;1301506;AM;18786;Receitas Brutas Realizadas;"1.1.1.2.08.00.00 - Imposto sobre Transmissão Inter Vivos"" de Bens Imóveis e de Direitos Reais sobre Imóveis ¿ ITBI""";siconfi-cor_RO1.1.1.2.08.00.00;3519,52
Prefeitura Municipal de Envira - AM;1301506;AM;18786;Receitas Brutas Realizadas;1.1.1.3.00.00.00 - Impostos sobre a Produção e a Circulação;siconfi-cor_RO1.1.1.3.00.00.00;197238,52
Prefeitura Municipal de Envira - AM;1301506;AM;18786;Receitas Brutas Realizadas;1.1.1.3.05.00.00 - Imposto sobre Serviços de Qualquer Natureza ¿ ISSQN;siconfi-cor_RO1.1.1.3.05.00.00;197238,52
Prefeitura Municipal de Envira - AM;1301506;AM;18786;Receitas Brutas Realizadas;1.1.2.0.00.00.00 - Taxas;siconfi-cor_RO1.1.2.0.00.00.00;24060
Prefeitura Municipal de Envira - AM;1301506;AM;18786;Receitas Brutas Realizadas;1.1.2.1.00.00.00 - Taxas pelo Exercício do Poder de Polícia;siconfi-cor_RO1.1.2.1.00.00.00;23510
Prefeitura Municipal de Envira - AM;1301506;AM;18786;Receitas Brutas Realizadas;1.1.2.2.00.00.00 - Taxas pela Prestação de Serviços;siconfi-cor_RO1.1.2.2.00.00.00;550
Prefeitura Municipal de Envira - AM;1301506;AM;18786;Receitas Brutas Realizadas;1.1.2.2.99.00.00 - Outras Taxas pela Prestação de Serviços;siconfi-cor_RO1.1.2.2.99.00.00;550
Prefeitura Municipal de Envira - AM;1301506;AM;18786;Receitas Brutas Realizadas;1.2.0.0.00.00.00 - Receitas de Contribuições;siconfi-cor_RO1.2.0.0.00.00.00;927350,54
Prefeitura Municipal de Envira - AM;1301506;AM;18786;Receitas Brutas Realizadas;1.2.1.0.00.00.00 - Contribuições Sociais;siconfi-cor_RO1.2.1.0.00.00.00;893770,51
Prefeitura Municipal de Envira - AM;1301506;AM;18786;Receitas Brutas Realizadas;1.2.1.0.29.00.00 - Contribuições para o Regime Próprio de Previdência do Servidor Público;siconfi-cor_RO1.2.1.0.29.00.00;893770,51
Prefeitura Municipal de Envira - AM;1301506;AM;18786;Receitas Brutas Realizadas;1.2.1.0.29.07.00 - Contribuição do Servidor Ativo Civil para o Regime Próprio;siconfi-cor_RO1.2.1.0.29.07.00;893770,51
Prefeitura Municipal de Envira - AM;1301506;AM;18786;Receitas Brutas Realizadas;1.2.2.0.00.00.00 - Contribuições de Intervenção no Domínio Econômico;siconfi-cor_RO1.2.2.0.00.00.00;33580,03
Prefeitura Municipal de Envira - AM;1301506;AM;18786;Receitas Brutas Realizadas;1.2.2.0.99.00.00 - Outras Contribuições Econômicas;siconfi-cor_RO1.2.2.0.99.00.00;33580,03
Prefeitura Municipal de Envira - AM;1301506;AM;18786;Receitas Brutas Realizadas;1.3.0.0.00.00.00 - Receita Patrimonial;siconfi-cor_RO1.3.0.0.00.00.00;2073409,01
Prefeitura Municipal de Envira - AM;1301506;AM;18786;Receitas Brutas Realizadas;1.3.2.0.00.00.00 - Receitas de Valores Mobiliários;siconfi-cor_RO1.3.2.0.00.00.00;2073409,01
Prefeitura Municipal de Envira - AM;1301506;AM;18786;Receitas Brutas Realizadas;1.3.2.5.00.00.00 - Remuneração de Depósitos Bancários;siconfi-cor_RO1.3.2.5.00.00.00;875621,2
Prefeitura Municipal de Envira - AM;1301506;AM;18786;Receitas Brutas Realizadas;1.3.2.8.00.00.00 - Remuneração dos Investimentos do Regime Próprio de Previdência do Servidor;siconfi-cor_RO1.3.2.8.00.00.00;1197787,81
Prefeitura Municipal de Envira - AM;1301506;AM;18786;Receitas Brutas Realizadas;1.7.0.0.00.00.00 - Transferências Correntes;siconfi-cor_RO1.7.0.0.00.00.00;35206008,27
Prefeitura Municipal de Envira - AM;1301506;AM;18786;Receitas Brutas Realizadas;1.7.2.0.00.00.00 - Transferências Intergovernamentais;siconfi-cor_RO1.7.2.0.00.00.00;35206008,27
Prefeitura Municipal de Envira - AM;1301506;AM;18786;Receitas Brutas Realizadas;1.7.2.1.00.00.00 - Transferências da União;siconfi-cor_RO1.7.2.1.00.00.00;17841254
Prefeitura Municipal de Envira - AM;1301506;AM;18786;Receitas Brutas Realizadas;1.7.2.1.01.00.00 - Participação na Receita da União;siconfi-cor_RO1.7.2.1.01.00.00;14333002,89
Prefeitura Municipal de Envira - AM;1301506;AM;18786;Receitas Brutas Realizadas;1.7.2.1.01.02.00 - Cota-Parte do Fundo de Participação dos Municípios ¿ FPM;siconfi-cor_RO1.7.2.1.01.02.00;13378686,83
Prefeitura Municipal de Envira - AM;1301506;AM;18786;Receitas Brutas Realizadas;1.7.2.1.01.03.00 - Cota-Parte do Fundo de Participação dos Municípios - 1% Cota Anual;siconfi-cor_RO1.7.2.1.01.03.00;556040,01
Prefeitura Municipal de Envira - AM;1301506;AM;18786;Receitas Brutas Realizadas;1.7.2.1.01.04.00 - Cota-Parte do Fundo de Participação dos Municípios - 1% Cota entregue no mês de julho (67)(I);siconfi-cor_RO1.7.2.1.01.04.00;395160,46
Prefeitura Municipal de Envira - AM;1301506;AM;18786;Receitas Brutas Realizadas;1.7.2.1.01.05.00 - Cota-Parte do Imposto Sobre a Propriedade Territorial Rural ¿ ITR;siconfi-cor_RO1.7.2.1.01.05.00;3115,59
Prefeitura Municipal de Envira - AM;1301506;AM;18786;Receitas Brutas Realizadas;1.7.2.1.22.00.00 - Transferências da Compensação Financeira pela Exploração de Recursos Naturais;siconfi-cor_RO1.7.2.1.22.00.00;112879
Prefeitura Municipal de Envira - AM;1301506;AM;18786;Receitas Brutas Realizadas;1.7.2.1.22.70.00 - Cota-Parte do Fundo Especial do Petróleo ¿ FEP;siconfi-cor_RO1.7.2.1.22.70.00;112879
Prefeitura Municipal de Envira - AM;1301506;AM;18786;Receitas Brutas Realizadas;1.7.2.1.33.00.00 - Transferências de Recursos do Sistema Único de Saúde - SUS - Repasses Fundo a Fundo;siconfi-cor_RO1.7.2.1.33.00.00;2186386,05
Prefeitura Municipal de Envira - AM;1301506;AM;18786;Receitas Brutas Realizadas;1.7.2.1.34.00.00 - Transferências de Recursos do Fundo Nacional de Assistência Social ¿ FNAS;siconfi-cor_RO1.7.2.1.34.00.00;481813,3
Prefeitura Municipal de Envira - AM;1301506;AM;18786;Receitas Brutas Realizadas;1.7.2.1.35.00.00 - Transferências de Recursos do Fundo Nacional do Desenvolvimento da Educação ¿ FNDE;siconfi-cor_RO1.7.2.1.35.00.00;673462,67
Prefeitura Municipal de Envira - AM;1301506;AM;18786;Receitas Brutas Realizadas;1.7.2.1.36.00.00 - Transferências Financeiras do ICMS ¿ Desoneração ¿ L.C. Nº 87/96;siconfi-cor_RO1.7.2.1.36.00.00;19526,76
Prefeitura Municipal de Envira - AM;1301506;AM;18786;Receitas Brutas Realizadas;1.7.2.1.99.00.00 - Outras Transferências da União;siconfi-cor_RO1.7.2.1.99.00.00;34183,33
Prefeitura Municipal de Envira - AM;1301506;AM;18786;Receitas Brutas Realizadas;1.7.2.2.00.00.00 - Transferências dos Estados;siconfi-cor_RO1.7.2.2.00.00.00;7561211,06
Prefeitura Municipal de Envira - AM;1301506;AM;18786;Receitas Brutas Realizadas;1.7.2.2.01.00.00 - Participação na Receita dos Estados;siconfi-cor_RO1.7.2.2.01.00.00;7133760,76
Prefeitura Municipal de Envira - AM;1301506;AM;18786;Receitas Brutas Realizadas;1.7.2.2.01.01.00 - Cota-Parte do ICMS;siconfi-cor_RO1.7.2.2.01.01.00;7047024,87
Prefeitura Municipal de Envira - AM;1301506;AM;18786;Receitas Brutas Realizadas;1.7.2.2.01.02.00 - Cota-Parte do IPVA;siconfi-cor_RO1.7.2.2.01.02.00;18125,76
Prefeitura Municipal de Envira - AM;1301506;AM;18786;Receitas Brutas Realizadas;1.7.2.2.01.04.00 - Cota-Parte do IPI - Municípios;siconfi-cor_RO1.7.2.2.01.04.00;28499,78
Prefeitura Municipal de Envira - AM;1301506;AM;18786;Receitas Brutas Realizadas;1.7.2.2.01.13.00 - Cota-Parte da Contribuição de Intervenção no Domínio Econômico;siconfi-cor_RO1.7.2.2.01.13.00;40110,35
Prefeitura Municipal de Envira - AM;1301506;AM;18786;Receitas Brutas Realizadas;1.7.2.2.22.00.00 - Transferências da Cota-Parte da Compensação Financeira (25%);siconfi-cor_RO1.7.2.2.22.00.00;81681,26
Prefeitura Municipal de Envira - AM;1301506;AM;18786;Receitas Brutas Realizadas;1.7.2.2.22.30.00 - Cota-Parte Royalties - Compensação Financeira pela Produção de Petróleo - Lei nº 7.990/89 artigo 9º;siconfi-cor_RO1.7.2.2.22.30.00;81681,26
Prefeitura Municipal de Envira - AM;1301506;AM;18786;Receitas Brutas Realizadas;1.7.2.2.33.00.00 - Transferências de Recursos do Estado para Programas de Saúde - Repasse Fundo a Fundo;siconfi-cor_RO1.7.2.2.33.00.00;345769,04
Prefeitura Municipal de Envira - AM;1301506;AM;18786;Receitas Brutas Realizadas;1.7.2.4.00.00.00 - Transferências Multigovernamentais;siconfi-cor_RO1.7.2.4.00.00.00;9803543,21
Prefeitura Municipal de Envira - AM;1301506;AM;18786;Receitas Brutas Realizadas;1.7.2.4.01.00.00 - Transferências de Recursos do Fundo de Manutenção e Desenvolvimento do Ensino Fundamental e de Valorização do Magistério - FUNDEB;siconfi-cor_RO1.7.2.4.01.00.00;7804103,96
Prefeitura Municipal de Envira - AM;1301506;AM;18786;Receitas Brutas Realizadas;1.7.2.4.02.00.00 - Transferências de Recursos da Complementação ao Fundo de Manutenção e Desenvolvimento do Ensino Fundamental e de Valorização do Magistério - FUNDEB;siconfi-cor_RO1.7.2.4.02.00.00;1999439,25
Prefeitura Municipal de Envira - AM;1301506;AM;18786;Receitas Brutas Realizadas;1.9.0.0.00.00.00 - Outras Receitas Correntes;siconfi-cor_RO1.9.0.0.00.00.00;3752,43
Prefeitura Municipal de Envira - AM;1301506;AM;18786;Receitas Brutas Realizadas;1.9.2.0.00.00.00 - Indenizações e Restituições;siconfi-cor_RO1.9.2.0.00.00.00;3752,43
Prefeitura Municipal de Envira - AM;1301506;AM;18786;Receitas Brutas Realizadas;1.9.2.2.00.00.00 - Restituições;siconfi-cor_RO1.9.2.2.00.00.00;3752,43
Prefeitura Municipal de Envira - AM;1301506;AM;18786;Receitas Brutas Realizadas;1.9.2.2.99.00.00 - Outras Restituições;siconfi-cor_RO1.9.2.2.99.00.00;3752,43
Prefeitura Municipal de Envira - AM;1301506;AM;18786;Receitas Brutas Realizadas;2.0.0.0.00.00.00 - Receitas de Capital;siconfi-cor_RO2.0.0.0.00.00.00;2565027,08
Prefeitura Municipal de Envira - AM;1301506;AM;18786;Receitas Brutas Realizadas;2.4.0.0.00.00.00 - Transferências de Capital;siconfi-cor_RO2.4.0.0.00.00.00;2565027,08
Prefeitura Municipal de Envira - AM;1301506;AM;18786;Receitas Brutas Realizadas;2.4.2.0.00.00.00 - Transferências Intergovernamentais;siconfi-cor_RO2.4.2.0.00.00.00;2565027,08
Prefeitura Municipal de Envira - AM;1301506;AM;18786;Receitas Brutas Realizadas;2.4.2.1.00.00.00 - Transferências da União;siconfi-cor_RO2.4.2.1.00.00.00;372447,55
Prefeitura Municipal de Envira - AM;1301506;AM;18786;Receitas Brutas Realizadas;2.4.2.1.02.00.00 - Transferências de Recursos Destinados a Programas de Educação;siconfi-cor_RO2.4.2.1.02.00.00;372447,55
Prefeitura Municipal de Envira - AM;1301506;AM;18786;Receitas Brutas Realizadas;2.4.2.2.00.00.00 - Transferências dos Estados;siconfi-cor_RO2.4.2.2.00.00.00;2192579,53
Prefeitura Municipal de Envira - AM;1301506;AM;18786;Receitas Brutas Realizadas;2.4.2.2.02.00.00 - Transferências de Recursos Destinados a Programas de Educação;siconfi-cor_RO2.4.2.2.02.00.00;824501,06
Prefeitura Municipal de Envira - AM;1301506;AM;18786;Receitas Brutas Realizadas;2.4.2.2.99.00.00 - Outras Transferências dos Estados;siconfi-cor_RO2.4.2.2.99.00.00;1368078,47
Prefeitura Municipal de Envira - AM;1301506;AM;18786;Receitas Brutas Realizadas;7.0.0.0.00.00.00 - Receitas Correntes Intraorçamentárias;siconfi-cor_RI7.0.0.0.00.00.00;1015104,66
Prefeitura Municipal de Envira - AM;1301506;AM;18786;Receitas Brutas Realizadas;7.2.0.0.00.00.00 - Receitas de Contribuições Intraorçamentárias;siconfi-cor_RI7.2.0.0.00.00.00;1015104,66
Prefeitura Municipal de Envira - AM;1301506;AM;18786;Receitas Brutas Realizadas;7.2.1.0.00.00.00 - Contribuições Sociais Intraorçamentárias;siconfi-cor_RI7.2.1.0.00.00.00;1015104,66
Prefeitura Municipal de Envira - AM;1301506;AM;18786;Receitas Brutas Realizadas;7.2.1.0.29.00.00 - Contribuições para o Regime Próprio de Previdência do Servidor Público Intraorçamentárias;siconfi-cor_RI7.2.1.0.29.00.00;1015104,66
Prefeitura Municipal de Envira - AM;1301506;AM;18786;Receitas Brutas Realizadas;7.2.1.0.29.01.00 - Contribuição Patronal de Servidor Ativo Civil para o Regime Próprio Intraorçamentária;siconfi-cor_RI7.2.1.0.29.01.00;1015104,66
Prefeitura Municipal de Envira - AM;1301506;AM;18786;Deduções - Transferências Constitucionais;Total Receitas;siconfi-cor_TotalReceitas;4092105,59
Prefeitura Municipal de Envira - AM;1301506;AM;18786;Deduções - Transferências Constitucionais;1.0.0.0.00.00.00 - Receitas Correntes;siconfi-cor_RO1.0.0.0.00.00.00;4092105,59
Prefeitura Municipal de Envira - AM;1301506;AM;18786;Deduções - Transferências Constitucionais;1.7.0.0.00.00.00 - Transferências Correntes;siconfi-cor_RO1.7.0.0.00.00.00;4092105,59
Prefeitura Municipal de Envira - AM;1301506;AM;18786;Deduções - Transferências Constitucionais;1.7.2.0.00.00.00 - Transferências Intergovernamentais;siconfi-cor_RO1.7.2.0.00.00.00;4092105,59
Prefeitura Municipal de Envira - AM;1301506;AM;18786;Deduções - Transferências Constitucionais;1.7.2.1.00.00.00 - Transferências da União;siconfi-cor_RO1.7.2.1.00.00.00;2673375,75
Prefeitura Municipal de Envira - AM;1301506;AM;18786;Deduções - Transferências Constitucionais;1.7.2.1.01.00.00 - Participação na Receita da União;siconfi-cor_RO1.7.2.1.01.00.00;2669470,47
Prefeitura Municipal de Envira - AM;1301506;AM;18786;Deduções - Transferências Constitucionais;1.7.2.1.01.02.00 - Cota-Parte do Fundo de Participação dos Municípios ¿ FPM;siconfi-cor_RO1.7.2.1.01.02.00;2668847,36
Prefeitura Municipal de Envira - AM;1301506;AM;18786;Deduções - Transferências Constitucionais;1.7.2.1.01.05.00 - Cota-Parte do Imposto Sobre a Propriedade Territorial Rural ¿ ITR;siconfi-cor_RO1.7.2.1.01.05.00;623,11
Prefeitura Municipal de Envira - AM;1301506;AM;18786;Deduções - Transferências Constitucionais;1.7.2.1.36.00.00 - Transferências Financeiras do ICMS ¿ Desoneração ¿ L.C. Nº 87/96;siconfi-cor_RO1.7.2.1.36.00.00;3905,28
Prefeitura Municipal de Envira - AM;1301506;AM;18786;Deduções - Transferências Constitucionais;1.7.2.2.00.00.00 - Transferências dos Estados;siconfi-cor_RO1.7.2.2.00.00.00;1418729,84
Prefeitura Municipal de Envira - AM;1301506;AM;18786;Deduções - Transferências Constitucionais;1.7.2.2.01.00.00 - Participação na Receita dos Estados;siconfi-cor_RO1.7.2.2.01.00.00;1418729,84
Prefeitura Municipal de Envira - AM;1301506;AM;18786;Deduções - Transferências Constitucionais;1.7.2.2.01.01.00 - Cota-Parte do ICMS;siconfi-cor_RO1.7.2.2.01.01.00;1409405,01
Prefeitura Municipal de Envira - AM;1301506;AM;18786;Deduções - Transferências Constitucionais;1.7.2.2.01.02.00 - Cota-Parte do IPVA;siconfi-cor_RO1.7.2.2.01.02.00;3624,91
Prefeitura Municipal de Envira - AM;1301506;AM;18786;Deduções - Transferências Constitucionais;1.7.2.2.01.04.00 - Cota-Parte do IPI - Municípios;siconfi-cor_RO1.7.2.2.01.04.00;5699,92
Prefeitura Municipal de São Paulo de Olivença - AM;1303908;AM;36536;Receitas Brutas Realizadas;Total Receitas;siconfi-cor_TotalReceitas;67357419,52
Prefeitura Municipal de São Paulo de Olivença - AM;1303908;AM;36536;Receitas Brutas Realizadas;1.0.0.0.00.00.00 - Receitas Correntes;siconfi-cor_RO1.0.0.0.00.00.00;62627457,76
Prefeitura Municipal de São Paulo de Olivença - AM;1303908;AM;36536;Receitas Brutas Realizadas;1.1.0.0.00.00.00 - Receita Tributária;siconfi-cor_RO1.1.0.0.00.00.00;1380872,06
Prefeitura Municipal de São Paulo de Olivença - AM;1303908;AM;36536;Receitas Brutas Realizadas;1.1.1.0.00.00.00 - Impostos;siconfi-cor_RO1.1.1.0.00.00.00;1335794,43
Prefeitura Municipal de São Paulo de Olivença - AM;1303908;AM;36536;Receitas Brutas Realizadas;1.1.1.2.00.00.00 - Impostos sobre o Patrimônio e a Renda;siconfi-cor_RO1.1.1.2.00.00.00;680317,78
Prefeitura Municipal de São Paulo de Olivença - AM;1303908;AM;36536;Receitas Brutas Realizadas;1.1.1.2.02.00.00 - Imposto sobre a Propriedade Predial e Territorial Urbana ¿ IPTU;siconfi-cor_RO1.1.1.2.02.00.00;26869,1
Prefeitura Municipal de São Paulo de Olivença - AM;1303908;AM;36536;Receitas Brutas Realizadas;1.1.1.2.04.00.00 - Imposto sobre a Renda e Proventos de Qualquer Natureza ¿ IR;siconfi-cor_RO1.1.1.2.04.00.00;650913,68
Prefeitura Municipal de São Paulo de Olivença - AM;1303908;AM;36536;Receitas Brutas Realizadas;1.1.1.2.04.31.00 - Retido nas Fontes - Trabalho;siconfi-cor_RO1.1.1.2.04.31.00;523320,31
Prefeitura Municipal de São Paulo de Olivença - AM;1303908;AM;36536;Receitas Brutas Realizadas;1.1.1.2.04.34.00 - Retido nas Fontes - Outros Rendimentos;siconfi-cor_RO1.1.1.2.04.34.00;127593,37
Prefeitura Municipal de São Paulo de Olivença - AM;1303908;AM;36536;Receitas Brutas Realizadas;"1.1.1.2.08.00.00 - Imposto sobre Transmissão Inter Vivos"" de Bens Imóveis e de Direitos Reais sobre Imóveis ¿ ITBI""";siconfi-cor_RO1.1.1.2.08.00.00;2535
Prefeitura Municipal de São Paulo de Olivença - AM;1303908;AM;36536;Receitas Brutas Realizadas;1.1.1.3.00.00.00 - Impostos sobre a Produção e a Circulação;siconfi-cor_RO1.1.1.3.00.00.00;655476,65
Prefeitura Municipal de São Paulo de Olivença - AM;1303908;AM;36536;Receitas Brutas Realizadas;1.1.1.3.05.00.00 - Imposto sobre Serviços de Qualquer Natureza ¿ ISSQN;siconfi-cor_RO1.1.1.3.05.00.00;655476,65
Prefeitura Municipal de São Paulo de Olivença - AM;1303908;AM;36536;Receitas Brutas Realizadas;1.1.2.0.00.00.00 - Taxas;siconfi-cor_RO1.1.2.0.00.00.00;16588
Prefeitura Municipal de São Paulo de Olivença - AM;1303908;AM;36536;Receitas Brutas Realizadas;1.1.2.1.00.00.00 - Taxas pelo Exercício do Poder de Polícia;siconfi-cor_RO1.1.2.1.00.00.00;2070
Prefeitura Municipal de São Paulo de Olivença - AM;1303908;AM;36536;Receitas Brutas Realizadas;1.1.2.2.00.00.00 - Taxas pela Prestação de Serviços;siconfi-cor_RO1.1.2.2.00.00.00;14518
Prefeitura Municipal de São Paulo de Olivença - AM;1303908;AM;36536;Receitas Brutas Realizadas;1.1.2.2.99.00.00 - Outras Taxas pela Prestação de Serviços;siconfi-cor_RO1.1.2.2.99.00.00;14518
Prefeitura Municipal de São Paulo de Olivença - AM;1303908;AM;36536;Receitas Brutas Realizadas;1.1.3.0.00.00.00 - Contribuição de Melhoria;siconfi-cor_RO1.1.3.0.00.00.00;28489,63
Prefeitura Municipal de São Paulo de Olivença - AM;1303908;AM;36536;Receitas Brutas Realizadas;1.1.3.0.02.00.00 - Contribuição de Melhoria para Expansão da Rede de Iluminação Pública na Cidade;siconfi-cor_RO1.1.3.0.02.00.00;28489,63
Prefeitura Municipal de São Paulo de Olivença - AM;1303908;AM;36536;Receitas Brutas Realizadas;1.3.0.0.00.00.00 - Receita Patrimonial;siconfi-cor_RO1.3.0.0.00.00.00;590199,01
Prefeitura Municipal de São Paulo de Olivença - AM;1303908;AM;36536;Receitas Brutas Realizadas;1.3.2.0.00.00.00 - Receitas de Valores Mobiliários;siconfi-cor_RO1.3.2.0.00.00.00;590199,01
Prefeitura Municipal de São Paulo de Olivença - AM;1303908;AM;36536;Receitas Brutas Realizadas;1.3.2.5.00.00.00 - Remuneração de Depósitos Bancários;siconfi-cor_RO1.3.2.5.00.00.00;590199,01
Prefeitura Municipal de São Paulo de Olivença - AM;1303908;AM;36536;Receitas Brutas Realizadas;1.7.0.0.00.00.00 - Transferências Correntes;siconfi-cor_RO1.7.0.0.00.00.00;57520067,4
Prefeitura Municipal de São Paulo de Olivença - AM;1303908;AM;36536;Receitas Brutas Realizadas;1.7.2.0.00.00.00 - Transferências Intergovernamentais;siconfi-cor_RO1.7.2.0.00.00.00;57304620,71
Prefeitura Municipal de São Paulo de Olivença - AM;1303908;AM;36536;Receitas Brutas Realizadas;1.7.2.1.00.00.00 - Transferências da União;siconfi-cor_RO1.7.2.1.00.00.00;27177001
Prefeitura Municipal de São Paulo de Olivença - AM;1303908;AM;36536;Receitas Brutas Realizadas;1.7.2.1.01.00.00 - Participação na Receita da União;siconfi-cor_RO1.7.2.1.01.00.00;19107461,12
Prefeitura Municipal de São Paulo de Olivença - AM;1303908;AM;36536;Receitas Brutas Realizadas;1.7.2.1.01.02.00 - Cota-Parte do Fundo de Participação dos Municípios ¿ FPM;siconfi-cor_RO1.7.2.1.01.02.00;17838249,13
Prefeitura Municipal de São Paulo de Olivença - AM;1303908;AM;36536;Receitas Brutas Realizadas;1.7.2.1.01.03.00 - Cota-Parte do Fundo de Participação dos Municípios - 1% Cota Anual;siconfi-cor_RO1.7.2.1.01.03.00;741386,68
Prefeitura Municipal de São Paulo de Olivença - AM;1303908;AM;36536;Receitas Brutas Realizadas;1.7.2.1.01.04.00 - Cota-Parte do Fundo de Participação dos Municípios - 1% Cota entregue no mês de julho (67)(I);siconfi-cor_RO1.7.2.1.01.04.00;526880,6
Prefeitura Municipal de São Paulo de Olivença - AM;1303908;AM;36536;Receitas Brutas Realizadas;1.7.2.1.01.05.00 - Cota-Parte do Imposto Sobre a Propriedade Territorial Rural ¿ ITR;siconfi-cor_RO1.7.2.1.01.05.00;944,71
Prefeitura Municipal de São Paulo de Olivença - AM;1303908;AM;36536;Receitas Brutas Realizadas;1.7.2.1.22.00.00 - Transferências da Compensação Financeira pela Exploração de Recursos Naturais;siconfi-cor_RO1.7.2.1.22.00.00;150843,25
Prefeitura Municipal de São Paulo de Olivença - AM;1303908;AM;36536;Receitas Brutas Realizadas;1.7.2.1.22.20.00 - Cota-Parte da Compensação Financeira de Recursos Minerais - CFEM;siconfi-cor_RO1.7.2.1.22.20.00;210,18
Prefeitura Municipal de São Paulo de Olivença - AM;1303908;AM;36536;Receitas Brutas Realizadas;1.7.2.1.22.70.00 - Cota-Parte do Fundo Especial do Petróleo ¿ FEP;siconfi-cor_RO1.7.2.1.22.70.00;150505,33
Prefeitura Municipal de São Paulo de Olivença - AM;1303908;AM;36536;Receitas Brutas Realizadas;1.7.2.1.22.90.00 - Outras Transferências Decorrentes de Compensação Financeira pela Exploração de Recursos Naturais;siconfi-cor_RO1.7.2.1.22.90.00;127,74
Prefeitura Municipal de São Paulo de Olivença - AM;1303908;AM;36536;Receitas Brutas Realizadas;1.7.2.1.33.00.00 - Transferências de Recursos do Sistema Único de Saúde - SUS - Repasses Fundo a Fundo;siconfi-cor_RO1.7.2.1.33.00.00;5314727,58
Prefeitura Municipal de São Paulo de Olivença - AM;1303908;AM;36536;Receitas Brutas Realizadas;1.7.2.1.34.00.00 - Transferências de Recursos do Fundo Nacional de Assistência Social ¿ FNAS;siconfi-cor_RO1.7.2.1.34.00.00;434352,68
Prefeitura Municipal de São Paulo de Olivença - AM;1303908;AM;36536;Receitas Brutas Realizadas;1.7.2.1.35.00.00 - Transferências de Recursos do Fundo Nacional do Desenvolvimento da Educação ¿ FNDE;siconfi-cor_RO1.7.2.1.35.00.00;2115865,73
Prefeitura Municipal de São Paulo de Olivença - AM;1303908;AM;36536;Receitas Brutas Realizadas;1.7.2.1.36.00.00 - Transferências Financeiras do ICMS ¿ Desoneração ¿ L.C. Nº 87/96;siconfi-cor_RO1.7.2.1.36.00.00;19541,52
Prefeitura Municipal de São Paulo de Olivença - AM;1303908;AM;36536;Receitas Brutas Realizadas;1.7.2.1.99.00.00 - Outras Transferências da União;siconfi-cor_RO1.7.2.1.99.00.00;34209,12
Prefeitura Municipal de São Paulo de Olivença - AM;1303908;AM;36536;Receitas Brutas Realizadas;1.7.2.2.00.00.00 - Transferências dos Estados;siconfi-cor_RO1.7.2.2.00.00.00;7234568,13
Prefeitura Municipal de São Paulo de Olivença - AM;1303908;AM;36536;Receitas Brutas Realizadas;1.7.2.2.01.00.00 - Participação na Receita dos Estados;siconfi-cor_RO1.7.2.2.01.00.00;7152825,22
Prefeitura Municipal de São Paulo de Olivença - AM;1303908;AM;36536;Receitas Brutas Realizadas;1.7.2.2.01.01.00 - Cota-Parte do ICMS;siconfi-cor_RO1.7.2.2.01.01.00;7052344,45
Prefeitura Municipal de São Paulo de Olivença - AM;1303908;AM;36536;Receitas Brutas Realizadas;1.7.2.2.01.02.00 - Cota-Parte do IPVA;siconfi-cor_RO1.7.2.2.01.02.00;11632,25
Prefeitura Municipal de São Paulo de Olivença - AM;1303908;AM;36536;Receitas Brutas Realizadas;1.7.2.2.01.04.00 - Cota-Parte do IPI - Municípios;siconfi-cor_RO1.7.2.2.01.04.00;28521,33
Prefeitura Municipal de São Paulo de Olivença - AM;1303908;AM;36536;Receitas Brutas Realizadas;1.7.2.2.01.13.00 - Cota-Parte da Contribuição de Intervenção no Domínio Econômico;siconfi-cor_RO1.7.2.2.01.13.00;60327,19
Prefeitura Municipal de São Paulo de Olivença - AM;1303908;AM;36536;Receitas Brutas Realizadas;1.7.2.2.22.00.00 - Transferências da Cota-Parte da Compensação Financeira (25%);siconfi-cor_RO1.7.2.2.22.00.00;81742,91
Prefeitura Municipal de São Paulo de Olivença - AM;1303908;AM;36536;Receitas Brutas Realizadas;1.7.2.2.22.30.00 - Cota-Parte Royalties - Compensação Financeira pela Produção de Petróleo - Lei nº 7.990/89 artigo 9º;siconfi-cor_RO1.7.2.2.22.30.00;81742,91
Prefeitura Municipal de São Paulo de Olivença - AM;1303908;AM;36536;Receitas Brutas Realizadas;1.7.2.4.00.00.00 - Transferências Multigovernamentais;siconfi-cor_RO1.7.2.4.00.00.00;22893051,58
Prefeitura Municipal de São Paulo de Olivença - AM;1303908;AM;36536;Receitas Brutas Realizadas;1.7.2.4.01.00.00 - Transferências de Recursos do Fundo de Manutenção e Desenvolvimento do Ensino Fundamental e de Valorização do Magistério - FUNDEB;siconfi-cor_RO1.7.2.4.01.00.00;18182849,19
Prefeitura Municipal de São Paulo de Olivença - AM;1303908;AM;36536;Receitas Brutas Realizadas;1.7.2.4.02.00.00 - Transferências de Recursos da Complementação ao Fundo de Manutenção e Desenvolvimento do Ensino Fundamental e de Valorização do Magistério - FUNDEB;siconfi-cor_RO1.7.2.4.02.00.00;4710202,39
Prefeitura Municipal de São Paulo de Olivença - AM;1303908;AM;36536;Receitas Brutas Realizadas;1.7.3.0.00.00.00 - Transferências de Instituições Privadas;siconfi-cor_RO1.7.3.0.00.00.00;5000
Prefeitura Municipal de São Paulo de Olivença - AM;1303908;AM;36536;Receitas Brutas Realizadas;1.7.6.0.00.00.00 - Transferências de Convênios;siconfi-cor_RO1.7.6.0.00.00.00;210446,69
Prefeitura Municipal de São Paulo de Olivença - AM;1303908;AM;36536;Receitas Brutas Realizadas;1.7.6.2.00.00.00 - Transferências de Convênios dos Estados e do Distrito Federal e de Suas Entidades;siconfi-cor_RO1.7.6.2.00.00.00;210446,69
Prefeitura Municipal de São Paulo de Olivença - AM;1303908;AM;36536;Receitas Brutas Realizadas;1.7.6.2.02.00.00 - Transferências de Convênios dos Estados Destinadas a Programas de Educação;siconfi-cor_RO1.7.6.2.02.00.00;210446,69
Prefeitura Municipal de São Paulo de Olivença - AM;1303908;AM;36536;Receitas Brutas Realizadas;1.9.0.0.00.00.00 - Outras Receitas Correntes;siconfi-cor_RO1.9.0.0.00.00.00;3136319,29
Prefeitura Municipal de São Paulo de Olivença - AM;1303908;AM;36536;Receitas Brutas Realizadas;1.9.9.0.00.00.00 - Receitas Diversas;siconfi-cor_RO1.9.9.0.00.00.00;3136319,29
Prefeitura Municipal de São Paulo de Olivença - AM;1303908;AM;36536;Receitas Brutas Realizadas;1.9.9.0.99.00.00 - Outras Receitas;siconfi-cor_RO1.9.9.0.99.00.00;3136319,29
Prefeitura Municipal de São Paulo de Olivença - AM;1303908;AM;36536;Receitas Brutas Realizadas;2.0.0.0.00.00.00 - Receitas de Capital;siconfi-cor_RO2.0.0.0.00.00.00;4729961,76
Prefeitura Municipal de São Paulo de Olivença - AM;1303908;AM;36536;Receitas Brutas Realizadas;2.4.0.0.00.00.00 - Transferências de Capital;siconfi-cor_RO2.4.0.0.00.00.00;4729961,76
Prefeitura Municipal de São Paulo de Olivença - AM;1303908;AM;36536;Receitas Brutas Realizadas;2.4.2.0.00.00.00 - Transferências Intergovernamentais;siconfi-cor_RO2.4.2.0.00.00.00;2716594,07
Prefeitura Municipal de São Paulo de Olivença - AM;1303908;AM;36536;Receitas Brutas Realizadas;2.4.2.1.00.00.00 - Transferências da União;siconfi-cor_RO2.4.2.1.00.00.00;2716594,07
Prefeitura Municipal de São Paulo de Olivença - AM;1303908;AM;36536;Receitas Brutas Realizadas;2.4.2.1.01.00.00 - Participação na Receita da União;siconfi-cor_RO2.4.2.1.01.00.00;105975
Prefeitura Municipal de São Paulo de Olivença - AM;1303908;AM;36536;Receitas Brutas Realizadas;2.4.2.1.02.00.00 - Transferências de Recursos Destinados a Programas de Educação;siconfi-cor_RO2.4.2.1.02.00.00;2610619,07
Prefeitura Municipal de São Paulo de Olivença - AM;1303908;AM;36536;Receitas Brutas Realizadas;2.4.7.0.00.00.00 - Transferências de Convênios;siconfi-cor_RO2.4.7.0.00.00.00;2013367,69
Prefeitura Municipal de São Paulo de Olivença - AM;1303908;AM;36536;Receitas Brutas Realizadas;2.4.7.1.00.00.00 - Transferências de Convênios da União e de suas Entidades;siconfi-cor_RO2.4.7.1.00.00.00;1799476
Prefeitura Municipal de São Paulo de Olivença - AM;1303908;AM;36536;Receitas Brutas Realizadas;2.4.7.1.01.00.00 - Transferências de Convênios da União para o Sistema Único de Saúde - SUS;siconfi-cor_RO2.4.7.1.01.00.00;1799476
Prefeitura Municipal de São Paulo de Olivença - AM;1303908;AM;36536;Receitas Brutas Realizadas;2.4.7.2.00.00.00 - Transferências de Convênios dos Estados e do Distrito Federal e de suas Entidades;siconfi-cor_RO2.4.7.2.00.00.00;213891,69
Prefeitura Municipal de São Paulo de Olivença - AM;1303908;AM;36536;Receitas Brutas Realizadas;2.4.7.2.99.00.00 - Outras Transferências de Convênios dos Estados;siconfi-cor_RO2.4.7.2.99.00.00;213891,69
Prefeitura Municipal de São Paulo de Olivença - AM;1303908;AM;36536;Deduções - FUNDEB;Total Receitas;siconfi-cor_TotalReceitas;4981058,94
Prefeitura Municipal de São Paulo de Olivença - AM;1303908;AM;36536;Deduções - FUNDEB;1.0.0.0.00.00.00 - Receitas Correntes;siconfi-cor_RO1.0.0.0.00.00.00;4981058,94
Prefeitura Municipal de São Paulo de Olivença - AM;1303908;AM;36536;Deduções - FUNDEB;1.7.0.0.00.00.00 - Transferências Correntes;siconfi-cor_RO1.7.0.0.00.00.00;4981058,94
Prefeitura Municipal de São Paulo de Olivença - AM;1303908;AM;36536;Deduções - FUNDEB;1.7.2.0.00.00.00 - Transferências Intergovernamentais;siconfi-cor_RO1.7.2.0.00.00.00;4981058,94
Prefeitura Municipal de São Paulo de Olivença - AM;1303908;AM;36536;Deduções - FUNDEB;1.7.2.1.00.00.00 - Transferências da União;siconfi-cor_RO1.7.2.1.00.00.00;3562560,35
Prefeitura Municipal de São Paulo de Olivença - AM;1303908;AM;36536;Deduções - FUNDEB;1.7.2.1.01.00.00 - Participação na Receita da União;siconfi-cor_RO1.7.2.1.01.00.00;3558652,07
Prefeitura Municipal de São Paulo de Olivença - AM;1303908;AM;36536;Deduções - FUNDEB;1.7.2.1.01.02.00 - Cota-Parte do Fundo de Participação dos Municípios ¿ FPM;siconfi-cor_RO1.7.2.1.01.02.00;3558463,17
Prefeitura Municipal de São Paulo de Olivença - AM;1303908;AM;36536;Deduções - FUNDEB;1.7.2.1.01.05.00 - Cota-Parte do Imposto Sobre a Propriedade Territorial Rural ¿ ITR;siconfi-cor_RO1.7.2.1.01.05.00;188,9
Prefeitura Municipal de São Paulo de Olivença - AM;1303908;AM;36536;Deduções - FUNDEB;1.7.2.1.36.00.00 - Transferências Financeiras do ICMS ¿ Desoneração ¿ L.C. Nº 87/96;siconfi-cor_RO1.7.2.1.36.00.00;3908,28
Prefeitura Municipal de São Paulo de Olivença - AM;1303908;AM;36536;Deduções - FUNDEB;1.7.2.2.00.00.00 - Transferências dos Estados;siconfi-cor_RO1.7.2.2.00.00.00;1418498,59
Prefeitura Municipal de São Paulo de Olivença - AM;1303908;AM;36536;Deduções - FUNDEB;1.7.2.2.01.00.00 - Participação na Receita dos Estados;siconfi-cor_RO1.7.2.2.01.00.00;1418498,59
Prefeitura Municipal de São Paulo de Olivença - AM;1303908;AM;36536;Deduções - FUNDEB;1.7.2.2.01.01.00 - Cota-Parte do ICMS;siconfi-cor_RO1.7.2.2.01.01.00;1410486,74
Prefeitura Municipal de São Paulo de Olivença - AM;1303908;AM;36536;Deduções - FUNDEB;1.7.2.2.01.02.00 - Cota-Parte do IPVA;siconfi-cor_RO1.7.2.2.01.02.00;2307,6
Prefeitura Municipal de São Paulo de Olivença - AM;1303908;AM;36536;Deduções - FUNDEB;1.7.2.2.01.04.00 - Cota-Parte do IPI - Municípios;siconfi-cor_RO1.7.2.2.01.04.00;5704,25
Prefeitura Municipal de Manacapuru - AM;1302504;AM;94175;Receitas Brutas Realizadas;Total Receitas;siconfi-cor_TotalReceitas;144665521,4
Prefeitura Municipal de Manacapuru - AM;1302504;AM;94175;Receitas Brutas Realizadas;1.0.0.0.00.00.00 - Receitas Correntes;siconfi-cor_RO1.0.0.0.00.00.00;141637014
Prefeitura Municipal de Manacapuru - AM;1302504;AM;94175;Receitas Brutas Realizadas;1.1.0.0.00.00.00 - Receita Tributária;siconfi-cor_RO1.1.0.0.00.00.00;6501688,35
Prefeitura Municipal de Manacapuru - AM;1302504;AM;94175;Receitas Brutas Realizadas;1.1.1.0.00.00.00 - Impostos;siconfi-cor_RO1.1.1.0.00.00.00;5758449,63
Prefeitura Municipal de Manacapuru - AM;1302504;AM;94175;Receitas Brutas Realizadas;1.1.1.2.00.00.00 - Impostos sobre o Patrimônio e a Renda;siconfi-cor_RO1.1.1.2.00.00.00;2644595,84
Prefeitura Municipal de Manacapuru - AM;1302504;AM;94175;Receitas Brutas Realizadas;1.1.1.2.02.00.00 - Imposto sobre a Propriedade Predial e Territorial Urbana ¿ IPTU;siconfi-cor_RO1.1.1.2.02.00.00;365636,86
Prefeitura Municipal de Manacapuru - AM;1302504;AM;94175;Receitas Brutas Realizadas;1.1.1.2.04.00.00 - Imposto sobre a Renda e Proventos de Qualquer Natureza ¿ IR;siconfi-cor_RO1.1.1.2.04.00.00;2202726,04
Prefeitura Municipal de Manacapuru - AM;1302504;AM;94175;Receitas Brutas Realizadas;1.1.1.2.04.31.00 - Retido nas Fontes - Trabalho;siconfi-cor_RO1.1.1.2.04.31.00;1698453,43
Prefeitura Municipal de Manacapuru - AM;1302504;AM;94175;Receitas Brutas Realizadas;1.1.1.2.04.34.00 - Retido nas Fontes - Outros Rendimentos;siconfi-cor_RO1.1.1.2.04.34.00;504272,61
Prefeitura Municipal de Manacapuru - AM;1302504;AM;94175;Receitas Brutas Realizadas;"1.1.1.2.08.00.00 - Imposto sobre Transmissão Inter Vivos"" de Bens Imóveis e de Direitos Reais sobre Imóveis ¿ ITBI""";siconfi-cor_RO1.1.1.2.08.00.00;76232,94
Prefeitura Municipal de Manacapuru - AM;1302504;AM;94175;Receitas Brutas Realizadas;1.1.1.3.00.00.00 - Impostos sobre a Produção e a Circulação;siconfi-cor_RO1.1.1.3.00.00.00;3113853,79
Prefeitura Municipal de Manacapuru - AM;1302504;AM;94175;Receitas Brutas Realizadas;1.1.1.3.05.00.00 - Imposto sobre Serviços de Qualquer Natureza ¿ ISSQN;siconfi-cor_RO1.1.1.3.05.00.00;3113853,79
Prefeitura Municipal de Manacapuru - AM;1302504;AM;94175;Receitas Brutas Realizadas;1.1.2.0.00.00.00 - Taxas;siconfi-cor_RO1.1.2.0.00.00.00;263273,92
Prefeitura Municipal de Manacapuru - AM;1302504;AM;94175;Receitas Brutas Realizadas;1.1.2.1.00.00.00 - Taxas pelo Exercício do Poder de Polícia;siconfi-cor_RO1.1.2.1.00.00.00;157760,58
Prefeitura Municipal de Manacapuru - AM;1302504;AM;94175;Receitas Brutas Realizadas;1.1.2.2.00.00.00 - Taxas pela Prestação de Serviços;siconfi-cor_RO1.1.2.2.00.00.00;105513,34
Prefeitura Municipal de Manacapuru - AM;1302504;AM;94175;Receitas Brutas Realizadas;1.1.2.2.28.00.00 - Taxa de Cemitérios;siconfi-cor_RO1.1.2.2.28.00.00;10307,42
Prefeitura Municipal de Manacapuru - AM;1302504;AM;94175;Receitas Brutas Realizadas;1.1.2.2.99.00.00 - Outras Taxas pela Prestação de Serviços;siconfi-cor_RO1.1.2.2.99.00.00;95205,92
Prefeitura Municipal de Manacapuru - AM;1302504;AM;94175;Receitas Brutas Realizadas;1.1.3.0.00.00.00 - Contribuição de Melhoria;siconfi-cor_RO1.1.3.0.00.00.00;479964,8
Prefeitura Municipal de Manacapuru - AM;1302504;AM;94175;Receitas Brutas Realizadas;1.1.3.0.02.00.00 - Contribuição de Melhoria para Expansão da Rede de Iluminação Pública na Cidade;siconfi-cor_RO1.1.3.0.02.00.00;479964,8
Prefeitura Municipal de Manacapuru - AM;1302504;AM;94175;Receitas Brutas Realizadas;1.3.0.0.00.00.00 - Receita Patrimonial;siconfi-cor_RO1.3.0.0.00.00.00;1035905,38
Prefeitura Municipal de Manacapuru - AM;1302504;AM;94175;Receitas Brutas Realizadas;1.3.2.0.00.00.00 - Receitas de Valores Mobiliários;siconfi-cor_RO1.3.2.0.00.00.00;1035905,38
Prefeitura Municipal de Manacapuru - AM;1302504;AM;94175;Receitas Brutas Realizadas;1.3.2.5.00.00.00 - Remuneração de Depósitos Bancários;siconfi-cor_RO1.3.2.5.00.00.00;1035905,38
Prefeitura Municipal de Manacapuru - AM;1302504;AM;94175;Receitas Brutas Realizadas;1.7.0.0.00.00.00 - Transferências Correntes;siconfi-cor_RO1.7.0.0.00.00.00;133804640,6
Prefeitura Municipal de Manacapuru - AM;1302504;AM;94175;Receitas Brutas Realizadas;1.7.2.0.00.00.00 - Transferências Intergovernamentais;siconfi-cor_RO1.7.2.0.00.00.00;133804438
Prefeitura Municipal de Manacapuru - AM;1302504;AM;94175;Receitas Brutas Realizadas;1.7.2.1.00.00.00 - Transferências da União;siconfi-cor_RO1.7.2.1.00.00.00;62137787,63
Prefeitura Municipal de Manacapuru - AM;1302504;AM;94175;Receitas Brutas Realizadas;1.7.2.1.01.00.00 - Participação na Receita da União;siconfi-cor_RO1.7.2.1.01.00.00;35973968,9
Prefeitura Municipal de Manacapuru - AM;1302504;AM;94175;Receitas Brutas Realizadas;1.7.2.1.01.02.00 - Cota-Parte do Fundo de Participação dos Municípios ¿ FPM;siconfi-cor_RO1.7.2.1.01.02.00;35824718,26
Prefeitura Municipal de Manacapuru - AM;1302504;AM;94175;Receitas Brutas Realizadas;1.7.2.1.01.05.00 - Cota-Parte do Imposto Sobre a Propriedade Territorial Rural ¿ ITR;siconfi-cor_RO1.7.2.1.01.05.00;149250,64
Prefeitura Municipal de Manacapuru - AM;1302504;AM;94175;Receitas Brutas Realizadas;1.7.2.1.22.00.00 - Transferências da Compensação Financeira pela Exploração de Recursos Naturais;siconfi-cor_RO1.7.2.1.22.00.00;343416,77
Prefeitura Municipal de Manacapuru - AM;1302504;AM;94175;Receitas Brutas Realizadas;1.7.2.1.22.20.00 - Cota-Parte da Compensação Financeira de Recursos Minerais - CFEM;siconfi-cor_RO1.7.2.1.22.20.00;1713,56
Prefeitura Municipal de Manacapuru - AM;1302504;AM;94175;Receitas Brutas Realizadas;1.7.2.1.22.50.00 - Cota-Parte Royalties pela Participação Especial - Lei nº 9.478/97 artigo 50;siconfi-cor_RO1.7.2.1.22.50.00;59505,71
Prefeitura Municipal de Manacapuru - AM;1302504;AM;94175;Receitas Brutas Realizadas;1.7.2.1.22.70.00 - Cota-Parte do Fundo Especial do Petróleo ¿ FEP;siconfi-cor_RO1.7.2.1.22.70.00;282197,5
Prefeitura Municipal de Manacapuru - AM;1302504;AM;94175;Receitas Brutas Realizadas;1.7.2.1.33.00.00 - Transferências de Recursos do Sistema Único de Saúde - SUS - Repasses Fundo a Fundo;siconfi-cor_RO1.7.2.1.33.00.00;19162146,67
Prefeitura Municipal de Manacapuru - AM;1302504;AM;94175;Receitas Brutas Realizadas;1.7.2.1.34.00.00 - Transferências de Recursos do Fundo Nacional de Assistência Social ¿ FNAS;siconfi-cor_RO1.7.2.1.34.00.00;1793520,21
Prefeitura Municipal de Manacapuru - AM;1302504;AM;94175;Receitas Brutas Realizadas;1.7.2.1.35.00.00 - Transferências de Recursos do Fundo Nacional do Desenvolvimento da Educação ¿ FNDE;siconfi-cor_RO1.7.2.1.35.00.00;4683218,25
Prefeitura Municipal de Manacapuru - AM;1302504;AM;94175;Receitas Brutas Realizadas;1.7.2.1.36.00.00 - Transferências Financeiras do ICMS ¿ Desoneração ¿ L.C. Nº 87/96;siconfi-cor_RO1.7.2.1.36.00.00;65992,08
Prefeitura Municipal de Manacapuru - AM;1302504;AM;94175;Receitas Brutas Realizadas;1.7.2.1.99.00.00 - Outras Transferências da União;siconfi-cor_RO1.7.2.1.99.00.00;115524,75
Prefeitura Municipal de Manacapuru - AM;1302504;AM;94175;Receitas Brutas Realizadas;1.7.2.2.00.00.00 - Transferências dos Estados;siconfi-cor_RO1.7.2.2.00.00.00;26217468,75
Prefeitura Municipal de Manacapuru - AM;1302504;AM;94175;Receitas Brutas Realizadas;1.7.2.2.01.00.00 - Participação na Receita dos Estados;siconfi-cor_RO1.7.2.2.01.00.00;25245017,4
Prefeitura Municipal de Manacapuru - AM;1302504;AM;94175;Receitas Brutas Realizadas;1.7.2.2.01.01.00 - Cota-Parte do ICMS;siconfi-cor_RO1.7.2.2.01.01.00;23815879,17
Prefeitura Municipal de Manacapuru - AM;1302504;AM;94175;Receitas Brutas Realizadas;1.7.2.2.01.02.00 - Cota-Parte do IPVA;siconfi-cor_RO1.7.2.2.01.02.00;1194027,81
Prefeitura Municipal de Manacapuru - AM;1302504;AM;94175;Receitas Brutas Realizadas;1.7.2.2.01.04.00 - Cota-Parte do IPI - Municípios;siconfi-cor_RO1.7.2.2.01.04.00;106546,73
Prefeitura Municipal de Manacapuru - AM;1302504;AM;94175;Receitas Brutas Realizadas;1.7.2.2.01.13.00 - Cota-Parte da Contribuição de Intervenção no Domínio Econômico;siconfi-cor_RO1.7.2.2.01.13.00;128563,69
Prefeitura Municipal de Manacapuru - AM;1302504;AM;94175;Receitas Brutas Realizadas;1.7.2.2.22.00.00 - Transferências da Cota-Parte da Compensação Financeira (25%);siconfi-cor_RO1.7.2.2.22.00.00;233778,49
Prefeitura Municipal de Manacapuru - AM;1302504;AM;94175;Receitas Brutas Realizadas;1.7.2.2.22.30.00 - Cota-Parte Royalties - Compensação Financeira pela Produção de Petróleo - Lei nº 7.990/89 artigo 9º;siconfi-cor_RO1.7.2.2.22.30.00;233778,49
Prefeitura Municipal de Manacapuru - AM;1302504;AM;94175;Receitas Brutas Realizadas;1.7.2.2.33.00.00 - Transferências de Recursos do Estado para Programas de Saúde - Repasse Fundo a Fundo;siconfi-cor_RO1.7.2.2.33.00.00;738672,86
Prefeitura Municipal de Manacapuru - AM;1302504;AM;94175;Receitas Brutas Realizadas;1.7.2.4.00.00.00 - Transferências Multigovernamentais;siconfi-cor_RO1.7.2.4.00.00.00;45449181,64
Prefeitura Municipal de Manacapuru - AM;1302504;AM;94175;Receitas Brutas Realizadas;1.7.2.4.01.00.00 - Transferências de Recursos do Fundo de Manutenção e Desenvolvimento do Ensino Fundamental e de Valorização do Magistério - FUNDEB;siconfi-cor_RO1.7.2.4.01.00.00;36711931,43
Prefeitura Municipal de Manacapuru - AM;1302504;AM;94175;Receitas Brutas Realizadas;1.7.2.4.02.00.00 - Transferências de Recursos da Complementação ao Fundo de Manutenção e Desenvolvimento do Ensino Fundamental e de Valorização do Magistério - FUNDEB;siconfi-cor_RO1.7.2.4.02.00.00;8737250,21
Prefeitura Municipal de Manacapuru - AM;1302504;AM;94175;Receitas Brutas Realizadas;1.7.6.0.00.00.00 - Transferências de Convênios;siconfi-cor_RO1.7.6.0.00.00.00;202,53
Prefeitura Municipal de Manacapuru - AM;1302504;AM;94175;Receitas Brutas Realizadas;1.7.6.1.00.00.00 - Transferências de Convênios da União e de Suas Entidades;siconfi-cor_RO1.7.6.1.00.00.00;202,53
Prefeitura Municipal de Manacapuru - AM;1302504;AM;94175;Receitas Brutas Realizadas;1.7.6.1.01.00.00 - Transferências de Convênios da União para o Sistema Único de Saúde - SUS;siconfi-cor_RO1.7.6.1.01.00.00;202,53
Prefeitura Municipal de Manacapuru - AM;1302504;AM;94175;Receitas Brutas Realizadas;1.9.0.0.00.00.00 - Outras Receitas Correntes;siconfi-cor_RO1.9.0.0.00.00.00;294779,67
Prefeitura Municipal de Manacapuru - AM;1302504;AM;94175;Receitas Brutas Realizadas;1.9.1.0.00.00.00 - Multas e Juros de Mora;siconfi-cor_RO1.9.1.0.00.00.00;36031,25
Prefeitura Municipal de Manacapuru - AM;1302504;AM;94175;Receitas Brutas Realizadas;1.9.1.1.00.00.00 - Multas e Juros de Mora dos Tributos;siconfi-cor_RO1.9.1.1.00.00.00;36031,25
Prefeitura Municipal de Manacapuru - AM;1302504;AM;94175;Receitas Brutas Realizadas;1.9.1.1.99.00.00 - Multas e Juros de Mora de Outros Tributos;siconfi-cor_RO1.9.1.1.99.00.00;36031,25
Prefeitura Municipal de Manacapuru - AM;1302504;AM;94175;Receitas Brutas Realizadas;1.9.9.0.00.00.00 - Receitas Diversas;siconfi-cor_RO1.9.9.0.00.00.00;258748,42
Prefeitura Municipal de Manacapuru - AM;1302504;AM;94175;Receitas Brutas Realizadas;1.9.9.0.99.00.00 - Outras Receitas;siconfi-cor_RO1.9.9.0.99.00.00;258748,42
Prefeitura Municipal de Manacapuru - AM;1302504;AM;94175;Receitas Brutas Realizadas;2.0.0.0.00.00.00 - Receitas de Capital;siconfi-cor_RO2.0.0.0.00.00.00;3028507,48
Prefeitura Municipal de Manacapuru - AM;1302504;AM;94175;Receitas Brutas Realizadas;2.4.0.0.00.00.00 - Transferências de Capital;siconfi-cor_RO2.4.0.0.00.00.00;3028507,48
Prefeitura Municipal de Manacapuru - AM;1302504;AM;94175;Receitas Brutas Realizadas;2.4.2.0.00.00.00 - Transferências Intergovernamentais;siconfi-cor_RO2.4.2.0.00.00.00;3028507,48
Prefeitura Municipal de Manacapuru - AM;1302504;AM;94175;Receitas Brutas Realizadas;2.4.2.1.00.00.00 - Transferências da União;siconfi-cor_RO2.4.2.1.00.00.00;3028507,48
Prefeitura Municipal de Manacapuru - AM;1302504;AM;94175;Receitas Brutas Realizadas;2.4.2.1.01.00.00 - Participação na Receita da União;siconfi-cor_RO2.4.2.1.01.00.00;3028507,48
Prefeitura Municipal de Manacapuru - AM;1302504;AM;94175;Deduções - FUNDEB;Total Receitas;siconfi-cor_TotalReceitas;11681123,02
Prefeitura Municipal de Manacapuru - AM;1302504;AM;94175;Deduções - FUNDEB;1.0.0.0.00.00.00 - Receitas Correntes;siconfi-cor_RO1.0.0.0.00.00.00;11681123,02
Prefeitura Municipal de Manacapuru - AM;1302504;AM;94175;Deduções - FUNDEB;1.7.0.0.00.00.00 - Transferências Correntes;siconfi-cor_RO1.7.0.0.00.00.00;11681123,02
Prefeitura Municipal de Manacapuru - AM;1302504;AM;94175;Deduções - FUNDEB;1.7.2.0.00.00.00 - Transferências Intergovernamentais;siconfi-cor_RO1.7.2.0.00.00.00;11681123,02
Prefeitura Municipal de Manacapuru - AM;1302504;AM;94175;Deduções - FUNDEB;1.7.2.1.00.00.00 - Transferências da União;siconfi-cor_RO1.7.2.1.00.00.00;6687627,77
Prefeitura Municipal de Manacapuru - AM;1302504;AM;94175;Deduções - FUNDEB;1.7.2.1.01.00.00 - Participação na Receita da União;siconfi-cor_RO1.7.2.1.01.00.00;6674429,45
Prefeitura Municipal de Manacapuru - AM;1302504;AM;94175;Deduções - FUNDEB;1.7.2.1.01.02.00 - Cota-Parte do Fundo de Participação dos Municípios ¿ FPM;siconfi-cor_RO1.7.2.1.01.02.00;6672118,88
Prefeitura Municipal de Manacapuru - AM;1302504;AM;94175;Deduções - FUNDEB;1.7.2.1.01.05.00 - Cota-Parte do Imposto Sobre a Propriedade Territorial Rural ¿ ITR;siconfi-cor_RO1.7.2.1.01.05.00;2310,57
Prefeitura Municipal de Manacapuru - AM;1302504;AM;94175;Deduções - FUNDEB;1.7.2.1.36.00.00 - Transferências Financeiras do ICMS ¿ Desoneração ¿ L.C. Nº 87/96;siconfi-cor_RO1.7.2.1.36.00.00;13198,32
Prefeitura Municipal de Manacapuru - AM;1302504;AM;94175;Deduções - FUNDEB;1.7.2.2.00.00.00 - Transferências dos Estados;siconfi-cor_RO1.7.2.2.00.00.00;4993495,25
Prefeitura Municipal de Manacapuru - AM;1302504;AM;94175;Deduções - FUNDEB;1.7.2.2.01.00.00 - Participação na Receita dos Estados;siconfi-cor_RO1.7.2.2.01.00.00;4993495,25
Prefeitura Municipal de Manacapuru - AM;1302504;AM;94175;Deduções - FUNDEB;1.7.2.2.01.01.00 - Cota-Parte do ICMS;siconfi-cor_RO1.7.2.2.01.01.00;4733981,11
Prefeitura Municipal de Manacapuru - AM;1302504;AM;94175;Deduções - FUNDEB;1.7.2.2.01.02.00 - Cota-Parte do IPVA;siconfi-cor_RO1.7.2.2.01.02.00;238804,8
Prefeitura Municipal de Manacapuru - AM;1302504;AM;94175;Deduções - FUNDEB;1.7.2.2.01.04.00 - Cota-Parte do IPI - Municípios;siconfi-cor_RO1.7.2.2.01.04.00;20709,34
Prefeitura Municipal de Nhamundá - AM;1303007;AM;20358;Receitas Brutas Realizadas;Total Receitas;siconfi-cor_TotalReceitas;41402416,68
Prefeitura Municipal de Nhamundá - AM;1303007;AM;20358;Receitas Brutas Realizadas;1.0.0.0.00.00.00 - Receitas Correntes;siconfi-cor_RO1.0.0.0.00.00.00;38439283,01
Prefeitura Municipal de Nhamundá - AM;1303007;AM;20358;Receitas Brutas Realizadas;1.1.0.0.00.00.00 - Receita Tributária;siconfi-cor_RO1.1.0.0.00.00.00;819297,53
Prefeitura Municipal de Nhamundá - AM;1303007;AM;20358;Receitas Brutas Realizadas;1.1.1.0.00.00.00 - Impostos;siconfi-cor_RO1.1.1.0.00.00.00;498632,29
Prefeitura Municipal de Nhamundá - AM;1303007;AM;20358;Receitas Brutas Realizadas;1.1.1.2.00.00.00 - Impostos sobre o Patrimônio e a Renda;siconfi-cor_RO1.1.1.2.00.00.00;220602,05
Prefeitura Municipal de Nhamundá - AM;1303007;AM;20358;Receitas Brutas Realizadas;1.1.1.2.02.00.00 - Imposto sobre a Propriedade Predial e Territorial Urbana ¿ IPTU;siconfi-cor_RO1.1.1.2.02.00.00;31,99
Prefeitura Municipal de Nhamundá - AM;1303007;AM;20358;Receitas Brutas Realizadas;1.1.1.2.04.00.00 - Imposto sobre a Renda e Proventos de Qualquer Natureza ¿ IR;siconfi-cor_RO1.1.1.2.04.00.00;220570,06
Prefeitura Municipal de Nhamundá - AM;1303007;AM;20358;Receitas Brutas Realizadas;1.1.1.2.04.31.00 - Retido nas Fontes - Trabalho;siconfi-cor_RO1.1.1.2.04.31.00;218324,34
Prefeitura Municipal de Nhamundá - AM;1303007;AM;20358;Receitas Brutas Realizadas;1.1.1.2.04.34.00 - Retido nas Fontes - Outros Rendimentos;siconfi-cor_RO1.1.1.2.04.34.00;2245,72
Prefeitura Municipal de Nhamundá - AM;1303007;AM;20358;Receitas Brutas Realizadas;1.1.1.3.00.00.00 - Impostos sobre a Produção e a Circulação;siconfi-cor_RO1.1.1.3.00.00.00;278030,24
Prefeitura Municipal de Nhamundá - AM;1303007;AM;20358;Receitas Brutas Realizadas;1.1.1.3.05.00.00 - Imposto sobre Serviços de Qualquer Natureza ¿ ISSQN;siconfi-cor_RO1.1.1.3.05.00.00;278030,24
Prefeitura Municipal de Nhamundá - AM;1303007;AM;20358;Receitas Brutas Realizadas;1.1.2.0.00.00.00 - Taxas;siconfi-cor_RO1.1.2.0.00.00.00;8780,21
Prefeitura Municipal de Nhamundá - AM;1303007;AM;20358;Receitas Brutas Realizadas;1.1.2.1.00.00.00 - Taxas pelo Exercício do Poder de Polícia;siconfi-cor_RO1.1.2.1.00.00.00;1599,67
Prefeitura Municipal de Nhamundá - AM;1303007;AM;20358;Receitas Brutas Realizadas;1.1.2.2.00.00.00 - Taxas pela Prestação de Serviços;siconfi-cor_RO1.1.2.2.00.00.00;7180,54
Prefeitura Municipal de Nhamundá - AM;1303007;AM;20358;Receitas Brutas Realizadas;1.1.2.2.99.00.00 - Outras Taxas pela Prestação de Serviços;siconfi-cor_RO1.1.2.2.99.00.00;7180,54
Prefeitura Municipal de Nhamundá - AM;1303007;AM;20358;Receitas Brutas Realizadas;1.1.3.0.00.00.00 - Contribuição de Melhoria;siconfi-cor_RO1.1.3.0.00.00.00;311885,03
Prefeitura Municipal de Nhamundá - AM;1303007;AM;20358;Receitas Brutas Realizadas;1.1.3.0.02.00.00 - Contribuição de Melhoria para Expansão da Rede de Iluminação Pública na Cidade;siconfi-cor_RO1.1.3.0.02.00.00;311885,03
Prefeitura Municipal de Nhamundá - AM;1303007;AM;20358;Receitas Brutas Realizadas;1.3.0.0.00.00.00 - Receita Patrimonial;siconfi-cor_RO1.3.0.0.00.00.00;84475,04
Prefeitura Municipal de Nhamundá - AM;1303007;AM;20358;Receitas Brutas Realizadas;1.3.2.0.00.00.00 - Receitas de Valores Mobiliários;siconfi-cor_RO1.3.2.0.00.00.00;84475,04
Prefeitura Municipal de Nhamundá - AM;1303007;AM;20358;Receitas Brutas Realizadas;1.3.2.5.00.00.00 - Remuneração de Depósitos Bancários;siconfi-cor_RO1.3.2.5.00.00.00;84475,04
Prefeitura Municipal de Nhamundá - AM;1303007;AM;20358;Receitas Brutas Realizadas;1.6.0.0.00.00.00 - Receita de Serviços;siconfi-cor_RO1.6.0.0.00.00.00;52593,87
Prefeitura Municipal de Nhamundá - AM;1303007;AM;20358;Receitas Brutas Realizadas;1.6.0.0.41.00.00 - Serviços de Captação, Adução, Tratamento, Reserva e Distribuição de Água;siconfi-cor_RO1.6.0.0.41.00.00;52593,87
Prefeitura Municipal de Nhamundá - AM;1303007;AM;20358;Receitas Brutas Realizadas;1.7.0.0.00.00.00 - Transferências Correntes;siconfi-cor_RO1.7.0.0.00.00.00;37192871,72
Prefeitura Municipal de Nhamundá - AM;1303007;AM;20358;Receitas Brutas Realizadas;1.7.2.0.00.00.00 - Transferências Intergovernamentais;siconfi-cor_RO1.7.2.0.00.00.00;37192871,72
Prefeitura Municipal de Nhamundá - AM;1303007;AM;20358;Receitas Brutas Realizadas;1.7.2.1.00.00.00 - Transferências da União;siconfi-cor_RO1.7.2.1.00.00.00;19030268,23
Prefeitura Municipal de Nhamundá - AM;1303007;AM;20358;Receitas Brutas Realizadas;1.7.2.1.01.00.00 - Participação na Receita da União;siconfi-cor_RO1.7.2.1.01.00.00;14332592,61
Prefeitura Municipal de Nhamundá - AM;1303007;AM;20358;Receitas Brutas Realizadas;1.7.2.1.01.02.00 - Cota-Parte do Fundo de Participação dos Municípios ¿ FPM;siconfi-cor_RO1.7.2.1.01.02.00;13378686,83
Prefeitura Municipal de Nhamundá - AM;1303007;AM;20358;Receitas Brutas Realizadas;1.7.2.1.01.03.00 - Cota-Parte do Fundo de Participação dos Municípios - 1% Cota Anual;siconfi-cor_RO1.7.2.1.01.03.00;556040,01
Prefeitura Municipal de Nhamundá - AM;1303007;AM;20358;Receitas Brutas Realizadas;1.7.2.1.01.04.00 - Cota-Parte do Fundo de Participação dos Municípios - 1% Cota entregue no mês de julho (67)(I);siconfi-cor_RO1.7.2.1.01.04.00;395160,46
Prefeitura Municipal de Nhamundá - AM;1303007;AM;20358;Receitas Brutas Realizadas;1.7.2.1.01.05.00 - Cota-Parte do Imposto Sobre a Propriedade Territorial Rural ¿ ITR;siconfi-cor_RO1.7.2.1.01.05.00;2705,31
Prefeitura Municipal de Nhamundá - AM;1303007;AM;20358;Receitas Brutas Realizadas;1.7.2.1.22.00.00 - Transferências da Compensação Financeira pela Exploração de Recursos Naturais;siconfi-cor_RO1.7.2.1.22.00.00;112879
Prefeitura Municipal de Nhamundá - AM;1303007;AM;20358;Receitas Brutas Realizadas;1.7.2.1.22.70.00 - Cota-Parte do Fundo Especial do Petróleo ¿ FEP;siconfi-cor_RO1.7.2.1.22.70.00;112879
Prefeitura Municipal de Nhamundá - AM;1303007;AM;20358;Receitas Brutas Realizadas;1.7.2.1.33.00.00 - Transferências de Recursos do Sistema Único de Saúde - SUS - Repasses Fundo a Fundo;siconfi-cor_RO1.7.2.1.33.00.00;2900398,92
Prefeitura Municipal de Nhamundá - AM;1303007;AM;20358;Receitas Brutas Realizadas;1.7.2.1.34.00.00 - Transferências de Recursos do Fundo Nacional de Assistência Social ¿ FNAS;siconfi-cor_RO1.7.2.1.34.00.00;625295,68
Prefeitura Municipal de Nhamundá - AM;1303007;AM;20358;Receitas Brutas Realizadas;1.7.2.1.35.00.00 - Transferências de Recursos do Fundo Nacional do Desenvolvimento da Educação ¿ FNDE;siconfi-cor_RO1.7.2.1.35.00.00;1003662,05
Prefeitura Municipal de Nhamundá - AM;1303007;AM;20358;Receitas Brutas Realizadas;1.7.2.1.36.00.00 - Transferências Financeiras do ICMS ¿ Desoneração ¿ L.C. Nº 87/96;siconfi-cor_RO1.7.2.1.36.00.00;20155,68
Prefeitura Municipal de Nhamundá - AM;1303007;AM;20358;Receitas Brutas Realizadas;1.7.2.1.99.00.00 - Outras Transferências da União;siconfi-cor_RO1.7.2.1.99.00.00;35284,29
Prefeitura Municipal de Nhamundá - AM;1303007;AM;20358;Receitas Brutas Realizadas;1.7.2.2.00.00.00 - Transferências dos Estados;siconfi-cor_RO1.7.2.2.00.00.00;7687655,24
Prefeitura Municipal de Nhamundá - AM;1303007;AM;20358;Receitas Brutas Realizadas;1.7.2.2.01.00.00 - Participação na Receita dos Estados;siconfi-cor_RO1.7.2.2.01.00.00;7359143,21
Prefeitura Municipal de Nhamundá - AM;1303007;AM;20358;Receitas Brutas Realizadas;1.7.2.2.01.01.00 - Cota-Parte do ICMS;siconfi-cor_RO1.7.2.2.01.01.00;7273994,63
Prefeitura Municipal de Nhamundá - AM;1303007;AM;20358;Receitas Brutas Realizadas;1.7.2.2.01.02.00 - Cota-Parte do IPVA;siconfi-cor_RO1.7.2.2.01.02.00;14663,61
Prefeitura Municipal de Nhamundá - AM;1303007;AM;20358;Receitas Brutas Realizadas;1.7.2.2.01.04.00 - Cota-Parte do IPI - Municípios;siconfi-cor_RO1.7.2.2.01.04.00;29417,69
Prefeitura Municipal de Nhamundá - AM;1303007;AM;20358;Receitas Brutas Realizadas;1.7.2.2.01.13.00 - Cota-Parte da Contribuição de Intervenção no Domínio Econômico;siconfi-cor_RO1.7.2.2.01.13.00;41067,28
Prefeitura Municipal de Nhamundá - AM;1303007;AM;20358;Receitas Brutas Realizadas;1.7.2.2.22.00.00 - Transferências da Cota-Parte da Compensação Financeira (25%);siconfi-cor_RO1.7.2.2.22.00.00;84312,03
Prefeitura Municipal de Nhamundá - AM;1303007;AM;20358;Receitas Brutas Realizadas;1.7.2.2.22.30.00 - Cota-Parte Royalties - Compensação Financeira pela Produção de Petróleo - Lei nº 7.990/89 artigo 9º;siconfi-cor_RO1.7.2.2.22.30.00;84312,03
Prefeitura Municipal de Nhamundá - AM;1303007;AM;20358;Receitas Brutas Realizadas;1.7.2.2.33.00.00 - Transferências de Recursos do Estado para Programas de Saúde - Repasse Fundo a Fundo;siconfi-cor_RO1.7.2.2.33.00.00;244200
Prefeitura Municipal de Nhamundá - AM;1303007;AM;20358;Receitas Brutas Realizadas;1.7.2.4.00.00.00 - Transferências Multigovernamentais;siconfi-cor_RO1.7.2.4.00.00.00;10474948,25
Prefeitura Municipal de Nhamundá - AM;1303007;AM;20358;Receitas Brutas Realizadas;1.7.2.4.01.00.00 - Transferências de Recursos do Fundo de Manutenção e Desenvolvimento do Ensino Fundamental e de Valorização do Magistério - FUNDEB;siconfi-cor_RO1.7.2.4.01.00.00;8593818,57
Prefeitura Municipal de Nhamundá - AM;1303007;AM;20358;Receitas Brutas Realizadas;1.7.2.4.02.00.00 - Transferências de Recursos da Complementação ao Fundo de Manutenção e Desenvolvimento do Ensino Fundamental e de Valorização do Magistério - FUNDEB;siconfi-cor_RO1.7.2.4.02.00.00;1881129,68
Prefeitura Municipal de Nhamundá - AM;1303007;AM;20358;Receitas Brutas Realizadas;1.9.0.0.00.00.00 - Outras Receitas Correntes;siconfi-cor_RO1.9.0.0.00.00.00;290044,85
Prefeitura Municipal de Nhamundá - AM;1303007;AM;20358;Receitas Brutas Realizadas;1.9.9.0.00.00.00 - Receitas Diversas;siconfi-cor_RO1.9.9.0.00.00.00;290044,85
Prefeitura Municipal de Nhamundá - AM;1303007;AM;20358;Receitas Brutas Realizadas;1.9.9.0.98.00.00 - Outras Receitas Eventuais;siconfi-cor_RO1.9.9.0.98.00.00;290044,85
Prefeitura Municipal de Nhamundá - AM;1303007;AM;20358;Receitas Brutas Realizadas;2.0.0.0.00.00.00 - Receitas de Capital;siconfi-cor_RO2.0.0.0.00.00.00;2963133,67
Prefeitura Municipal de Nhamundá - AM;1303007;AM;20358;Receitas Brutas Realizadas;2.4.0.0.00.00.00 - Transferências de Capital;siconfi-cor_RO2.4.0.0.00.00.00;2963133,67
Prefeitura Municipal de Nhamundá - AM;1303007;AM;20358;Receitas Brutas Realizadas;2.4.2.0.00.00.00 - Transferências Intergovernamentais;siconfi-cor_RO2.4.2.0.00.00.00;2632765,16
Prefeitura Municipal de Nhamundá - AM;1303007;AM;20358;Receitas Brutas Realizadas;2.4.2.1.00.00.00 - Transferências da União;siconfi-cor_RO2.4.2.1.00.00.00;2632765,16
Prefeitura Municipal de Nhamundá - AM;1303007;AM;20358;Receitas Brutas Realizadas;2.4.2.1.01.00.00 - Participação na Receita da União;siconfi-cor_RO2.4.2.1.01.00.00;300000
Prefeitura Municipal de Nhamundá - AM;1303007;AM;20358;Receitas Brutas Realizadas;2.4.2.1.02.00.00 - Transferências de Recursos Destinados a Programas de Educação;siconfi-cor_RO2.4.2.1.02.00.00;2332765,16
Prefeitura Municipal de Nhamundá - AM;1303007;AM;20358;Receitas Brutas Realizadas;2.4.7.0.00.00.00 - Transferências de Convênios;siconfi-cor_RO2.4.7.0.00.00.00;330368,51
Prefeitura Municipal de Nhamundá - AM;1303007;AM;20358;Receitas Brutas Realizadas;2.4.7.1.00.00.00 - Transferências de Convênios da União e de suas Entidades;siconfi-cor_RO2.4.7.1.00.00.00;330368,51
Prefeitura Municipal de Nhamundá - AM;1303007;AM;20358;Receitas Brutas Realizadas;2.4.7.1.02.00.00 - Transferências de Convênios da União Destinadas a Programas de Educação;siconfi-cor_RO2.4.7.1.02.00.00;330368,51
Prefeitura Municipal de Nhamundá - AM;1303007;AM;20358;Deduções - FUNDEB;Total Receitas;siconfi-cor_TotalReceitas;4137034,22
Prefeitura Municipal de Nhamundá - AM;1303007;AM;20358;Deduções - FUNDEB;1.0.0.0.00.00.00 - Receitas Correntes;siconfi-cor_RO1.0.0.0.00.00.00;4137034,22
Prefeitura Municipal de Nhamundá - AM;1303007;AM;20358;Deduções - FUNDEB;1.7.0.0.00.00.00 - Transferências Correntes;siconfi-cor_RO1.7.0.0.00.00.00;4137034,22
Prefeitura Municipal de Nhamundá - AM;1303007;AM;20358;Deduções - FUNDEB;1.7.2.0.00.00.00 - Transferências Intergovernamentais;siconfi-cor_RO1.7.2.0.00.00.00;4137034,22
Prefeitura Municipal de Nhamundá - AM;1303007;AM;20358;Deduções - FUNDEB;1.7.2.1.00.00.00 - Transferências da União;siconfi-cor_RO1.7.2.1.00.00.00;2673419,36
Prefeitura Municipal de Nhamundá - AM;1303007;AM;20358;Deduções - FUNDEB;1.7.2.1.01.00.00 - Participação na Receita da União;siconfi-cor_RO1.7.2.1.01.00.00;2669388,32
Prefeitura Municipal de Nhamundá - AM;1303007;AM;20358;Deduções - FUNDEB;1.7.2.1.01.02.00 - Cota-Parte do Fundo de Participação dos Municípios ¿ FPM;siconfi-cor_RO1.7.2.1.01.02.00;2668847,36
Prefeitura Municipal de Nhamundá - AM;1303007;AM;20358;Deduções - FUNDEB;1.7.2.1.01.05.00 - Cota-Parte do Imposto Sobre a Propriedade Territorial Rural ¿ ITR;siconfi-cor_RO1.7.2.1.01.05.00;540,96
Prefeitura Municipal de Nhamundá - AM;1303007;AM;20358;Deduções - FUNDEB;1.7.2.1.36.00.00 - Transferências Financeiras do ICMS ¿ Desoneração ¿ L.C. Nº 87/96;siconfi-cor_RO1.7.2.1.36.00.00;4031,04
Prefeitura Municipal de Nhamundá - AM;1303007;AM;20358;Deduções - FUNDEB;1.7.2.2.00.00.00 - Transferências dos Estados;siconfi-cor_RO1.7.2.2.00.00.00;1463614,86
Prefeitura Municipal de Nhamundá - AM;1303007;AM;20358;Deduções - FUNDEB;1.7.2.2.01.00.00 - Participação na Receita dos Estados;siconfi-cor_RO1.7.2.2.01.00.00;1463614,86
Prefeitura Municipal de Nhamundá - AM;1303007;AM;20358;Deduções - FUNDEB;1.7.2.2.01.01.00 - Cota-Parte do ICMS;siconfi-cor_RO1.7.2.2.01.01.00;1454798,91
Prefeitura Municipal de Nhamundá - AM;1303007;AM;20358;Deduções - FUNDEB;1.7.2.2.01.02.00 - Cota-Parte do IPVA;siconfi-cor_RO1.7.2.2.01.02.00;2932,41
Prefeitura Municipal de Nhamundá - AM;1303007;AM;20358;Deduções - FUNDEB;1.7.2.2.01.04.00 - Cota-Parte do IPI - Municípios;siconfi-cor_RO1.7.2.2.01.04.00;5883,54
Prefeitura Municipal de Autazes - AM;1300300;AM;37033;Receitas Brutas Realizadas;Total Receitas;siconfi-cor_TotalReceitas;69985769,77
Prefeitura Municipal de Autazes - AM;1300300;AM;37033;Receitas Brutas Realizadas;1.0.0.0.00.00.00 - Receitas Correntes;siconfi-cor_RO1.0.0.0.00.00.00;69579836,71
Prefeitura Municipal de Autazes - AM;1300300;AM;37033;Receitas Brutas Realizadas;1.1.0.0.00.00.00 - Receita Tributária;siconfi-cor_RO1.1.0.0.00.00.00;1166071,92
Prefeitura Municipal de Autazes - AM;1300300;AM;37033;Receitas Brutas Realizadas;1.1.1.0.00.00.00 - Impostos;siconfi-cor_RO1.1.1.0.00.00.00;1133223,36
Prefeitura Municipal de Autazes - AM;1300300;AM;37033;Receitas Brutas Realizadas;1.1.1.2.00.00.00 - Impostos sobre o Patrimônio e a Renda;siconfi-cor_RO1.1.1.2.00.00.00;800919,19
Prefeitura Municipal de Autazes - AM;1300300;AM;37033;Receitas Brutas Realizadas;1.1.1.2.02.00.00 - Imposto sobre a Propriedade Predial e Territorial Urbana ¿ IPTU;siconfi-cor_RO1.1.1.2.02.00.00;20313,19
Prefeitura Municipal de Autazes - AM;1300300;AM;37033;Receitas Brutas Realizadas;1.1.1.2.04.00.00 - Imposto sobre a Renda e Proventos de Qualquer Natureza ¿ IR;siconfi-cor_RO1.1.1.2.04.00.00;771942,31
Prefeitura Municipal de Autazes - AM;1300300;AM;37033;Receitas Brutas Realizadas;1.1.1.2.04.31.00 - Retido nas Fontes - Trabalho;siconfi-cor_RO1.1.1.2.04.31.00;675044,28
Prefeitura Municipal de Autazes - AM;1300300;AM;37033;Receitas Brutas Realizadas;1.1.1.2.04.34.00 - Retido nas Fontes - Outros Rendimentos;siconfi-cor_RO1.1.1.2.04.34.00;96898,03
Prefeitura Municipal de Autazes - AM;1300300;AM;37033;Receitas Brutas Realizadas;"1.1.1.2.08.00.00 - Imposto sobre Transmissão Inter Vivos"" de Bens Imóveis e de Direitos Reais sobre Imóveis ¿ ITBI""";siconfi-cor_RO1.1.1.2.08.00.00;8663,69
Prefeitura Municipal de Autazes - AM;1300300;AM;37033;Receitas Brutas Realizadas;1.1.1.3.00.00.00 - Impostos sobre a Produção e a Circulação;siconfi-cor_RO1.1.1.3.00.00.00;332304,17
Prefeitura Municipal de Autazes - AM;1300300;AM;37033;Receitas Brutas Realizadas;1.1.1.3.05.00.00 - Imposto sobre Serviços de Qualquer Natureza ¿ ISSQN;siconfi-cor_RO1.1.1.3.05.00.00;332304,17
Prefeitura Municipal de Autazes - AM;1300300;AM;37033;Receitas Brutas Realizadas;1.1.2.0.00.00.00 - Taxas;siconfi-cor_RO1.1.2.0.00.00.00;32848,56
Prefeitura Municipal de Autazes - AM;1300300;AM;37033;Receitas Brutas Realizadas;1.1.2.1.00.00.00 - Taxas pelo Exercício do Poder de Polícia;siconfi-cor_RO1.1.2.1.00.00.00;32848,56
Prefeitura Municipal de Autazes - AM;1300300;AM;37033;Receitas Brutas Realizadas;1.3.0.0.00.00.00 - Receita Patrimonial;siconfi-cor_RO1.3.0.0.00.00.00;174887,66
Prefeitura Municipal de Autazes - AM;1300300;AM;37033;Receitas Brutas Realizadas;1.3.2.0.00.00.00 - Receitas de Valores Mobiliários;siconfi-cor_RO1.3.2.0.00.00.00;174887,66
Prefeitura Municipal de Autazes - AM;1300300;AM;37033;Receitas Brutas Realizadas;1.3.2.5.00.00.00 - Remuneração de Depósitos Bancários;siconfi-cor_RO1.3.2.5.00.00.00;174887,66
Prefeitura Municipal de Autazes - AM;1300300;AM;37033;Receitas Brutas Realizadas;1.7.0.0.00.00.00 - Transferências Correntes;siconfi-cor_RO1.7.0.0.00.00.00;65463152,66
Prefeitura Municipal de Autazes - AM;1300300;AM;37033;Receitas Brutas Realizadas;1.7.2.0.00.00.00 - Transferências Intergovernamentais;siconfi-cor_RO1.7.2.0.00.00.00;65095559,25
Prefeitura Municipal de Autazes - AM;1300300;AM;37033;Receitas Brutas Realizadas;1.7.2.1.00.00.00 - Transferências da União;siconfi-cor_RO1.7.2.1.00.00.00;31074657,61
Prefeitura Municipal de Autazes - AM;1300300;AM;37033;Receitas Brutas Realizadas;1.7.2.1.01.00.00 - Participação na Receita da União;siconfi-cor_RO1.7.2.1.01.00.00;20078189,76
Prefeitura Municipal de Autazes - AM;1300300;AM;37033;Receitas Brutas Realizadas;1.7.2.1.01.02.00 - Cota-Parte do Fundo de Participação dos Municípios ¿ FPM;siconfi-cor_RO1.7.2.1.01.02.00;19288529,48
Prefeitura Municipal de Autazes - AM;1300300;AM;37033;Receitas Brutas Realizadas;1.7.2.1.01.05.00 - Cota-Parte do Imposto Sobre a Propriedade Territorial Rural ¿ ITR;siconfi-cor_RO1.7.2.1.01.05.00;789660,28
Prefeitura Municipal de Autazes - AM;1300300;AM;37033;Receitas Brutas Realizadas;1.7.2.1.22.00.00 - Transferências da Compensação Financeira pela Exploração de Recursos Naturais;siconfi-cor_RO1.7.2.1.22.00.00;222601,5
Prefeitura Municipal de Autazes - AM;1300300;AM;37033;Receitas Brutas Realizadas;1.7.2.1.22.30.00 - Cota-Parte Royalties ¿ Compensação Financeira pela Produção de Petróleo ¿ Lei nº 7.990/89;siconfi-cor_RO1.7.2.1.22.30.00;114809,18
Prefeitura Municipal de Autazes - AM;1300300;AM;37033;Receitas Brutas Realizadas;1.7.2.1.22.70.00 - Cota-Parte do Fundo Especial do Petróleo ¿ FEP;siconfi-cor_RO1.7.2.1.22.70.00;107792,32
Prefeitura Municipal de Autazes - AM;1300300;AM;37033;Receitas Brutas Realizadas;1.7.2.1.33.00.00 - Transferências de Recursos do Sistema Único de Saúde - SUS - Repasses Fundo a Fundo;siconfi-cor_RO1.7.2.1.33.00.00;7708411,58
Prefeitura Municipal de Autazes - AM;1300300;AM;37033;Receitas Brutas Realizadas;1.7.2.1.34.00.00 - Transferências de Recursos do Fundo Nacional de Assistência Social ¿ FNAS;siconfi-cor_RO1.7.2.1.34.00.00;659810,42
Prefeitura Municipal de Autazes - AM;1300300;AM;37033;Receitas Brutas Realizadas;1.7.2.1.35.00.00 - Transferências de Recursos do Fundo Nacional do Desenvolvimento da Educação ¿ FNDE;siconfi-cor_RO1.7.2.1.35.00.00;2325100,37
Prefeitura Municipal de Autazes - AM;1300300;AM;37033;Receitas Brutas Realizadas;1.7.2.1.36.00.00 - Transferências Financeiras do ICMS ¿ Desoneração ¿ L.C. Nº 87/96;siconfi-cor_RO1.7.2.1.36.00.00;28957,59
Prefeitura Municipal de Autazes - AM;1300300;AM;37033;Receitas Brutas Realizadas;1.7.2.1.99.00.00 - Outras Transferências da União;siconfi-cor_RO1.7.2.1.99.00.00;51586,39
Prefeitura Municipal de Autazes - AM;1300300;AM;37033;Receitas Brutas Realizadas;1.7.2.2.00.00.00 - Transferências dos Estados;siconfi-cor_RO1.7.2.2.00.00.00;9567803,96
Prefeitura Municipal de Autazes - AM;1300300;AM;37033;Receitas Brutas Realizadas;1.7.2.2.01.00.00 - Participação na Receita dos Estados;siconfi-cor_RO1.7.2.2.01.00.00;9397973,96
Prefeitura Municipal de Autazes - AM;1300300;AM;37033;Receitas Brutas Realizadas;1.7.2.2.01.01.00 - Cota-Parte do ICMS;siconfi-cor_RO1.7.2.2.01.01.00;9332493,98
Prefeitura Municipal de Autazes - AM;1300300;AM;37033;Receitas Brutas Realizadas;1.7.2.2.01.02.00 - Cota-Parte do IPVA;siconfi-cor_RO1.7.2.2.01.02.00;49376,75
Prefeitura Municipal de Autazes - AM;1300300;AM;37033;Receitas Brutas Realizadas;1.7.2.2.01.13.00 - Cota-Parte da Contribuição de Intervenção no Domínio Econômico;siconfi-cor_RO1.7.2.2.01.13.00;16103,23
Prefeitura Municipal de Autazes - AM;1300300;AM;37033;Receitas Brutas Realizadas;1.7.2.2.33.00.00 - Transferências de Recursos do Estado para Programas de Saúde - Repasse Fundo a Fundo;siconfi-cor_RO1.7.2.2.33.00.00;169830
Prefeitura Municipal de Autazes - AM;1300300;AM;37033;Receitas Brutas Realizadas;1.7.2.4.00.00.00 - Transferências Multigovernamentais;siconfi-cor_RO1.7.2.4.00.00.00;24453097,68
Prefeitura Municipal de Autazes - AM;1300300;AM;37033;Receitas Brutas Realizadas;1.7.2.4.01.00.00 - Transferências de Recursos do Fundo de Manutenção e Desenvolvimento do Ensino Fundamental e de Valorização do Magistério - FUNDEB;siconfi-cor_RO1.7.2.4.01.00.00;18929887,31
Prefeitura Municipal de Autazes - AM;1300300;AM;37033;Receitas Brutas Realizadas;1.7.2.4.02.00.00 - Transferências de Recursos da Complementação ao Fundo de Manutenção e Desenvolvimento do Ensino Fundamental e de Valorização do Magistério - FUNDEB;siconfi-cor_RO1.7.2.4.02.00.00;5523210,37
Prefeitura Municipal de Autazes - AM;1300300;AM;37033;Receitas Brutas Realizadas;1.7.6.0.00.00.00 - Transferências de Convênios;siconfi-cor_RO1.7.6.0.00.00.00;367593,41
Prefeitura Municipal de Autazes - AM;1300300;AM;37033;Receitas Brutas Realizadas;1.7.6.4.00.00.00 - Transferências de Convênios de Instituições Privadas;siconfi-cor_RO1.7.6.4.00.00.00;367593,41
Prefeitura Municipal de Autazes - AM;1300300;AM;37033;Receitas Brutas Realizadas;1.9.0.0.00.00.00 - Outras Receitas Correntes;siconfi-cor_RO1.9.0.0.00.00.00;2775724,47
Prefeitura Municipal de Autazes - AM;1300300;AM;37033;Receitas Brutas Realizadas;1.9.1.0.00.00.00 - Multas e Juros de Mora;siconfi-cor_RO1.9.1.0.00.00.00;16894,87
Prefeitura Municipal de Autazes - AM;1300300;AM;37033;Receitas Brutas Realizadas;1.9.1.5.00.00.00 - Multas e Juros de Mora da Dívida Ativa de Outras Receitas;siconfi-cor_RO1.9.1.5.00.00.00;367,62
Prefeitura Municipal de Autazes - AM;1300300;AM;37033;Receitas Brutas Realizadas;1.9.1.5.99.00.00 - Outras Multas e Juros de Mora da Dívida Ativa de Outras Receitas;siconfi-cor_RO1.9.1.5.99.00.00;367,62
Prefeitura Municipal de Autazes - AM;1300300;AM;37033;Receitas Brutas Realizadas;1.9.1.9.00.00.00 - Multas de Outras Origens;siconfi-cor_RO1.9.1.9.00.00.00;16527,25
Prefeitura Municipal de Autazes - AM;1300300;AM;37033;Receitas Brutas Realizadas;1.9.2.0.00.00.00 - Indenizações e Restituições;siconfi-cor_RO1.9.2.0.00.00.00;301121,06
Prefeitura Municipal de Autazes - AM;1300300;AM;37033;Receitas Brutas Realizadas;1.9.2.1.00.00.00 - Indenizações;siconfi-cor_RO1.9.2.1.00.00.00;264946,64
Prefeitura Municipal de Autazes - AM;1300300;AM;37033;Receitas Brutas Realizadas;1.9.2.2.00.00.00 - Restituições;siconfi-cor_RO1.9.2.2.00.00.00;36174,42
Prefeitura Municipal de Autazes - AM;1300300;AM;37033;Receitas Brutas Realizadas;1.9.2.2.07.00.00 - Recuperação de Despesas de Exercícios Anteriores;siconfi-cor_RO1.9.2.2.07.00.00;36174,42
Prefeitura Municipal de Autazes - AM;1300300;AM;37033;Receitas Brutas Realizadas;1.9.3.0.00.00.00 - Receita da Dívida Ativa;siconfi-cor_RO1.9.3.0.00.00.00;5910,48
Prefeitura Municipal de Autazes - AM;1300300;AM;37033;Receitas Brutas Realizadas;1.9.3.2.00.00.00 - Receita da Dívida Ativa Não Tributária;siconfi-cor_RO1.9.3.2.00.00.00;5910,48
Prefeitura Municipal de Autazes - AM;1300300;AM;37033;Receitas Brutas Realizadas;1.9.3.2.38.00.00 - Receita da Dívida Ativa de Ressarcimento ao Erário;siconfi-cor_RO1.9.3.2.38.00.00;5910,48
Prefeitura Municipal de Autazes - AM;1300300;AM;37033;Receitas Brutas Realizadas;1.9.9.0.00.00.00 - Receitas Diversas;siconfi-cor_RO1.9.9.0.00.00.00;2451798,06
Prefeitura Municipal de Autazes - AM;1300300;AM;37033;Receitas Brutas Realizadas;1.9.9.0.99.00.00 - Outras Receitas;siconfi-cor_RO1.9.9.0.99.00.00;2451798,06
Prefeitura Municipal de Autazes - AM;1300300;AM;37033;Receitas Brutas Realizadas;2.0.0.0.00.00.00 - Receitas de Capital;siconfi-cor_RO2.0.0.0.00.00.00;405933,06
Prefeitura Municipal de Autazes - AM;1300300;AM;37033;Receitas Brutas Realizadas;2.4.0.0.00.00.00 - Transferências de Capital;siconfi-cor_RO2.4.0.0.00.00.00;405933,06
Prefeitura Municipal de Autazes - AM;1300300;AM;37033;Receitas Brutas Realizadas;2.4.7.0.00.00.00 - Transferências de Convênios;siconfi-cor_RO2.4.7.0.00.00.00;405933,06
Prefeitura Municipal de Autazes - AM;1300300;AM;37033;Receitas Brutas Realizadas;2.4.7.1.00.00.00 - Transferências de Convênios da União e de suas Entidades;siconfi-cor_RO2.4.7.1.00.00.00;405933,06
Prefeitura Municipal de Autazes - AM;1300300;AM;37033;Receitas Brutas Realizadas;2.4.7.1.99.00.00 - Outras Transferências de Convênios da União;siconfi-cor_RO2.4.7.1.99.00.00;405933,06
Prefeitura Municipal de Autazes - AM;1300300;AM;37033;Deduções - FUNDEB;Total Receitas;siconfi-cor_TotalReceitas;5524807,58
Prefeitura Municipal de Autazes - AM;1300300;AM;37033;Deduções - FUNDEB;1.0.0.0.00.00.00 - Receitas Correntes;siconfi-cor_RO1.0.0.0.00.00.00;5524807,58
Prefeitura Municipal de Autazes - AM;1300300;AM;37033;Deduções - FUNDEB;1.7.0.0.00.00.00 - Transferências Correntes;siconfi-cor_RO1.7.0.0.00.00.00;5524807,58
Prefeitura Municipal de Autazes - AM;1300300;AM;37033;Deduções - FUNDEB;1.7.2.0.00.00.00 - Transferências Intergovernamentais;siconfi-cor_RO1.7.2.0.00.00.00;5524807,58
Prefeitura Municipal de Autazes - AM;1300300;AM;37033;Deduções - FUNDEB;1.7.2.1.00.00.00 - Transferências da União;siconfi-cor_RO1.7.2.1.00.00.00;3791086,13
Prefeitura Municipal de Autazes - AM;1300300;AM;37033;Deduções - FUNDEB;1.7.2.1.01.00.00 - Participação na Receita da União;siconfi-cor_RO1.7.2.1.01.00.00;3788964,72
Prefeitura Municipal de Autazes - AM;1300300;AM;37033;Deduções - FUNDEB;1.7.2.1.01.02.00 - Cota-Parte do Fundo de Participação dos Municípios ¿ FPM;siconfi-cor_RO1.7.2.1.01.02.00;3788146,52
Prefeitura Municipal de Autazes - AM;1300300;AM;37033;Deduções - FUNDEB;1.7.2.1.01.05.00 - Cota-Parte do Imposto Sobre a Propriedade Territorial Rural ¿ ITR;siconfi-cor_RO1.7.2.1.01.05.00;818,2
Prefeitura Municipal de Autazes - AM;1300300;AM;37033;Deduções - FUNDEB;1.7.2.1.36.00.00 - Transferências Financeiras do ICMS ¿ Desoneração ¿ L.C. Nº 87/96;siconfi-cor_RO1.7.2.1.36.00.00;2121,41
Prefeitura Municipal de Autazes - AM;1300300;AM;37033;Deduções - FUNDEB;1.7.2.2.00.00.00 - Transferências dos Estados;siconfi-cor_RO1.7.2.2.00.00.00;1733721,45
Prefeitura Municipal de Autazes - AM;1300300;AM;37033;Deduções - FUNDEB;1.7.2.2.01.00.00 - Participação na Receita dos Estados;siconfi-cor_RO1.7.2.2.01.00.00;1733721,45
Prefeitura Municipal de Autazes - AM;1300300;AM;37033;Deduções - FUNDEB;1.7.2.2.01.01.00 - Cota-Parte do ICMS;siconfi-cor_RO1.7.2.2.01.01.00;1733721,45
Prefeitura Municipal de Caapiranga - AM;1300839;AM;12420;Receitas Brutas Realizadas;Total Receitas;siconfi-cor_TotalReceitas;29923160,35
Prefeitura Municipal de Caapiranga - AM;1300839;AM;12420;Receitas Brutas Realizadas;1.0.0.0.00.00.00 - Receitas Correntes;siconfi-cor_RO1.0.0.0.00.00.00;29023421,8
Prefeitura Municipal de Caapiranga - AM;1300839;AM;12420;Receitas Brutas Realizadas;1.1.0.0.00.00.00 - Receita Tributária;siconfi-cor_RO1.1.0.0.00.00.00;440116,69
Prefeitura Municipal de Caapiranga - AM;1300839;AM;12420;Receitas Brutas Realizadas;1.1.1.0.00.00.00 - Impostos;siconfi-cor_RO1.1.1.0.00.00.00;436750,17
Prefeitura Municipal de Caapiranga - AM;1300839;AM;12420;Receitas Brutas Realizadas;1.1.1.2.00.00.00 - Impostos sobre o Patrimônio e a Renda;siconfi-cor_RO1.1.1.2.00.00.00;208397,01
Prefeitura Municipal de Caapiranga - AM;1300839;AM;12420;Receitas Brutas Realizadas;1.1.1.2.02.00.00 - Imposto sobre a Propriedade Predial e Territorial Urbana ¿ IPTU;siconfi-cor_RO1.1.1.2.02.00.00;2004,01
Prefeitura Municipal de Caapiranga - AM;1300839;AM;12420;Receitas Brutas Realizadas;1.1.1.2.04.00.00 - Imposto sobre a Renda e Proventos de Qualquer Natureza ¿ IR;siconfi-cor_RO1.1.1.2.04.00.00;206146,01
Prefeitura Municipal de Caapiranga - AM;1300839;AM;12420;Receitas Brutas Realizadas;1.1.1.2.04.31.00 - Retido nas Fontes - Trabalho;siconfi-cor_RO1.1.1.2.04.31.00;191258,35
Prefeitura Municipal de Caapiranga - AM;1300839;AM;12420;Receitas Brutas Realizadas;1.1.1.2.04.34.00 - Retido nas Fontes - Outros Rendimentos;siconfi-cor_RO1.1.1.2.04.34.00;14887,66
Prefeitura Municipal de Caapiranga - AM;1300839;AM;12420;Receitas Brutas Realizadas;"1.1.1.2.08.00.00 - Imposto sobre Transmissão Inter Vivos"" de Bens Imóveis e de Direitos Reais sobre Imóveis ¿ ITBI""";siconfi-cor_RO1.1.1.2.08.00.00;246,99
Prefeitura Municipal de Caapiranga - AM;1300839;AM;12420;Receitas Brutas Realizadas;1.1.1.3.00.00.00 - Impostos sobre a Produção e a Circulação;siconfi-cor_RO1.1.1.3.00.00.00;228353,16
Prefeitura Municipal de Caapiranga - AM;1300839;AM;12420;Receitas Brutas Realizadas;1.1.1.3.05.00.00 - Imposto sobre Serviços de Qualquer Natureza ¿ ISSQN;siconfi-cor_RO1.1.1.3.05.00.00;228353,16
Prefeitura Municipal de Caapiranga - AM;1300839;AM;12420;Receitas Brutas Realizadas;1.1.2.0.00.00.00 - Taxas;siconfi-cor_RO1.1.2.0.00.00.00;3366,52
Prefeitura Municipal de Caapiranga - AM;1300839;AM;12420;Receitas Brutas Realizadas;1.1.2.1.00.00.00 - Taxas pelo Exercício do Poder de Polícia;siconfi-cor_RO1.1.2.1.00.00.00;2194,67
Prefeitura Municipal de Caapiranga - AM;1300839;AM;12420;Receitas Brutas Realizadas;1.1.2.2.00.00.00 - Taxas pela Prestação de Serviços;siconfi-cor_RO1.1.2.2.00.00.00;1171,85
Prefeitura Municipal de Caapiranga - AM;1300839;AM;12420;Receitas Brutas Realizadas;1.1.2.2.99.00.00 - Outras Taxas pela Prestação de Serviços;siconfi-cor_RO1.1.2.2.99.00.00;1171,85
Prefeitura Municipal de Caapiranga - AM;1300839;AM;12420;Receitas Brutas Realizadas;1.2.0.0.00.00.00 - Receitas de Contribuições;siconfi-cor_RO1.2.0.0.00.00.00;200145,73
Prefeitura Municipal de Caapiranga - AM;1300839;AM;12420;Receitas Brutas Realizadas;1.2.1.0.00.00.00 - Contribuições Sociais;siconfi-cor_RO1.2.1.0.00.00.00;200145,73
Prefeitura Municipal de Caapiranga - AM;1300839;AM;12420;Receitas Brutas Realizadas;1.2.1.0.29.00.00 - Contribuições para o Regime Próprio de Previdência do Servidor Público;siconfi-cor_RO1.2.1.0.29.00.00;200145,73
Prefeitura Municipal de Caapiranga - AM;1300839;AM;12420;Receitas Brutas Realizadas;1.2.1.0.29.07.00 - Contribuição do Servidor Ativo Civil para o Regime Próprio;siconfi-cor_RO1.2.1.0.29.07.00;200145,73
Prefeitura Municipal de Caapiranga - AM;1300839;AM;12420;Receitas Brutas Realizadas;1.3.0.0.00.00.00 - Receita Patrimonial;siconfi-cor_RO1.3.0.0.00.00.00;383184,4
Prefeitura Municipal de Caapiranga - AM;1300839;AM;12420;Receitas Brutas Realizadas;1.3.2.0.00.00.00 - Receitas de Valores Mobiliários;siconfi-cor_RO1.3.2.0.00.00.00;383184,4
Prefeitura Municipal de Caapiranga - AM;1300839;AM;12420;Receitas Brutas Realizadas;1.3.2.5.00.00.00 - Remuneração de Depósitos Bancários;siconfi-cor_RO1.3.2.5.00.00.00;102032,19
Prefeitura Municipal de Caapiranga - AM;1300839;AM;12420;Receitas Brutas Realizadas;1.3.2.8.00.00.00 - Remuneração dos Investimentos do Regime Próprio de Previdência do Servidor;siconfi-cor_RO1.3.2.8.00.00.00;281152,21
Prefeitura Municipal de Caapiranga - AM;1300839;AM;12420;Receitas Brutas Realizadas;1.7.0.0.00.00.00 - Transferências Correntes;siconfi-cor_RO1.7.0.0.00.00.00;27992308,67
Prefeitura Municipal de Caapiranga - AM;1300839;AM;12420;Receitas Brutas Realizadas;1.7.2.0.00.00.00 - Transferências Intergovernamentais;siconfi-cor_RO1.7.2.0.00.00.00;27992308,67
Prefeitura Municipal de Caapiranga - AM;1300839;AM;12420;Receitas Brutas Realizadas;1.7.2.1.00.00.00 - Transferências da União;siconfi-cor_RO1.7.2.1.00.00.00;13599825,1
Prefeitura Municipal de Caapiranga - AM;1300839;AM;12420;Receitas Brutas Realizadas;1.7.2.1.01.00.00 - Participação na Receita da União;siconfi-cor_RO1.7.2.1.01.00.00;9555799,19
Prefeitura Municipal de Caapiranga - AM;1300839;AM;12420;Receitas Brutas Realizadas;1.7.2.1.01.02.00 - Cota-Parte do Fundo de Participação dos Municípios ¿ FPM;siconfi-cor_RO1.7.2.1.01.02.00;8919124,54
Prefeitura Municipal de Caapiranga - AM;1300839;AM;12420;Receitas Brutas Realizadas;1.7.2.1.01.03.00 - Cota-Parte do Fundo de Participação dos Municípios - 1% Cota Anual;siconfi-cor_RO1.7.2.1.01.03.00;370693,34
Prefeitura Municipal de Caapiranga - AM;1300839;AM;12420;Receitas Brutas Realizadas;1.7.2.1.01.04.00 - Cota-Parte do Fundo de Participação dos Municípios - 1% Cota entregue no mês de julho (67)(I);siconfi-cor_RO1.7.2.1.01.04.00;263440,3
Prefeitura Municipal de Caapiranga - AM;1300839;AM;12420;Receitas Brutas Realizadas;1.7.2.1.01.05.00 - Cota-Parte do Imposto Sobre a Propriedade Territorial Rural ¿ ITR;siconfi-cor_RO1.7.2.1.01.05.00;2541,01
Prefeitura Municipal de Caapiranga - AM;1300839;AM;12420;Receitas Brutas Realizadas;1.7.2.1.22.00.00 - Transferências da Compensação Financeira pela Exploração de Recursos Naturais;siconfi-cor_RO1.7.2.1.22.00.00;846605,25
Prefeitura Municipal de Caapiranga - AM;1300839;AM;12420;Receitas Brutas Realizadas;1.7.2.1.22.40.00 - Cota-Parte Royalties pelo Excedente da Produção do Petróleo - Lei nº 9.478/97 artigo 49 I e II;siconfi-cor_RO1.7.2.1.22.40.00;771352,6
Prefeitura Municipal de Caapiranga - AM;1300839;AM;12420;Receitas Brutas Realizadas;1.7.2.1.22.70.00 - Cota-Parte do Fundo Especial do Petróleo ¿ FEP;siconfi-cor_RO1.7.2.1.22.70.00;75252,65
Prefeitura Municipal de Caapiranga - AM;1300839;AM;12420;Receitas Brutas Realizadas;1.7.2.1.33.00.00 - Transferências de Recursos do Sistema Único de Saúde - SUS - Repasses Fundo a Fundo;siconfi-cor_RO1.7.2.1.33.00.00;2147257,82
Prefeitura Municipal de Caapiranga - AM;1300839;AM;12420;Receitas Brutas Realizadas;1.7.2.1.34.00.00 - Transferências de Recursos do Fundo Nacional de Assistência Social ¿ FNAS;siconfi-cor_RO1.7.2.1.34.00.00;223449,06
Prefeitura Municipal de Caapiranga - AM;1300839;AM;12420;Receitas Brutas Realizadas;1.7.2.1.35.00.00 - Transferências de Recursos do Fundo Nacional do Desenvolvimento da Educação ¿ FNDE;siconfi-cor_RO1.7.2.1.35.00.00;782247,75
Prefeitura Municipal de Caapiranga - AM;1300839;AM;12420;Receitas Brutas Realizadas;1.7.2.1.36.00.00 - Transferências Financeiras do ICMS ¿ Desoneração ¿ L.C. Nº 87/96;siconfi-cor_RO1.7.2.1.36.00.00;16166,04
Prefeitura Municipal de Caapiranga - AM;1300839;AM;12420;Receitas Brutas Realizadas;1.7.2.1.99.00.00 - Outras Transferências da União;siconfi-cor_RO1.7.2.1.99.00.00;28299,99
Prefeitura Municipal de Caapiranga - AM;1300839;AM;12420;Receitas Brutas Realizadas;1.7.2.2.00.00.00 - Transferências dos Estados;siconfi-cor_RO1.7.2.2.00.00.00;6149783,54
Prefeitura Municipal de Caapiranga - AM;1300839;AM;12420;Receitas Brutas Realizadas;1.7.2.2.01.00.00 - Participação na Receita dos Estados;siconfi-cor_RO1.7.2.2.01.00.00;5900699,33
Prefeitura Municipal de Caapiranga - AM;1300839;AM;12420;Receitas Brutas Realizadas;1.7.2.2.01.01.00 - Cota-Parte do ICMS;siconfi-cor_RO1.7.2.2.01.01.00;5834154,54
Prefeitura Municipal de Caapiranga - AM;1300839;AM;12420;Receitas Brutas Realizadas;1.7.2.2.01.02.00 - Cota-Parte do IPVA;siconfi-cor_RO1.7.2.2.01.02.00;16266,37
Prefeitura Municipal de Caapiranga - AM;1300839;AM;12420;Receitas Brutas Realizadas;1.7.2.2.01.04.00 - Cota-Parte do IPI - Municípios;siconfi-cor_RO1.7.2.2.01.04.00;23594,68
Prefeitura Municipal de Caapiranga - AM;1300839;AM;12420;Receitas Brutas Realizadas;1.7.2.2.01.13.00 - Cota-Parte da Contribuição de Intervenção no Domínio Econômico;siconfi-cor_RO1.7.2.2.01.13.00;26683,74
Prefeitura Municipal de Caapiranga - AM;1300839;AM;12420;Receitas Brutas Realizadas;1.7.2.2.22.00.00 - Transferências da Cota-Parte da Compensação Financeira (25%);siconfi-cor_RO1.7.2.2.22.00.00;67623,01
Prefeitura Municipal de Caapiranga - AM;1300839;AM;12420;Receitas Brutas Realizadas;1.7.2.2.22.30.00 - Cota-Parte Royalties - Compensação Financeira pela Produção de Petróleo - Lei nº 7.990/89 artigo 9º;siconfi-cor_RO1.7.2.2.22.30.00;67623,01
Prefeitura Municipal de Caapiranga - AM;1300839;AM;12420;Receitas Brutas Realizadas;1.7.2.2.33.00.00 - Transferências de Recursos do Estado para Programas de Saúde - Repasse Fundo a Fundo;siconfi-cor_RO1.7.2.2.33.00.00;181461,2
Prefeitura Municipal de Caapiranga - AM;1300839;AM;12420;Receitas Brutas Realizadas;1.7.2.4.00.00.00 - Transferências Multigovernamentais;siconfi-cor_RO1.7.2.4.00.00.00;8242700,03
Prefeitura Municipal de Caapiranga - AM;1300839;AM;12420;Receitas Brutas Realizadas;1.7.2.4.01.00.00 - Transferências de Recursos do Fundo de Manutenção e Desenvolvimento do Ensino Fundamental e de Valorização do Magistério - FUNDEB;siconfi-cor_RO1.7.2.4.01.00.00;6579026,34
Prefeitura Municipal de Caapiranga - AM;1300839;AM;12420;Receitas Brutas Realizadas;1.7.2.4.02.00.00 - Transferências de Recursos da Complementação ao Fundo de Manutenção e Desenvolvimento do Ensino Fundamental e de Valorização do Magistério - FUNDEB;siconfi-cor_RO1.7.2.4.02.00.00;1663673,69
Prefeitura Municipal de Caapiranga - AM;1300839;AM;12420;Receitas Brutas Realizadas;1.9.0.0.00.00.00 - Outras Receitas Correntes;siconfi-cor_RO1.9.0.0.00.00.00;7666,31
Prefeitura Municipal de Caapiranga - AM;1300839;AM;12420;Receitas Brutas Realizadas;1.9.2.0.00.00.00 - Indenizações e Restituições;siconfi-cor_RO1.9.2.0.00.00.00;7666,31
Prefeitura Municipal de Caapiranga - AM;1300839;AM;12420;Receitas Brutas Realizadas;1.9.2.2.00.00.00 - Restituições;siconfi-cor_RO1.9.2.2.00.00.00;7666,31
Prefeitura Municipal de Caapiranga - AM;1300839;AM;12420;Receitas Brutas Realizadas;1.9.2.2.99.00.00 - Outras Restituições;siconfi-cor_RO1.9.2.2.99.00.00;7666,31
Prefeitura Municipal de Caapiranga - AM;1300839;AM;12420;Receitas Brutas Realizadas;2.0.0.0.00.00.00 - Receitas de Capital;siconfi-cor_RO2.0.0.0.00.00.00;266204,69
Prefeitura Municipal de Caapiranga - AM;1300839;AM;12420;Receitas Brutas Realizadas;2.4.0.0.00.00.00 - Transferências de Capital;siconfi-cor_RO2.4.0.0.00.00.00;266204,69
Prefeitura Municipal de Caapiranga - AM;1300839;AM;12420;Receitas Brutas Realizadas;2.4.2.0.00.00.00 - Transferências Intergovernamentais;siconfi-cor_RO2.4.2.0.00.00.00;194062,89
Prefeitura Municipal de Caapiranga - AM;1300839;AM;12420;Receitas Brutas Realizadas;2.4.2.1.00.00.00 - Transferências da União;siconfi-cor_RO2.4.2.1.00.00.00;194062,89
Prefeitura Municipal de Caapiranga - AM;1300839;AM;12420;Receitas Brutas Realizadas;2.4.2.1.02.00.00 - Transferências de Recursos Destinados a Programas de Educação;siconfi-cor_RO2.4.2.1.02.00.00;194062,89
Prefeitura Municipal de Caapiranga - AM;1300839;AM;12420;Receitas Brutas Realizadas;2.4.7.0.00.00.00 - Transferências de Convênios;siconfi-cor_RO2.4.7.0.00.00.00;72141,8
Prefeitura Municipal de Caapiranga - AM;1300839;AM;12420;Receitas Brutas Realizadas;2.4.7.1.00.00.00 - Transferências de Convênios da União e de suas Entidades;siconfi-cor_RO2.4.7.1.00.00.00;72141,8
Prefeitura Municipal de Caapiranga - AM;1300839;AM;12420;Receitas Brutas Realizadas;2.4.7.1.99.00.00 - Outras Transferências de Convênios da União;siconfi-cor_RO2.4.7.1.99.00.00;72141,8
Prefeitura Municipal de Caapiranga - AM;1300839;AM;12420;Receitas Brutas Realizadas;7.0.0.0.00.00.00 - Receitas Correntes Intraorçamentárias;siconfi-cor_RI7.0.0.0.00.00.00;633533,86
Prefeitura Municipal de Caapiranga - AM;1300839;AM;12420;Receitas Brutas Realizadas;7.2.0.0.00.00.00 - Receitas de Contribuições Intraorçamentárias;siconfi-cor_RI7.2.0.0.00.00.00;632459,8
Prefeitura Municipal de Caapiranga - AM;1300839;AM;12420;Receitas Brutas Realizadas;7.2.1.0.00.00.00 - Contribuições Sociais Intraorçamentárias;siconfi-cor_RI7.2.1.0.00.00.00;632459,8
Prefeitura Municipal de Caapiranga - AM;1300839;AM;12420;Receitas Brutas Realizadas;7.2.1.0.29.00.00 - Contribuições para o Regime Próprio de Previdência do Servidor Público Intraorçamentárias;siconfi-cor_RI7.2.1.0.29.00.00;632459,8
Prefeitura Municipal de Caapiranga - AM;1300839;AM;12420;Receitas Brutas Realizadas;7.2.1.0.29.01.00 - Contribuição Patronal de Servidor Ativo Civil para o Regime Próprio Intraorçamentária;siconfi-cor_RI7.2.1.0.29.01.00;632459,8
Prefeitura Municipal de Caapiranga - AM;1300839;AM;12420;Receitas Brutas Realizadas;7.9.0.0.00.00.00 - Outras Receitas Correntes Intraorçamentárias;siconfi-cor_RI7.9.0.0.00.00.00;1074,06
Prefeitura Municipal de Caapiranga - AM;1300839;AM;12420;Receitas Brutas Realizadas;7.9.1.2.00.00.00 - Multas e Juros de Mora das Contribuições Intraorçamentárias;siconfi-cor_RI7.9.1.2.00.00.00;1074,06
Prefeitura Municipal de Caapiranga - AM;1300839;AM;12420;Receitas Brutas Realizadas;7.9.1.2.29.00.00 - Multas e Juros de Mora das Contribuições para o Regime Próprio de Previdência do Servidor Intraorçamentárias;siconfi-cor_RI7.9.1.2.29.00.00;1074,06
Prefeitura Municipal de Caapiranga - AM;1300839;AM;12420;Deduções - Transferências Constitucionais;Total Receitas;siconfi-cor_TotalReceitas;2957775,62
Prefeitura Municipal de Caapiranga - AM;1300839;AM;12420;Deduções - Transferências Constitucionais;1.0.0.0.00.00.00 - Receitas Correntes;siconfi-cor_RO1.0.0.0.00.00.00;2957775,62
Prefeitura Municipal de Caapiranga - AM;1300839;AM;12420;Deduções - Transferências Constitucionais;1.7.0.0.00.00.00 - Transferências Correntes;siconfi-cor_RO1.7.0.0.00.00.00;2957775,62
Prefeitura Municipal de Caapiranga - AM;1300839;AM;12420;Deduções - Transferências Constitucionais;1.7.2.0.00.00.00 - Transferências Intergovernamentais;siconfi-cor_RO1.7.2.0.00.00.00;2957775,62
Prefeitura Municipal de Caapiranga - AM;1300839;AM;12420;Deduções - Transferências Constitucionais;1.7.2.1.00.00.00 - Transferências da União;siconfi-cor_RO1.7.2.1.00.00.00;1782972,83
Prefeitura Municipal de Caapiranga - AM;1300839;AM;12420;Deduções - Transferências Constitucionais;1.7.2.1.01.00.00 - Participação na Receita da União;siconfi-cor_RO1.7.2.1.01.00.00;1779739,67
Prefeitura Municipal de Caapiranga - AM;1300839;AM;12420;Deduções - Transferências Constitucionais;1.7.2.1.01.02.00 - Cota-Parte do Fundo de Participação dos Municípios ¿ FPM;siconfi-cor_RO1.7.2.1.01.02.00;1779231,5
Prefeitura Municipal de Caapiranga - AM;1300839;AM;12420;Deduções - Transferências Constitucionais;1.7.2.1.01.05.00 - Cota-Parte do Imposto Sobre a Propriedade Territorial Rural ¿ ITR;siconfi-cor_RO1.7.2.1.01.05.00;508,17
Prefeitura Municipal de Caapiranga - AM;1300839;AM;12420;Deduções - Transferências Constitucionais;1.7.2.1.36.00.00 - Transferências Financeiras do ICMS ¿ Desoneração ¿ L.C. Nº 87/96;siconfi-cor_RO1.7.2.1.36.00.00;3233,16
Prefeitura Municipal de Caapiranga - AM;1300839;AM;12420;Deduções - Transferências Constitucionais;1.7.2.2.00.00.00 - Transferências dos Estados;siconfi-cor_RO1.7.2.2.00.00.00;1174802,79
Prefeitura Municipal de Caapiranga - AM;1300839;AM;12420;Deduções - Transferências Constitucionais;1.7.2.2.01.00.00 - Participação na Receita dos Estados;siconfi-cor_RO1.7.2.2.01.00.00;1174802,79
Prefeitura Municipal de Caapiranga - AM;1300839;AM;12420;Deduções - Transferências Constitucionais;1.7.2.2.01.01.00 - Cota-Parte do ICMS;siconfi-cor_RO1.7.2.2.01.01.00;1166830,88
Prefeitura Municipal de Caapiranga - AM;1300839;AM;12420;Deduções - Transferências Constitucionais;1.7.2.2.01.02.00 - Cota-Parte do IPVA;siconfi-cor_RO1.7.2.2.01.02.00;3253
Prefeitura Municipal de Caapiranga - AM;1300839;AM;12420;Deduções - Transferências Constitucionais;1.7.2.2.01.04.00 - Cota-Parte do IPI - Municípios;siconfi-cor_RO1.7.2.2.01.04.00;4718,91
Prefeitura Municipal de Coari - AM;1301209;AM;83078;Receitas Brutas Realizadas;Total Receitas;siconfi-cor_TotalReceitas;205621301
Prefeitura Municipal de Coari - AM;1301209;AM;83078;Receitas Brutas Realizadas;1.0.0.0.00.00.00 - Receitas Correntes;siconfi-cor_RO1.0.0.0.00.00.00;202556099,2
Prefeitura Municipal de Coari - AM;1301209;AM;83078;Receitas Brutas Realizadas;1.1.0.0.00.00.00 - Receita Tributária;siconfi-cor_RO1.1.0.0.00.00.00;4226149,37
Prefeitura Municipal de Coari - AM;1301209;AM;83078;Receitas Brutas Realizadas;1.1.1.0.00.00.00 - Impostos;siconfi-cor_RO1.1.1.0.00.00.00;4208108,17
Prefeitura Municipal de Coari - AM;1301209;AM;83078;Receitas Brutas Realizadas;1.1.1.2.00.00.00 - Impostos sobre o Patrimônio e a Renda;siconfi-cor_RO1.1.1.2.00.00.00;4208108,17
Prefeitura Municipal de Coari - AM;1301209;AM;83078;Receitas Brutas Realizadas;1.1.1.2.02.00.00 - Imposto sobre a Propriedade Predial e Territorial Urbana ¿ IPTU;siconfi-cor_RO1.1.1.2.02.00.00;152557,37
Prefeitura Municipal de Coari - AM;1301209;AM;83078;Receitas Brutas Realizadas;1.1.1.2.04.00.00 - Imposto sobre a Renda e Proventos de Qualquer Natureza ¿ IR;siconfi-cor_RO1.1.1.2.04.00.00;4055550,8
Prefeitura Municipal de Coari - AM;1301209;AM;83078;Receitas Brutas Realizadas;1.1.1.2.04.31.00 - Retido nas Fontes - Trabalho;siconfi-cor_RO1.1.1.2.04.31.00;3686236,84
Prefeitura Municipal de Coari - AM;1301209;AM;83078;Receitas Brutas Realizadas;1.1.1.2.04.34.00 - Retido nas Fontes - Outros Rendimentos;siconfi-cor_RO1.1.1.2.04.34.00;369313,96
Prefeitura Municipal de Coari - AM;1301209;AM;83078;Receitas Brutas Realizadas;1.1.2.0.00.00.00 - Taxas;siconfi-cor_RO1.1.2.0.00.00.00;18041,2
Prefeitura Municipal de Coari - AM;1301209;AM;83078;Receitas Brutas Realizadas;1.1.2.2.00.00.00 - Taxas pela Prestação de Serviços;siconfi-cor_RO1.1.2.2.00.00.00;18041,2
Prefeitura Municipal de Coari - AM;1301209;AM;83078;Receitas Brutas Realizadas;1.1.2.2.28.00.00 - Taxa de Cemitérios;siconfi-cor_RO1.1.2.2.28.00.00;5553,18
Prefeitura Municipal de Coari - AM;1301209;AM;83078;Receitas Brutas Realizadas;1.1.2.2.99.00.00 - Outras Taxas pela Prestação de Serviços;siconfi-cor_RO1.1.2.2.99.00.00;12488,02
Prefeitura Municipal de Coari - AM;1301209;AM;83078;Receitas Brutas Realizadas;1.2.0.0.00.00.00 - Receitas de Contribuições;siconfi-cor_RO1.2.0.0.00.00.00;3042302,34
Prefeitura Municipal de Coari - AM;1301209;AM;83078;Receitas Brutas Realizadas;1.2.1.0.00.00.00 - Contribuições Sociais;siconfi-cor_RO1.2.1.0.00.00.00;3042292,34
Prefeitura Municipal de Coari - AM;1301209;AM;83078;Receitas Brutas Realizadas;1.2.1.0.29.00.00 - Contribuições para o Regime Próprio de Previdência do Servidor Público;siconfi-cor_RO1.2.1.0.29.00.00;3042292,34
Prefeitura Municipal de Coari - AM;1301209;AM;83078;Receitas Brutas Realizadas;1.2.1.0.29.07.00 - Contribuição do Servidor Ativo Civil para o Regime Próprio;siconfi-cor_RO1.2.1.0.29.07.00;3042292,34
Prefeitura Municipal de Coari - AM;1301209;AM;83078;Receitas Brutas Realizadas;1.2.3.0.00.00.00 - Contribuição para Custeio do Serviço de Iluminação Pública;siconfi-cor_RO1.2.3.0.00.00.00;10
Prefeitura Municipal de Coari - AM;1301209;AM;83078;Receitas Brutas Realizadas;1.3.0.0.00.00.00 - Receita Patrimonial;siconfi-cor_RO1.3.0.0.00.00.00;315768,96
Prefeitura Municipal de Coari - AM;1301209;AM;83078;Receitas Brutas Realizadas;1.3.2.0.00.00.00 - Receitas de Valores Mobiliários;siconfi-cor_RO1.3.2.0.00.00.00;315768,96
Prefeitura Municipal de Coari - AM;1301209;AM;83078;Receitas Brutas Realizadas;1.3.2.5.00.00.00 - Remuneração de Depósitos Bancários;siconfi-cor_RO1.3.2.5.00.00.00;314640,62
Prefeitura Municipal de Coari - AM;1301209;AM;83078;Receitas Brutas Realizadas;1.3.2.8.00.00.00 - Remuneração dos Investimentos do Regime Próprio de Previdência do Servidor;siconfi-cor_RO1.3.2.8.00.00.00;1128,34
Prefeitura Municipal de Coari - AM;1301209;AM;83078;Receitas Brutas Realizadas;1.6.0.0.00.00.00 - Receita de Serviços;siconfi-cor_RO1.6.0.0.00.00.00;207708,2
Prefeitura Municipal de Coari - AM;1301209;AM;83078;Receitas Brutas Realizadas;1.6.0.0.41.00.00 - Serviços de Captação, Adução, Tratamento, Reserva e Distribuição de Água;siconfi-cor_RO1.6.0.0.41.00.00;171741,92
Prefeitura Municipal de Coari - AM;1301209;AM;83078;Receitas Brutas Realizadas;1.6.0.0.99.00.00 - Outros Serviços;siconfi-cor_RO1.6.0.0.99.00.00;35966,28
Prefeitura Municipal de Coari - AM;1301209;AM;83078;Receitas Brutas Realizadas;1.7.0.0.00.00.00 - Transferências Correntes;siconfi-cor_RO1.7.0.0.00.00.00;194389126,6
Prefeitura Municipal de Coari - AM;1301209;AM;83078;Receitas Brutas Realizadas;1.7.2.0.00.00.00 - Transferências Intergovernamentais;siconfi-cor_RO1.7.2.0.00.00.00;194389126,6
Prefeitura Municipal de Coari - AM;1301209;AM;83078;Receitas Brutas Realizadas;1.7.2.1.00.00.00 - Transferências da União;siconfi-cor_RO1.7.2.1.00.00.00;106408992,2
Prefeitura Municipal de Coari - AM;1301209;AM;83078;Receitas Brutas Realizadas;1.7.2.1.01.00.00 - Participação na Receita da União;siconfi-cor_RO1.7.2.1.01.00.00;33441018,42
Prefeitura Municipal de Coari - AM;1301209;AM;83078;Receitas Brutas Realizadas;1.7.2.1.01.02.00 - Cota-Parte do Fundo de Participação dos Municípios ¿ FPM;siconfi-cor_RO1.7.2.1.01.02.00;31216935,98
Prefeitura Municipal de Coari - AM;1301209;AM;83078;Receitas Brutas Realizadas;1.7.2.1.01.03.00 - Cota-Parte do Fundo de Participação dos Municípios - 1% Cota Anual;siconfi-cor_RO1.7.2.1.01.03.00;1297426,69
Prefeitura Municipal de Coari - AM;1301209;AM;83078;Receitas Brutas Realizadas;1.7.2.1.01.04.00 - Cota-Parte do Fundo de Participação dos Municípios - 1% Cota entregue no mês de julho (67)(I);siconfi-cor_RO1.7.2.1.01.04.00;922041,05
Prefeitura Municipal de Coari - AM;1301209;AM;83078;Receitas Brutas Realizadas;1.7.2.1.01.05.00 - Cota-Parte do Imposto Sobre a Propriedade Territorial Rural ¿ ITR;siconfi-cor_RO1.7.2.1.01.05.00;4614,7
Prefeitura Municipal de Coari - AM;1301209;AM;83078;Receitas Brutas Realizadas;1.7.2.1.22.00.00 - Transferências da Compensação Financeira pela Exploração de Recursos Naturais;siconfi-cor_RO1.7.2.1.22.00.00;47938077,44
Prefeitura Municipal de Coari - AM;1301209;AM;83078;Receitas Brutas Realizadas;1.7.2.1.22.20.00 - Cota-Parte da Compensação Financeira de Recursos Minerais - CFEM;siconfi-cor_RO1.7.2.1.22.20.00;2105,05
Prefeitura Municipal de Coari - AM;1301209;AM;83078;Receitas Brutas Realizadas;1.7.2.1.22.30.00 - Cota-Parte Royalties ¿ Compensação Financeira pela Produção de Petróleo ¿ Lei nº 7.990/89;siconfi-cor_RO1.7.2.1.22.30.00;41287427,8
Prefeitura Municipal de Coari - AM;1301209;AM;83078;Receitas Brutas Realizadas;1.7.2.1.22.50.00 - Cota-Parte Royalties pela Participação Especial - Lei nº 9.478/97 artigo 50;siconfi-cor_RO1.7.2.1.22.50.00;5981362,84
Prefeitura Municipal de Coari - AM;1301209;AM;83078;Receitas Brutas Realizadas;1.7.2.1.22.70.00 - Cota-Parte do Fundo Especial do Petróleo ¿ FEP;siconfi-cor_RO1.7.2.1.22.70.00;263384,33
Prefeitura Municipal de Coari - AM;1301209;AM;83078;Receitas Brutas Realizadas;1.7.2.1.22.90.00 - Outras Transferências Decorrentes de Compensação Financeira pela Exploração de Recursos Naturais;siconfi-cor_RO1.7.2.1.22.90.00;403797,42
Prefeitura Municipal de Coari - AM;1301209;AM;83078;Receitas Brutas Realizadas;1.7.2.1.33.00.00 - Transferências de Recursos do Sistema Único de Saúde - SUS - Repasses Fundo a Fundo;siconfi-cor_RO1.7.2.1.33.00.00;17356317,71
Prefeitura Municipal de Coari - AM;1301209;AM;83078;Receitas Brutas Realizadas;1.7.2.1.34.00.00 - Transferências de Recursos do Fundo Nacional de Assistência Social ¿ FNAS;siconfi-cor_RO1.7.2.1.34.00.00;2461883,43
Prefeitura Municipal de Coari - AM;1301209;AM;83078;Receitas Brutas Realizadas;1.7.2.1.35.00.00 - Transferências de Recursos do Fundo Nacional do Desenvolvimento da Educação ¿ FNDE;siconfi-cor_RO1.7.2.1.35.00.00;4866359,87
Prefeitura Municipal de Coari - AM;1301209;AM;83078;Receitas Brutas Realizadas;1.7.2.1.36.00.00 - Transferências Financeiras do ICMS ¿ Desoneração ¿ L.C. Nº 87/96;siconfi-cor_RO1.7.2.1.36.00.00;125549,76
Prefeitura Municipal de Coari - AM;1301209;AM;83078;Receitas Brutas Realizadas;1.7.2.1.99.00.00 - Outras Transferências da União;siconfi-cor_RO1.7.2.1.99.00.00;219785,55
Prefeitura Municipal de Coari - AM;1301209;AM;83078;Receitas Brutas Realizadas;1.7.2.2.00.00.00 - Transferências dos Estados;siconfi-cor_RO1.7.2.2.00.00.00;47294640,95
Prefeitura Municipal de Coari - AM;1301209;AM;83078;Receitas Brutas Realizadas;1.7.2.2.01.00.00 - Participação na Receita dos Estados;siconfi-cor_RO1.7.2.2.01.00.00;45946816,01
Prefeitura Municipal de Coari - AM;1301209;AM;83078;Receitas Brutas Realizadas;1.7.2.2.01.01.00 - Cota-Parte do ICMS;siconfi-cor_RO1.7.2.2.01.01.00;45309643,54
Prefeitura Municipal de Coari - AM;1301209;AM;83078;Receitas Brutas Realizadas;1.7.2.2.01.02.00 - Cota-Parte do IPVA;siconfi-cor_RO1.7.2.2.01.02.00;336791,5
Prefeitura Municipal de Coari - AM;1301209;AM;83078;Receitas Brutas Realizadas;1.7.2.2.01.04.00 - Cota-Parte do IPI - Municípios;siconfi-cor_RO1.7.2.2.01.04.00;183242,6
Prefeitura Municipal de Coari - AM;1301209;AM;83078;Receitas Brutas Realizadas;1.7.2.2.01.13.00 - Cota-Parte da Contribuição de Intervenção no Domínio Econômico;siconfi-cor_RO1.7.2.2.01.13.00;117138,37
Prefeitura Municipal de Coari - AM;1301209;AM;83078;Receitas Brutas Realizadas;1.7.2.2.22.00.00 - Transferências da Cota-Parte da Compensação Financeira (25%);siconfi-cor_RO1.7.2.2.22.00.00;525178,89
Prefeitura Municipal de Coari - AM;1301209;AM;83078;Receitas Brutas Realizadas;1.7.2.2.22.30.00 - Cota-Parte Royalties - Compensação Financeira pela Produção de Petróleo - Lei nº 7.990/89 artigo 9º;siconfi-cor_RO1.7.2.2.22.30.00;525178,89
Prefeitura Municipal de Coari - AM;1301209;AM;83078;Receitas Brutas Realizadas;1.7.2.2.33.00.00 - Transferências de Recursos do Estado para Programas de Saúde - Repasse Fundo a Fundo;siconfi-cor_RO1.7.2.2.33.00.00;142561,56
Prefeitura Municipal de Coari - AM;1301209;AM;83078;Receitas Brutas Realizadas;1.7.2.2.99.00.00 - Outras Transferências dos Estados;siconfi-cor_RO1.7.2.2.99.00.00;680084,49
Prefeitura Municipal de Coari - AM;1301209;AM;83078;Receitas Brutas Realizadas;1.7.2.4.00.00.00 - Transferências Multigovernamentais;siconfi-cor_RO1.7.2.4.00.00.00;40685493,51
Prefeitura Municipal de Coari - AM;1301209;AM;83078;Receitas Brutas Realizadas;1.7.2.4.01.00.00 - Transferências de Recursos do Fundo de Manutenção e Desenvolvimento do Ensino Fundamental e de Valorização do Magistério - FUNDEB;siconfi-cor_RO1.7.2.4.01.00.00;31455706,81
Prefeitura Municipal de Coari - AM;1301209;AM;83078;Receitas Brutas Realizadas;1.7.2.4.02.00.00 - Transferências de Recursos da Complementação ao Fundo de Manutenção e Desenvolvimento do Ensino Fundamental e de Valorização do Magistério - FUNDEB;siconfi-cor_RO1.7.2.4.02.00.00;9229786,7
Prefeitura Municipal de Coari - AM;1301209;AM;83078;Receitas Brutas Realizadas;1.9.0.0.00.00.00 - Outras Receitas Correntes;siconfi-cor_RO1.9.0.0.00.00.00;375043,73
Prefeitura Municipal de Coari - AM;1301209;AM;83078;Receitas Brutas Realizadas;1.9.3.0.00.00.00 - Receita da Dívida Ativa;siconfi-cor_RO1.9.3.0.00.00.00;375043,73
Prefeitura Municipal de Coari - AM;1301209;AM;83078;Receitas Brutas Realizadas;1.9.3.1.00.00.00 - Receita da Dívida Ativa Tributária;siconfi-cor_RO1.9.3.1.00.00.00;375043,73
Prefeitura Municipal de Coari - AM;1301209;AM;83078;Receitas Brutas Realizadas;1.9.3.1.99.00.00 - Receita da Dívida Ativa de Outros Tributos;siconfi-cor_RO1.9.3.1.99.00.00;375043,73
Prefeitura Municipal de Coari - AM;1301209;AM;83078;Receitas Brutas Realizadas;7.0.0.0.00.00.00 - Receitas Correntes Intraorçamentárias;siconfi-cor_RI7.0.0.0.00.00.00;3065201,75
Prefeitura Municipal de Coari - AM;1301209;AM;83078;Receitas Brutas Realizadas;7.2.0.0.00.00.00 - Receitas de Contribuições Intraorçamentárias;siconfi-cor_RI7.2.0.0.00.00.00;3065201,75
Prefeitura Municipal de Coari - AM;1301209;AM;83078;Receitas Brutas Realizadas;7.2.1.0.00.00.00 - Contribuições Sociais Intraorçamentárias;siconfi-cor_RI7.2.1.0.00.00.00;3065201,75
Prefeitura Municipal de Coari - AM;1301209;AM;83078;Receitas Brutas Realizadas;7.2.1.0.29.00.00 - Contribuições para o Regime Próprio de Previdência do Servidor Público Intraorçamentárias;siconfi-cor_RI7.2.1.0.29.00.00;3065201,75
Prefeitura Municipal de Coari - AM;1301209;AM;83078;Receitas Brutas Realizadas;7.2.1.0.29.01.00 - Contribuição Patronal de Servidor Ativo Civil para o Regime Próprio Intraorçamentária;siconfi-cor_RI7.2.1.0.29.01.00;3047364,53
Prefeitura Municipal de Coari - AM;1301209;AM;83078;Receitas Brutas Realizadas;7.2.1.0.29.99.00 - Outras Contribuições para o Regime Próprio de Previdência do Servidor Público Intraorçamentárias;siconfi-cor_RI7.2.1.0.29.99.00;17837,22
Prefeitura Municipal de Coari - AM;1301209;AM;83078;Deduções - Transferências Constitucionais;Total Receitas;siconfi-cor_TotalReceitas;15419493,76
Prefeitura Municipal de Coari - AM;1301209;AM;83078;Deduções - Transferências Constitucionais;1.0.0.0.00.00.00 - Receitas Correntes;siconfi-cor_RO1.0.0.0.00.00.00;15419493,76
Prefeitura Municipal de Coari - AM;1301209;AM;83078;Deduções - Transferências Constitucionais;1.7.0.0.00.00.00 - Transferências Correntes;siconfi-cor_RO1.7.0.0.00.00.00;15419493,76
Prefeitura Municipal de Coari - AM;1301209;AM;83078;Deduções - Transferências Constitucionais;1.7.2.0.00.00.00 - Transferências Intergovernamentais;siconfi-cor_RO1.7.2.0.00.00.00;15419493,76
Prefeitura Municipal de Coari - AM;1301209;AM;83078;Deduções - Transferências Constitucionais;1.7.2.1.00.00.00 - Transferências da União;siconfi-cor_RO1.7.2.1.00.00.00;6253343,7
Prefeitura Municipal de Coari - AM;1301209;AM;83078;Deduções - Transferências Constitucionais;1.7.2.1.01.00.00 - Participação na Receita da União;siconfi-cor_RO1.7.2.1.01.00.00;6228233,82
Prefeitura Municipal de Coari - AM;1301209;AM;83078;Deduções - Transferências Constitucionais;1.7.2.1.01.02.00 - Cota-Parte do Fundo de Participação dos Municípios ¿ FPM;siconfi-cor_RO1.7.2.1.01.02.00;6227310,93
Prefeitura Municipal de Coari - AM;1301209;AM;83078;Deduções - Transferências Constitucionais;1.7.2.1.01.05.00 - Cota-Parte do Imposto Sobre a Propriedade Territorial Rural ¿ ITR;siconfi-cor_RO1.7.2.1.01.05.00;922,89
Prefeitura Municipal de Coari - AM;1301209;AM;83078;Deduções - Transferências Constitucionais;1.7.2.1.36.00.00 - Transferências Financeiras do ICMS ¿ Desoneração ¿ L.C. Nº 87/96;siconfi-cor_RO1.7.2.1.36.00.00;25109,88
Prefeitura Municipal de Coari - AM;1301209;AM;83078;Deduções - Transferências Constitucionais;1.7.2.2.00.00.00 - Transferências dos Estados;siconfi-cor_RO1.7.2.2.00.00.00;9166150,06
Prefeitura Municipal de Coari - AM;1301209;AM;83078;Deduções - Transferências Constitucionais;1.7.2.2.01.00.00 - Participação na Receita dos Estados;siconfi-cor_RO1.7.2.2.01.00.00;9166150,06
Prefeitura Municipal de Coari - AM;1301209;AM;83078;Deduções - Transferências Constitucionais;1.7.2.2.01.01.00 - Cota-Parte do ICMS;siconfi-cor_RO1.7.2.2.01.01.00;9062307,59
Prefeitura Municipal de Coari - AM;1301209;AM;83078;Deduções - Transferências Constitucionais;1.7.2.2.01.02.00 - Cota-Parte do IPVA;siconfi-cor_RO1.7.2.2.01.02.00;67193,94
Prefeitura Municipal de Coari - AM;1301209;AM;83078;Deduções - Transferências Constitucionais;1.7.2.2.01.04.00 - Cota-Parte do IPI - Municípios;siconfi-cor_RO1.7.2.2.01.04.00;36648,53
Prefeitura Municipal de Rio Preto da Eva - AM;1303569;AM;30530;Receitas Brutas Realizadas;Total Receitas;siconfi-cor_TotalReceitas;52026202,24
Prefeitura Municipal de Rio Preto da Eva - AM;1303569;AM;30530;Receitas Brutas Realizadas;1.0.0.0.00.00.00 - Receitas Correntes;siconfi-cor_RO1.0.0.0.00.00.00;51101024,32
Prefeitura Municipal de Rio Preto da Eva - AM;1303569;AM;30530;Receitas Brutas Realizadas;1.1.0.0.00.00.00 - Receita Tributária;siconfi-cor_RO1.1.0.0.00.00.00;2585251,88
Prefeitura Municipal de Rio Preto da Eva - AM;1303569;AM;30530;Receitas Brutas Realizadas;1.1.1.0.00.00.00 - Impostos;siconfi-cor_RO1.1.1.0.00.00.00;2398294,28
Prefeitura Municipal de Rio Preto da Eva - AM;1303569;AM;30530;Receitas Brutas Realizadas;1.1.1.2.00.00.00 - Impostos sobre o Patrimônio e a Renda;siconfi-cor_RO1.1.1.2.00.00.00;952560,2
Prefeitura Municipal de Rio Preto da Eva - AM;1303569;AM;30530;Receitas Brutas Realizadas;1.1.1.2.02.00.00 - Imposto sobre a Propriedade Predial e Territorial Urbana ¿ IPTU;siconfi-cor_RO1.1.1.2.02.00.00;21146,03
Prefeitura Municipal de Rio Preto da Eva - AM;1303569;AM;30530;Receitas Brutas Realizadas;1.1.1.2.04.00.00 - Imposto sobre a Renda e Proventos de Qualquer Natureza ¿ IR;siconfi-cor_RO1.1.1.2.04.00.00;869149,75
Prefeitura Municipal de Rio Preto da Eva - AM;1303569;AM;30530;Receitas Brutas Realizadas;1.1.1.2.04.31.00 - Retido nas Fontes - Trabalho;siconfi-cor_RO1.1.1.2.04.31.00;249,42
Prefeitura Municipal de Rio Preto da Eva - AM;1303569;AM;30530;Receitas Brutas Realizadas;1.1.1.2.04.34.00 - Retido nas Fontes - Outros Rendimentos;siconfi-cor_RO1.1.1.2.04.34.00;868900,33
Prefeitura Municipal de Rio Preto da Eva - AM;1303569;AM;30530;Receitas Brutas Realizadas;"1.1.1.2.08.00.00 - Imposto sobre Transmissão Inter Vivos"" de Bens Imóveis e de Direitos Reais sobre Imóveis ¿ ITBI""";siconfi-cor_RO1.1.1.2.08.00.00;62264,42
Prefeitura Municipal de Rio Preto da Eva - AM;1303569;AM;30530;Receitas Brutas Realizadas;1.1.1.3.00.00.00 - Impostos sobre a Produção e a Circulação;siconfi-cor_RO1.1.1.3.00.00.00;1445734,08
Prefeitura Municipal de Rio Preto da Eva - AM;1303569;AM;30530;Receitas Brutas Realizadas;1.1.1.3.05.00.00 - Imposto sobre Serviços de Qualquer Natureza ¿ ISSQN;siconfi-cor_RO1.1.1.3.05.00.00;1445734,08
Prefeitura Municipal de Rio Preto da Eva - AM;1303569;AM;30530;Receitas Brutas Realizadas;1.1.2.0.00.00.00 - Taxas;siconfi-cor_RO1.1.2.0.00.00.00;65701,83
Prefeitura Municipal de Rio Preto da Eva - AM;1303569;AM;30530;Receitas Brutas Realizadas;1.1.2.1.00.00.00 - Taxas pelo Exercício do Poder de Polícia;siconfi-cor_RO1.1.2.1.00.00.00;54292,52
Prefeitura Municipal de Rio Preto da Eva - AM;1303569;AM;30530;Receitas Brutas Realizadas;1.1.2.2.00.00.00 - Taxas pela Prestação de Serviços;siconfi-cor_RO1.1.2.2.00.00.00;11409,31
Prefeitura Municipal de Rio Preto da Eva - AM;1303569;AM;30530;Receitas Brutas Realizadas;1.1.2.2.99.00.00 - Outras Taxas pela Prestação de Serviços;siconfi-cor_RO1.1.2.2.99.00.00;11409,31
Prefeitura Municipal de Rio Preto da Eva - AM;1303569;AM;30530;Receitas Brutas Realizadas;1.1.3.0.00.00.00 - Contribuição de Melhoria;siconfi-cor_RO1.1.3.0.00.00.00;121255,77
Prefeitura Municipal de Rio Preto da Eva - AM;1303569;AM;30530;Receitas Brutas Realizadas;1.1.3.0.02.00.00 - Contribuição de Melhoria para Expansão da Rede de Iluminação Pública na Cidade;siconfi-cor_RO1.1.3.0.02.00.00;121255,77
Prefeitura Municipal de Rio Preto da Eva - AM;1303569;AM;30530;Receitas Brutas Realizadas;1.3.0.0.00.00.00 - Receita Patrimonial;siconfi-cor_RO1.3.0.0.00.00.00;95708,05
Prefeitura Municipal de Rio Preto da Eva - AM;1303569;AM;30530;Receitas Brutas Realizadas;1.3.2.0.00.00.00 - Receitas de Valores Mobiliários;siconfi-cor_RO1.3.2.0.00.00.00;95708,05
Prefeitura Municipal de Rio Preto da Eva - AM;1303569;AM;30530;Receitas Brutas Realizadas;1.3.2.5.00.00.00 - Remuneração de Depósitos Bancários;siconfi-cor_RO1.3.2.5.00.00.00;95708,05
Prefeitura Municipal de Rio Preto da Eva - AM;1303569;AM;30530;Receitas Brutas Realizadas;1.6.0.0.00.00.00 - Receita de Serviços;siconfi-cor_RO1.6.0.0.00.00.00;4854,36
Prefeitura Municipal de Rio Preto da Eva - AM;1303569;AM;30530;Receitas Brutas Realizadas;1.6.0.0.13.00.00 - Serviços Administrativos;siconfi-cor_RO1.6.0.0.13.00.00;4854,36
Prefeitura Municipal de Rio Preto da Eva - AM;1303569;AM;30530;Receitas Brutas Realizadas;1.7.0.0.00.00.00 - Transferências Correntes;siconfi-cor_RO1.7.0.0.00.00.00;48415210,03
Prefeitura Municipal de Rio Preto da Eva - AM;1303569;AM;30530;Receitas Brutas Realizadas;1.7.2.0.00.00.00 - Transferências Intergovernamentais;siconfi-cor_RO1.7.2.0.00.00.00;48415210,03
Prefeitura Municipal de Rio Preto da Eva - AM;1303569;AM;30530;Receitas Brutas Realizadas;1.7.2.1.00.00.00 - Transferências da União;siconfi-cor_RO1.7.2.1.00.00.00;25957595,89
Prefeitura Municipal de Rio Preto da Eva - AM;1303569;AM;30530;Receitas Brutas Realizadas;1.7.2.1.01.00.00 - Participação na Receita da União;siconfi-cor_RO1.7.2.1.01.00.00;17529521,25
Prefeitura Municipal de Rio Preto da Eva - AM;1303569;AM;30530;Receitas Brutas Realizadas;1.7.2.1.01.02.00 - Cota-Parte do Fundo de Participação dos Municípios ¿ FPM;siconfi-cor_RO1.7.2.1.01.02.00;17505226,81
Prefeitura Municipal de Rio Preto da Eva - AM;1303569;AM;30530;Receitas Brutas Realizadas;1.7.2.1.01.05.00 - Cota-Parte do Imposto Sobre a Propriedade Territorial Rural ¿ ITR;siconfi-cor_RO1.7.2.1.01.05.00;24294,44
Prefeitura Municipal de Rio Preto da Eva - AM;1303569;AM;30530;Receitas Brutas Realizadas;1.7.2.1.22.00.00 - Transferências da Compensação Financeira pela Exploração de Recursos Naturais;siconfi-cor_RO1.7.2.1.22.00.00;210311,24
Prefeitura Municipal de Rio Preto da Eva - AM;1303569;AM;30530;Receitas Brutas Realizadas;1.7.2.1.22.20.00 - Cota-Parte da Compensação Financeira de Recursos Minerais - CFEM;siconfi-cor_RO1.7.2.1.22.20.00;308,52
Prefeitura Municipal de Rio Preto da Eva - AM;1303569;AM;30530;Receitas Brutas Realizadas;1.7.2.1.22.30.00 - Cota-Parte Royalties ¿ Compensação Financeira pela Produção de Petróleo ¿ Lei nº 7.990/89;siconfi-cor_RO1.7.2.1.22.30.00;78310,55
Prefeitura Municipal de Rio Preto da Eva - AM;1303569;AM;30530;Receitas Brutas Realizadas;1.7.2.1.22.70.00 - Cota-Parte do Fundo Especial do Petróleo ¿ FEP;siconfi-cor_RO1.7.2.1.22.70.00;131692,17
Prefeitura Municipal de Rio Preto da Eva - AM;1303569;AM;30530;Receitas Brutas Realizadas;1.7.2.1.33.00.00 - Transferências de Recursos do Sistema Único de Saúde - SUS - Repasses Fundo a Fundo;siconfi-cor_RO1.7.2.1.33.00.00;5913298,85
Prefeitura Municipal de Rio Preto da Eva - AM;1303569;AM;30530;Receitas Brutas Realizadas;1.7.2.1.34.00.00 - Transferências de Recursos do Fundo Nacional de Assistência Social ¿ FNAS;siconfi-cor_RO1.7.2.1.34.00.00;726089,91
Prefeitura Municipal de Rio Preto da Eva - AM;1303569;AM;30530;Receitas Brutas Realizadas;1.7.2.1.35.00.00 - Transferências de Recursos do Fundo Nacional do Desenvolvimento da Educação ¿ FNDE;siconfi-cor_RO1.7.2.1.35.00.00;1437269,11
Prefeitura Municipal de Rio Preto da Eva - AM;1303569;AM;30530;Receitas Brutas Realizadas;1.7.2.1.36.00.00 - Transferências Financeiras do ICMS ¿ Desoneração ¿ L.C. Nº 87/96;siconfi-cor_RO1.7.2.1.36.00.00;20281,04
Prefeitura Municipal de Rio Preto da Eva - AM;1303569;AM;30530;Receitas Brutas Realizadas;1.7.2.1.99.00.00 - Outras Transferências da União;siconfi-cor_RO1.7.2.1.99.00.00;120824,49
Prefeitura Municipal de Rio Preto da Eva - AM;1303569;AM;30530;Receitas Brutas Realizadas;1.7.2.2.00.00.00 - Transferências dos Estados;siconfi-cor_RO1.7.2.2.00.00.00;7300911,83
Prefeitura Municipal de Rio Preto da Eva - AM;1303569;AM;30530;Receitas Brutas Realizadas;1.7.2.2.01.00.00 - Participação na Receita dos Estados;siconfi-cor_RO1.7.2.2.01.00.00;7300911,83
Prefeitura Municipal de Rio Preto da Eva - AM;1303569;AM;30530;Receitas Brutas Realizadas;1.7.2.2.01.01.00 - Cota-Parte do ICMS;siconfi-cor_RO1.7.2.2.01.01.00;6756219,64
Prefeitura Municipal de Rio Preto da Eva - AM;1303569;AM;30530;Receitas Brutas Realizadas;1.7.2.2.01.02.00 - Cota-Parte do IPVA;siconfi-cor_RO1.7.2.2.01.02.00;465458,29
Prefeitura Municipal de Rio Preto da Eva - AM;1303569;AM;30530;Receitas Brutas Realizadas;1.7.2.2.01.04.00 - Cota-Parte do IPI - Municípios;siconfi-cor_RO1.7.2.2.01.04.00;27323,69
Prefeitura Municipal de Rio Preto da Eva - AM;1303569;AM;30530;Receitas Brutas Realizadas;1.7.2.2.01.13.00 - Cota-Parte da Contribuição de Intervenção no Domínio Econômico;siconfi-cor_RO1.7.2.2.01.13.00;51910,21
Prefeitura Municipal de Rio Preto da Eva - AM;1303569;AM;30530;Receitas Brutas Realizadas;1.7.2.4.00.00.00 - Transferências Multigovernamentais;siconfi-cor_RO1.7.2.4.00.00.00;15156702,31
Prefeitura Municipal de Rio Preto da Eva - AM;1303569;AM;30530;Receitas Brutas Realizadas;1.7.2.4.01.00.00 - Transferências de Recursos do Fundo de Manutenção e Desenvolvimento do Ensino Fundamental e de Valorização do Magistério - FUNDEB;siconfi-cor_RO1.7.2.4.01.00.00;11761915,72
Prefeitura Municipal de Rio Preto da Eva - AM;1303569;AM;30530;Receitas Brutas Realizadas;1.7.2.4.02.00.00 - Transferências de Recursos da Complementação ao Fundo de Manutenção e Desenvolvimento do Ensino Fundamental e de Valorização do Magistério - FUNDEB;siconfi-cor_RO1.7.2.4.02.00.00;3394786,59
Prefeitura Municipal de Rio Preto da Eva - AM;1303569;AM;30530;Receitas Brutas Realizadas;2.0.0.0.00.00.00 - Receitas de Capital;siconfi-cor_RO2.0.0.0.00.00.00;925177,92
Prefeitura Municipal de Rio Preto da Eva - AM;1303569;AM;30530;Receitas Brutas Realizadas;2.4.0.0.00.00.00 - Transferências de Capital;siconfi-cor_RO2.4.0.0.00.00.00;925177,92
Prefeitura Municipal de Rio Preto da Eva - AM;1303569;AM;30530;Receitas Brutas Realizadas;2.4.2.0.00.00.00 - Transferências Intergovernamentais;siconfi-cor_RO2.4.2.0.00.00.00;102400
Prefeitura Municipal de Rio Preto da Eva - AM;1303569;AM;30530;Receitas Brutas Realizadas;2.4.2.1.00.00.00 - Transferências da União;siconfi-cor_RO2.4.2.1.00.00.00;102400
Prefeitura Municipal de Rio Preto da Eva - AM;1303569;AM;30530;Receitas Brutas Realizadas;2.4.2.1.01.00.00 - Participação na Receita da União;siconfi-cor_RO2.4.2.1.01.00.00;102400
Prefeitura Municipal de Rio Preto da Eva - AM;1303569;AM;30530;Receitas Brutas Realizadas;2.4.7.0.00.00.00 - Transferências de Convênios;siconfi-cor_RO2.4.7.0.00.00.00;822777,92
Prefeitura Municipal de Rio Preto da Eva - AM;1303569;AM;30530;Receitas Brutas Realizadas;2.4.7.1.00.00.00 - Transferências de Convênios da União e de suas Entidades;siconfi-cor_RO2.4.7.1.00.00.00;822777,92
Prefeitura Municipal de Rio Preto da Eva - AM;1303569;AM;30530;Receitas Brutas Realizadas;2.4.7.1.99.00.00 - Outras Transferências de Convênios da União;siconfi-cor_RO2.4.7.1.99.00.00;822777,92
Prefeitura Municipal de Rio Preto da Eva - AM;1303569;AM;30530;Deduções - FUNDEB;Total Receitas;siconfi-cor_TotalReceitas;4574632,64
Prefeitura Municipal de Rio Preto da Eva - AM;1303569;AM;30530;Deduções - FUNDEB;1.0.0.0.00.00.00 - Receitas Correntes;siconfi-cor_RO1.0.0.0.00.00.00;4574632,64
Prefeitura Municipal de Rio Preto da Eva - AM;1303569;AM;30530;Deduções - FUNDEB;1.7.0.0.00.00.00 - Transferências Correntes;siconfi-cor_RO1.7.0.0.00.00.00;4574632,64
Prefeitura Municipal de Rio Preto da Eva - AM;1303569;AM;30530;Deduções - FUNDEB;1.7.2.0.00.00.00 - Transferências Intergovernamentais;siconfi-cor_RO1.7.2.0.00.00.00;4574632,64
Prefeitura Municipal de Rio Preto da Eva - AM;1303569;AM;30530;Deduções - FUNDEB;1.7.2.1.00.00.00 - Transferências da União;siconfi-cor_RO1.7.2.1.00.00.00;3122146,05
Prefeitura Municipal de Rio Preto da Eva - AM;1303569;AM;30530;Deduções - FUNDEB;1.7.2.1.01.00.00 - Participação na Receita da União;siconfi-cor_RO1.7.2.1.01.00.00;3118401,93
Prefeitura Municipal de Rio Preto da Eva - AM;1303569;AM;30530;Deduções - FUNDEB;1.7.2.1.01.02.00 - Cota-Parte do Fundo de Participação dos Municípios ¿ FPM;siconfi-cor_RO1.7.2.1.01.02.00;3113655,29
Prefeitura Municipal de Rio Preto da Eva - AM;1303569;AM;30530;Deduções - FUNDEB;1.7.2.1.01.05.00 - Cota-Parte do Imposto Sobre a Propriedade Territorial Rural ¿ ITR;siconfi-cor_RO1.7.2.1.01.05.00;4746,64
Prefeitura Municipal de Rio Preto da Eva - AM;1303569;AM;30530;Deduções - FUNDEB;1.7.2.1.36.00.00 - Transferências Financeiras do ICMS ¿ Desoneração ¿ L.C. Nº 87/96;siconfi-cor_RO1.7.2.1.36.00.00;3744,12
Prefeitura Municipal de Rio Preto da Eva - AM;1303569;AM;30530;Deduções - FUNDEB;1.7.2.2.00.00.00 - Transferências dos Estados;siconfi-cor_RO1.7.2.2.00.00.00;1452486,59
Prefeitura Municipal de Rio Preto da Eva - AM;1303569;AM;30530;Deduções - FUNDEB;1.7.2.2.01.00.00 - Participação na Receita dos Estados;siconfi-cor_RO1.7.2.2.01.00.00;1452486,59
Prefeitura Municipal de Rio Preto da Eva - AM;1303569;AM;30530;Deduções - FUNDEB;1.7.2.2.01.01.00 - Cota-Parte do ICMS;siconfi-cor_RO1.7.2.2.01.01.00;1351243,92
Prefeitura Municipal de Rio Preto da Eva - AM;1303569;AM;30530;Deduções - FUNDEB;1.7.2.2.01.02.00 - Cota-Parte do IPVA;siconfi-cor_RO1.7.2.2.01.02.00;95717,7
Prefeitura Municipal de Rio Preto da Eva - AM;1303569;AM;30530;Deduções - FUNDEB;1.7.2.2.01.04.00 - Cota-Parte do IPI - Municípios;siconfi-cor_RO1.7.2.2.01.04.00;5524,97
Prefeitura Municipal de Barcelos - AM;1300409;AM;27433;Receitas Brutas Realizadas;Total Receitas;siconfi-cor_TotalReceitas;46601171,15
Prefeitura Municipal de Barcelos - AM;1300409;AM;27433;Receitas Brutas Realizadas;1.0.0.0.00.00.00 - Receitas Correntes;siconfi-cor_RO1.0.0.0.00.00.00;45784566,71
Prefeitura Municipal de Barcelos - AM;1300409;AM;27433;Receitas Brutas Realizadas;1.1.0.0.00.00.00 - Receita Tributária;siconfi-cor_RO1.1.0.0.00.00.00;1005395,41
Prefeitura Municipal de Barcelos - AM;1300409;AM;27433;Receitas Brutas Realizadas;1.1.1.0.00.00.00 - Impostos;siconfi-cor_RO1.1.1.0.00.00.00;832030,03
Prefeitura Municipal de Barcelos - AM;1300409;AM;27433;Receitas Brutas Realizadas;1.1.1.2.00.00.00 - Impostos sobre o Patrimônio e a Renda;siconfi-cor_RO1.1.1.2.00.00.00;395217,15
Prefeitura Municipal de Barcelos - AM;1300409;AM;27433;Receitas Brutas Realizadas;1.1.1.2.02.00.00 - Imposto sobre a Propriedade Predial e Territorial Urbana ¿ IPTU;siconfi-cor_RO1.1.1.2.02.00.00;103977,23
Prefeitura Municipal de Barcelos - AM;1300409;AM;27433;Receitas Brutas Realizadas;1.1.1.2.04.00.00 - Imposto sobre a Renda e Proventos de Qualquer Natureza ¿ IR;siconfi-cor_RO1.1.1.2.04.00.00;290539,92
Prefeitura Municipal de Barcelos - AM;1300409;AM;27433;Receitas Brutas Realizadas;1.1.1.2.04.31.00 - Retido nas Fontes - Trabalho;siconfi-cor_RO1.1.1.2.04.31.00;284772,37
Prefeitura Municipal de Barcelos - AM;1300409;AM;27433;Receitas Brutas Realizadas;1.1.1.2.04.34.00 - Retido nas Fontes - Outros Rendimentos;siconfi-cor_RO1.1.1.2.04.34.00;5767,55
Prefeitura Municipal de Barcelos - AM;1300409;AM;27433;Receitas Brutas Realizadas;"1.1.1.2.08.00.00 - Imposto sobre Transmissão Inter Vivos"" de Bens Imóveis e de Direitos Reais sobre Imóveis ¿ ITBI""";siconfi-cor_RO1.1.1.2.08.00.00;700
Prefeitura Municipal de Barcelos - AM;1300409;AM;27433;Receitas Brutas Realizadas;1.1.1.3.00.00.00 - Impostos sobre a Produção e a Circulação;siconfi-cor_RO1.1.1.3.00.00.00;436812,88
Prefeitura Municipal de Barcelos - AM;1300409;AM;27433;Receitas Brutas Realizadas;1.1.1.3.05.00.00 - Imposto sobre Serviços de Qualquer Natureza ¿ ISSQN;siconfi-cor_RO1.1.1.3.05.00.00;436812,88
Prefeitura Municipal de Barcelos - AM;1300409;AM;27433;Receitas Brutas Realizadas;1.1.2.0.00.00.00 - Taxas;siconfi-cor_RO1.1.2.0.00.00.00;173365,38
Prefeitura Municipal de Barcelos - AM;1300409;AM;27433;Receitas Brutas Realizadas;1.1.2.1.00.00.00 - Taxas pelo Exercício do Poder de Polícia;siconfi-cor_RO1.1.2.1.00.00.00;13903,38
Prefeitura Municipal de Barcelos - AM;1300409;AM;27433;Receitas Brutas Realizadas;1.1.2.2.00.00.00 - Taxas pela Prestação de Serviços;siconfi-cor_RO1.1.2.2.00.00.00;159462
Prefeitura Municipal de Barcelos - AM;1300409;AM;27433;Receitas Brutas Realizadas;1.1.2.2.99.00.00 - Outras Taxas pela Prestação de Serviços;siconfi-cor_RO1.1.2.2.99.00.00;159462
Prefeitura Municipal de Barcelos - AM;1300409;AM;27433;Receitas Brutas Realizadas;1.2.0.0.00.00.00 - Receitas de Contribuições;siconfi-cor_RO1.2.0.0.00.00.00;837400,13
Prefeitura Municipal de Barcelos - AM;1300409;AM;27433;Receitas Brutas Realizadas;1.2.1.0.00.00.00 - Contribuições Sociais;siconfi-cor_RO1.2.1.0.00.00.00;837400,13
Prefeitura Municipal de Barcelos - AM;1300409;AM;27433;Receitas Brutas Realizadas;1.2.1.0.29.00.00 - Contribuições para o Regime Próprio de Previdência do Servidor Público;siconfi-cor_RO1.2.1.0.29.00.00;837400,13
Prefeitura Municipal de Barcelos - AM;1300409;AM;27433;Receitas Brutas Realizadas;1.2.1.0.29.01.00 - Contribuição Patronal de Servidor Ativo Civil para o Regime Próprio;siconfi-cor_RO1.2.1.0.29.01.00;20336,21
Prefeitura Municipal de Barcelos - AM;1300409;AM;27433;Receitas Brutas Realizadas;1.2.1.0.29.07.00 - Contribuição do Servidor Ativo Civil para o Regime Próprio;siconfi-cor_RO1.2.1.0.29.07.00;628517,61
Prefeitura Municipal de Barcelos - AM;1300409;AM;27433;Receitas Brutas Realizadas;1.2.1.0.29.15.00 - Contribuição Previdenciária em Regime de Parcelamento de Débitos;siconfi-cor_RO1.2.1.0.29.15.00;188546,31
Prefeitura Municipal de Barcelos - AM;1300409;AM;27433;Receitas Brutas Realizadas;1.3.0.0.00.00.00 - Receita Patrimonial;siconfi-cor_RO1.3.0.0.00.00.00;51297,91
Prefeitura Municipal de Barcelos - AM;1300409;AM;27433;Receitas Brutas Realizadas;1.3.1.0.00.00.00 - Receitas Imobiliárias;siconfi-cor_RO1.3.1.0.00.00.00;47554,22
Prefeitura Municipal de Barcelos - AM;1300409;AM;27433;Receitas Brutas Realizadas;1.3.1.1.00.00.00 - Aluguéis;siconfi-cor_RO1.3.1.1.00.00.00;47554,22
Prefeitura Municipal de Barcelos - AM;1300409;AM;27433;Receitas Brutas Realizadas;1.3.2.0.00.00.00 - Receitas de Valores Mobiliários;siconfi-cor_RO1.3.2.0.00.00.00;3743,69
Prefeitura Municipal de Barcelos - AM;1300409;AM;27433;Receitas Brutas Realizadas;1.3.2.5.00.00.00 - Remuneração de Depósitos Bancários;siconfi-cor_RO1.3.2.5.00.00.00;3743,69
Prefeitura Municipal de Barcelos - AM;1300409;AM;27433;Receitas Brutas Realizadas;1.6.0.0.00.00.00 - Receita de Serviços;siconfi-cor_RO1.6.0.0.00.00.00;719988,73
Prefeitura Municipal de Barcelos - AM;1300409;AM;27433;Receitas Brutas Realizadas;1.6.0.0.41.00.00 - Serviços de Captação, Adução, Tratamento, Reserva e Distribuição de Água;siconfi-cor_RO1.6.0.0.41.00.00;717690,59
Prefeitura Municipal de Barcelos - AM;1300409;AM;27433;Receitas Brutas Realizadas;1.6.0.0.99.00.00 - Outros Serviços;siconfi-cor_RO1.6.0.0.99.00.00;2298,14
Prefeitura Municipal de Barcelos - AM;1300409;AM;27433;Receitas Brutas Realizadas;1.7.0.0.00.00.00 - Transferências Correntes;siconfi-cor_RO1.7.0.0.00.00.00;43170484,53
Prefeitura Municipal de Barcelos - AM;1300409;AM;27433;Receitas Brutas Realizadas;1.7.2.0.00.00.00 - Transferências Intergovernamentais;siconfi-cor_RO1.7.2.0.00.00.00;43170484,53
Prefeitura Municipal de Barcelos - AM;1300409;AM;27433;Receitas Brutas Realizadas;1.7.2.1.00.00.00 - Transferências da União;siconfi-cor_RO1.7.2.1.00.00.00;23865070,18
Prefeitura Municipal de Barcelos - AM;1300409;AM;27433;Receitas Brutas Realizadas;1.7.2.1.01.00.00 - Participação na Receita da União;siconfi-cor_RO1.7.2.1.01.00.00;19106676,91
Prefeitura Municipal de Barcelos - AM;1300409;AM;27433;Receitas Brutas Realizadas;1.7.2.1.01.02.00 - Cota-Parte do Fundo de Participação dos Municípios ¿ FPM;siconfi-cor_RO1.7.2.1.01.02.00;19106516,41
Prefeitura Municipal de Barcelos - AM;1300409;AM;27433;Receitas Brutas Realizadas;1.7.2.1.01.05.00 - Cota-Parte do Imposto Sobre a Propriedade Territorial Rural ¿ ITR;siconfi-cor_RO1.7.2.1.01.05.00;160,5
Prefeitura Municipal de Barcelos - AM;1300409;AM;27433;Receitas Brutas Realizadas;1.7.2.1.22.00.00 - Transferências da Compensação Financeira pela Exploração de Recursos Naturais;siconfi-cor_RO1.7.2.1.22.00.00;192915,75
Prefeitura Municipal de Barcelos - AM;1300409;AM;27433;Receitas Brutas Realizadas;1.7.2.1.22.20.00 - Cota-Parte da Compensação Financeira de Recursos Minerais - CFEM;siconfi-cor_RO1.7.2.1.22.20.00;61223,58
Prefeitura Municipal de Barcelos - AM;1300409;AM;27433;Receitas Brutas Realizadas;1.7.2.1.22.70.00 - Cota-Parte do Fundo Especial do Petróleo ¿ FEP;siconfi-cor_RO1.7.2.1.22.70.00;131692,17
Prefeitura Municipal de Barcelos - AM;1300409;AM;27433;Receitas Brutas Realizadas;1.7.2.1.33.00.00 - Transferências de Recursos do Sistema Único de Saúde - SUS - Repasses Fundo a Fundo;siconfi-cor_RO1.7.2.1.33.00.00;3156525,33
Prefeitura Municipal de Barcelos - AM;1300409;AM;27433;Receitas Brutas Realizadas;1.7.2.1.34.00.00 - Transferências de Recursos do Fundo Nacional de Assistência Social ¿ FNAS;siconfi-cor_RO1.7.2.1.34.00.00;707194,05
Prefeitura Municipal de Barcelos - AM;1300409;AM;27433;Receitas Brutas Realizadas;1.7.2.1.35.00.00 - Transferências de Recursos do Fundo Nacional do Desenvolvimento da Educação ¿ FNDE;siconfi-cor_RO1.7.2.1.35.00.00;618804,51
Prefeitura Municipal de Barcelos - AM;1300409;AM;27433;Receitas Brutas Realizadas;1.7.2.1.36.00.00 - Transferências Financeiras do ICMS ¿ Desoneração ¿ L.C. Nº 87/96;siconfi-cor_RO1.7.2.1.36.00.00;30158,52
Prefeitura Municipal de Barcelos - AM;1300409;AM;27433;Receitas Brutas Realizadas;1.7.2.1.99.00.00 - Outras Transferências da União;siconfi-cor_RO1.7.2.1.99.00.00;52795,11
Prefeitura Municipal de Barcelos - AM;1300409;AM;27433;Receitas Brutas Realizadas;1.7.2.2.00.00.00 - Transferências dos Estados;siconfi-cor_RO1.7.2.2.00.00.00;11403488,18
Prefeitura Municipal de Barcelos - AM;1300409;AM;27433;Receitas Brutas Realizadas;1.7.2.2.01.00.00 - Participação na Receita dos Estados;siconfi-cor_RO1.7.2.2.01.00.00;11033538,37
Prefeitura Municipal de Barcelos - AM;1300409;AM;27433;Receitas Brutas Realizadas;1.7.2.2.01.01.00 - Cota-Parte do ICMS;siconfi-cor_RO1.7.2.2.01.01.00;10883915,32
Prefeitura Municipal de Barcelos - AM;1300409;AM;27433;Receitas Brutas Realizadas;1.7.2.2.01.02.00 - Cota-Parte do IPVA;siconfi-cor_RO1.7.2.2.01.02.00;55458,25
Prefeitura Municipal de Barcelos - AM;1300409;AM;27433;Receitas Brutas Realizadas;1.7.2.2.01.04.00 - Cota-Parte do IPI - Municípios;siconfi-cor_RO1.7.2.2.01.04.00;44016,48
Prefeitura Municipal de Barcelos - AM;1300409;AM;27433;Receitas Brutas Realizadas;1.7.2.2.01.13.00 - Cota-Parte da Contribuição de Intervenção no Domínio Econômico;siconfi-cor_RO1.7.2.2.01.13.00;50148,32
Prefeitura Municipal de Barcelos - AM;1300409;AM;27433;Receitas Brutas Realizadas;1.7.2.2.22.00.00 - Transferências da Cota-Parte da Compensação Financeira (25%);siconfi-cor_RO1.7.2.2.22.00.00;126154,21
Prefeitura Municipal de Barcelos - AM;1300409;AM;27433;Receitas Brutas Realizadas;1.7.2.2.22.30.00 - Cota-Parte Royalties - Compensação Financeira pela Produção de Petróleo - Lei nº 7.990/89 artigo 9º;siconfi-cor_RO1.7.2.2.22.30.00;126154,21
Prefeitura Municipal de Barcelos - AM;1300409;AM;27433;Receitas Brutas Realizadas;1.7.2.2.33.00.00 - Transferências de Recursos do Estado para Programas de Saúde - Repasse Fundo a Fundo;siconfi-cor_RO1.7.2.2.33.00.00;243795,6
Prefeitura Municipal de Barcelos - AM;1300409;AM;27433;Receitas Brutas Realizadas;1.7.2.4.00.00.00 - Transferências Multigovernamentais;siconfi-cor_RO1.7.2.4.00.00.00;7901926,17
Prefeitura Municipal de Barcelos - AM;1300409;AM;27433;Receitas Brutas Realizadas;1.7.2.4.01.00.00 - Transferências de Recursos do Fundo de Manutenção e Desenvolvimento do Ensino Fundamental e de Valorização do Magistério - FUNDEB;siconfi-cor_RO1.7.2.4.01.00.00;6132249,38
Prefeitura Municipal de Barcelos - AM;1300409;AM;27433;Receitas Brutas Realizadas;1.7.2.4.02.00.00 - Transferências de Recursos da Complementação ao Fundo de Manutenção e Desenvolvimento do Ensino Fundamental e de Valorização do Magistério - FUNDEB;siconfi-cor_RO1.7.2.4.02.00.00;1769676,79
Prefeitura Municipal de Barcelos - AM;1300409;AM;27433;Receitas Brutas Realizadas;2.0.0.0.00.00.00 - Receitas de Capital;siconfi-cor_RO2.0.0.0.00.00.00;816604,44
Prefeitura Municipal de Barcelos - AM;1300409;AM;27433;Receitas Brutas Realizadas;2.4.0.0.00.00.00 - Transferências de Capital;siconfi-cor_RO2.4.0.0.00.00.00;816604,44
Prefeitura Municipal de Barcelos - AM;1300409;AM;27433;Receitas Brutas Realizadas;2.4.2.0.00.00.00 - Transferências Intergovernamentais;siconfi-cor_RO2.4.2.0.00.00.00;816604,44
Prefeitura Municipal de Barcelos - AM;1300409;AM;27433;Receitas Brutas Realizadas;2.4.2.1.00.00.00 - Transferências da União;siconfi-cor_RO2.4.2.1.00.00.00;816604,44
Prefeitura Municipal de Barcelos - AM;1300409;AM;27433;Receitas Brutas Realizadas;2.4.2.1.02.00.00 - Transferências de Recursos Destinados a Programas de Educação;siconfi-cor_RO2.4.2.1.02.00.00;816604,44
Prefeitura Municipal de Barcelos - AM;1300409;AM;27433;Deduções - FUNDEB;Total Receitas;siconfi-cor_TotalReceitas;5760996,14
Prefeitura Municipal de Barcelos - AM;1300409;AM;27433;Deduções - FUNDEB;1.0.0.0.00.00.00 - Receitas Correntes;siconfi-cor_RO1.0.0.0.00.00.00;5760996,14
Prefeitura Municipal de Barcelos - AM;1300409;AM;27433;Deduções - FUNDEB;1.7.0.0.00.00.00 - Transferências Correntes;siconfi-cor_RO1.7.0.0.00.00.00;5760996,14
Prefeitura Municipal de Barcelos - AM;1300409;AM;27433;Deduções - FUNDEB;1.7.2.0.00.00.00 - Transferências Intergovernamentais;siconfi-cor_RO1.7.2.0.00.00.00;5760996,14
Prefeitura Municipal de Barcelos - AM;1300409;AM;27433;Deduções - FUNDEB;1.7.2.1.00.00.00 - Transferências da União;siconfi-cor_RO1.7.2.1.00.00.00;3564527,04
Prefeitura Municipal de Barcelos - AM;1300409;AM;27433;Deduções - FUNDEB;1.7.2.1.01.00.00 - Participação na Receita da União;siconfi-cor_RO1.7.2.1.01.00.00;3558495,36
Prefeitura Municipal de Barcelos - AM;1300409;AM;27433;Deduções - FUNDEB;1.7.2.1.01.02.00 - Cota-Parte do Fundo de Participação dos Municípios ¿ FPM;siconfi-cor_RO1.7.2.1.01.02.00;3558463,27
Prefeitura Municipal de Barcelos - AM;1300409;AM;27433;Deduções - FUNDEB;1.7.2.1.01.05.00 - Cota-Parte do Imposto Sobre a Propriedade Territorial Rural ¿ ITR;siconfi-cor_RO1.7.2.1.01.05.00;32,09
Prefeitura Municipal de Barcelos - AM;1300409;AM;27433;Deduções - FUNDEB;1.7.2.1.36.00.00 - Transferências Financeiras do ICMS ¿ Desoneração ¿ L.C. Nº 87/96;siconfi-cor_RO1.7.2.1.36.00.00;6031,68
Prefeitura Municipal de Barcelos - AM;1300409;AM;27433;Deduções - FUNDEB;1.7.2.2.00.00.00 - Transferências dos Estados;siconfi-cor_RO1.7.2.2.00.00.00;2196469,1
Prefeitura Municipal de Barcelos - AM;1300409;AM;27433;Deduções - FUNDEB;1.7.2.2.01.00.00 - Participação na Receita dos Estados;siconfi-cor_RO1.7.2.2.01.00.00;2196469,1
Prefeitura Municipal de Barcelos - AM;1300409;AM;27433;Deduções - FUNDEB;1.7.2.2.01.01.00 - Cota-Parte do ICMS;siconfi-cor_RO1.7.2.2.01.01.00;2176820,51
Prefeitura Municipal de Barcelos - AM;1300409;AM;27433;Deduções - FUNDEB;1.7.2.2.01.02.00 - Cota-Parte do IPVA;siconfi-cor_RO1.7.2.2.01.02.00;10845,16
Prefeitura Municipal de Barcelos - AM;1300409;AM;27433;Deduções - FUNDEB;1.7.2.2.01.04.00 - Cota-Parte do IPI - Municípios;siconfi-cor_RO1.7.2.2.01.04.00;8803,43
Prefeitura Municipal de São Gabriel da Cachoeira - AM;1303809;AM;43094;Receitas Brutas Realizadas;Total Receitas;siconfi-cor_TotalReceitas;77387783,46
Prefeitura Municipal de São Gabriel da Cachoeira - AM;1303809;AM;43094;Receitas Brutas Realizadas;1.0.0.0.00.00.00 - Receitas Correntes;siconfi-cor_RO1.0.0.0.00.00.00;77287733,46
Prefeitura Municipal de São Gabriel da Cachoeira - AM;1303809;AM;43094;Receitas Brutas Realizadas;1.1.0.0.00.00.00 - Receita Tributária;siconfi-cor_RO1.1.0.0.00.00.00;1643526,77
Prefeitura Municipal de São Gabriel da Cachoeira - AM;1303809;AM;43094;Receitas Brutas Realizadas;1.1.1.0.00.00.00 - Impostos;siconfi-cor_RO1.1.1.0.00.00.00;1459371,21
Prefeitura Municipal de São Gabriel da Cachoeira - AM;1303809;AM;43094;Receitas Brutas Realizadas;1.1.1.2.00.00.00 - Impostos sobre o Patrimônio e a Renda;siconfi-cor_RO1.1.1.2.00.00.00;610297,51
Prefeitura Municipal de São Gabriel da Cachoeira - AM;1303809;AM;43094;Receitas Brutas Realizadas;1.1.1.2.02.00.00 - Imposto sobre a Propriedade Predial e Territorial Urbana ¿ IPTU;siconfi-cor_RO1.1.1.2.02.00.00;64069,11
Prefeitura Municipal de São Gabriel da Cachoeira - AM;1303809;AM;43094;Receitas Brutas Realizadas;1.1.1.2.04.00.00 - Imposto sobre a Renda e Proventos de Qualquer Natureza ¿ IR;siconfi-cor_RO1.1.1.2.04.00.00;492373,08
Prefeitura Municipal de São Gabriel da Cachoeira - AM;1303809;AM;43094;Receitas Brutas Realizadas;1.1.1.2.04.31.00 - Retido nas Fontes - Trabalho;siconfi-cor_RO1.1.1.2.04.31.00;427892,76
Prefeitura Municipal de São Gabriel da Cachoeira - AM;1303809;AM;43094;Receitas Brutas Realizadas;1.1.1.2.04.34.00 - Retido nas Fontes - Outros Rendimentos;siconfi-cor_RO1.1.1.2.04.34.00;64480,32
Prefeitura Municipal de São Gabriel da Cachoeira - AM;1303809;AM;43094;Receitas Brutas Realizadas;"1.1.1.2.08.00.00 - Imposto sobre Transmissão Inter Vivos"" de Bens Imóveis e de Direitos Reais sobre Imóveis ¿ ITBI""";siconfi-cor_RO1.1.1.2.08.00.00;53855,32
Prefeitura Municipal de São Gabriel da Cachoeira - AM;1303809;AM;43094;Receitas Brutas Realizadas;1.1.1.3.00.00.00 - Impostos sobre a Produção e a Circulação;siconfi-cor_RO1.1.1.3.00.00.00;849073,7
Prefeitura Municipal de São Gabriel da Cachoeira - AM;1303809;AM;43094;Receitas Brutas Realizadas;1.1.1.3.05.00.00 - Imposto sobre Serviços de Qualquer Natureza ¿ ISSQN;siconfi-cor_RO1.1.1.3.05.00.00;849073,7
Prefeitura Municipal de São Gabriel da Cachoeira - AM;1303809;AM;43094;Receitas Brutas Realizadas;1.1.2.0.00.00.00 - Taxas;siconfi-cor_RO1.1.2.0.00.00.00;184155,56
Prefeitura Municipal de São Gabriel da Cachoeira - AM;1303809;AM;43094;Receitas Brutas Realizadas;1.1.2.1.00.00.00 - Taxas pelo Exercício do Poder de Polícia;siconfi-cor_RO1.1.2.1.00.00.00;163856,96
Prefeitura Municipal de São Gabriel da Cachoeira - AM;1303809;AM;43094;Receitas Brutas Realizadas;1.1.2.2.00.00.00 - Taxas pela Prestação de Serviços;siconfi-cor_RO1.1.2.2.00.00.00;20298,6
Prefeitura Municipal de São Gabriel da Cachoeira - AM;1303809;AM;43094;Receitas Brutas Realizadas;1.1.2.2.99.00.00 - Outras Taxas pela Prestação de Serviços;siconfi-cor_RO1.1.2.2.99.00.00;20298,6
Prefeitura Municipal de São Gabriel da Cachoeira - AM;1303809;AM;43094;Receitas Brutas Realizadas;1.3.0.0.00.00.00 - Receita Patrimonial;siconfi-cor_RO1.3.0.0.00.00.00;538456,83
Prefeitura Municipal de São Gabriel da Cachoeira - AM;1303809;AM;43094;Receitas Brutas Realizadas;1.3.1.0.00.00.00 - Receitas Imobiliárias;siconfi-cor_RO1.3.1.0.00.00.00;11075,18
Prefeitura Municipal de São Gabriel da Cachoeira - AM;1303809;AM;43094;Receitas Brutas Realizadas;1.3.1.1.00.00.00 - Aluguéis;siconfi-cor_RO1.3.1.1.00.00.00;11075,18
Prefeitura Municipal de São Gabriel da Cachoeira - AM;1303809;AM;43094;Receitas Brutas Realizadas;1.3.2.0.00.00.00 - Receitas de Valores Mobiliários;siconfi-cor_RO1.3.2.0.00.00.00;493406,09
Prefeitura Municipal de São Gabriel da Cachoeira - AM;1303809;AM;43094;Receitas Brutas Realizadas;1.3.2.5.00.00.00 - Remuneração de Depósitos Bancários;siconfi-cor_RO1.3.2.5.00.00.00;493406,09
Prefeitura Municipal de São Gabriel da Cachoeira - AM;1303809;AM;43094;Receitas Brutas Realizadas;1.3.3.0.00.00.00 - Receitas de Concessões e Permissões;siconfi-cor_RO1.3.3.0.00.00.00;33975,56
Prefeitura Municipal de São Gabriel da Cachoeira - AM;1303809;AM;43094;Receitas Brutas Realizadas;1.7.0.0.00.00.00 - Transferências Correntes;siconfi-cor_RO1.7.0.0.00.00.00;75019992,09
Prefeitura Municipal de São Gabriel da Cachoeira - AM;1303809;AM;43094;Receitas Brutas Realizadas;1.7.2.0.00.00.00 - Transferências Intergovernamentais;siconfi-cor_RO1.7.2.0.00.00.00;74719992,09
Prefeitura Municipal de São Gabriel da Cachoeira - AM;1303809;AM;43094;Receitas Brutas Realizadas;1.7.2.1.00.00.00 - Transferências da União;siconfi-cor_RO1.7.2.1.00.00.00;30774154,51
Prefeitura Municipal de São Gabriel da Cachoeira - AM;1303809;AM;43094;Receitas Brutas Realizadas;1.7.2.1.01.00.00 - Participação na Receita da União;siconfi-cor_RO1.7.2.1.01.00.00;21495104,77
Prefeitura Municipal de São Gabriel da Cachoeira - AM;1303809;AM;43094;Receitas Brutas Realizadas;1.7.2.1.01.02.00 - Cota-Parte do Fundo de Participação dos Municípios ¿ FPM;siconfi-cor_RO1.7.2.1.01.02.00;20068030,24
Prefeitura Municipal de São Gabriel da Cachoeira - AM;1303809;AM;43094;Receitas Brutas Realizadas;1.7.2.1.01.03.00 - Cota-Parte do Fundo de Participação dos Municípios - 1% Cota Anual;siconfi-cor_RO1.7.2.1.01.03.00;834060,02
Prefeitura Municipal de São Gabriel da Cachoeira - AM;1303809;AM;43094;Receitas Brutas Realizadas;1.7.2.1.01.04.00 - Cota-Parte do Fundo de Participação dos Municípios - 1% Cota entregue no mês de julho (67)(I);siconfi-cor_RO1.7.2.1.01.04.00;592740,68
Prefeitura Municipal de São Gabriel da Cachoeira - AM;1303809;AM;43094;Receitas Brutas Realizadas;1.7.2.1.01.05.00 - Cota-Parte do Imposto Sobre a Propriedade Territorial Rural ¿ ITR;siconfi-cor_RO1.7.2.1.01.05.00;273,83
Prefeitura Municipal de São Gabriel da Cachoeira - AM;1303809;AM;43094;Receitas Brutas Realizadas;1.7.2.1.22.00.00 - Transferências da Compensação Financeira pela Exploração de Recursos Naturais;siconfi-cor_RO1.7.2.1.22.00.00;169318,51
Prefeitura Municipal de São Gabriel da Cachoeira - AM;1303809;AM;43094;Receitas Brutas Realizadas;1.7.2.1.22.70.00 - Cota-Parte do Fundo Especial do Petróleo ¿ FEP;siconfi-cor_RO1.7.2.1.22.70.00;169318,51
Prefeitura Municipal de São Gabriel da Cachoeira - AM;1303809;AM;43094;Receitas Brutas Realizadas;1.7.2.1.33.00.00 - Transferências de Recursos do Sistema Único de Saúde - SUS - Repasses Fundo a Fundo;siconfi-cor_RO1.7.2.1.33.00.00;5530953,03
Prefeitura Municipal de São Gabriel da Cachoeira - AM;1303809;AM;43094;Receitas Brutas Realizadas;1.7.2.1.34.00.00 - Transferências de Recursos do Fundo Nacional de Assistência Social ¿ FNAS;siconfi-cor_RO1.7.2.1.34.00.00;861793,92
Prefeitura Municipal de São Gabriel da Cachoeira - AM;1303809;AM;43094;Receitas Brutas Realizadas;1.7.2.1.35.00.00 - Transferências de Recursos do Fundo Nacional do Desenvolvimento da Educação ¿ FNDE;siconfi-cor_RO1.7.2.1.35.00.00;2627759,74
Prefeitura Municipal de São Gabriel da Cachoeira - AM;1303809;AM;43094;Receitas Brutas Realizadas;1.7.2.1.36.00.00 - Transferências Financeiras do ICMS ¿ Desoneração ¿ L.C. Nº 87/96;siconfi-cor_RO1.7.2.1.36.00.00;32438,4
Prefeitura Municipal de São Gabriel da Cachoeira - AM;1303809;AM;43094;Receitas Brutas Realizadas;1.7.2.1.99.00.00 - Outras Transferências da União;siconfi-cor_RO1.7.2.1.99.00.00;56786,14
Prefeitura Municipal de São Gabriel da Cachoeira - AM;1303809;AM;43094;Receitas Brutas Realizadas;1.7.2.2.00.00.00 - Transferências dos Estados;siconfi-cor_RO1.7.2.2.00.00.00;13004260,3
Prefeitura Municipal de São Gabriel da Cachoeira - AM;1303809;AM;43094;Receitas Brutas Realizadas;1.7.2.2.01.00.00 - Participação na Receita dos Estados;siconfi-cor_RO1.7.2.2.01.00.00;12075640,89
Prefeitura Municipal de São Gabriel da Cachoeira - AM;1303809;AM;43094;Receitas Brutas Realizadas;1.7.2.2.01.01.00 - Cota-Parte do ICMS;siconfi-cor_RO1.7.2.2.01.01.00;11706681,11
Prefeitura Municipal de São Gabriel da Cachoeira - AM;1303809;AM;43094;Receitas Brutas Realizadas;1.7.2.2.01.02.00 - Cota-Parte do IPVA;siconfi-cor_RO1.7.2.2.01.02.00;252532,31
Prefeitura Municipal de São Gabriel da Cachoeira - AM;1303809;AM;43094;Receitas Brutas Realizadas;1.7.2.2.01.04.00 - Cota-Parte do IPI - Municípios;siconfi-cor_RO1.7.2.2.01.04.00;47344,52
Prefeitura Municipal de São Gabriel da Cachoeira - AM;1303809;AM;43094;Receitas Brutas Realizadas;1.7.2.2.01.13.00 - Cota-Parte da Contribuição de Intervenção no Domínio Econômico;siconfi-cor_RO1.7.2.2.01.13.00;69082,95
Prefeitura Municipal de São Gabriel da Cachoeira - AM;1303809;AM;43094;Receitas Brutas Realizadas;1.7.2.2.22.00.00 - Transferências da Cota-Parte da Compensação Financeira (25%);siconfi-cor_RO1.7.2.2.22.00.00;135690,81
Prefeitura Municipal de São Gabriel da Cachoeira - AM;1303809;AM;43094;Receitas Brutas Realizadas;1.7.2.2.22.30.00 - Cota-Parte Royalties - Compensação Financeira pela Produção de Petróleo - Lei nº 7.990/89 artigo 9º;siconfi-cor_RO1.7.2.2.22.30.00;135690,81
Prefeitura Municipal de São Gabriel da Cachoeira - AM;1303809;AM;43094;Receitas Brutas Realizadas;1.7.2.2.33.00.00 - Transferências de Recursos do Estado para Programas de Saúde - Repasse Fundo a Fundo;siconfi-cor_RO1.7.2.2.33.00.00;792928,6
Prefeitura Municipal de São Gabriel da Cachoeira - AM;1303809;AM;43094;Receitas Brutas Realizadas;1.7.2.4.00.00.00 - Transferências Multigovernamentais;siconfi-cor_RO1.7.2.4.00.00.00;30941577,28
Prefeitura Municipal de São Gabriel da Cachoeira - AM;1303809;AM;43094;Receitas Brutas Realizadas;1.7.2.4.01.00.00 - Transferências de Recursos do Fundo de Manutenção e Desenvolvimento do Ensino Fundamental e de Valorização do Magistério - FUNDEB;siconfi-cor_RO1.7.2.4.01.00.00;22877173,01
Prefeitura Municipal de São Gabriel da Cachoeira - AM;1303809;AM;43094;Receitas Brutas Realizadas;1.7.2.4.02.00.00 - Transferências de Recursos da Complementação ao Fundo de Manutenção e Desenvolvimento do Ensino Fundamental e de Valorização do Magistério - FUNDEB;siconfi-cor_RO1.7.2.4.02.00.00;8064404,27
Prefeitura Municipal de São Gabriel da Cachoeira - AM;1303809;AM;43094;Receitas Brutas Realizadas;1.7.6.0.00.00.00 - Transferências de Convênios;siconfi-cor_RO1.7.6.0.00.00.00;300000
Prefeitura Municipal de São Gabriel da Cachoeira - AM;1303809;AM;43094;Receitas Brutas Realizadas;1.7.6.2.00.00.00 - Transferências de Convênios dos Estados e do Distrito Federal e de Suas Entidades;siconfi-cor_RO1.7.6.2.00.00.00;300000
Prefeitura Municipal de São Gabriel da Cachoeira - AM;1303809;AM;43094;Receitas Brutas Realizadas;1.7.6.2.99.00.00 - Outras Transferências de Convênios dos Estados;siconfi-cor_RO1.7.6.2.99.00.00;300000
Prefeitura Municipal de São Gabriel da Cachoeira - AM;1303809;AM;43094;Receitas Brutas Realizadas;1.9.0.0.00.00.00 - Outras Receitas Correntes;siconfi-cor_RO1.9.0.0.00.00.00;85757,77
Prefeitura Municipal de São Gabriel da Cachoeira - AM;1303809;AM;43094;Receitas Brutas Realizadas;1.9.1.0.00.00.00 - Multas e Juros de Mora;siconfi-cor_RO1.9.1.0.00.00.00;1369
Prefeitura Municipal de São Gabriel da Cachoeira - AM;1303809;AM;43094;Receitas Brutas Realizadas;1.9.1.9.00.00.00 - Multas de Outras Origens;siconfi-cor_RO1.9.1.9.00.00.00;1369
Prefeitura Municipal de São Gabriel da Cachoeira - AM;1303809;AM;43094;Receitas Brutas Realizadas;1.9.2.0.00.00.00 - Indenizações e Restituições;siconfi-cor_RO1.9.2.0.00.00.00;5143,3
Prefeitura Municipal de São Gabriel da Cachoeira - AM;1303809;AM;43094;Receitas Brutas Realizadas;1.9.2.2.00.00.00 - Restituições;siconfi-cor_RO1.9.2.2.00.00.00;5143,3
Prefeitura Municipal de São Gabriel da Cachoeira - AM;1303809;AM;43094;Receitas Brutas Realizadas;1.9.2.2.99.00.00 - Outras Restituições;siconfi-cor_RO1.9.2.2.99.00.00;5143,3
Prefeitura Municipal de São Gabriel da Cachoeira - AM;1303809;AM;43094;Receitas Brutas Realizadas;1.9.3.0.00.00.00 - Receita da Dívida Ativa;siconfi-cor_RO1.9.3.0.00.00.00;79245,47
Prefeitura Municipal de São Gabriel da Cachoeira - AM;1303809;AM;43094;Receitas Brutas Realizadas;1.9.3.1.00.00.00 - Receita da Dívida Ativa Tributária;siconfi-cor_RO1.9.3.1.00.00.00;79245,47
Prefeitura Municipal de São Gabriel da Cachoeira - AM;1303809;AM;43094;Receitas Brutas Realizadas;1.9.3.1.11.00.00 - Receita da Dívida Ativa do Imposto sobre a Propriedade Predial e Territorial Urbana ¿ IPTU;siconfi-cor_RO1.9.3.1.11.00.00;54642,62
Prefeitura Municipal de São Gabriel da Cachoeira - AM;1303809;AM;43094;Receitas Brutas Realizadas;1.9.3.1.99.00.00 - Receita da Dívida Ativa de Outros Tributos;siconfi-cor_RO1.9.3.1.99.00.00;24602,85
Prefeitura Municipal de São Gabriel da Cachoeira - AM;1303809;AM;43094;Receitas Brutas Realizadas;2.0.0.0.00.00.00 - Receitas de Capital;siconfi-cor_RO2.0.0.0.00.00.00;100050
Prefeitura Municipal de São Gabriel da Cachoeira - AM;1303809;AM;43094;Receitas Brutas Realizadas;2.4.0.0.00.00.00 - Transferências de Capital;siconfi-cor_RO2.4.0.0.00.00.00;100050
Prefeitura Municipal de São Gabriel da Cachoeira - AM;1303809;AM;43094;Receitas Brutas Realizadas;2.4.2.0.00.00.00 - Transferências Intergovernamentais;siconfi-cor_RO2.4.2.0.00.00.00;100050
Prefeitura Municipal de São Gabriel da Cachoeira - AM;1303809;AM;43094;Receitas Brutas Realizadas;2.4.2.1.00.00.00 - Transferências da União;siconfi-cor_RO2.4.2.1.00.00.00;100050
Prefeitura Municipal de São Gabriel da Cachoeira - AM;1303809;AM;43094;Receitas Brutas Realizadas;2.4.2.1.01.00.00 - Participação na Receita da União;siconfi-cor_RO2.4.2.1.01.00.00;100050
Prefeitura Municipal de São Gabriel da Cachoeira - AM;1303809;AM;43094;Deduções - Transferências Constitucionais;Total Receitas;siconfi-cor_TotalReceitas;6411124,2
Prefeitura Municipal de São Gabriel da Cachoeira - AM;1303809;AM;43094;Deduções - Transferências Constitucionais;1.0.0.0.00.00.00 - Receitas Correntes;siconfi-cor_RO1.0.0.0.00.00.00;6411124,2
Prefeitura Municipal de São Gabriel da Cachoeira - AM;1303809;AM;43094;Deduções - Transferências Constitucionais;1.7.0.0.00.00.00 - Transferências Correntes;siconfi-cor_RO1.7.0.0.00.00.00;6411124,2
Prefeitura Municipal de São Gabriel da Cachoeira - AM;1303809;AM;43094;Deduções - Transferências Constitucionais;1.7.2.0.00.00.00 - Transferências Intergovernamentais;siconfi-cor_RO1.7.2.0.00.00.00;6411124,2
Prefeitura Municipal de São Gabriel da Cachoeira - AM;1303809;AM;43094;Deduções - Transferências Constitucionais;1.7.2.1.00.00.00 - Transferências da União;siconfi-cor_RO1.7.2.1.00.00.00;4009813,61
Prefeitura Municipal de São Gabriel da Cachoeira - AM;1303809;AM;43094;Deduções - Transferências Constitucionais;1.7.2.1.01.00.00 - Participação na Receita da União;siconfi-cor_RO1.7.2.1.01.00.00;4003325,93
Prefeitura Municipal de São Gabriel da Cachoeira - AM;1303809;AM;43094;Deduções - Transferências Constitucionais;1.7.2.1.01.02.00 - Cota-Parte do Fundo de Participação dos Municípios ¿ FPM;siconfi-cor_RO1.7.2.1.01.02.00;4003271,17
Prefeitura Municipal de São Gabriel da Cachoeira - AM;1303809;AM;43094;Deduções - Transferências Constitucionais;1.7.2.1.01.05.00 - Cota-Parte do Imposto Sobre a Propriedade Territorial Rural ¿ ITR;siconfi-cor_RO1.7.2.1.01.05.00;54,76
Prefeitura Municipal de São Gabriel da Cachoeira - AM;1303809;AM;43094;Deduções - Transferências Constitucionais;1.7.2.1.36.00.00 - Transferências Financeiras do ICMS ¿ Desoneração ¿ L.C. Nº 87/96;siconfi-cor_RO1.7.2.1.36.00.00;6487,68
Prefeitura Municipal de São Gabriel da Cachoeira - AM;1303809;AM;43094;Deduções - Transferências Constitucionais;1.7.2.2.00.00.00 - Transferências dos Estados;siconfi-cor_RO1.7.2.2.00.00.00;2401310,59
Prefeitura Municipal de São Gabriel da Cachoeira - AM;1303809;AM;43094;Deduções - Transferências Constitucionais;1.7.2.2.01.00.00 - Participação na Receita dos Estados;siconfi-cor_RO1.7.2.2.01.00.00;2401310,59
Prefeitura Municipal de São Gabriel da Cachoeira - AM;1303809;AM;43094;Deduções - Transferências Constitucionais;1.7.2.2.01.01.00 - Cota-Parte do ICMS;siconfi-cor_RO1.7.2.2.01.01.00;2341336,2
Prefeitura Municipal de São Gabriel da Cachoeira - AM;1303809;AM;43094;Deduções - Transferências Constitucionais;1.7.2.2.01.02.00 - Cota-Parte do IPVA;siconfi-cor_RO1.7.2.2.01.02.00;50505,48
Prefeitura Municipal de São Gabriel da Cachoeira - AM;1303809;AM;43094;Deduções - Transferências Constitucionais;1.7.2.2.01.04.00 - Cota-Parte do IPI - Municípios;siconfi-cor_RO1.7.2.2.01.04.00;9468,91
Prefeitura Municipal de Humaitá - AM;1301704;AM;51302;Receitas Brutas Realizadas;Total Receitas;siconfi-cor_TotalReceitas;92707918,8
Prefeitura Municipal de Humaitá - AM;1301704;AM;51302;Receitas Brutas Realizadas;1.0.0.0.00.00.00 - Receitas Correntes;siconfi-cor_RO1.0.0.0.00.00.00;89158291,21
Prefeitura Municipal de Humaitá - AM;1301704;AM;51302;Receitas Brutas Realizadas;1.1.0.0.00.00.00 - Receita Tributária;siconfi-cor_RO1.1.0.0.00.00.00;4810345,47
Prefeitura Municipal de Humaitá - AM;1301704;AM;51302;Receitas Brutas Realizadas;1.1.1.0.00.00.00 - Impostos;siconfi-cor_RO1.1.1.0.00.00.00;3719833,31
Prefeitura Municipal de Humaitá - AM;1301704;AM;51302;Receitas Brutas Realizadas;1.1.1.2.00.00.00 - Impostos sobre o Patrimônio e a Renda;siconfi-cor_RO1.1.1.2.00.00.00;1007568,08
Prefeitura Municipal de Humaitá - AM;1301704;AM;51302;Receitas Brutas Realizadas;1.1.1.2.02.00.00 - Imposto sobre a Propriedade Predial e Territorial Urbana ¿ IPTU;siconfi-cor_RO1.1.1.2.02.00.00;112603,35
Prefeitura Municipal de Humaitá - AM;1301704;AM;51302;Receitas Brutas Realizadas;1.1.1.2.04.00.00 - Imposto sobre a Renda e Proventos de Qualquer Natureza ¿ IR;siconfi-cor_RO1.1.1.2.04.00.00;752278,34
Prefeitura Municipal de Humaitá - AM;1301704;AM;51302;Receitas Brutas Realizadas;1.1.1.2.04.31.00 - Retido nas Fontes - Trabalho;siconfi-cor_RO1.1.1.2.04.31.00;564867,52
Prefeitura Municipal de Humaitá - AM;1301704;AM;51302;Receitas Brutas Realizadas;1.1.1.2.04.34.00 - Retido nas Fontes - Outros Rendimentos;siconfi-cor_RO1.1.1.2.04.34.00;187410,82
Prefeitura Municipal de Humaitá - AM;1301704;AM;51302;Receitas Brutas Realizadas;"1.1.1.2.08.00.00 - Imposto sobre Transmissão Inter Vivos"" de Bens Imóveis e de Direitos Reais sobre Imóveis ¿ ITBI""";siconfi-cor_RO1.1.1.2.08.00.00;142686,39
Prefeitura Municipal de Humaitá - AM;1301704;AM;51302;Receitas Brutas Realizadas;1.1.1.3.00.00.00 - Impostos sobre a Produção e a Circulação;siconfi-cor_RO1.1.1.3.00.00.00;2712265,23
Prefeitura Municipal de Humaitá - AM;1301704;AM;51302;Receitas Brutas Realizadas;1.1.1.3.05.00.00 - Imposto sobre Serviços de Qualquer Natureza ¿ ISSQN;siconfi-cor_RO1.1.1.3.05.00.00;2712265,23
Prefeitura Municipal de Humaitá - AM;1301704;AM;51302;Receitas Brutas Realizadas;1.1.2.0.00.00.00 - Taxas;siconfi-cor_RO1.1.2.0.00.00.00;1090512,16
Prefeitura Municipal de Humaitá - AM;1301704;AM;51302;Receitas Brutas Realizadas;1.1.2.1.00.00.00 - Taxas pelo Exercício do Poder de Polícia;siconfi-cor_RO1.1.2.1.00.00.00;12535,95
Prefeitura Municipal de Humaitá - AM;1301704;AM;51302;Receitas Brutas Realizadas;1.1.2.2.00.00.00 - Taxas pela Prestação de Serviços;siconfi-cor_RO1.1.2.2.00.00.00;1077976,21
Prefeitura Municipal de Humaitá - AM;1301704;AM;51302;Receitas Brutas Realizadas;1.1.2.2.21.00.00 - Taxas de Serviços Cadastrais;siconfi-cor_RO1.1.2.2.21.00.00;343457,3
Prefeitura Municipal de Humaitá - AM;1301704;AM;51302;Receitas Brutas Realizadas;1.1.2.2.99.00.00 - Outras Taxas pela Prestação de Serviços;siconfi-cor_RO1.1.2.2.99.00.00;734518,91
Prefeitura Municipal de Humaitá - AM;1301704;AM;51302;Receitas Brutas Realizadas;1.2.0.0.00.00.00 - Receitas de Contribuições;siconfi-cor_RO1.2.0.0.00.00.00;1395122,94
Prefeitura Municipal de Humaitá - AM;1301704;AM;51302;Receitas Brutas Realizadas;1.2.1.0.00.00.00 - Contribuições Sociais;siconfi-cor_RO1.2.1.0.00.00.00;1395122,94
Prefeitura Municipal de Humaitá - AM;1301704;AM;51302;Receitas Brutas Realizadas;1.2.1.0.29.00.00 - Contribuições para o Regime Próprio de Previdência do Servidor Público;siconfi-cor_RO1.2.1.0.29.00.00;1395122,94
Prefeitura Municipal de Humaitá - AM;1301704;AM;51302;Receitas Brutas Realizadas;1.2.1.0.29.01.00 - Contribuição Patronal de Servidor Ativo Civil para o Regime Próprio;siconfi-cor_RO1.2.1.0.29.01.00;8000,11
Prefeitura Municipal de Humaitá - AM;1301704;AM;51302;Receitas Brutas Realizadas;1.2.1.0.29.07.00 - Contribuição do Servidor Ativo Civil para o Regime Próprio;siconfi-cor_RO1.2.1.0.29.07.00;1387122,83
Prefeitura Municipal de Humaitá - AM;1301704;AM;51302;Receitas Brutas Realizadas;1.3.0.0.00.00.00 - Receita Patrimonial;siconfi-cor_RO1.3.0.0.00.00.00;1350067,38
Prefeitura Municipal de Humaitá - AM;1301704;AM;51302;Receitas Brutas Realizadas;1.3.2.0.00.00.00 - Receitas de Valores Mobiliários;siconfi-cor_RO1.3.2.0.00.00.00;1350067,38
Prefeitura Municipal de Humaitá - AM;1301704;AM;51302;Receitas Brutas Realizadas;1.3.2.5.00.00.00 - Remuneração de Depósitos Bancários;siconfi-cor_RO1.3.2.5.00.00.00;332738,65
Prefeitura Municipal de Humaitá - AM;1301704;AM;51302;Receitas Brutas Realizadas;1.3.2.8.00.00.00 - Remuneração dos Investimentos do Regime Próprio de Previdência do Servidor;siconfi-cor_RO1.3.2.8.00.00.00;1017328,73
Prefeitura Municipal de Humaitá - AM;1301704;AM;51302;Receitas Brutas Realizadas;1.6.0.0.00.00.00 - Receita de Serviços;siconfi-cor_RO1.6.0.0.00.00.00;35002,42
Prefeitura Municipal de Humaitá - AM;1301704;AM;51302;Receitas Brutas Realizadas;1.6.0.0.99.00.00 - Outros Serviços;siconfi-cor_RO1.6.0.0.99.00.00;35002,42
Prefeitura Municipal de Humaitá - AM;1301704;AM;51302;Receitas Brutas Realizadas;1.7.0.0.00.00.00 - Transferências Correntes;siconfi-cor_RO1.7.0.0.00.00.00;81373511,92
Prefeitura Municipal de Humaitá - AM;1301704;AM;51302;Receitas Brutas Realizadas;1.7.2.0.00.00.00 - Transferências Intergovernamentais;siconfi-cor_RO1.7.2.0.00.00.00;80877772,2
Prefeitura Municipal de Humaitá - AM;1301704;AM;51302;Receitas Brutas Realizadas;1.7.2.1.00.00.00 - Transferências da União;siconfi-cor_RO1.7.2.1.00.00.00;40091687,24
Prefeitura Municipal de Humaitá - AM;1301704;AM;51302;Receitas Brutas Realizadas;1.7.2.1.01.00.00 - Participação na Receita da União;siconfi-cor_RO1.7.2.1.01.00.00;26341317,15
Prefeitura Municipal de Humaitá - AM;1301704;AM;51302;Receitas Brutas Realizadas;1.7.2.1.01.02.00 - Cota-Parte do Fundo de Participação dos Municípios ¿ FPM;siconfi-cor_RO1.7.2.1.01.02.00;26271460,07
Prefeitura Municipal de Humaitá - AM;1301704;AM;51302;Receitas Brutas Realizadas;1.7.2.1.01.05.00 - Cota-Parte do Imposto Sobre a Propriedade Territorial Rural ¿ ITR;siconfi-cor_RO1.7.2.1.01.05.00;69788,44
Prefeitura Municipal de Humaitá - AM;1301704;AM;51302;Receitas Brutas Realizadas;1.7.2.1.01.32.00 - Cota-Parte do Imposto Sobre Operações de Crédito Câmbio e Seguro ou Relativas a Títulos ou Valores Mobiliários ¿ Comercialização do Ouro;siconfi-cor_RO1.7.2.1.01.32.00;68,64
Prefeitura Municipal de Humaitá - AM;1301704;AM;51302;Receitas Brutas Realizadas;1.7.2.1.22.00.00 - Transferências da Compensação Financeira pela Exploração de Recursos Naturais;siconfi-cor_RO1.7.2.1.22.00.00;207299,19
Prefeitura Municipal de Humaitá - AM;1301704;AM;51302;Receitas Brutas Realizadas;1.7.2.1.22.20.00 - Cota-Parte da Compensação Financeira de Recursos Minerais - CFEM;siconfi-cor_RO1.7.2.1.22.20.00;177,17
Prefeitura Municipal de Humaitá - AM;1301704;AM;51302;Receitas Brutas Realizadas;1.7.2.1.22.70.00 - Cota-Parte do Fundo Especial do Petróleo ¿ FEP;siconfi-cor_RO1.7.2.1.22.70.00;207122,02
Prefeitura Municipal de Humaitá - AM;1301704;AM;51302;Receitas Brutas Realizadas;1.7.2.1.33.00.00 - Transferências de Recursos do Sistema Único de Saúde - SUS - Repasses Fundo a Fundo;siconfi-cor_RO1.7.2.1.33.00.00;10403718,2
Prefeitura Municipal de Humaitá - AM;1301704;AM;51302;Receitas Brutas Realizadas;1.7.2.1.34.00.00 - Transferências de Recursos do Fundo Nacional de Assistência Social ¿ FNAS;siconfi-cor_RO1.7.2.1.34.00.00;771785,95
Prefeitura Municipal de Humaitá - AM;1301704;AM;51302;Receitas Brutas Realizadas;1.7.2.1.35.00.00 - Transferências de Recursos do Fundo Nacional do Desenvolvimento da Educação ¿ FNDE;siconfi-cor_RO1.7.2.1.35.00.00;2256705,09
Prefeitura Municipal de Humaitá - AM;1301704;AM;51302;Receitas Brutas Realizadas;1.7.2.1.36.00.00 - Transferências Financeiras do ICMS ¿ Desoneração ¿ L.C. Nº 87/96;siconfi-cor_RO1.7.2.1.36.00.00;40304,76
Prefeitura Municipal de Humaitá - AM;1301704;AM;51302;Receitas Brutas Realizadas;1.7.2.1.99.00.00 - Outras Transferências da União;siconfi-cor_RO1.7.2.1.99.00.00;70556,9
Prefeitura Municipal de Humaitá - AM;1301704;AM;51302;Receitas Brutas Realizadas;1.7.2.2.00.00.00 - Transferências dos Estados;siconfi-cor_RO1.7.2.2.00.00.00;15466840,81
Prefeitura Municipal de Humaitá - AM;1301704;AM;51302;Receitas Brutas Realizadas;1.7.2.2.01.00.00 - Participação na Receita dos Estados;siconfi-cor_RO1.7.2.2.01.00.00;15214351,23
Prefeitura Municipal de Humaitá - AM;1301704;AM;51302;Receitas Brutas Realizadas;1.7.2.2.01.01.00 - Cota-Parte do ICMS;siconfi-cor_RO1.7.2.2.01.01.00;14545577,91
Prefeitura Municipal de Humaitá - AM;1301704;AM;51302;Receitas Brutas Realizadas;1.7.2.2.01.02.00 - Cota-Parte do IPVA;siconfi-cor_RO1.7.2.2.01.02.00;527639,78
Prefeitura Municipal de Humaitá - AM;1301704;AM;51302;Receitas Brutas Realizadas;1.7.2.2.01.04.00 - Cota-Parte do IPI - Municípios;siconfi-cor_RO1.7.2.2.01.04.00;58825,68
Prefeitura Municipal de Humaitá - AM;1301704;AM;51302;Receitas Brutas Realizadas;1.7.2.2.01.13.00 - Cota-Parte da Contribuição de Intervenção no Domínio Econômico;siconfi-cor_RO1.7.2.2.01.13.00;82307,86
Prefeitura Municipal de Humaitá - AM;1301704;AM;51302;Receitas Brutas Realizadas;1.7.2.2.22.00.00 - Transferências da Cota-Parte da Compensação Financeira (25%);siconfi-cor_RO1.7.2.2.22.00.00;168596,14
Prefeitura Municipal de Humaitá - AM;1301704;AM;51302;Receitas Brutas Realizadas;1.7.2.2.22.30.00 - Cota-Parte Royalties - Compensação Financeira pela Produção de Petróleo - Lei nº 7.990/89 artigo 9º;siconfi-cor_RO1.7.2.2.22.30.00;168596,14
Prefeitura Municipal de Humaitá - AM;1301704;AM;51302;Receitas Brutas Realizadas;1.7.2.2.33.00.00 - Transferências de Recursos do Estado para Programas de Saúde - Repasse Fundo a Fundo;siconfi-cor_RO1.7.2.2.33.00.00;83893,44
Prefeitura Municipal de Humaitá - AM;1301704;AM;51302;Receitas Brutas Realizadas;1.7.2.3.00.00.00 - Transferências dos Municípios;siconfi-cor_RO1.7.2.3.00.00.00;22552
Prefeitura Municipal de Humaitá - AM;1301704;AM;51302;Receitas Brutas Realizadas;1.7.2.3.01.00.00 - Transferências de Recursos do Sistema Único de Saúde ¿ SUS;siconfi-cor_RO1.7.2.3.01.00.00;22552
Prefeitura Municipal de Humaitá - AM;1301704;AM;51302;Receitas Brutas Realizadas;1.7.2.4.00.00.00 - Transferências Multigovernamentais;siconfi-cor_RO1.7.2.4.00.00.00;25296692,15
Prefeitura Municipal de Humaitá - AM;1301704;AM;51302;Receitas Brutas Realizadas;1.7.2.4.01.00.00 - Transferências de Recursos do Fundo de Manutenção e Desenvolvimento do Ensino Fundamental e de Valorização do Magistério - FUNDEB;siconfi-cor_RO1.7.2.4.01.00.00;20229806,29
Prefeitura Municipal de Humaitá - AM;1301704;AM;51302;Receitas Brutas Realizadas;1.7.2.4.02.00.00 - Transferências de Recursos da Complementação ao Fundo de Manutenção e Desenvolvimento do Ensino Fundamental e de Valorização do Magistério - FUNDEB;siconfi-cor_RO1.7.2.4.02.00.00;5066885,86
Prefeitura Municipal de Humaitá - AM;1301704;AM;51302;Receitas Brutas Realizadas;1.7.6.0.00.00.00 - Transferências de Convênios;siconfi-cor_RO1.7.6.0.00.00.00;495739,72
Prefeitura Municipal de Humaitá - AM;1301704;AM;51302;Receitas Brutas Realizadas;1.7.6.1.00.00.00 - Transferências de Convênios da União e de Suas Entidades;siconfi-cor_RO1.7.6.1.00.00.00;443139,72
Prefeitura Municipal de Humaitá - AM;1301704;AM;51302;Receitas Brutas Realizadas;1.7.6.1.99.00.00 - Outras Transferências de Convênios da União;siconfi-cor_RO1.7.6.1.99.00.00;443139,72
Prefeitura Municipal de Humaitá - AM;1301704;AM;51302;Receitas Brutas Realizadas;1.7.6.2.00.00.00 - Transferências de Convênios dos Estados e do Distrito Federal e de Suas Entidades;siconfi-cor_RO1.7.6.2.00.00.00;52600
Prefeitura Municipal de Humaitá - AM;1301704;AM;51302;Receitas Brutas Realizadas;1.7.6.2.99.00.00 - Outras Transferências de Convênios dos Estados;siconfi-cor_RO1.7.6.2.99.00.00;52600
Prefeitura Municipal de Humaitá - AM;1301704;AM;51302;Receitas Brutas Realizadas;1.9.0.0.00.00.00 - Outras Receitas Correntes;siconfi-cor_RO1.9.0.0.00.00.00;194241,08
Prefeitura Municipal de Humaitá - AM;1301704;AM;51302;Receitas Brutas Realizadas;1.9.1.0.00.00.00 - Multas e Juros de Mora;siconfi-cor_RO1.9.1.0.00.00.00;124471,32
Prefeitura Municipal de Humaitá - AM;1301704;AM;51302;Receitas Brutas Realizadas;1.9.1.1.00.00.00 - Multas e Juros de Mora dos Tributos;siconfi-cor_RO1.9.1.1.00.00.00;2088,65
Prefeitura Municipal de Humaitá - AM;1301704;AM;51302;Receitas Brutas Realizadas;1.9.1.1.99.00.00 - Multas e Juros de Mora de Outros Tributos;siconfi-cor_RO1.9.1.1.99.00.00;2088,65
Prefeitura Municipal de Humaitá - AM;1301704;AM;51302;Receitas Brutas Realizadas;1.9.1.2.00.00.00 - Multas e Juros de Mora das Contribuições;siconfi-cor_RO1.9.1.2.00.00.00;122382,67
Prefeitura Municipal de Humaitá - AM;1301704;AM;51302;Receitas Brutas Realizadas;1.9.1.2.29.00.00 - Multas e Juros de Mora das Contribuições para o Regime Próprio de Previdência do Servidor;siconfi-cor_RO1.9.1.2.29.00.00;122382,67
Prefeitura Municipal de Humaitá - AM;1301704;AM;51302;Receitas Brutas Realizadas;1.9.3.0.00.00.00 - Receita da Dívida Ativa;siconfi-cor_RO1.9.3.0.00.00.00;69769,76
Prefeitura Municipal de Humaitá - AM;1301704;AM;51302;Receitas Brutas Realizadas;1.9.3.1.00.00.00 - Receita da Dívida Ativa Tributária;siconfi-cor_RO1.9.3.1.00.00.00;67741,28
Prefeitura Municipal de Humaitá - AM;1301704;AM;51302;Receitas Brutas Realizadas;1.9.3.1.11.00.00 - Receita da Dívida Ativa do Imposto sobre a Propriedade Predial e Territorial Urbana ¿ IPTU;siconfi-cor_RO1.9.3.1.11.00.00;61824,85
Prefeitura Municipal de Humaitá - AM;1301704;AM;51302;Receitas Brutas Realizadas;1.9.3.1.13.00.00 - Receita da Dívida Ativa do Imposto sobre Serviços de Qualquer Natureza ¿ ISS;siconfi-cor_RO1.9.3.1.13.00.00;5632,22
Prefeitura Municipal de Humaitá - AM;1301704;AM;51302;Receitas Brutas Realizadas;1.9.3.1.99.00.00 - Receita da Dívida Ativa de Outros Tributos;siconfi-cor_RO1.9.3.1.99.00.00;284,21
Prefeitura Municipal de Humaitá - AM;1301704;AM;51302;Receitas Brutas Realizadas;1.9.3.2.00.00.00 - Receita da Dívida Ativa Não Tributária;siconfi-cor_RO1.9.3.2.00.00.00;2028,48
Prefeitura Municipal de Humaitá - AM;1301704;AM;51302;Receitas Brutas Realizadas;1.9.3.2.99.00.00 - Receita da Dívida Ativa Não Tributária de Outras Receitas;siconfi-cor_RO1.9.3.2.99.00.00;2028,48
Prefeitura Municipal de Humaitá - AM;1301704;AM;51302;Receitas Brutas Realizadas;2.0.0.0.00.00.00 - Receitas de Capital;siconfi-cor_RO2.0.0.0.00.00.00;1108830
Prefeitura Municipal de Humaitá - AM;1301704;AM;51302;Receitas Brutas Realizadas;2.2.0.0.00.00.00 - Alienação de Bens;siconfi-cor_RO2.2.0.0.00.00.00;1108830
Prefeitura Municipal de Humaitá - AM;1301704;AM;51302;Receitas Brutas Realizadas;2.2.2.0.00.00.00 - Alienação de Bens Imóveis;siconfi-cor_RO2.2.2.0.00.00.00;1108830
Prefeitura Municipal de Humaitá - AM;1301704;AM;51302;Receitas Brutas Realizadas;7.0.0.0.00.00.00 - Receitas Correntes Intraorçamentárias;siconfi-cor_RI7.0.0.0.00.00.00;2440797,59
Prefeitura Municipal de Humaitá - AM;1301704;AM;51302;Receitas Brutas Realizadas;7.2.0.0.00.00.00 - Receitas de Contribuições Intraorçamentárias;siconfi-cor_RI7.2.0.0.00.00.00;2440797,59
Prefeitura Municipal de Humaitá - AM;1301704;AM;51302;Receitas Brutas Realizadas;7.2.1.0.00.00.00 - Contribuições Sociais Intraorçamentárias;siconfi-cor_RI7.2.1.0.00.00.00;2440797,59
Prefeitura Municipal de Humaitá - AM;1301704;AM;51302;Receitas Brutas Realizadas;7.2.1.0.29.00.00 - Contribuições para o Regime Próprio de Previdência do Servidor Público Intraorçamentárias;siconfi-cor_RI7.2.1.0.29.00.00;2440797,59
Prefeitura Municipal de Humaitá - AM;1301704;AM;51302;Receitas Brutas Realizadas;7.2.1.0.29.01.00 - Contribuição Patronal de Servidor Ativo Civil para o Regime Próprio Intraorçamentária;siconfi-cor_RI7.2.1.0.29.01.00;2440797,59
Prefeitura Municipal de Humaitá - AM;1301704;AM;51302;Deduções - Transferências Constitucionais;Total Receitas;siconfi-cor_TotalReceitas;7941313,33
Prefeitura Municipal de Humaitá - AM;1301704;AM;51302;Deduções - Transferências Constitucionais;1.0.0.0.00.00.00 - Receitas Correntes;siconfi-cor_RO1.0.0.0.00.00.00;7941313,33
Prefeitura Municipal de Humaitá - AM;1301704;AM;51302;Deduções - Transferências Constitucionais;1.7.0.0.00.00.00 - Transferências Correntes;siconfi-cor_RO1.7.0.0.00.00.00;7941313,33
Prefeitura Municipal de Humaitá - AM;1301704;AM;51302;Deduções - Transferências Constitucionais;1.7.2.0.00.00.00 - Transferências Intergovernamentais;siconfi-cor_RO1.7.2.0.00.00.00;7941313,33
Prefeitura Municipal de Humaitá - AM;1301704;AM;51302;Deduções - Transferências Constitucionais;1.7.2.1.00.00.00 - Transferências da União;siconfi-cor_RO1.7.2.1.00.00.00;4914905,54
Prefeitura Municipal de Humaitá - AM;1301704;AM;51302;Deduções - Transferências Constitucionais;1.7.2.1.01.00.00 - Participação na Receita da União;siconfi-cor_RO1.7.2.1.01.00.00;4906844,66
Prefeitura Municipal de Humaitá - AM;1301704;AM;51302;Deduções - Transferências Constitucionais;1.7.2.1.01.02.00 - Cota-Parte do Fundo de Participação dos Municípios ¿ FPM;siconfi-cor_RO1.7.2.1.01.02.00;4892887,07
Prefeitura Municipal de Humaitá - AM;1301704;AM;51302;Deduções - Transferências Constitucionais;1.7.2.1.01.05.00 - Cota-Parte do Imposto Sobre a Propriedade Territorial Rural ¿ ITR;siconfi-cor_RO1.7.2.1.01.05.00;13957,59
Prefeitura Municipal de Humaitá - AM;1301704;AM;51302;Deduções - Transferências Constitucionais;1.7.2.1.36.00.00 - Transferências Financeiras do ICMS ¿ Desoneração ¿ L.C. Nº 87/96;siconfi-cor_RO1.7.2.1.36.00.00;8060,88
Prefeitura Municipal de Humaitá - AM;1301704;AM;51302;Deduções - Transferências Constitucionais;1.7.2.2.00.00.00 - Transferências dos Estados;siconfi-cor_RO1.7.2.2.00.00.00;3026407,79
Prefeitura Municipal de Humaitá - AM;1301704;AM;51302;Deduções - Transferências Constitucionais;1.7.2.2.01.00.00 - Participação na Receita dos Estados;siconfi-cor_RO1.7.2.2.01.00.00;3026407,79
Prefeitura Municipal de Humaitá - AM;1301704;AM;51302;Deduções - Transferências Constitucionais;1.7.2.2.01.01.00 - Cota-Parte do ICMS;siconfi-cor_RO1.7.2.2.01.01.00;2909115,59
Prefeitura Municipal de Humaitá - AM;1301704;AM;51302;Deduções - Transferências Constitucionais;1.7.2.2.01.02.00 - Cota-Parte do IPVA;siconfi-cor_RO1.7.2.2.01.02.00;105527,06
Prefeitura Municipal de Humaitá - AM;1301704;AM;51302;Deduções - Transferências Constitucionais;1.7.2.2.01.04.00 - Cota-Parte do IPI - Municípios;siconfi-cor_RO1.7.2.2.01.04.00;11765,14
Prefeitura Municipal de Boca do Acre - AM;1300706;AM;33498;Receitas Brutas Realizadas;Total Receitas;siconfi-cor_TotalReceitas;53823464,18
Prefeitura Municipal de Boca do Acre - AM;1300706;AM;33498;Receitas Brutas Realizadas;1.0.0.0.00.00.00 - Receitas Correntes;siconfi-cor_RO1.0.0.0.00.00.00;53815064,18
Prefeitura Municipal de Boca do Acre - AM;1300706;AM;33498;Receitas Brutas Realizadas;1.1.0.0.00.00.00 - Receita Tributária;siconfi-cor_RO1.1.0.0.00.00.00;1264715,82
Prefeitura Municipal de Boca do Acre - AM;1300706;AM;33498;Receitas Brutas Realizadas;1.1.1.0.00.00.00 - Impostos;siconfi-cor_RO1.1.1.0.00.00.00;981820,26
Prefeitura Municipal de Boca do Acre - AM;1300706;AM;33498;Receitas Brutas Realizadas;1.1.1.2.00.00.00 - Impostos sobre o Patrimônio e a Renda;siconfi-cor_RO1.1.1.2.00.00.00;566805,13
Prefeitura Municipal de Boca do Acre - AM;1300706;AM;33498;Receitas Brutas Realizadas;1.1.1.2.02.00.00 - Imposto sobre a Propriedade Predial e Territorial Urbana ¿ IPTU;siconfi-cor_RO1.1.1.2.02.00.00;1579,84
Prefeitura Municipal de Boca do Acre - AM;1300706;AM;33498;Receitas Brutas Realizadas;1.1.1.2.04.00.00 - Imposto sobre a Renda e Proventos de Qualquer Natureza ¿ IR;siconfi-cor_RO1.1.1.2.04.00.00;543204,02
Prefeitura Municipal de Boca do Acre - AM;1300706;AM;33498;Receitas Brutas Realizadas;1.1.1.2.04.31.00 - Retido nas Fontes - Trabalho;siconfi-cor_RO1.1.1.2.04.31.00;528351,27
Prefeitura Municipal de Boca do Acre - AM;1300706;AM;33498;Receitas Brutas Realizadas;1.1.1.2.04.34.00 - Retido nas Fontes - Outros Rendimentos;siconfi-cor_RO1.1.1.2.04.34.00;14852,75
Prefeitura Municipal de Boca do Acre - AM;1300706;AM;33498;Receitas Brutas Realizadas;"1.1.1.2.08.00.00 - Imposto sobre Transmissão Inter Vivos"" de Bens Imóveis e de Direitos Reais sobre Imóveis ¿ ITBI""";siconfi-cor_RO1.1.1.2.08.00.00;22021,27
Prefeitura Municipal de Boca do Acre - AM;1300706;AM;33498;Receitas Brutas Realizadas;1.1.1.3.00.00.00 - Impostos sobre a Produção e a Circulação;siconfi-cor_RO1.1.1.3.00.00.00;415015,13
Prefeitura Municipal de Boca do Acre - AM;1300706;AM;33498;Receitas Brutas Realizadas;1.1.1.3.05.00.00 - Imposto sobre Serviços de Qualquer Natureza ¿ ISSQN;siconfi-cor_RO1.1.1.3.05.00.00;415015,13
Prefeitura Municipal de Boca do Acre - AM;1300706;AM;33498;Receitas Brutas Realizadas;1.1.2.0.00.00.00 - Taxas;siconfi-cor_RO1.1.2.0.00.00.00;40775,42
Prefeitura Municipal de Boca do Acre - AM;1300706;AM;33498;Receitas Brutas Realizadas;1.1.2.1.00.00.00 - Taxas pelo Exercício do Poder de Polícia;siconfi-cor_RO1.1.2.1.00.00.00;27129,17
Prefeitura Municipal de Boca do Acre - AM;1300706;AM;33498;Receitas Brutas Realizadas;1.1.2.2.00.00.00 - Taxas pela Prestação de Serviços;siconfi-cor_RO1.1.2.2.00.00.00;13646,25
Prefeitura Municipal de Boca do Acre - AM;1300706;AM;33498;Receitas Brutas Realizadas;1.1.2.2.99.00.00 - Outras Taxas pela Prestação de Serviços;siconfi-cor_RO1.1.2.2.99.00.00;13646,25
Prefeitura Municipal de Boca do Acre - AM;1300706;AM;33498;Receitas Brutas Realizadas;1.1.3.0.00.00.00 - Contribuição de Melhoria;siconfi-cor_RO1.1.3.0.00.00.00;242120,14
Prefeitura Municipal de Boca do Acre - AM;1300706;AM;33498;Receitas Brutas Realizadas;1.1.3.0.02.00.00 - Contribuição de Melhoria para Expansão da Rede de Iluminação Pública na Cidade;siconfi-cor_RO1.1.3.0.02.00.00;242120,14
Prefeitura Municipal de Boca do Acre - AM;1300706;AM;33498;Receitas Brutas Realizadas;1.3.0.0.00.00.00 - Receita Patrimonial;siconfi-cor_RO1.3.0.0.00.00.00;202272,2
Prefeitura Municipal de Boca do Acre - AM;1300706;AM;33498;Receitas Brutas Realizadas;1.3.2.0.00.00.00 - Receitas de Valores Mobiliários;siconfi-cor_RO1.3.2.0.00.00.00;202272,2
Prefeitura Municipal de Boca do Acre - AM;1300706;AM;33498;Receitas Brutas Realizadas;1.3.2.5.00.00.00 - Remuneração de Depósitos Bancários;siconfi-cor_RO1.3.2.5.00.00.00;202272,2
Prefeitura Municipal de Boca do Acre - AM;1300706;AM;33498;Receitas Brutas Realizadas;1.6.0.0.00.00.00 - Receita de Serviços;siconfi-cor_RO1.6.0.0.00.00.00;40879,58
Prefeitura Municipal de Boca do Acre - AM;1300706;AM;33498;Receitas Brutas Realizadas;1.6.0.0.41.00.00 - Serviços de Captação, Adução, Tratamento, Reserva e Distribuição de Água;siconfi-cor_RO1.6.0.0.41.00.00;40879,58
Prefeitura Municipal de Boca do Acre - AM;1300706;AM;33498;Receitas Brutas Realizadas;1.7.0.0.00.00.00 - Transferências Correntes;siconfi-cor_RO1.7.0.0.00.00.00;51570961,04
Prefeitura Municipal de Boca do Acre - AM;1300706;AM;33498;Receitas Brutas Realizadas;1.7.2.0.00.00.00 - Transferências Intergovernamentais;siconfi-cor_RO1.7.2.0.00.00.00;51570961,04
Prefeitura Municipal de Boca do Acre - AM;1300706;AM;33498;Receitas Brutas Realizadas;1.7.2.1.00.00.00 - Transferências da União;siconfi-cor_RO1.7.2.1.00.00.00;25537754,4
Prefeitura Municipal de Boca do Acre - AM;1300706;AM;33498;Receitas Brutas Realizadas;1.7.2.1.01.00.00 - Participação na Receita da União;siconfi-cor_RO1.7.2.1.01.00.00;19157715,71
Prefeitura Municipal de Boca do Acre - AM;1300706;AM;33498;Receitas Brutas Realizadas;1.7.2.1.01.02.00 - Cota-Parte do Fundo de Participação dos Municípios ¿ FPM;siconfi-cor_RO1.7.2.1.01.02.00;17838249,13
Prefeitura Municipal de Boca do Acre - AM;1300706;AM;33498;Receitas Brutas Realizadas;1.7.2.1.01.03.00 - Cota-Parte do Fundo de Participação dos Municípios - 1% Cota Anual;siconfi-cor_RO1.7.2.1.01.03.00;741386,68
Prefeitura Municipal de Boca do Acre - AM;1300706;AM;33498;Receitas Brutas Realizadas;1.7.2.1.01.04.00 - Cota-Parte do Fundo de Participação dos Municípios - 1% Cota entregue no mês de julho (67)(I);siconfi-cor_RO1.7.2.1.01.04.00;526880,6
Prefeitura Municipal de Boca do Acre - AM;1300706;AM;33498;Receitas Brutas Realizadas;1.7.2.1.01.05.00 - Cota-Parte do Imposto Sobre a Propriedade Territorial Rural ¿ ITR;siconfi-cor_RO1.7.2.1.01.05.00;51199,3
Prefeitura Municipal de Boca do Acre - AM;1300706;AM;33498;Receitas Brutas Realizadas;1.7.2.1.22.00.00 - Transferências da Compensação Financeira pela Exploração de Recursos Naturais;siconfi-cor_RO1.7.2.1.22.00.00;150505,33
Prefeitura Municipal de Boca do Acre - AM;1300706;AM;33498;Receitas Brutas Realizadas;1.7.2.1.22.70.00 - Cota-Parte do Fundo Especial do Petróleo ¿ FEP;siconfi-cor_RO1.7.2.1.22.70.00;150505,33
Prefeitura Municipal de Boca do Acre - AM;1300706;AM;33498;Receitas Brutas Realizadas;1.7.2.1.33.00.00 - Transferências de Recursos do Sistema Único de Saúde - SUS - Repasses Fundo a Fundo;siconfi-cor_RO1.7.2.1.33.00.00;4545534,49
Prefeitura Municipal de Boca do Acre - AM;1300706;AM;33498;Receitas Brutas Realizadas;1.7.2.1.34.00.00 - Transferências de Recursos do Fundo Nacional de Assistência Social ¿ FNAS;siconfi-cor_RO1.7.2.1.34.00.00;526587,83
Prefeitura Municipal de Boca do Acre - AM;1300706;AM;33498;Receitas Brutas Realizadas;1.7.2.1.35.00.00 - Transferências de Recursos do Fundo Nacional do Desenvolvimento da Educação ¿ FNDE;siconfi-cor_RO1.7.2.1.35.00.00;1077836,07
Prefeitura Municipal de Boca do Acre - AM;1300706;AM;33498;Receitas Brutas Realizadas;1.7.2.1.36.00.00 - Transferências Financeiras do ICMS ¿ Desoneração ¿ L.C. Nº 87/96;siconfi-cor_RO1.7.2.1.36.00.00;28930,2
Prefeitura Municipal de Boca do Acre - AM;1300706;AM;33498;Receitas Brutas Realizadas;1.7.2.1.99.00.00 - Outras Transferências da União;siconfi-cor_RO1.7.2.1.99.00.00;50644,77
Prefeitura Municipal de Boca do Acre - AM;1300706;AM;33498;Receitas Brutas Realizadas;1.7.2.2.00.00.00 - Transferências dos Estados;siconfi-cor_RO1.7.2.2.00.00.00;10936591,7
Prefeitura Municipal de Boca do Acre - AM;1300706;AM;33498;Receitas Brutas Realizadas;1.7.2.2.01.00.00 - Participação na Receita dos Estados;siconfi-cor_RO1.7.2.2.01.00.00;10723274,15
Prefeitura Municipal de Boca do Acre - AM;1300706;AM;33498;Receitas Brutas Realizadas;1.7.2.2.01.01.00 - Cota-Parte do ICMS;siconfi-cor_RO1.7.2.2.01.01.00;10440614,68
Prefeitura Municipal de Boca do Acre - AM;1300706;AM;33498;Receitas Brutas Realizadas;1.7.2.2.01.02.00 - Cota-Parte do IPVA;siconfi-cor_RO1.7.2.2.01.02.00;181861,99
Prefeitura Municipal de Boca do Acre - AM;1300706;AM;33498;Receitas Brutas Realizadas;1.7.2.2.01.04.00 - Cota-Parte do IPI - Municípios;siconfi-cor_RO1.7.2.2.01.04.00;42224,25
Prefeitura Municipal de Boca do Acre - AM;1300706;AM;33498;Receitas Brutas Realizadas;1.7.2.2.01.13.00 - Cota-Parte da Contribuição de Intervenção no Domínio Econômico;siconfi-cor_RO1.7.2.2.01.13.00;58573,23
Prefeitura Municipal de Boca do Acre - AM;1300706;AM;33498;Receitas Brutas Realizadas;1.7.2.2.22.00.00 - Transferências da Cota-Parte da Compensação Financeira (25%);siconfi-cor_RO1.7.2.2.22.00.00;121015,95
Prefeitura Municipal de Boca do Acre - AM;1300706;AM;33498;Receitas Brutas Realizadas;1.7.2.2.22.30.00 - Cota-Parte Royalties - Compensação Financeira pela Produção de Petróleo - Lei nº 7.990/89 artigo 9º;siconfi-cor_RO1.7.2.2.22.30.00;121015,95
Prefeitura Municipal de Boca do Acre - AM;1300706;AM;33498;Receitas Brutas Realizadas;1.7.2.2.33.00.00 - Transferências de Recursos do Estado para Programas de Saúde - Repasse Fundo a Fundo;siconfi-cor_RO1.7.2.2.33.00.00;92301,6
Prefeitura Municipal de Boca do Acre - AM;1300706;AM;33498;Receitas Brutas Realizadas;1.7.2.4.00.00.00 - Transferências Multigovernamentais;siconfi-cor_RO1.7.2.4.00.00.00;15096614,94
Prefeitura Municipal de Boca do Acre - AM;1300706;AM;33498;Receitas Brutas Realizadas;1.7.2.4.01.00.00 - Transferências de Recursos do Fundo de Manutenção e Desenvolvimento do Ensino Fundamental e de Valorização do Magistério - FUNDEB;siconfi-cor_RO1.7.2.4.01.00.00;11133054,95
Prefeitura Municipal de Boca do Acre - AM;1300706;AM;33498;Receitas Brutas Realizadas;1.7.2.4.02.00.00 - Transferências de Recursos da Complementação ao Fundo de Manutenção e Desenvolvimento do Ensino Fundamental e de Valorização do Magistério - FUNDEB;siconfi-cor_RO1.7.2.4.02.00.00;3963559,99
Prefeitura Municipal de Boca do Acre - AM;1300706;AM;33498;Receitas Brutas Realizadas;1.9.0.0.00.00.00 - Outras Receitas Correntes;siconfi-cor_RO1.9.0.0.00.00.00;736235,54
Prefeitura Municipal de Boca do Acre - AM;1300706;AM;33498;Receitas Brutas Realizadas;1.9.2.0.00.00.00 - Indenizações e Restituições;siconfi-cor_RO1.9.2.0.00.00.00;530194,76
Prefeitura Municipal de Boca do Acre - AM;1300706;AM;33498;Receitas Brutas Realizadas;1.9.2.2.00.00.00 - Restituições;siconfi-cor_RO1.9.2.2.00.00.00;530194,76
Prefeitura Municipal de Boca do Acre - AM;1300706;AM;33498;Receitas Brutas Realizadas;1.9.2.2.99.00.00 - Outras Restituições;siconfi-cor_RO1.9.2.2.99.00.00;530194,76
Prefeitura Municipal de Boca do Acre - AM;1300706;AM;33498;Receitas Brutas Realizadas;1.9.9.0.00.00.00 - Receitas Diversas;siconfi-cor_RO1.9.9.0.00.00.00;206040,78
Prefeitura Municipal de Boca do Acre - AM;1300706;AM;33498;Receitas Brutas Realizadas;1.9.9.0.99.00.00 - Outras Receitas;siconfi-cor_RO1.9.9.0.99.00.00;206040,78
Prefeitura Municipal de Boca do Acre - AM;1300706;AM;33498;Receitas Brutas Realizadas;2.0.0.0.00.00.00 - Receitas de Capital;siconfi-cor_RO2.0.0.0.00.00.00;8400
Prefeitura Municipal de Boca do Acre - AM;1300706;AM;33498;Receitas Brutas Realizadas;2.4.0.0.00.00.00 - Transferências de Capital;siconfi-cor_RO2.4.0.0.00.00.00;8400
Prefeitura Municipal de Boca do Acre - AM;1300706;AM;33498;Receitas Brutas Realizadas;2.4.2.0.00.00.00 - Transferências Intergovernamentais;siconfi-cor_RO2.4.2.0.00.00.00;8400
Prefeitura Municipal de Boca do Acre - AM;1300706;AM;33498;Receitas Brutas Realizadas;2.4.2.2.00.00.00 - Transferências dos Estados;siconfi-cor_RO2.4.2.2.00.00.00;8400
Prefeitura Municipal de Boca do Acre - AM;1300706;AM;33498;Receitas Brutas Realizadas;2.4.2.2.01.00.00 - Participação na Receita dos Estados;siconfi-cor_RO2.4.2.2.01.00.00;8400
Prefeitura Municipal de Boca do Acre - AM;1300706;AM;33498;Deduções - FUNDEB;Total Receitas;siconfi-cor_TotalReceitas;5707428,4
Prefeitura Municipal de Boca do Acre - AM;1300706;AM;33498;Deduções - FUNDEB;1.0.0.0.00.00.00 - Receitas Correntes;siconfi-cor_RO1.0.0.0.00.00.00;5707428,4
Prefeitura Municipal de Boca do Acre - AM;1300706;AM;33498;Deduções - FUNDEB;1.7.0.0.00.00.00 - Transferências Correntes;siconfi-cor_RO1.7.0.0.00.00.00;5707428,4
Prefeitura Municipal de Boca do Acre - AM;1300706;AM;33498;Deduções - FUNDEB;1.7.2.0.00.00.00 - Transferências Intergovernamentais;siconfi-cor_RO1.7.2.0.00.00.00;5707428,4
Prefeitura Municipal de Boca do Acre - AM;1300706;AM;33498;Deduções - FUNDEB;1.7.2.1.00.00.00 - Transferências da União;siconfi-cor_RO1.7.2.1.00.00.00;3574489,08
Prefeitura Municipal de Boca do Acre - AM;1300706;AM;33498;Deduções - FUNDEB;1.7.2.1.01.00.00 - Participação na Receita da União;siconfi-cor_RO1.7.2.1.01.00.00;3568703,04
Prefeitura Municipal de Boca do Acre - AM;1300706;AM;33498;Deduções - FUNDEB;1.7.2.1.01.02.00 - Cota-Parte do Fundo de Participação dos Municípios ¿ FPM;siconfi-cor_RO1.7.2.1.01.02.00;3558463,27
Prefeitura Municipal de Boca do Acre - AM;1300706;AM;33498;Deduções - FUNDEB;1.7.2.1.01.05.00 - Cota-Parte do Imposto Sobre a Propriedade Territorial Rural ¿ ITR;siconfi-cor_RO1.7.2.1.01.05.00;10239,77
Prefeitura Municipal de Boca do Acre - AM;1300706;AM;33498;Deduções - FUNDEB;1.7.2.1.36.00.00 - Transferências Financeiras do ICMS ¿ Desoneração ¿ L.C. Nº 87/96;siconfi-cor_RO1.7.2.1.36.00.00;5786,04
Prefeitura Municipal de Boca do Acre - AM;1300706;AM;33498;Deduções - FUNDEB;1.7.2.2.00.00.00 - Transferências dos Estados;siconfi-cor_RO1.7.2.2.00.00.00;2132939,32
Prefeitura Municipal de Boca do Acre - AM;1300706;AM;33498;Deduções - FUNDEB;1.7.2.2.01.00.00 - Participação na Receita dos Estados;siconfi-cor_RO1.7.2.2.01.00.00;2132939,32
Prefeitura Municipal de Boca do Acre - AM;1300706;AM;33498;Deduções - FUNDEB;1.7.2.2.01.01.00 - Cota-Parte do ICMS;siconfi-cor_RO1.7.2.2.01.01.00;2088122,94
Prefeitura Municipal de Boca do Acre - AM;1300706;AM;33498;Deduções - FUNDEB;1.7.2.2.01.02.00 - Cota-Parte do IPVA;siconfi-cor_RO1.7.2.2.01.02.00;36371,54
Prefeitura Municipal de Boca do Acre - AM;1300706;AM;33498;Deduções - FUNDEB;1.7.2.2.01.04.00 - Cota-Parte do IPI - Municípios;siconfi-cor_RO1.7.2.2.01.04.00;8444,84
Prefeitura Municipal de Alvarães - AM;1300029;AM;15545;Receitas Brutas Realizadas;Total Receitas;siconfi-cor_TotalReceitas;34413156,81
Prefeitura Municipal de Alvarães - AM;1300029;AM;15545;Receitas Brutas Realizadas;1.0.0.0.00.00.00 - Receitas Correntes;siconfi-cor_RO1.0.0.0.00.00.00;34327326,81
Prefeitura Municipal de Alvarães - AM;1300029;AM;15545;Receitas Brutas Realizadas;1.1.0.0.00.00.00 - Receita Tributária;siconfi-cor_RO1.1.0.0.00.00.00;348595,98
Prefeitura Municipal de Alvarães - AM;1300029;AM;15545;Receitas Brutas Realizadas;1.1.1.0.00.00.00 - Impostos;siconfi-cor_RO1.1.1.0.00.00.00;319361,42
Prefeitura Municipal de Alvarães - AM;1300029;AM;15545;Receitas Brutas Realizadas;1.1.1.2.00.00.00 - Impostos sobre o Patrimônio e a Renda;siconfi-cor_RO1.1.1.2.00.00.00;194601,29
Prefeitura Municipal de Alvarães - AM;1300029;AM;15545;Receitas Brutas Realizadas;1.1.1.2.04.00.00 - Imposto sobre a Renda e Proventos de Qualquer Natureza ¿ IR;siconfi-cor_RO1.1.1.2.04.00.00;194484,29
Prefeitura Municipal de Alvarães - AM;1300029;AM;15545;Receitas Brutas Realizadas;1.1.1.2.04.31.00 - Retido nas Fontes - Trabalho;siconfi-cor_RO1.1.1.2.04.31.00;183380,72
Prefeitura Municipal de Alvarães - AM;1300029;AM;15545;Receitas Brutas Realizadas;1.1.1.2.04.34.00 - Retido nas Fontes - Outros Rendimentos;siconfi-cor_RO1.1.1.2.04.34.00;11103,57
Prefeitura Municipal de Alvarães - AM;1300029;AM;15545;Receitas Brutas Realizadas;"1.1.1.2.08.00.00 - Imposto sobre Transmissão Inter Vivos"" de Bens Imóveis e de Direitos Reais sobre Imóveis ¿ ITBI""";siconfi-cor_RO1.1.1.2.08.00.00;117
Prefeitura Municipal de Alvarães - AM;1300029;AM;15545;Receitas Brutas Realizadas;1.1.1.3.00.00.00 - Impostos sobre a Produção e a Circulação;siconfi-cor_RO1.1.1.3.00.00.00;124760,13
Prefeitura Municipal de Alvarães - AM;1300029;AM;15545;Receitas Brutas Realizadas;1.1.1.3.05.00.00 - Imposto sobre Serviços de Qualquer Natureza ¿ ISSQN;siconfi-cor_RO1.1.1.3.05.00.00;124760,13
Prefeitura Municipal de Alvarães - AM;1300029;AM;15545;Receitas Brutas Realizadas;1.1.3.0.00.00.00 - Contribuição de Melhoria;siconfi-cor_RO1.1.3.0.00.00.00;29234,56
Prefeitura Municipal de Alvarães - AM;1300029;AM;15545;Receitas Brutas Realizadas;1.1.3.0.02.00.00 - Contribuição de Melhoria para Expansão da Rede de Iluminação Pública na Cidade;siconfi-cor_RO1.1.3.0.02.00.00;29234,56
Prefeitura Municipal de Alvarães - AM;1300029;AM;15545;Receitas Brutas Realizadas;1.3.0.0.00.00.00 - Receita Patrimonial;siconfi-cor_RO1.3.0.0.00.00.00;27565,09
Prefeitura Municipal de Alvarães - AM;1300029;AM;15545;Receitas Brutas Realizadas;1.3.2.0.00.00.00 - Receitas de Valores Mobiliários;siconfi-cor_RO1.3.2.0.00.00.00;27565,09
Prefeitura Municipal de Alvarães - AM;1300029;AM;15545;Receitas Brutas Realizadas;1.3.2.5.00.00.00 - Remuneração de Depósitos Bancários;siconfi-cor_RO1.3.2.5.00.00.00;27565,09
Prefeitura Municipal de Alvarães - AM;1300029;AM;15545;Receitas Brutas Realizadas;1.7.0.0.00.00.00 - Transferências Correntes;siconfi-cor_RO1.7.0.0.00.00.00;33814879,27
Prefeitura Municipal de Alvarães - AM;1300029;AM;15545;Receitas Brutas Realizadas;1.7.2.0.00.00.00 - Transferências Intergovernamentais;siconfi-cor_RO1.7.2.0.00.00.00;33814879,27
Prefeitura Municipal de Alvarães - AM;1300029;AM;15545;Receitas Brutas Realizadas;1.7.2.1.00.00.00 - Transferências da União;siconfi-cor_RO1.7.2.1.00.00.00;15259028,45
Prefeitura Municipal de Alvarães - AM;1300029;AM;15545;Receitas Brutas Realizadas;1.7.2.1.01.00.00 - Participação na Receita da União;siconfi-cor_RO1.7.2.1.01.00.00;11941819,74
Prefeitura Municipal de Alvarães - AM;1300029;AM;15545;Receitas Brutas Realizadas;1.7.2.1.01.02.00 - Cota-Parte do Fundo de Participação dos Municípios ¿ FPM;siconfi-cor_RO1.7.2.1.01.02.00;11941572,76
Prefeitura Municipal de Alvarães - AM;1300029;AM;15545;Receitas Brutas Realizadas;1.7.2.1.01.05.00 - Cota-Parte do Imposto Sobre a Propriedade Territorial Rural ¿ ITR;siconfi-cor_RO1.7.2.1.01.05.00;246,98
Prefeitura Municipal de Alvarães - AM;1300029;AM;15545;Receitas Brutas Realizadas;1.7.2.1.22.00.00 - Transferências da Compensação Financeira pela Exploração de Recursos Naturais;siconfi-cor_RO1.7.2.1.22.00.00;94065,83
Prefeitura Municipal de Alvarães - AM;1300029;AM;15545;Receitas Brutas Realizadas;1.7.2.1.22.70.00 - Cota-Parte do Fundo Especial do Petróleo ¿ FEP;siconfi-cor_RO1.7.2.1.22.70.00;94065,83
Prefeitura Municipal de Alvarães - AM;1300029;AM;15545;Receitas Brutas Realizadas;1.7.2.1.33.00.00 - Transferências de Recursos do Sistema Único de Saúde - SUS - Repasses Fundo a Fundo;siconfi-cor_RO1.7.2.1.33.00.00;1932069,52
Prefeitura Municipal de Alvarães - AM;1300029;AM;15545;Receitas Brutas Realizadas;1.7.2.1.34.00.00 - Transferências de Recursos do Fundo Nacional de Assistência Social ¿ FNAS;siconfi-cor_RO1.7.2.1.34.00.00;459510,87
Prefeitura Municipal de Alvarães - AM;1300029;AM;15545;Receitas Brutas Realizadas;1.7.2.1.35.00.00 - Transferências de Recursos do Fundo Nacional do Desenvolvimento da Educação ¿ FNDE;siconfi-cor_RO1.7.2.1.35.00.00;784352,93
Prefeitura Municipal de Alvarães - AM;1300029;AM;15545;Receitas Brutas Realizadas;1.7.2.1.36.00.00 - Transferências Financeiras do ICMS ¿ Desoneração ¿ L.C. Nº 87/96;siconfi-cor_RO1.7.2.1.36.00.00;17163,48
Prefeitura Municipal de Alvarães - AM;1300029;AM;15545;Receitas Brutas Realizadas;1.7.2.1.99.00.00 - Outras Transferências da União;siconfi-cor_RO1.7.2.1.99.00.00;30046,08
Prefeitura Municipal de Alvarães - AM;1300029;AM;15545;Receitas Brutas Realizadas;1.7.2.2.00.00.00 - Transferências dos Estados;siconfi-cor_RO1.7.2.2.00.00.00;6380944,25
Prefeitura Municipal de Alvarães - AM;1300029;AM;15545;Receitas Brutas Realizadas;1.7.2.2.01.00.00 - Participação na Receita dos Estados;siconfi-cor_RO1.7.2.2.01.00.00;6271349,66
Prefeitura Municipal de Alvarães - AM;1300029;AM;15545;Receitas Brutas Realizadas;1.7.2.2.01.01.00 - Cota-Parte do ICMS;siconfi-cor_RO1.7.2.2.01.01.00;6194114,59
Prefeitura Municipal de Alvarães - AM;1300029;AM;15545;Receitas Brutas Realizadas;1.7.2.2.01.02.00 - Cota-Parte do IPVA;siconfi-cor_RO1.7.2.2.01.02.00;18806,71
Prefeitura Municipal de Alvarães - AM;1300029;AM;15545;Receitas Brutas Realizadas;1.7.2.2.01.04.00 - Cota-Parte do IPI - Municípios;siconfi-cor_RO1.7.2.2.01.04.00;25050,46
Prefeitura Municipal de Alvarães - AM;1300029;AM;15545;Receitas Brutas Realizadas;1.7.2.2.01.13.00 - Cota-Parte da Contribuição de Intervenção no Domínio Econômico;siconfi-cor_RO1.7.2.2.01.13.00;33377,9
Prefeitura Municipal de Alvarães - AM;1300029;AM;15545;Receitas Brutas Realizadas;1.7.2.2.22.00.00 - Transferências da Cota-Parte da Compensação Financeira (25%);siconfi-cor_RO1.7.2.2.22.00.00;71795,27
Prefeitura Municipal de Alvarães - AM;1300029;AM;15545;Receitas Brutas Realizadas;1.7.2.2.22.30.00 - Cota-Parte Royalties - Compensação Financeira pela Produção de Petróleo - Lei nº 7.990/89 artigo 9º;siconfi-cor_RO1.7.2.2.22.30.00;71795,27
Prefeitura Municipal de Alvarães - AM;1300029;AM;15545;Receitas Brutas Realizadas;1.7.2.2.33.00.00 - Transferências de Recursos do Estado para Programas de Saúde - Repasse Fundo a Fundo;siconfi-cor_RO1.7.2.2.33.00.00;37799,32
Prefeitura Municipal de Alvarães - AM;1300029;AM;15545;Receitas Brutas Realizadas;1.7.2.4.00.00.00 - Transferências Multigovernamentais;siconfi-cor_RO1.7.2.4.00.00.00;12174906,57
Prefeitura Municipal de Alvarães - AM;1300029;AM;15545;Receitas Brutas Realizadas;1.7.2.4.01.00.00 - Transferências de Recursos do Fundo de Manutenção e Desenvolvimento do Ensino Fundamental e de Valorização do Magistério - FUNDEB;siconfi-cor_RO1.7.2.4.01.00.00;9064574,88
Prefeitura Municipal de Alvarães - AM;1300029;AM;15545;Receitas Brutas Realizadas;1.7.2.4.02.00.00 - Transferências de Recursos da Complementação ao Fundo de Manutenção e Desenvolvimento do Ensino Fundamental e de Valorização do Magistério - FUNDEB;siconfi-cor_RO1.7.2.4.02.00.00;2170287,98
Prefeitura Municipal de Alvarães - AM;1300029;AM;15545;Receitas Brutas Realizadas;1.7.2.4.99.00.00 - Outras Transferências Multigovernamentais;siconfi-cor_RO1.7.2.4.99.00.00;940043,71
Prefeitura Municipal de Alvarães - AM;1300029;AM;15545;Receitas Brutas Realizadas;1.9.0.0.00.00.00 - Outras Receitas Correntes;siconfi-cor_RO1.9.0.0.00.00.00;136286,47
Prefeitura Municipal de Alvarães - AM;1300029;AM;15545;Receitas Brutas Realizadas;1.9.9.0.00.00.00 - Receitas Diversas;siconfi-cor_RO1.9.9.0.00.00.00;136286,47
Prefeitura Municipal de Alvarães - AM;1300029;AM;15545;Receitas Brutas Realizadas;1.9.9.0.99.00.00 - Outras Receitas;siconfi-cor_RO1.9.9.0.99.00.00;136286,47
Prefeitura Municipal de Alvarães - AM;1300029;AM;15545;Receitas Brutas Realizadas;2.0.0.0.00.00.00 - Receitas de Capital;siconfi-cor_RO2.0.0.0.00.00.00;85830
Prefeitura Municipal de Alvarães - AM;1300029;AM;15545;Receitas Brutas Realizadas;2.4.0.0.00.00.00 - Transferências de Capital;siconfi-cor_RO2.4.0.0.00.00.00;85830
Prefeitura Municipal de Alvarães - AM;1300029;AM;15545;Receitas Brutas Realizadas;2.4.2.0.00.00.00 - Transferências Intergovernamentais;siconfi-cor_RO2.4.2.0.00.00.00;85830
Prefeitura Municipal de Alvarães - AM;1300029;AM;15545;Receitas Brutas Realizadas;2.4.2.1.00.00.00 - Transferências da União;siconfi-cor_RO2.4.2.1.00.00.00;85830
Prefeitura Municipal de Alvarães - AM;1300029;AM;15545;Receitas Brutas Realizadas;2.4.2.1.01.00.00 - Participação na Receita da União;siconfi-cor_RO2.4.2.1.01.00.00;85830
Prefeitura Municipal de Alvarães - AM;1300029;AM;15545;Deduções - FUNDEB;Total Receitas;siconfi-cor_TotalReceitas;3468934,96
Prefeitura Municipal de Alvarães - AM;1300029;AM;15545;Deduções - FUNDEB;1.0.0.0.00.00.00 - Receitas Correntes;siconfi-cor_RO1.0.0.0.00.00.00;3468934,96
Prefeitura Municipal de Alvarães - AM;1300029;AM;15545;Deduções - FUNDEB;1.7.0.0.00.00.00 - Transferências Correntes;siconfi-cor_RO1.7.0.0.00.00.00;3468934,96
Prefeitura Municipal de Alvarães - AM;1300029;AM;15545;Deduções - FUNDEB;1.7.2.0.00.00.00 - Transferências Intergovernamentais;siconfi-cor_RO1.7.2.0.00.00.00;3468934,96
Prefeitura Municipal de Alvarães - AM;1300029;AM;15545;Deduções - FUNDEB;1.7.2.1.00.00.00 - Transferências da União;siconfi-cor_RO1.7.2.1.00.00.00;2227521,43
Prefeitura Municipal de Alvarães - AM;1300029;AM;15545;Deduções - FUNDEB;1.7.2.1.01.00.00 - Participação na Receita da União;siconfi-cor_RO1.7.2.1.01.00.00;2224088,83
Prefeitura Municipal de Alvarães - AM;1300029;AM;15545;Deduções - FUNDEB;1.7.2.1.01.02.00 - Cota-Parte do Fundo de Participação dos Municípios ¿ FPM;siconfi-cor_RO1.7.2.1.01.02.00;2224039,44
Prefeitura Municipal de Alvarães - AM;1300029;AM;15545;Deduções - FUNDEB;1.7.2.1.01.05.00 - Cota-Parte do Imposto Sobre a Propriedade Territorial Rural ¿ ITR;siconfi-cor_RO1.7.2.1.01.05.00;49,39
Prefeitura Municipal de Alvarães - AM;1300029;AM;15545;Deduções - FUNDEB;1.7.2.1.36.00.00 - Transferências Financeiras do ICMS ¿ Desoneração ¿ L.C. Nº 87/96;siconfi-cor_RO1.7.2.1.36.00.00;3432,6
Prefeitura Municipal de Alvarães - AM;1300029;AM;15545;Deduções - FUNDEB;1.7.2.2.00.00.00 - Transferências dos Estados;siconfi-cor_RO1.7.2.2.00.00.00;1241413,53
Prefeitura Municipal de Alvarães - AM;1300029;AM;15545;Deduções - FUNDEB;1.7.2.2.01.00.00 - Participação na Receita dos Estados;siconfi-cor_RO1.7.2.2.01.00.00;1241413,53
Prefeitura Municipal de Alvarães - AM;1300029;AM;15545;Deduções - FUNDEB;1.7.2.2.01.01.00 - Cota-Parte do ICMS;siconfi-cor_RO1.7.2.2.01.01.00;1232652,01
Prefeitura Municipal de Alvarães - AM;1300029;AM;15545;Deduções - FUNDEB;1.7.2.2.01.02.00 - Cota-Parte do IPVA;siconfi-cor_RO1.7.2.2.01.02.00;3751,43
Prefeitura Municipal de Alvarães - AM;1300029;AM;15545;Deduções - FUNDEB;1.7.2.2.01.04.00 - Cota-Parte do IPI - Municípios;siconfi-cor_RO1.7.2.2.01.04.00;5010,09
Prefeitura Municipal de Anori - AM;1300102;AM;19292;Receitas Brutas Realizadas;Total Receitas;siconfi-cor_TotalReceitas;32328877,36
Prefeitura Municipal de Anori - AM;1300102;AM;19292;Receitas Brutas Realizadas;1.0.0.0.00.00.00 - Receitas Correntes;siconfi-cor_RO1.0.0.0.00.00.00;32328877,36
Prefeitura Municipal de Anori - AM;1300102;AM;19292;Receitas Brutas Realizadas;1.1.0.0.00.00.00 - Receita Tributária;siconfi-cor_RO1.1.0.0.00.00.00;535495,75
Prefeitura Municipal de Anori - AM;1300102;AM;19292;Receitas Brutas Realizadas;1.1.1.0.00.00.00 - Impostos;siconfi-cor_RO1.1.1.0.00.00.00;535445,96
Prefeitura Municipal de Anori - AM;1300102;AM;19292;Receitas Brutas Realizadas;1.1.1.2.00.00.00 - Impostos sobre o Patrimônio e a Renda;siconfi-cor_RO1.1.1.2.00.00.00;535445,96
Prefeitura Municipal de Anori - AM;1300102;AM;19292;Receitas Brutas Realizadas;1.1.1.2.02.00.00 - Imposto sobre a Propriedade Predial e Territorial Urbana ¿ IPTU;siconfi-cor_RO1.1.1.2.02.00.00;3930,27
Prefeitura Municipal de Anori - AM;1300102;AM;19292;Receitas Brutas Realizadas;1.1.1.2.04.00.00 - Imposto sobre a Renda e Proventos de Qualquer Natureza ¿ IR;siconfi-cor_RO1.1.1.2.04.00.00;531515,69
Prefeitura Municipal de Anori - AM;1300102;AM;19292;Receitas Brutas Realizadas;1.1.1.2.04.31.00 - Retido nas Fontes - Trabalho;siconfi-cor_RO1.1.1.2.04.31.00;498316,15
Prefeitura Municipal de Anori - AM;1300102;AM;19292;Receitas Brutas Realizadas;1.1.1.2.04.34.00 - Retido nas Fontes - Outros Rendimentos;siconfi-cor_RO1.1.1.2.04.34.00;33199,54
Prefeitura Municipal de Anori - AM;1300102;AM;19292;Receitas Brutas Realizadas;1.1.2.0.00.00.00 - Taxas;siconfi-cor_RO1.1.2.0.00.00.00;49,79
Prefeitura Municipal de Anori - AM;1300102;AM;19292;Receitas Brutas Realizadas;1.1.2.2.00.00.00 - Taxas pela Prestação de Serviços;siconfi-cor_RO1.1.2.2.00.00.00;49,79
Prefeitura Municipal de Anori - AM;1300102;AM;19292;Receitas Brutas Realizadas;1.1.2.2.99.00.00 - Outras Taxas pela Prestação de Serviços;siconfi-cor_RO1.1.2.2.99.00.00;49,79
Prefeitura Municipal de Anori - AM;1300102;AM;19292;Receitas Brutas Realizadas;1.2.0.0.00.00.00 - Receitas de Contribuições;siconfi-cor_RO1.2.0.0.00.00.00;81030,45
Prefeitura Municipal de Anori - AM;1300102;AM;19292;Receitas Brutas Realizadas;1.2.3.0.00.00.00 - Contribuição para Custeio do Serviço de Iluminação Pública;siconfi-cor_RO1.2.3.0.00.00.00;81030,45
Prefeitura Municipal de Anori - AM;1300102;AM;19292;Receitas Brutas Realizadas;1.3.0.0.00.00.00 - Receita Patrimonial;siconfi-cor_RO1.3.0.0.00.00.00;149723,78
Prefeitura Municipal de Anori - AM;1300102;AM;19292;Receitas Brutas Realizadas;1.3.2.0.00.00.00 - Receitas de Valores Mobiliários;siconfi-cor_RO1.3.2.0.00.00.00;149723,78
Prefeitura Municipal de Anori - AM;1300102;AM;19292;Receitas Brutas Realizadas;1.3.2.5.00.00.00 - Remuneração de Depósitos Bancários;siconfi-cor_RO1.3.2.5.00.00.00;149723,78
Prefeitura Municipal de Anori - AM;1300102;AM;19292;Receitas Brutas Realizadas;1.6.0.0.00.00.00 - Receita de Serviços;siconfi-cor_RO1.6.0.0.00.00.00;281157,22
Prefeitura Municipal de Anori - AM;1300102;AM;19292;Receitas Brutas Realizadas;1.6.0.0.41.00.00 - Serviços de Captação, Adução, Tratamento, Reserva e Distribuição de Água;siconfi-cor_RO1.6.0.0.41.00.00;281107,22
Prefeitura Municipal de Anori - AM;1300102;AM;19292;Receitas Brutas Realizadas;1.6.0.0.99.00.00 - Outros Serviços;siconfi-cor_RO1.6.0.0.99.00.00;50
Prefeitura Municipal de Anori - AM;1300102;AM;19292;Receitas Brutas Realizadas;1.7.0.0.00.00.00 - Transferências Correntes;siconfi-cor_RO1.7.0.0.00.00.00;31279774,82
Prefeitura Municipal de Anori - AM;1300102;AM;19292;Receitas Brutas Realizadas;1.7.2.0.00.00.00 - Transferências Intergovernamentais;siconfi-cor_RO1.7.2.0.00.00.00;31279774,82
Prefeitura Municipal de Anori - AM;1300102;AM;19292;Receitas Brutas Realizadas;1.7.2.1.00.00.00 - Transferências da União;siconfi-cor_RO1.7.2.1.00.00.00;18490879,93
Prefeitura Municipal de Anori - AM;1300102;AM;19292;Receitas Brutas Realizadas;1.7.2.1.01.00.00 - Participação na Receita da União;siconfi-cor_RO1.7.2.1.01.00.00;14329899,99
Prefeitura Municipal de Anori - AM;1300102;AM;19292;Receitas Brutas Realizadas;1.7.2.1.01.02.00 - Cota-Parte do Fundo de Participação dos Municípios ¿ FPM;siconfi-cor_RO1.7.2.1.01.02.00;13378686,83
Prefeitura Municipal de Anori - AM;1300102;AM;19292;Receitas Brutas Realizadas;1.7.2.1.01.03.00 - Cota-Parte do Fundo de Participação dos Municípios - 1% Cota Anual;siconfi-cor_RO1.7.2.1.01.03.00;556040,01
Prefeitura Municipal de Anori - AM;1300102;AM;19292;Receitas Brutas Realizadas;1.7.2.1.01.04.00 - Cota-Parte do Fundo de Participação dos Municípios - 1% Cota entregue no mês de julho (67)(I);siconfi-cor_RO1.7.2.1.01.04.00;395160,46
Prefeitura Municipal de Anori - AM;1300102;AM;19292;Receitas Brutas Realizadas;1.7.2.1.01.05.00 - Cota-Parte do Imposto Sobre a Propriedade Territorial Rural ¿ ITR;siconfi-cor_RO1.7.2.1.01.05.00;12,69
Prefeitura Municipal de Anori - AM;1300102;AM;19292;Receitas Brutas Realizadas;1.7.2.1.22.00.00 - Transferências da Compensação Financeira pela Exploração de Recursos Naturais;siconfi-cor_RO1.7.2.1.22.00.00;445403
Prefeitura Municipal de Anori - AM;1300102;AM;19292;Receitas Brutas Realizadas;1.7.2.1.22.40.00 - Cota-Parte Royalties pelo Excedente da Produção do Petróleo - Lei nº 9.478/97 artigo 49 I e II;siconfi-cor_RO1.7.2.1.22.40.00;332524
Prefeitura Municipal de Anori - AM;1300102;AM;19292;Receitas Brutas Realizadas;1.7.2.1.22.70.00 - Cota-Parte do Fundo Especial do Petróleo ¿ FEP;siconfi-cor_RO1.7.2.1.22.70.00;112879
Prefeitura Municipal de Anori - AM;1300102;AM;19292;Receitas Brutas Realizadas;1.7.2.1.33.00.00 - Transferências de Recursos do Sistema Único de Saúde - SUS - Repasses Fundo a Fundo;siconfi-cor_RO1.7.2.1.33.00.00;2887151,02
Prefeitura Municipal de Anori - AM;1300102;AM;19292;Receitas Brutas Realizadas;1.7.2.1.34.00.00 - Transferências de Recursos do Fundo Nacional de Assistência Social ¿ FNAS;siconfi-cor_RO1.7.2.1.34.00.00;361375,43
Prefeitura Municipal de Anori - AM;1300102;AM;19292;Receitas Brutas Realizadas;1.7.2.1.35.00.00 - Transferências de Recursos do Fundo Nacional do Desenvolvimento da Educação ¿ FNDE;siconfi-cor_RO1.7.2.1.35.00.00;418976,05
Prefeitura Municipal de Anori - AM;1300102;AM;19292;Receitas Brutas Realizadas;1.7.2.1.36.00.00 - Transferências Financeiras do ICMS ¿ Desoneração ¿ L.C. Nº 87/96;siconfi-cor_RO1.7.2.1.36.00.00;17477,88
Prefeitura Municipal de Anori - AM;1300102;AM;19292;Receitas Brutas Realizadas;1.7.2.1.99.00.00 - Outras Transferências da União;siconfi-cor_RO1.7.2.1.99.00.00;30596,56
Prefeitura Municipal de Anori - AM;1300102;AM;19292;Receitas Brutas Realizadas;1.7.2.2.00.00.00 - Transferências dos Estados;siconfi-cor_RO1.7.2.2.00.00.00;6577094,39
Prefeitura Municipal de Anori - AM;1300102;AM;19292;Receitas Brutas Realizadas;1.7.2.2.01.00.00 - Participação na Receita dos Estados;siconfi-cor_RO1.7.2.2.01.00.00;6392469,37
Prefeitura Municipal de Anori - AM;1300102;AM;19292;Receitas Brutas Realizadas;1.7.2.2.01.01.00 - Cota-Parte do ICMS;siconfi-cor_RO1.7.2.2.01.01.00;6307599,54
Prefeitura Municipal de Anori - AM;1300102;AM;19292;Receitas Brutas Realizadas;1.7.2.2.01.02.00 - Cota-Parte do IPVA;siconfi-cor_RO1.7.2.2.01.02.00;18962,94
Prefeitura Municipal de Anori - AM;1300102;AM;19292;Receitas Brutas Realizadas;1.7.2.2.01.04.00 - Cota-Parte do IPI - Municípios;siconfi-cor_RO1.7.2.2.01.04.00;25509,35
Prefeitura Municipal de Anori - AM;1300102;AM;19292;Receitas Brutas Realizadas;1.7.2.2.01.13.00 - Cota-Parte da Contribuição de Intervenção no Domínio Econômico;siconfi-cor_RO1.7.2.2.01.13.00;40397,54
Prefeitura Municipal de Anori - AM;1300102;AM;19292;Receitas Brutas Realizadas;1.7.2.2.22.00.00 - Transferências da Cota-Parte da Compensação Financeira (25%);siconfi-cor_RO1.7.2.2.22.00.00;73110,66
Prefeitura Municipal de Anori - AM;1300102;AM;19292;Receitas Brutas Realizadas;1.7.2.2.22.30.00 - Cota-Parte Royalties - Compensação Financeira pela Produção de Petróleo - Lei nº 7.990/89 artigo 9º;siconfi-cor_RO1.7.2.2.22.30.00;73110,66
Prefeitura Municipal de Anori - AM;1300102;AM;19292;Receitas Brutas Realizadas;1.7.2.2.33.00.00 - Transferências de Recursos do Estado para Programas de Saúde - Repasse Fundo a Fundo;siconfi-cor_RO1.7.2.2.33.00.00;111514,36
Prefeitura Municipal de Anori - AM;1300102;AM;19292;Receitas Brutas Realizadas;1.7.2.4.00.00.00 - Transferências Multigovernamentais;siconfi-cor_RO1.7.2.4.00.00.00;6211800,5
Prefeitura Municipal de Anori - AM;1300102;AM;19292;Receitas Brutas Realizadas;1.7.2.4.01.00.00 - Transferências de Recursos do Fundo de Manutenção e Desenvolvimento do Ensino Fundamental e de Valorização do Magistério - FUNDEB;siconfi-cor_RO1.7.2.4.01.00.00;4800489,85
Prefeitura Municipal de Anori - AM;1300102;AM;19292;Receitas Brutas Realizadas;1.7.2.4.02.00.00 - Transferências de Recursos da Complementação ao Fundo de Manutenção e Desenvolvimento do Ensino Fundamental e de Valorização do Magistério - FUNDEB;siconfi-cor_RO1.7.2.4.02.00.00;1411310,65
Prefeitura Municipal de Anori - AM;1300102;AM;19292;Receitas Brutas Realizadas;1.9.0.0.00.00.00 - Outras Receitas Correntes;siconfi-cor_RO1.9.0.0.00.00.00;1695,34
Prefeitura Municipal de Anori - AM;1300102;AM;19292;Receitas Brutas Realizadas;1.9.2.0.00.00.00 - Indenizações e Restituições;siconfi-cor_RO1.9.2.0.00.00.00;1695,34
Prefeitura Municipal de Anori - AM;1300102;AM;19292;Receitas Brutas Realizadas;1.9.2.2.00.00.00 - Restituições;siconfi-cor_RO1.9.2.2.00.00.00;1695,34
Prefeitura Municipal de Anori - AM;1300102;AM;19292;Receitas Brutas Realizadas;1.9.2.2.99.00.00 - Outras Restituições;siconfi-cor_RO1.9.2.2.99.00.00;1695,34
Prefeitura Municipal de Anori - AM;1300102;AM;19292;Deduções - Transferências Constitucionais;Total Receitas;siconfi-cor_TotalReceitas;3942759,46
Prefeitura Municipal de Anori - AM;1300102;AM;19292;Deduções - Transferências Constitucionais;1.0.0.0.00.00.00 - Receitas Correntes;siconfi-cor_RO1.0.0.0.00.00.00;3942759,46
Prefeitura Municipal de Anori - AM;1300102;AM;19292;Deduções - Transferências Constitucionais;1.7.0.0.00.00.00 - Transferências Correntes;siconfi-cor_RO1.7.0.0.00.00.00;3942759,46
Prefeitura Municipal de Anori - AM;1300102;AM;19292;Deduções - Transferências Constitucionais;1.7.2.0.00.00.00 - Transferências Intergovernamentais;siconfi-cor_RO1.7.2.0.00.00.00;3942759,46
Prefeitura Municipal de Anori - AM;1300102;AM;19292;Deduções - Transferências Constitucionais;1.7.2.1.00.00.00 - Transferências da União;siconfi-cor_RO1.7.2.1.00.00.00;2672345,37
Prefeitura Municipal de Anori - AM;1300102;AM;19292;Deduções - Transferências Constitucionais;1.7.2.1.01.00.00 - Participação na Receita da União;siconfi-cor_RO1.7.2.1.01.00.00;2668849,89
Prefeitura Municipal de Anori - AM;1300102;AM;19292;Deduções - Transferências Constitucionais;1.7.2.1.01.02.00 - Cota-Parte do Fundo de Participação dos Municípios ¿ FPM;siconfi-cor_RO1.7.2.1.01.02.00;2668847,36
Prefeitura Municipal de Anori - AM;1300102;AM;19292;Deduções - Transferências Constitucionais;1.7.2.1.01.05.00 - Cota-Parte do Imposto Sobre a Propriedade Territorial Rural ¿ ITR;siconfi-cor_RO1.7.2.1.01.05.00;2,53
Prefeitura Municipal de Anori - AM;1300102;AM;19292;Deduções - Transferências Constitucionais;1.7.2.1.36.00.00 - Transferências Financeiras do ICMS ¿ Desoneração ¿ L.C. Nº 87/96;siconfi-cor_RO1.7.2.1.36.00.00;3495,48
Prefeitura Municipal de Anori - AM;1300102;AM;19292;Deduções - Transferências Constitucionais;1.7.2.2.00.00.00 - Transferências dos Estados;siconfi-cor_RO1.7.2.2.00.00.00;1270414,09
Prefeitura Municipal de Anori - AM;1300102;AM;19292;Deduções - Transferências Constitucionais;1.7.2.2.01.00.00 - Participação na Receita dos Estados;siconfi-cor_RO1.7.2.2.01.00.00;1270414,09
Prefeitura Municipal de Anori - AM;1300102;AM;19292;Deduções - Transferências Constitucionais;1.7.2.2.01.01.00 - Cota-Parte do ICMS;siconfi-cor_RO1.7.2.2.01.01.00;1261519,9
Prefeitura Municipal de Anori - AM;1300102;AM;19292;Deduções - Transferências Constitucionais;1.7.2.2.01.02.00 - Cota-Parte do IPVA;siconfi-cor_RO1.7.2.2.01.02.00;3792,3
Prefeitura Municipal de Anori - AM;1300102;AM;19292;Deduções - Transferências Constitucionais;1.7.2.2.01.04.00 - Cota-Parte do IPI - Municípios;siconfi-cor_RO1.7.2.2.01.04.00;5101,89
Prefeitura Municipal de Novo Aripuanã - AM;1303304;AM;24315;Receitas Brutas Realizadas;Total Receitas;siconfi-cor_TotalReceitas;37521231,43
Prefeitura Municipal de Novo Aripuanã - AM;1303304;AM;24315;Receitas Brutas Realizadas;1.0.0.0.00.00.00 - Receitas Correntes;siconfi-cor_RO1.0.0.0.00.00.00;35407449,53
Prefeitura Municipal de Novo Aripuanã - AM;1303304;AM;24315;Receitas Brutas Realizadas;1.1.0.0.00.00.00 - Receita Tributária;siconfi-cor_RO1.1.0.0.00.00.00;1004292,91
Prefeitura Municipal de Novo Aripuanã - AM;1303304;AM;24315;Receitas Brutas Realizadas;1.1.1.0.00.00.00 - Impostos;siconfi-cor_RO1.1.1.0.00.00.00;925380,01
Prefeitura Municipal de Novo Aripuanã - AM;1303304;AM;24315;Receitas Brutas Realizadas;1.1.1.2.00.00.00 - Impostos sobre o Patrimônio e a Renda;siconfi-cor_RO1.1.1.2.00.00.00;611930,35
Prefeitura Municipal de Novo Aripuanã - AM;1303304;AM;24315;Receitas Brutas Realizadas;1.1.1.2.02.00.00 - Imposto sobre a Propriedade Predial e Territorial Urbana ¿ IPTU;siconfi-cor_RO1.1.1.2.02.00.00;31672,32
Prefeitura Municipal de Novo Aripuanã - AM;1303304;AM;24315;Receitas Brutas Realizadas;1.1.1.2.04.00.00 - Imposto sobre a Renda e Proventos de Qualquer Natureza ¿ IR;siconfi-cor_RO1.1.1.2.04.00.00;460170,5
Prefeitura Municipal de Novo Aripuanã - AM;1303304;AM;24315;Receitas Brutas Realizadas;1.1.1.2.04.31.00 - Retido nas Fontes - Trabalho;siconfi-cor_RO1.1.1.2.04.31.00;425565,51
Prefeitura Municipal de Novo Aripuanã - AM;1303304;AM;24315;Receitas Brutas Realizadas;1.1.1.2.04.34.00 - Retido nas Fontes - Outros Rendimentos;siconfi-cor_RO1.1.1.2.04.34.00;34604,99
Prefeitura Municipal de Novo Aripuanã - AM;1303304;AM;24315;Receitas Brutas Realizadas;"1.1.1.2.08.00.00 - Imposto sobre Transmissão Inter Vivos"" de Bens Imóveis e de Direitos Reais sobre Imóveis ¿ ITBI""";siconfi-cor_RO1.1.1.2.08.00.00;120087,53
Prefeitura Municipal de Novo Aripuanã - AM;1303304;AM;24315;Receitas Brutas Realizadas;1.1.1.3.00.00.00 - Impostos sobre a Produção e a Circulação;siconfi-cor_RO1.1.1.3.00.00.00;313449,66
Prefeitura Municipal de Novo Aripuanã - AM;1303304;AM;24315;Receitas Brutas Realizadas;1.1.1.3.05.00.00 - Imposto sobre Serviços de Qualquer Natureza ¿ ISSQN;siconfi-cor_RO1.1.1.3.05.00.00;313449,66
Prefeitura Municipal de Novo Aripuanã - AM;1303304;AM;24315;Receitas Brutas Realizadas;1.1.2.0.00.00.00 - Taxas;siconfi-cor_RO1.1.2.0.00.00.00;78912,9
Prefeitura Municipal de Novo Aripuanã - AM;1303304;AM;24315;Receitas Brutas Realizadas;1.1.2.1.00.00.00 - Taxas pelo Exercício do Poder de Polícia;siconfi-cor_RO1.1.2.1.00.00.00;78185,9
Prefeitura Municipal de Novo Aripuanã - AM;1303304;AM;24315;Receitas Brutas Realizadas;1.1.2.2.00.00.00 - Taxas pela Prestação de Serviços;siconfi-cor_RO1.1.2.2.00.00.00;727
Prefeitura Municipal de Novo Aripuanã - AM;1303304;AM;24315;Receitas Brutas Realizadas;1.1.2.2.99.00.00 - Outras Taxas pela Prestação de Serviços;siconfi-cor_RO1.1.2.2.99.00.00;727
Prefeitura Municipal de Novo Aripuanã - AM;1303304;AM;24315;Receitas Brutas Realizadas;1.2.0.0.00.00.00 - Receitas de Contribuições;siconfi-cor_RO1.2.0.0.00.00.00;53829,33
Prefeitura Municipal de Novo Aripuanã - AM;1303304;AM;24315;Receitas Brutas Realizadas;1.2.3.0.00.00.00 - Contribuição para Custeio do Serviço de Iluminação Pública;siconfi-cor_RO1.2.3.0.00.00.00;53829,33
Prefeitura Municipal de Novo Aripuanã - AM;1303304;AM;24315;Receitas Brutas Realizadas;1.3.0.0.00.00.00 - Receita Patrimonial;siconfi-cor_RO1.3.0.0.00.00.00;50692,19
Prefeitura Municipal de Novo Aripuanã - AM;1303304;AM;24315;Receitas Brutas Realizadas;1.3.2.0.00.00.00 - Receitas de Valores Mobiliários;siconfi-cor_RO1.3.2.0.00.00.00;50692,19
Prefeitura Municipal de Novo Aripuanã - AM;1303304;AM;24315;Receitas Brutas Realizadas;1.3.2.5.00.00.00 - Remuneração de Depósitos Bancários;siconfi-cor_RO1.3.2.5.00.00.00;50692,19
Prefeitura Municipal de Novo Aripuanã - AM;1303304;AM;24315;Receitas Brutas Realizadas;1.6.0.0.00.00.00 - Receita de Serviços;siconfi-cor_RO1.6.0.0.00.00.00;46978,42
Prefeitura Municipal de Novo Aripuanã - AM;1303304;AM;24315;Receitas Brutas Realizadas;1.6.0.0.13.00.00 - Serviços Administrativos;siconfi-cor_RO1.6.0.0.13.00.00;80
Prefeitura Municipal de Novo Aripuanã - AM;1303304;AM;24315;Receitas Brutas Realizadas;1.6.0.0.41.00.00 - Serviços de Captação, Adução, Tratamento, Reserva e Distribuição de Água;siconfi-cor_RO1.6.0.0.41.00.00;46898,42
Prefeitura Municipal de Novo Aripuanã - AM;1303304;AM;24315;Receitas Brutas Realizadas;1.7.0.0.00.00.00 - Transferências Correntes;siconfi-cor_RO1.7.0.0.00.00.00;34251656,68
Prefeitura Municipal de Novo Aripuanã - AM;1303304;AM;24315;Receitas Brutas Realizadas;1.7.2.0.00.00.00 - Transferências Intergovernamentais;siconfi-cor_RO1.7.2.0.00.00.00;34251656,68
Prefeitura Municipal de Novo Aripuanã - AM;1303304;AM;24315;Receitas Brutas Realizadas;1.7.2.1.00.00.00 - Transferências da União;siconfi-cor_RO1.7.2.1.00.00.00;18123258,61
Prefeitura Municipal de Novo Aripuanã - AM;1303304;AM;24315;Receitas Brutas Realizadas;1.7.2.1.01.00.00 - Participação na Receita da União;siconfi-cor_RO1.7.2.1.01.00.00;13665594,72
Prefeitura Municipal de Novo Aripuanã - AM;1303304;AM;24315;Receitas Brutas Realizadas;1.7.2.1.01.02.00 - Cota-Parte do Fundo de Participação dos Municípios ¿ FPM;siconfi-cor_RO1.7.2.1.01.02.00;12494812,68
Prefeitura Municipal de Novo Aripuanã - AM;1303304;AM;24315;Receitas Brutas Realizadas;1.7.2.1.01.03.00 - Cota-Parte do Fundo de Participação dos Municípios - 1% Cota Anual;siconfi-cor_RO1.7.2.1.01.03.00;648713,35
Prefeitura Municipal de Novo Aripuanã - AM;1303304;AM;24315;Receitas Brutas Realizadas;1.7.2.1.01.04.00 - Cota-Parte do Fundo de Participação dos Municípios - 1% Cota entregue no mês de julho (67)(I);siconfi-cor_RO1.7.2.1.01.04.00;461020,52
Prefeitura Municipal de Novo Aripuanã - AM;1303304;AM;24315;Receitas Brutas Realizadas;1.7.2.1.01.05.00 - Cota-Parte do Imposto Sobre a Propriedade Territorial Rural ¿ ITR;siconfi-cor_RO1.7.2.1.01.05.00;61048,17
Prefeitura Municipal de Novo Aripuanã - AM;1303304;AM;24315;Receitas Brutas Realizadas;1.7.2.1.22.00.00 - Transferências da Compensação Financeira pela Exploração de Recursos Naturais;siconfi-cor_RO1.7.2.1.22.00.00;132986,31
Prefeitura Municipal de Novo Aripuanã - AM;1303304;AM;24315;Receitas Brutas Realizadas;1.7.2.1.22.20.00 - Cota-Parte da Compensação Financeira de Recursos Minerais - CFEM;siconfi-cor_RO1.7.2.1.22.20.00;1294,14
Prefeitura Municipal de Novo Aripuanã - AM;1303304;AM;24315;Receitas Brutas Realizadas;1.7.2.1.22.70.00 - Cota-Parte do Fundo Especial do Petróleo ¿ FEP;siconfi-cor_RO1.7.2.1.22.70.00;131692,17
Prefeitura Municipal de Novo Aripuanã - AM;1303304;AM;24315;Receitas Brutas Realizadas;1.7.2.1.33.00.00 - Transferências de Recursos do Sistema Único de Saúde - SUS - Repasses Fundo a Fundo;siconfi-cor_RO1.7.2.1.33.00.00;3032831,91
Prefeitura Municipal de Novo Aripuanã - AM;1303304;AM;24315;Receitas Brutas Realizadas;1.7.2.1.34.00.00 - Transferências de Recursos do Fundo Nacional de Assistência Social ¿ FNAS;siconfi-cor_RO1.7.2.1.34.00.00;469553,59
Prefeitura Municipal de Novo Aripuanã - AM;1303304;AM;24315;Receitas Brutas Realizadas;1.7.2.1.35.00.00 - Transferências de Recursos do Fundo Nacional do Desenvolvimento da Educação ¿ FNDE;siconfi-cor_RO1.7.2.1.35.00.00;770131,28
Prefeitura Municipal de Novo Aripuanã - AM;1303304;AM;24315;Receitas Brutas Realizadas;1.7.2.1.36.00.00 - Transferências Financeiras do ICMS ¿ Desoneração ¿ L.C. Nº 87/96;siconfi-cor_RO1.7.2.1.36.00.00;16360,44
Prefeitura Municipal de Novo Aripuanã - AM;1303304;AM;24315;Receitas Brutas Realizadas;1.7.2.1.99.00.00 - Outras Transferências da União;siconfi-cor_RO1.7.2.1.99.00.00;35800,36
Prefeitura Municipal de Novo Aripuanã - AM;1303304;AM;24315;Receitas Brutas Realizadas;1.7.2.2.00.00.00 - Transferências dos Estados;siconfi-cor_RO1.7.2.2.00.00.00;6571682,63
Prefeitura Municipal de Novo Aripuanã - AM;1303304;AM;24315;Receitas Brutas Realizadas;1.7.2.2.01.00.00 - Participação na Receita dos Estados;siconfi-cor_RO1.7.2.2.01.00.00;6028427,18
Prefeitura Municipal de Novo Aripuanã - AM;1303304;AM;24315;Receitas Brutas Realizadas;1.7.2.2.01.01.00 - Cota-Parte do ICMS;siconfi-cor_RO1.7.2.2.01.01.00;5904309,46
Prefeitura Municipal de Novo Aripuanã - AM;1303304;AM;24315;Receitas Brutas Realizadas;1.7.2.2.01.02.00 - Cota-Parte do IPVA;siconfi-cor_RO1.7.2.2.01.02.00;52002,49
Prefeitura Municipal de Novo Aripuanã - AM;1303304;AM;24315;Receitas Brutas Realizadas;1.7.2.2.01.04.00 - Cota-Parte do IPI - Municípios;siconfi-cor_RO1.7.2.2.01.04.00;23878,4
Prefeitura Municipal de Novo Aripuanã - AM;1303304;AM;24315;Receitas Brutas Realizadas;1.7.2.2.01.13.00 - Cota-Parte da Contribuição de Intervenção no Domínio Econômico;siconfi-cor_RO1.7.2.2.01.13.00;48236,83
Prefeitura Municipal de Novo Aripuanã - AM;1303304;AM;24315;Receitas Brutas Realizadas;1.7.2.2.22.00.00 - Transferências da Cota-Parte da Compensação Financeira (25%);siconfi-cor_RO1.7.2.2.22.00.00;85545,21
Prefeitura Municipal de Novo Aripuanã - AM;1303304;AM;24315;Receitas Brutas Realizadas;1.7.2.2.22.30.00 - Cota-Parte Royalties - Compensação Financeira pela Produção de Petróleo - Lei nº 7.990/89 artigo 9º;siconfi-cor_RO1.7.2.2.22.30.00;85545,21
Prefeitura Municipal de Novo Aripuanã - AM;1303304;AM;24315;Receitas Brutas Realizadas;1.7.2.2.33.00.00 - Transferências de Recursos do Estado para Programas de Saúde - Repasse Fundo a Fundo;siconfi-cor_RO1.7.2.2.33.00.00;457710,24
Prefeitura Municipal de Novo Aripuanã - AM;1303304;AM;24315;Receitas Brutas Realizadas;1.7.2.4.00.00.00 - Transferências Multigovernamentais;siconfi-cor_RO1.7.2.4.00.00.00;9556715,44
Prefeitura Municipal de Novo Aripuanã - AM;1303304;AM;24315;Receitas Brutas Realizadas;1.7.2.4.01.00.00 - Transferências de Recursos do Fundo de Manutenção e Desenvolvimento do Ensino Fundamental e de Valorização do Magistério - FUNDEB;siconfi-cor_RO1.7.2.4.01.00.00;7559392,87
Prefeitura Municipal de Novo Aripuanã - AM;1303304;AM;24315;Receitas Brutas Realizadas;1.7.2.4.02.00.00 - Transferências de Recursos da Complementação ao Fundo de Manutenção e Desenvolvimento do Ensino Fundamental e de Valorização do Magistério - FUNDEB;siconfi-cor_RO1.7.2.4.02.00.00;1997322,57
Prefeitura Municipal de Novo Aripuanã - AM;1303304;AM;24315;Receitas Brutas Realizadas;2.0.0.0.00.00.00 - Receitas de Capital;siconfi-cor_RO2.0.0.0.00.00.00;2113781,9
Prefeitura Municipal de Novo Aripuanã - AM;1303304;AM;24315;Receitas Brutas Realizadas;2.4.0.0.00.00.00 - Transferências de Capital;siconfi-cor_RO2.4.0.0.00.00.00;2113781,9
Prefeitura Municipal de Novo Aripuanã - AM;1303304;AM;24315;Receitas Brutas Realizadas;2.4.2.0.00.00.00 - Transferências Intergovernamentais;siconfi-cor_RO2.4.2.0.00.00.00;2113781,9
Prefeitura Municipal de Novo Aripuanã - AM;1303304;AM;24315;Receitas Brutas Realizadas;2.4.2.1.00.00.00 - Transferências da União;siconfi-cor_RO2.4.2.1.00.00.00;2113781,9
Prefeitura Municipal de Novo Aripuanã - AM;1303304;AM;24315;Receitas Brutas Realizadas;2.4.2.1.02.00.00 - Transferências de Recursos Destinados a Programas de Educação;siconfi-cor_RO2.4.2.1.02.00.00;356613,1
Prefeitura Municipal de Novo Aripuanã - AM;1303304;AM;24315;Receitas Brutas Realizadas;2.4.2.1.99.00.00 - Outras Transferências da União;siconfi-cor_RO2.4.2.1.99.00.00;1757168,8
Prefeitura Municipal de Tefé - AM;1304203;AM;62444;Receitas Brutas Realizadas;Total Receitas;siconfi-cor_TotalReceitas;127255808,2
Prefeitura Municipal de Tefé - AM;1304203;AM;62444;Receitas Brutas Realizadas;1.0.0.0.00.00.00 - Receitas Correntes;siconfi-cor_RO1.0.0.0.00.00.00;123123116,8
Prefeitura Municipal de Tefé - AM;1304203;AM;62444;Receitas Brutas Realizadas;1.1.0.0.00.00.00 - Receita Tributária;siconfi-cor_RO1.1.0.0.00.00.00;4816870,27
Prefeitura Municipal de Tefé - AM;1304203;AM;62444;Receitas Brutas Realizadas;1.1.1.0.00.00.00 - Impostos;siconfi-cor_RO1.1.1.0.00.00.00;4573106,11
Prefeitura Municipal de Tefé - AM;1304203;AM;62444;Receitas Brutas Realizadas;1.1.1.2.00.00.00 - Impostos sobre o Patrimônio e a Renda;siconfi-cor_RO1.1.1.2.00.00.00;1768328,5
Prefeitura Municipal de Tefé - AM;1304203;AM;62444;Receitas Brutas Realizadas;1.1.1.2.02.00.00 - Imposto sobre a Propriedade Predial e Territorial Urbana ¿ IPTU;siconfi-cor_RO1.1.1.2.02.00.00;48570,26
Prefeitura Municipal de Tefé - AM;1304203;AM;62444;Receitas Brutas Realizadas;1.1.1.2.04.00.00 - Imposto sobre a Renda e Proventos de Qualquer Natureza ¿ IR;siconfi-cor_RO1.1.1.2.04.00.00;1567372,05
Prefeitura Municipal de Tefé - AM;1304203;AM;62444;Receitas Brutas Realizadas;1.1.1.2.04.31.00 - Retido nas Fontes - Trabalho;siconfi-cor_RO1.1.1.2.04.31.00;1222146,53
Prefeitura Municipal de Tefé - AM;1304203;AM;62444;Receitas Brutas Realizadas;1.1.1.2.04.34.00 - Retido nas Fontes - Outros Rendimentos;siconfi-cor_RO1.1.1.2.04.34.00;345225,52
Prefeitura Municipal de Tefé - AM;1304203;AM;62444;Receitas Brutas Realizadas;"1.1.1.2.08.00.00 - Imposto sobre Transmissão Inter Vivos"" de Bens Imóveis e de Direitos Reais sobre Imóveis ¿ ITBI""";siconfi-cor_RO1.1.1.2.08.00.00;152386,19
Prefeitura Municipal de Tefé - AM;1304203;AM;62444;Receitas Brutas Realizadas;1.1.1.3.00.00.00 - Impostos sobre a Produção e a Circulação;siconfi-cor_RO1.1.1.3.00.00.00;2804777,61
Prefeitura Municipal de Tefé - AM;1304203;AM;62444;Receitas Brutas Realizadas;1.1.1.3.05.00.00 - Imposto sobre Serviços de Qualquer Natureza ¿ ISSQN;siconfi-cor_RO1.1.1.3.05.00.00;2804777,61
Prefeitura Municipal de Tefé - AM;1304203;AM;62444;Receitas Brutas Realizadas;1.1.2.0.00.00.00 - Taxas;siconfi-cor_RO1.1.2.0.00.00.00;243764,16
Prefeitura Municipal de Tefé - AM;1304203;AM;62444;Receitas Brutas Realizadas;1.1.2.1.00.00.00 - Taxas pelo Exercício do Poder de Polícia;siconfi-cor_RO1.1.2.1.00.00.00;198573,34
Prefeitura Municipal de Tefé - AM;1304203;AM;62444;Receitas Brutas Realizadas;1.1.2.2.00.00.00 - Taxas pela Prestação de Serviços;siconfi-cor_RO1.1.2.2.00.00.00;45190,82
Prefeitura Municipal de Tefé - AM;1304203;AM;62444;Receitas Brutas Realizadas;1.1.2.2.99.00.00 - Outras Taxas pela Prestação de Serviços;siconfi-cor_RO1.1.2.2.99.00.00;45190,82
Prefeitura Municipal de Tefé - AM;1304203;AM;62444;Receitas Brutas Realizadas;1.2.0.0.00.00.00 - Receitas de Contribuições;siconfi-cor_RO1.2.0.0.00.00.00;944464,85
Prefeitura Municipal de Tefé - AM;1304203;AM;62444;Receitas Brutas Realizadas;1.2.2.0.00.00.00 - Contribuições de Intervenção no Domínio Econômico;siconfi-cor_RO1.2.2.0.00.00.00;944464,85
Prefeitura Municipal de Tefé - AM;1304203;AM;62444;Receitas Brutas Realizadas;1.2.2.0.99.00.00 - Outras Contribuições Econômicas;siconfi-cor_RO1.2.2.0.99.00.00;944464,85
Prefeitura Municipal de Tefé - AM;1304203;AM;62444;Receitas Brutas Realizadas;1.3.0.0.00.00.00 - Receita Patrimonial;siconfi-cor_RO1.3.0.0.00.00.00;668281,03
Prefeitura Municipal de Tefé - AM;1304203;AM;62444;Receitas Brutas Realizadas;1.3.2.0.00.00.00 - Receitas de Valores Mobiliários;siconfi-cor_RO1.3.2.0.00.00.00;668281,03
Prefeitura Municipal de Tefé - AM;1304203;AM;62444;Receitas Brutas Realizadas;1.3.2.5.00.00.00 - Remuneração de Depósitos Bancários;siconfi-cor_RO1.3.2.5.00.00.00;668281,03
Prefeitura Municipal de Tefé - AM;1304203;AM;62444;Receitas Brutas Realizadas;1.6.0.0.00.00.00 - Receita de Serviços;siconfi-cor_RO1.6.0.0.00.00.00;17264,94
Prefeitura Municipal de Tefé - AM;1304203;AM;62444;Receitas Brutas Realizadas;1.6.0.0.13.00.00 - Serviços Administrativos;siconfi-cor_RO1.6.0.0.13.00.00;17264,94
Prefeitura Municipal de Tefé - AM;1304203;AM;62444;Receitas Brutas Realizadas;1.7.0.0.00.00.00 - Transferências Correntes;siconfi-cor_RO1.7.0.0.00.00.00;115139934,3
Prefeitura Municipal de Tefé - AM;1304203;AM;62444;Receitas Brutas Realizadas;1.7.2.0.00.00.00 - Transferências Intergovernamentais;siconfi-cor_RO1.7.2.0.00.00.00;115119052,4
Prefeitura Municipal de Tefé - AM;1304203;AM;62444;Receitas Brutas Realizadas;1.7.2.1.00.00.00 - Transferências da União;siconfi-cor_RO1.7.2.1.00.00.00;52897211,69
Prefeitura Municipal de Tefé - AM;1304203;AM;62444;Receitas Brutas Realizadas;1.7.2.1.01.00.00 - Participação na Receita da União;siconfi-cor_RO1.7.2.1.01.00.00;28693248
Prefeitura Municipal de Tefé - AM;1304203;AM;62444;Receitas Brutas Realizadas;1.7.2.1.01.02.00 - Cota-Parte do Fundo de Participação dos Municípios ¿ FPM;siconfi-cor_RO1.7.2.1.01.02.00;28659774,61
Prefeitura Municipal de Tefé - AM;1304203;AM;62444;Receitas Brutas Realizadas;1.7.2.1.01.05.00 - Cota-Parte do Imposto Sobre a Propriedade Territorial Rural ¿ ITR;siconfi-cor_RO1.7.2.1.01.05.00;33473,39
Prefeitura Municipal de Tefé - AM;1304203;AM;62444;Receitas Brutas Realizadas;1.7.2.1.22.00.00 - Transferências da Compensação Financeira pela Exploração de Recursos Naturais;siconfi-cor_RO1.7.2.1.22.00.00;3334006,29
Prefeitura Municipal de Tefé - AM;1304203;AM;62444;Receitas Brutas Realizadas;1.7.2.1.22.30.00 - Cota-Parte Royalties ¿ Compensação Financeira pela Produção de Petróleo ¿ Lei nº 7.990/89;siconfi-cor_RO1.7.2.1.22.30.00;2258159,4
Prefeitura Municipal de Tefé - AM;1304203;AM;62444;Receitas Brutas Realizadas;1.7.2.1.22.40.00 - Cota-Parte Royalties pelo Excedente da Produção do Petróleo - Lei nº 9.478/97 artigo 49 I e II;siconfi-cor_RO1.7.2.1.22.40.00;850088,88
Prefeitura Municipal de Tefé - AM;1304203;AM;62444;Receitas Brutas Realizadas;1.7.2.1.22.70.00 - Cota-Parte do Fundo Especial do Petróleo ¿ FEP;siconfi-cor_RO1.7.2.1.22.70.00;225758,01
Prefeitura Municipal de Tefé - AM;1304203;AM;62444;Receitas Brutas Realizadas;1.7.2.1.33.00.00 - Transferências de Recursos do Sistema Único de Saúde - SUS - Repasses Fundo a Fundo;siconfi-cor_RO1.7.2.1.33.00.00;15557549,89
Prefeitura Municipal de Tefé - AM;1304203;AM;62444;Receitas Brutas Realizadas;1.7.2.1.34.00.00 - Transferências de Recursos do Fundo Nacional de Assistência Social ¿ FNAS;siconfi-cor_RO1.7.2.1.34.00.00;1423640,43
Prefeitura Municipal de Tefé - AM;1304203;AM;62444;Receitas Brutas Realizadas;1.7.2.1.35.00.00 - Transferências de Recursos do Fundo Nacional do Desenvolvimento da Educação ¿ FNDE;siconfi-cor_RO1.7.2.1.35.00.00;3754768,15
Prefeitura Municipal de Tefé - AM;1304203;AM;62444;Receitas Brutas Realizadas;1.7.2.1.36.00.00 - Transferências Financeiras do ICMS ¿ Desoneração ¿ L.C. Nº 87/96;siconfi-cor_RO1.7.2.1.36.00.00;48716,52
Prefeitura Municipal de Tefé - AM;1304203;AM;62444;Receitas Brutas Realizadas;1.7.2.1.99.00.00 - Outras Transferências da União;siconfi-cor_RO1.7.2.1.99.00.00;85282,41
Prefeitura Municipal de Tefé - AM;1304203;AM;62444;Receitas Brutas Realizadas;1.7.2.2.00.00.00 - Transferências dos Estados;siconfi-cor_RO1.7.2.2.00.00.00;19219254,82
Prefeitura Municipal de Tefé - AM;1304203;AM;62444;Receitas Brutas Realizadas;1.7.2.2.01.00.00 - Participação na Receita dos Estados;siconfi-cor_RO1.7.2.2.01.00.00;18183289,83
Prefeitura Municipal de Tefé - AM;1304203;AM;62444;Receitas Brutas Realizadas;1.7.2.2.01.01.00 - Cota-Parte do ICMS;siconfi-cor_RO1.7.2.2.01.01.00;17581300,01
Prefeitura Municipal de Tefé - AM;1304203;AM;62444;Receitas Brutas Realizadas;1.7.2.2.01.02.00 - Cota-Parte do IPVA;siconfi-cor_RO1.7.2.2.01.02.00;435587,82
Prefeitura Municipal de Tefé - AM;1304203;AM;62444;Receitas Brutas Realizadas;1.7.2.2.01.04.00 - Cota-Parte do IPI - Municípios;siconfi-cor_RO1.7.2.2.01.04.00;71102,76
Prefeitura Municipal de Tefé - AM;1304203;AM;62444;Receitas Brutas Realizadas;1.7.2.2.01.13.00 - Cota-Parte da Contribuição de Intervenção no Domínio Econômico;siconfi-cor_RO1.7.2.2.01.13.00;95299,24
Prefeitura Municipal de Tefé - AM;1304203;AM;62444;Receitas Brutas Realizadas;1.7.2.2.22.00.00 - Transferências da Cota-Parte da Compensação Financeira (25%);siconfi-cor_RO1.7.2.2.22.00.00;203782,83
Prefeitura Municipal de Tefé - AM;1304203;AM;62444;Receitas Brutas Realizadas;1.7.2.2.22.30.00 - Cota-Parte Royalties - Compensação Financeira pela Produção de Petróleo - Lei nº 7.990/89 artigo 9º;siconfi-cor_RO1.7.2.2.22.30.00;203782,83
Prefeitura Municipal de Tefé - AM;1304203;AM;62444;Receitas Brutas Realizadas;1.7.2.2.33.00.00 - Transferências de Recursos do Estado para Programas de Saúde - Repasse Fundo a Fundo;siconfi-cor_RO1.7.2.2.33.00.00;832182,16
Prefeitura Municipal de Tefé - AM;1304203;AM;62444;Receitas Brutas Realizadas;1.7.2.4.00.00.00 - Transferências Multigovernamentais;siconfi-cor_RO1.7.2.4.00.00.00;43002585,87
Prefeitura Municipal de Tefé - AM;1304203;AM;62444;Receitas Brutas Realizadas;1.7.2.4.01.00.00 - Transferências de Recursos do Fundo de Manutenção e Desenvolvimento do Ensino Fundamental e de Valorização do Magistério - FUNDEB;siconfi-cor_RO1.7.2.4.01.00.00;33666976,83
Prefeitura Municipal de Tefé - AM;1304203;AM;62444;Receitas Brutas Realizadas;1.7.2.4.02.00.00 - Transferências de Recursos da Complementação ao Fundo de Manutenção e Desenvolvimento do Ensino Fundamental e de Valorização do Magistério - FUNDEB;siconfi-cor_RO1.7.2.4.02.00.00;9335609,04
Prefeitura Municipal de Tefé - AM;1304203;AM;62444;Receitas Brutas Realizadas;1.7.6.0.00.00.00 - Transferências de Convênios;siconfi-cor_RO1.7.6.0.00.00.00;20881,93
Prefeitura Municipal de Tefé - AM;1304203;AM;62444;Receitas Brutas Realizadas;1.7.6.1.00.00.00 - Transferências de Convênios da União e de Suas Entidades;siconfi-cor_RO1.7.6.1.00.00.00;20881,93
Prefeitura Municipal de Tefé - AM;1304203;AM;62444;Receitas Brutas Realizadas;1.7.6.1.99.00.00 - Outras Transferências de Convênios da União;siconfi-cor_RO1.7.6.1.99.00.00;20881,93
Prefeitura Municipal de Tefé - AM;1304203;AM;62444;Receitas Brutas Realizadas;1.9.0.0.00.00.00 - Outras Receitas Correntes;siconfi-cor_RO1.9.0.0.00.00.00;1536301,42
Prefeitura Municipal de Tefé - AM;1304203;AM;62444;Receitas Brutas Realizadas;1.9.2.0.00.00.00 - Indenizações e Restituições;siconfi-cor_RO1.9.2.0.00.00.00;288486,61
Prefeitura Municipal de Tefé - AM;1304203;AM;62444;Receitas Brutas Realizadas;1.9.2.2.00.00.00 - Restituições;siconfi-cor_RO1.9.2.2.00.00.00;288486,61
Prefeitura Municipal de Tefé - AM;1304203;AM;62444;Receitas Brutas Realizadas;1.9.2.2.99.00.00 - Outras Restituições;siconfi-cor_RO1.9.2.2.99.00.00;288486,61
Prefeitura Municipal de Tefé - AM;1304203;AM;62444;Receitas Brutas Realizadas;1.9.3.0.00.00.00 - Receita da Dívida Ativa;siconfi-cor_RO1.9.3.0.00.00.00;38469,32
Prefeitura Municipal de Tefé - AM;1304203;AM;62444;Receitas Brutas Realizadas;1.9.3.1.00.00.00 - Receita da Dívida Ativa Tributária;siconfi-cor_RO1.9.3.1.00.00.00;38469,32
Prefeitura Municipal de Tefé - AM;1304203;AM;62444;Receitas Brutas Realizadas;1.9.3.1.11.00.00 - Receita da Dívida Ativa do Imposto sobre a Propriedade Predial e Territorial Urbana ¿ IPTU;siconfi-cor_RO1.9.3.1.11.00.00;38469,32
Prefeitura Municipal de Tefé - AM;1304203;AM;62444;Receitas Brutas Realizadas;1.9.9.0.00.00.00 - Receitas Diversas;siconfi-cor_RO1.9.9.0.00.00.00;1209345,49
Prefeitura Municipal de Tefé - AM;1304203;AM;62444;Receitas Brutas Realizadas;1.9.9.0.99.00.00 - Outras Receitas;siconfi-cor_RO1.9.9.0.99.00.00;1209345,49
Prefeitura Municipal de Tefé - AM;1304203;AM;62444;Receitas Brutas Realizadas;2.0.0.0.00.00.00 - Receitas de Capital;siconfi-cor_RO2.0.0.0.00.00.00;4132691,4
Prefeitura Municipal de Tefé - AM;1304203;AM;62444;Receitas Brutas Realizadas;2.4.0.0.00.00.00 - Transferências de Capital;siconfi-cor_RO2.4.0.0.00.00.00;4132691,4
Prefeitura Municipal de Tefé - AM;1304203;AM;62444;Receitas Brutas Realizadas;2.4.2.0.00.00.00 - Transferências Intergovernamentais;siconfi-cor_RO2.4.2.0.00.00.00;245080,07
Prefeitura Municipal de Tefé - AM;1304203;AM;62444;Receitas Brutas Realizadas;2.4.2.1.00.00.00 - Transferências da União;siconfi-cor_RO2.4.2.1.00.00.00;245080,07
Prefeitura Municipal de Tefé - AM;1304203;AM;62444;Receitas Brutas Realizadas;2.4.2.1.02.00.00 - Transferências de Recursos Destinados a Programas de Educação;siconfi-cor_RO2.4.2.1.02.00.00;245080,07
Prefeitura Municipal de Tefé - AM;1304203;AM;62444;Receitas Brutas Realizadas;2.4.7.0.00.00.00 - Transferências de Convênios;siconfi-cor_RO2.4.7.0.00.00.00;3887611,33
Prefeitura Municipal de Tefé - AM;1304203;AM;62444;Receitas Brutas Realizadas;2.4.7.1.00.00.00 - Transferências de Convênios da União e de suas Entidades;siconfi-cor_RO2.4.7.1.00.00.00;3887611,33
Prefeitura Municipal de Tefé - AM;1304203;AM;62444;Receitas Brutas Realizadas;2.4.7.1.01.00.00 - Transferências de Convênios da União para o Sistema Único de Saúde - SUS;siconfi-cor_RO2.4.7.1.01.00.00;1132950
Prefeitura Municipal de Tefé - AM;1304203;AM;62444;Receitas Brutas Realizadas;2.4.7.1.02.00.00 - Transferências de Convênios da União Destinadas a Programas de Educação;siconfi-cor_RO2.4.7.1.02.00.00;558360,57
Prefeitura Municipal de Tefé - AM;1304203;AM;62444;Receitas Brutas Realizadas;2.4.7.1.99.00.00 - Outras Transferências de Convênios da União;siconfi-cor_RO2.4.7.1.99.00.00;2196300,76
Prefeitura Municipal de Tefé - AM;1304203;AM;62444;Deduções - FUNDEB;Total Receitas;siconfi-cor_TotalReceitas;8971730,08
Prefeitura Municipal de Tefé - AM;1304203;AM;62444;Deduções - FUNDEB;1.0.0.0.00.00.00 - Receitas Correntes;siconfi-cor_RO1.0.0.0.00.00.00;8971730,08
Prefeitura Municipal de Tefé - AM;1304203;AM;62444;Deduções - FUNDEB;1.7.0.0.00.00.00 - Transferências Correntes;siconfi-cor_RO1.7.0.0.00.00.00;8971730,08
Prefeitura Municipal de Tefé - AM;1304203;AM;62444;Deduções - FUNDEB;1.7.2.0.00.00.00 - Transferências Intergovernamentais;siconfi-cor_RO1.7.2.0.00.00.00;8971730,08
Prefeitura Municipal de Tefé - AM;1304203;AM;62444;Deduções - FUNDEB;1.7.2.1.00.00.00 - Transferências da União;siconfi-cor_RO1.7.2.1.00.00.00;5354132,93
Prefeitura Municipal de Tefé - AM;1304203;AM;62444;Deduções - FUNDEB;1.7.2.1.01.00.00 - Participação na Receita da União;siconfi-cor_RO1.7.2.1.01.00.00;5344389,65
Prefeitura Municipal de Tefé - AM;1304203;AM;62444;Deduções - FUNDEB;1.7.2.1.01.02.00 - Cota-Parte do Fundo de Participação dos Municípios ¿ FPM;siconfi-cor_RO1.7.2.1.01.02.00;5337695,01
Prefeitura Municipal de Tefé - AM;1304203;AM;62444;Deduções - FUNDEB;1.7.2.1.01.05.00 - Cota-Parte do Imposto Sobre a Propriedade Territorial Rural ¿ ITR;siconfi-cor_RO1.7.2.1.01.05.00;6694,64
Prefeitura Municipal de Tefé - AM;1304203;AM;62444;Deduções - FUNDEB;1.7.2.1.36.00.00 - Transferências Financeiras do ICMS ¿ Desoneração ¿ L.C. Nº 87/96;siconfi-cor_RO1.7.2.1.36.00.00;9743,28
Prefeitura Municipal de Tefé - AM;1304203;AM;62444;Deduções - FUNDEB;1.7.2.2.00.00.00 - Transferências dos Estados;siconfi-cor_RO1.7.2.2.00.00.00;3617597,15
Prefeitura Municipal de Tefé - AM;1304203;AM;62444;Deduções - FUNDEB;1.7.2.2.01.00.00 - Participação na Receita dos Estados;siconfi-cor_RO1.7.2.2.01.00.00;3617597,15
Prefeitura Municipal de Tefé - AM;1304203;AM;62444;Deduções - FUNDEB;1.7.2.2.01.01.00 - Cota-Parte do ICMS;siconfi-cor_RO1.7.2.2.01.01.00;3516259,99
Prefeitura Municipal de Tefé - AM;1304203;AM;62444;Deduções - FUNDEB;1.7.2.2.01.02.00 - Cota-Parte do IPVA;siconfi-cor_RO1.7.2.2.01.02.00;87116,63
Prefeitura Municipal de Tefé - AM;1304203;AM;62444;Deduções - FUNDEB;1.7.2.2.01.04.00 - Cota-Parte do IPI - Municípios;siconfi-cor_RO1.7.2.2.01.04.00;14220,53
Prefeitura Municipal de Tapauá - AM;1304104;AM;18152;Receitas Brutas Realizadas;Total Receitas;siconfi-cor_TotalReceitas;42467800,27
Prefeitura Municipal de Tapauá - AM;1304104;AM;18152;Receitas Brutas Realizadas;1.0.0.0.00.00.00 - Receitas Correntes;siconfi-cor_RO1.0.0.0.00.00.00;42277730,27
Prefeitura Municipal de Tapauá - AM;1304104;AM;18152;Receitas Brutas Realizadas;1.1.0.0.00.00.00 - Receita Tributária;siconfi-cor_RO1.1.0.0.00.00.00;595285,68
Prefeitura Municipal de Tapauá - AM;1304104;AM;18152;Receitas Brutas Realizadas;1.1.1.0.00.00.00 - Impostos;siconfi-cor_RO1.1.1.0.00.00.00;584253,68
Prefeitura Municipal de Tapauá - AM;1304104;AM;18152;Receitas Brutas Realizadas;1.1.1.2.00.00.00 - Impostos sobre o Patrimônio e a Renda;siconfi-cor_RO1.1.1.2.00.00.00;487434,29
Prefeitura Municipal de Tapauá - AM;1304104;AM;18152;Receitas Brutas Realizadas;1.1.1.2.02.00.00 - Imposto sobre a Propriedade Predial e Territorial Urbana ¿ IPTU;siconfi-cor_RO1.1.1.2.02.00.00;31344,36
Prefeitura Municipal de Tapauá - AM;1304104;AM;18152;Receitas Brutas Realizadas;1.1.1.2.04.00.00 - Imposto sobre a Renda e Proventos de Qualquer Natureza ¿ IR;siconfi-cor_RO1.1.1.2.04.00.00;451729,93
Prefeitura Municipal de Tapauá - AM;1304104;AM;18152;Receitas Brutas Realizadas;1.1.1.2.04.31.00 - Retido nas Fontes - Trabalho;siconfi-cor_RO1.1.1.2.04.31.00;451729,93
Prefeitura Municipal de Tapauá - AM;1304104;AM;18152;Receitas Brutas Realizadas;"1.1.1.2.08.00.00 - Imposto sobre Transmissão Inter Vivos"" de Bens Imóveis e de Direitos Reais sobre Imóveis ¿ ITBI""";siconfi-cor_RO1.1.1.2.08.00.00;4360
Prefeitura Municipal de Tapauá - AM;1304104;AM;18152;Receitas Brutas Realizadas;1.1.1.3.00.00.00 - Impostos sobre a Produção e a Circulação;siconfi-cor_RO1.1.1.3.00.00.00;96819,39
Prefeitura Municipal de Tapauá - AM;1304104;AM;18152;Receitas Brutas Realizadas;1.1.1.3.05.00.00 - Imposto sobre Serviços de Qualquer Natureza ¿ ISSQN;siconfi-cor_RO1.1.1.3.05.00.00;96819,39
Prefeitura Municipal de Tapauá - AM;1304104;AM;18152;Receitas Brutas Realizadas;1.1.2.0.00.00.00 - Taxas;siconfi-cor_RO1.1.2.0.00.00.00;11032
Prefeitura Municipal de Tapauá - AM;1304104;AM;18152;Receitas Brutas Realizadas;1.1.2.1.00.00.00 - Taxas pelo Exercício do Poder de Polícia;siconfi-cor_RO1.1.2.1.00.00.00;11032
Prefeitura Municipal de Tapauá - AM;1304104;AM;18152;Receitas Brutas Realizadas;1.2.0.0.00.00.00 - Receitas de Contribuições;siconfi-cor_RO1.2.0.0.00.00.00;12705
Prefeitura Municipal de Tapauá - AM;1304104;AM;18152;Receitas Brutas Realizadas;1.2.1.0.00.00.00 - Contribuições Sociais;siconfi-cor_RO1.2.1.0.00.00.00;12705
Prefeitura Municipal de Tapauá - AM;1304104;AM;18152;Receitas Brutas Realizadas;1.2.1.0.29.00.00 - Contribuições para o Regime Próprio de Previdência do Servidor Público;siconfi-cor_RO1.2.1.0.29.00.00;12705
Prefeitura Municipal de Tapauá - AM;1304104;AM;18152;Receitas Brutas Realizadas;1.2.1.0.29.11.00 - Contribuições de Pensionista Civil para o Regime Próprio;siconfi-cor_RO1.2.1.0.29.11.00;12705
Prefeitura Municipal de Tapauá - AM;1304104;AM;18152;Receitas Brutas Realizadas;1.3.0.0.00.00.00 - Receita Patrimonial;siconfi-cor_RO1.3.0.0.00.00.00;92629,41
Prefeitura Municipal de Tapauá - AM;1304104;AM;18152;Receitas Brutas Realizadas;1.3.2.0.00.00.00 - Receitas de Valores Mobiliários;siconfi-cor_RO1.3.2.0.00.00.00;92629,41
Prefeitura Municipal de Tapauá - AM;1304104;AM;18152;Receitas Brutas Realizadas;1.3.2.5.00.00.00 - Remuneração de Depósitos Bancários;siconfi-cor_RO1.3.2.5.00.00.00;92629,41
Prefeitura Municipal de Tapauá - AM;1304104;AM;18152;Receitas Brutas Realizadas;1.7.0.0.00.00.00 - Transferências Correntes;siconfi-cor_RO1.7.0.0.00.00.00;41577110,18
Prefeitura Municipal de Tapauá - AM;1304104;AM;18152;Receitas Brutas Realizadas;1.7.2.0.00.00.00 - Transferências Intergovernamentais;siconfi-cor_RO1.7.2.0.00.00.00;41401610,18
Prefeitura Municipal de Tapauá - AM;1304104;AM;18152;Receitas Brutas Realizadas;1.7.2.1.00.00.00 - Transferências da União;siconfi-cor_RO1.7.2.1.00.00.00;18990441,53
Prefeitura Municipal de Tapauá - AM;1304104;AM;18152;Receitas Brutas Realizadas;1.7.2.1.01.00.00 - Participação na Receita da União;siconfi-cor_RO1.7.2.1.01.00.00;14331652,94
Prefeitura Municipal de Tapauá - AM;1304104;AM;18152;Receitas Brutas Realizadas;1.7.2.1.01.02.00 - Cota-Parte do Fundo de Participação dos Municípios ¿ FPM;siconfi-cor_RO1.7.2.1.01.02.00;13378686,83
Prefeitura Municipal de Tapauá - AM;1304104;AM;18152;Receitas Brutas Realizadas;1.7.2.1.01.03.00 - Cota-Parte do Fundo de Participação dos Municípios - 1% Cota Anual;siconfi-cor_RO1.7.2.1.01.03.00;556040,01
Prefeitura Municipal de Tapauá - AM;1304104;AM;18152;Receitas Brutas Realizadas;1.7.2.1.01.04.00 - Cota-Parte do Fundo de Participação dos Municípios - 1% Cota entregue no mês de julho (67)(I);siconfi-cor_RO1.7.2.1.01.04.00;395160,46
Prefeitura Municipal de Tapauá - AM;1304104;AM;18152;Receitas Brutas Realizadas;1.7.2.1.01.05.00 - Cota-Parte do Imposto Sobre a Propriedade Territorial Rural ¿ ITR;siconfi-cor_RO1.7.2.1.01.05.00;1765,64
Prefeitura Municipal de Tapauá - AM;1304104;AM;18152;Receitas Brutas Realizadas;1.7.2.1.22.00.00 - Transferências da Compensação Financeira pela Exploração de Recursos Naturais;siconfi-cor_RO1.7.2.1.22.00.00;112879
Prefeitura Municipal de Tapauá - AM;1304104;AM;18152;Receitas Brutas Realizadas;1.7.2.1.22.70.00 - Cota-Parte do Fundo Especial do Petróleo ¿ FEP;siconfi-cor_RO1.7.2.1.22.70.00;112879
Prefeitura Municipal de Tapauá - AM;1304104;AM;18152;Receitas Brutas Realizadas;1.7.2.1.33.00.00 - Transferências de Recursos do Sistema Único de Saúde - SUS - Repasses Fundo a Fundo;siconfi-cor_RO1.7.2.1.33.00.00;3009615,76
Prefeitura Municipal de Tapauá - AM;1304104;AM;18152;Receitas Brutas Realizadas;1.7.2.1.34.00.00 - Transferências de Recursos do Fundo Nacional de Assistência Social ¿ FNAS;siconfi-cor_RO1.7.2.1.34.00.00;697682,54
Prefeitura Municipal de Tapauá - AM;1304104;AM;18152;Receitas Brutas Realizadas;1.7.2.1.35.00.00 - Transferências de Recursos do Fundo Nacional do Desenvolvimento da Educação ¿ FNDE;siconfi-cor_RO1.7.2.1.35.00.00;747738
Prefeitura Municipal de Tapauá - AM;1304104;AM;18152;Receitas Brutas Realizadas;1.7.2.1.36.00.00 - Transferências Financeiras do ICMS ¿ Desoneração ¿ L.C. Nº 87/96;siconfi-cor_RO1.7.2.1.36.00.00;33037,8
Prefeitura Municipal de Tapauá - AM;1304104;AM;18152;Receitas Brutas Realizadas;1.7.2.1.99.00.00 - Outras Transferências da União;siconfi-cor_RO1.7.2.1.99.00.00;57835,49
Prefeitura Municipal de Tapauá - AM;1304104;AM;18152;Receitas Brutas Realizadas;1.7.2.2.00.00.00 - Transferências dos Estados;siconfi-cor_RO1.7.2.2.00.00.00;12224510,09
Prefeitura Municipal de Tapauá - AM;1304104;AM;18152;Receitas Brutas Realizadas;1.7.2.2.01.00.00 - Participação na Receita dos Estados;siconfi-cor_RO1.7.2.2.01.00.00;12030985,59
Prefeitura Municipal de Tapauá - AM;1304104;AM;18152;Receitas Brutas Realizadas;1.7.2.2.01.01.00 - Cota-Parte do ICMS;siconfi-cor_RO1.7.2.2.01.01.00;11923011,76
Prefeitura Municipal de Tapauá - AM;1304104;AM;18152;Receitas Brutas Realizadas;1.7.2.2.01.02.00 - Cota-Parte do IPVA;siconfi-cor_RO1.7.2.2.01.02.00;19947,4
Prefeitura Municipal de Tapauá - AM;1304104;AM;18152;Receitas Brutas Realizadas;1.7.2.2.01.04.00 - Cota-Parte do IPI - Municípios;siconfi-cor_RO1.7.2.2.01.04.00;48219,43
Prefeitura Municipal de Tapauá - AM;1304104;AM;18152;Receitas Brutas Realizadas;1.7.2.2.01.13.00 - Cota-Parte da Contribuição de Intervenção no Domínio Econômico;siconfi-cor_RO1.7.2.2.01.13.00;39807
Prefeitura Municipal de Tapauá - AM;1304104;AM;18152;Receitas Brutas Realizadas;1.7.2.2.22.00.00 - Transferências da Cota-Parte da Compensação Financeira (25%);siconfi-cor_RO1.7.2.2.22.00.00;138198,26
Prefeitura Municipal de Tapauá - AM;1304104;AM;18152;Receitas Brutas Realizadas;1.7.2.2.22.30.00 - Cota-Parte Royalties - Compensação Financeira pela Produção de Petróleo - Lei nº 7.990/89 artigo 9º;siconfi-cor_RO1.7.2.2.22.30.00;138198,26
Prefeitura Municipal de Tapauá - AM;1304104;AM;18152;Receitas Brutas Realizadas;1.7.2.2.33.00.00 - Transferências de Recursos do Estado para Programas de Saúde - Repasse Fundo a Fundo;siconfi-cor_RO1.7.2.2.33.00.00;55326,24
Prefeitura Municipal de Tapauá - AM;1304104;AM;18152;Receitas Brutas Realizadas;1.7.2.4.00.00.00 - Transferências Multigovernamentais;siconfi-cor_RO1.7.2.4.00.00.00;10186658,56
Prefeitura Municipal de Tapauá - AM;1304104;AM;18152;Receitas Brutas Realizadas;1.7.2.4.01.00.00 - Transferências de Recursos do Fundo de Manutenção e Desenvolvimento do Ensino Fundamental e de Valorização do Magistério - FUNDEB;siconfi-cor_RO1.7.2.4.01.00.00;7905530,66
Prefeitura Municipal de Tapauá - AM;1304104;AM;18152;Receitas Brutas Realizadas;1.7.2.4.02.00.00 - Transferências de Recursos da Complementação ao Fundo de Manutenção e Desenvolvimento do Ensino Fundamental e de Valorização do Magistério - FUNDEB;siconfi-cor_RO1.7.2.4.02.00.00;2281127,9
Prefeitura Municipal de Tapauá - AM;1304104;AM;18152;Receitas Brutas Realizadas;1.7.6.0.00.00.00 - Transferências de Convênios;siconfi-cor_RO1.7.6.0.00.00.00;175500
Prefeitura Municipal de Tapauá - AM;1304104;AM;18152;Receitas Brutas Realizadas;1.7.6.2.00.00.00 - Transferências de Convênios dos Estados e do Distrito Federal e de Suas Entidades;siconfi-cor_RO1.7.6.2.00.00.00;175500
Prefeitura Municipal de Tapauá - AM;1304104;AM;18152;Receitas Brutas Realizadas;1.7.6.2.01.00.00 - Transferências de Convênios dos Estados para o Sistema Único de Saúde - SUS;siconfi-cor_RO1.7.6.2.01.00.00;175500
Prefeitura Municipal de Tapauá - AM;1304104;AM;18152;Receitas Brutas Realizadas;2.0.0.0.00.00.00 - Receitas de Capital;siconfi-cor_RO2.0.0.0.00.00.00;190070
Prefeitura Municipal de Tapauá - AM;1304104;AM;18152;Receitas Brutas Realizadas;2.4.0.0.00.00.00 - Transferências de Capital;siconfi-cor_RO2.4.0.0.00.00.00;190070
Prefeitura Municipal de Tapauá - AM;1304104;AM;18152;Receitas Brutas Realizadas;2.4.2.0.00.00.00 - Transferências Intergovernamentais;siconfi-cor_RO2.4.2.0.00.00.00;190070
Prefeitura Municipal de Tapauá - AM;1304104;AM;18152;Receitas Brutas Realizadas;2.4.2.1.00.00.00 - Transferências da União;siconfi-cor_RO2.4.2.1.00.00.00;190070
Prefeitura Municipal de Tapauá - AM;1304104;AM;18152;Receitas Brutas Realizadas;2.4.2.1.02.00.00 - Transferências de Recursos Destinados a Programas de Educação;siconfi-cor_RO2.4.2.1.02.00.00;190070
Prefeitura Municipal de Tapauá - AM;1304104;AM;18152;Deduções - FUNDEB;Total Receitas;siconfi-cor_TotalReceitas;5074043,73
Prefeitura Municipal de Tapauá - AM;1304104;AM;18152;Deduções - FUNDEB;1.0.0.0.00.00.00 - Receitas Correntes;siconfi-cor_RO1.0.0.0.00.00.00;5074043,73
Prefeitura Municipal de Tapauá - AM;1304104;AM;18152;Deduções - FUNDEB;1.7.0.0.00.00.00 - Transferências Correntes;siconfi-cor_RO1.7.0.0.00.00.00;5074043,73
Prefeitura Municipal de Tapauá - AM;1304104;AM;18152;Deduções - FUNDEB;1.7.2.0.00.00.00 - Transferências Intergovernamentais;siconfi-cor_RO1.7.2.0.00.00.00;5074043,73
Prefeitura Municipal de Tapauá - AM;1304104;AM;18152;Deduções - FUNDEB;1.7.2.1.00.00.00 - Transferências da União;siconfi-cor_RO1.7.2.1.00.00.00;2675808
Prefeitura Municipal de Tapauá - AM;1304104;AM;18152;Deduções - FUNDEB;1.7.2.1.01.00.00 - Participação na Receita da União;siconfi-cor_RO1.7.2.1.01.00.00;2669200,44
Prefeitura Municipal de Tapauá - AM;1304104;AM;18152;Deduções - FUNDEB;1.7.2.1.01.02.00 - Cota-Parte do Fundo de Participação dos Municípios ¿ FPM;siconfi-cor_RO1.7.2.1.01.02.00;2668847,36
Prefeitura Municipal de Tapauá - AM;1304104;AM;18152;Deduções - FUNDEB;1.7.2.1.01.05.00 - Cota-Parte do Imposto Sobre a Propriedade Territorial Rural ¿ ITR;siconfi-cor_RO1.7.2.1.01.05.00;353,08
Prefeitura Municipal de Tapauá - AM;1304104;AM;18152;Deduções - FUNDEB;1.7.2.1.36.00.00 - Transferências Financeiras do ICMS ¿ Desoneração ¿ L.C. Nº 87/96;siconfi-cor_RO1.7.2.1.36.00.00;6607,56
Prefeitura Municipal de Tapauá - AM;1304104;AM;18152;Deduções - FUNDEB;1.7.2.2.00.00.00 - Transferências dos Estados;siconfi-cor_RO1.7.2.2.00.00.00;2398235,73
Prefeitura Municipal de Tapauá - AM;1304104;AM;18152;Deduções - FUNDEB;1.7.2.2.01.00.00 - Participação na Receita dos Estados;siconfi-cor_RO1.7.2.2.01.00.00;2398235,73
Prefeitura Municipal de Tapauá - AM;1304104;AM;18152;Deduções - FUNDEB;1.7.2.2.01.01.00 - Cota-Parte do ICMS;siconfi-cor_RO1.7.2.2.01.01.00;2384602,38
Prefeitura Municipal de Tapauá - AM;1304104;AM;18152;Deduções - FUNDEB;1.7.2.2.01.02.00 - Cota-Parte do IPVA;siconfi-cor_RO1.7.2.2.01.02.00;3989,46
Prefeitura Municipal de Tapauá - AM;1304104;AM;18152;Deduções - FUNDEB;1.7.2.2.01.04.00 - Cota-Parte do IPI - Municípios;siconfi-cor_RO1.7.2.2.01.04.00;9643,89
Prefeitura Municipal de Fonte Boa - AM;1301605;AM;20742;Receitas Brutas Realizadas;Total Receitas;siconfi-cor_TotalReceitas;57889494,98
Prefeitura Municipal de Fonte Boa - AM;1301605;AM;20742;Receitas Brutas Realizadas;1.0.0.0.00.00.00 - Receitas Correntes;siconfi-cor_RO1.0.0.0.00.00.00;49864875,37
Prefeitura Municipal de Fonte Boa - AM;1301605;AM;20742;Receitas Brutas Realizadas;1.1.0.0.00.00.00 - Receita Tributária;siconfi-cor_RO1.1.0.0.00.00.00;1169538,36
Prefeitura Municipal de Fonte Boa - AM;1301605;AM;20742;Receitas Brutas Realizadas;1.1.1.0.00.00.00 - Impostos;siconfi-cor_RO1.1.1.0.00.00.00;1145278,74
Prefeitura Municipal de Fonte Boa - AM;1301605;AM;20742;Receitas Brutas Realizadas;1.1.1.2.00.00.00 - Impostos sobre o Patrimônio e a Renda;siconfi-cor_RO1.1.1.2.00.00.00;645410,62
Prefeitura Municipal de Fonte Boa - AM;1301605;AM;20742;Receitas Brutas Realizadas;1.1.1.2.02.00.00 - Imposto sobre a Propriedade Predial e Territorial Urbana ¿ IPTU;siconfi-cor_RO1.1.1.2.02.00.00;5194,88
Prefeitura Municipal de Fonte Boa - AM;1301605;AM;20742;Receitas Brutas Realizadas;1.1.1.2.04.00.00 - Imposto sobre a Renda e Proventos de Qualquer Natureza ¿ IR;siconfi-cor_RO1.1.1.2.04.00.00;637513,81
Prefeitura Municipal de Fonte Boa - AM;1301605;AM;20742;Receitas Brutas Realizadas;1.1.1.2.04.31.00 - Retido nas Fontes - Trabalho;siconfi-cor_RO1.1.1.2.04.31.00;322848,6
Prefeitura Municipal de Fonte Boa - AM;1301605;AM;20742;Receitas Brutas Realizadas;1.1.1.2.04.34.00 - Retido nas Fontes - Outros Rendimentos;siconfi-cor_RO1.1.1.2.04.34.00;314665,21
Prefeitura Municipal de Fonte Boa - AM;1301605;AM;20742;Receitas Brutas Realizadas;"1.1.1.2.08.00.00 - Imposto sobre Transmissão Inter Vivos"" de Bens Imóveis e de Direitos Reais sobre Imóveis ¿ ITBI""";siconfi-cor_RO1.1.1.2.08.00.00;2701,93
Prefeitura Municipal de Fonte Boa - AM;1301605;AM;20742;Receitas Brutas Realizadas;1.1.1.3.00.00.00 - Impostos sobre a Produção e a Circulação;siconfi-cor_RO1.1.1.3.00.00.00;499868,12
Prefeitura Municipal de Fonte Boa - AM;1301605;AM;20742;Receitas Brutas Realizadas;1.1.1.3.05.00.00 - Imposto sobre Serviços de Qualquer Natureza ¿ ISSQN;siconfi-cor_RO1.1.1.3.05.00.00;499868,12
Prefeitura Municipal de Fonte Boa - AM;1301605;AM;20742;Receitas Brutas Realizadas;1.1.2.0.00.00.00 - Taxas;siconfi-cor_RO1.1.2.0.00.00.00;24259,62
Prefeitura Municipal de Fonte Boa - AM;1301605;AM;20742;Receitas Brutas Realizadas;1.1.2.1.00.00.00 - Taxas pelo Exercício do Poder de Polícia;siconfi-cor_RO1.1.2.1.00.00.00;24259,62
Prefeitura Municipal de Fonte Boa - AM;1301605;AM;20742;Receitas Brutas Realizadas;1.2.0.0.00.00.00 - Receitas de Contribuições;siconfi-cor_RO1.2.0.0.00.00.00;2191886,95
Prefeitura Municipal de Fonte Boa - AM;1301605;AM;20742;Receitas Brutas Realizadas;1.2.1.0.00.00.00 - Contribuições Sociais;siconfi-cor_RO1.2.1.0.00.00.00;1876733,08
Prefeitura Municipal de Fonte Boa - AM;1301605;AM;20742;Receitas Brutas Realizadas;1.2.1.0.29.00.00 - Contribuições para o Regime Próprio de Previdência do Servidor Público;siconfi-cor_RO1.2.1.0.29.00.00;1876733,08
Prefeitura Municipal de Fonte Boa - AM;1301605;AM;20742;Receitas Brutas Realizadas;1.2.1.0.29.01.00 - Contribuição Patronal de Servidor Ativo Civil para o Regime Próprio;siconfi-cor_RO1.2.1.0.29.01.00;655880,78
Prefeitura Municipal de Fonte Boa - AM;1301605;AM;20742;Receitas Brutas Realizadas;1.2.1.0.29.07.00 - Contribuição do Servidor Ativo Civil para o Regime Próprio;siconfi-cor_RO1.2.1.0.29.07.00;1220852,3
Prefeitura Municipal de Fonte Boa - AM;1301605;AM;20742;Receitas Brutas Realizadas;1.2.3.0.00.00.00 - Contribuição para Custeio do Serviço de Iluminação Pública;siconfi-cor_RO1.2.3.0.00.00.00;315153,87
Prefeitura Municipal de Fonte Boa - AM;1301605;AM;20742;Receitas Brutas Realizadas;1.3.0.0.00.00.00 - Receita Patrimonial;siconfi-cor_RO1.3.0.0.00.00.00;47382,38
Prefeitura Municipal de Fonte Boa - AM;1301605;AM;20742;Receitas Brutas Realizadas;1.3.2.0.00.00.00 - Receitas de Valores Mobiliários;siconfi-cor_RO1.3.2.0.00.00.00;47382,38
Prefeitura Municipal de Fonte Boa - AM;1301605;AM;20742;Receitas Brutas Realizadas;1.3.2.5.00.00.00 - Remuneração de Depósitos Bancários;siconfi-cor_RO1.3.2.5.00.00.00;47382,38
Prefeitura Municipal de Fonte Boa - AM;1301605;AM;20742;Receitas Brutas Realizadas;1.6.0.0.00.00.00 - Receita de Serviços;siconfi-cor_RO1.6.0.0.00.00.00;404026,83
Prefeitura Municipal de Fonte Boa - AM;1301605;AM;20742;Receitas Brutas Realizadas;1.6.0.0.41.00.00 - Serviços de Captação, Adução, Tratamento, Reserva e Distribuição de Água;siconfi-cor_RO1.6.0.0.41.00.00;386535,84
Prefeitura Municipal de Fonte Boa - AM;1301605;AM;20742;Receitas Brutas Realizadas;1.6.0.0.48.00.00 - Serviços de Religamento de Água;siconfi-cor_RO1.6.0.0.48.00.00;17490,99
Prefeitura Municipal de Fonte Boa - AM;1301605;AM;20742;Receitas Brutas Realizadas;1.7.0.0.00.00.00 - Transferências Correntes;siconfi-cor_RO1.7.0.0.00.00.00;46050404,84
Prefeitura Municipal de Fonte Boa - AM;1301605;AM;20742;Receitas Brutas Realizadas;1.7.2.0.00.00.00 - Transferências Intergovernamentais;siconfi-cor_RO1.7.2.0.00.00.00;45522128,84
Prefeitura Municipal de Fonte Boa - AM;1301605;AM;20742;Receitas Brutas Realizadas;1.7.2.1.00.00.00 - Transferências da União;siconfi-cor_RO1.7.2.1.00.00.00;21335476,05
Prefeitura Municipal de Fonte Boa - AM;1301605;AM;20742;Receitas Brutas Realizadas;1.7.2.1.01.00.00 - Participação na Receita da União;siconfi-cor_RO1.7.2.1.01.00.00;14330039,07
Prefeitura Municipal de Fonte Boa - AM;1301605;AM;20742;Receitas Brutas Realizadas;1.7.2.1.01.02.00 - Cota-Parte do Fundo de Participação dos Municípios ¿ FPM;siconfi-cor_RO1.7.2.1.01.02.00;13131104,05
Prefeitura Municipal de Fonte Boa - AM;1301605;AM;20742;Receitas Brutas Realizadas;1.7.2.1.01.03.00 - Cota-Parte do Fundo de Participação dos Municípios - 1% Cota Anual;siconfi-cor_RO1.7.2.1.01.03.00;803622,79
Prefeitura Municipal de Fonte Boa - AM;1301605;AM;20742;Receitas Brutas Realizadas;1.7.2.1.01.04.00 - Cota-Parte do Fundo de Participação dos Municípios - 1% Cota entregue no mês de julho (67)(I);siconfi-cor_RO1.7.2.1.01.04.00;395160,46
Prefeitura Municipal de Fonte Boa - AM;1301605;AM;20742;Receitas Brutas Realizadas;1.7.2.1.01.05.00 - Cota-Parte do Imposto Sobre a Propriedade Territorial Rural ¿ ITR;siconfi-cor_RO1.7.2.1.01.05.00;151,77
Prefeitura Municipal de Fonte Boa - AM;1301605;AM;20742;Receitas Brutas Realizadas;1.7.2.1.22.00.00 - Transferências da Compensação Financeira pela Exploração de Recursos Naturais;siconfi-cor_RO1.7.2.1.22.00.00;148025,69
Prefeitura Municipal de Fonte Boa - AM;1301605;AM;20742;Receitas Brutas Realizadas;1.7.2.1.22.70.00 - Cota-Parte do Fundo Especial do Petróleo ¿ FEP;siconfi-cor_RO1.7.2.1.22.70.00;112879
Prefeitura Municipal de Fonte Boa - AM;1301605;AM;20742;Receitas Brutas Realizadas;1.7.2.1.22.90.00 - Outras Transferências Decorrentes de Compensação Financeira pela Exploração de Recursos Naturais;siconfi-cor_RO1.7.2.1.22.90.00;35146,69
Prefeitura Municipal de Fonte Boa - AM;1301605;AM;20742;Receitas Brutas Realizadas;1.7.2.1.33.00.00 - Transferências de Recursos do Sistema Único de Saúde - SUS - Repasses Fundo a Fundo;siconfi-cor_RO1.7.2.1.33.00.00;4812725,98
Prefeitura Municipal de Fonte Boa - AM;1301605;AM;20742;Receitas Brutas Realizadas;1.7.2.1.34.00.00 - Transferências de Recursos do Fundo Nacional de Assistência Social ¿ FNAS;siconfi-cor_RO1.7.2.1.34.00.00;633465,21
Prefeitura Municipal de Fonte Boa - AM;1301605;AM;20742;Receitas Brutas Realizadas;1.7.2.1.35.00.00 - Transferências de Recursos do Fundo Nacional do Desenvolvimento da Educação ¿ FNDE;siconfi-cor_RO1.7.2.1.35.00.00;1391143,02
Prefeitura Municipal de Fonte Boa - AM;1301605;AM;20742;Receitas Brutas Realizadas;1.7.2.1.36.00.00 - Transferências Financeiras do ICMS ¿ Desoneração ¿ L.C. Nº 87/96;siconfi-cor_RO1.7.2.1.36.00.00;20077,08
Prefeitura Municipal de Fonte Boa - AM;1301605;AM;20742;Receitas Brutas Realizadas;1.7.2.2.00.00.00 - Transferências dos Estados;siconfi-cor_RO1.7.2.2.00.00.00;8452367,89
Prefeitura Municipal de Fonte Boa - AM;1301605;AM;20742;Receitas Brutas Realizadas;1.7.2.2.01.00.00 - Participação na Receita dos Estados;siconfi-cor_RO1.7.2.2.01.00.00;7332632,13
Prefeitura Municipal de Fonte Boa - AM;1301605;AM;20742;Receitas Brutas Realizadas;1.7.2.2.01.01.00 - Cota-Parte do ICMS;siconfi-cor_RO1.7.2.2.01.01.00;7245623,5
Prefeitura Municipal de Fonte Boa - AM;1301605;AM;20742;Receitas Brutas Realizadas;1.7.2.2.01.02.00 - Cota-Parte do IPVA;siconfi-cor_RO1.7.2.2.01.02.00;16273,6
Prefeitura Municipal de Fonte Boa - AM;1301605;AM;20742;Receitas Brutas Realizadas;1.7.2.2.01.04.00 - Cota-Parte do IPI - Municípios;siconfi-cor_RO1.7.2.2.01.04.00;29302,94
Prefeitura Municipal de Fonte Boa - AM;1301605;AM;20742;Receitas Brutas Realizadas;1.7.2.2.01.13.00 - Cota-Parte da Contribuição de Intervenção no Domínio Econômico;siconfi-cor_RO1.7.2.2.01.13.00;41432,09
Prefeitura Municipal de Fonte Boa - AM;1301605;AM;20742;Receitas Brutas Realizadas;1.7.2.2.22.00.00 - Transferências da Cota-Parte da Compensação Financeira (25%);siconfi-cor_RO1.7.2.2.22.00.00;83983,2
Prefeitura Municipal de Fonte Boa - AM;1301605;AM;20742;Receitas Brutas Realizadas;1.7.2.2.22.30.00 - Cota-Parte Royalties - Compensação Financeira pela Produção de Petróleo - Lei nº 7.990/89 artigo 9º;siconfi-cor_RO1.7.2.2.22.30.00;83983,2
Prefeitura Municipal de Fonte Boa - AM;1301605;AM;20742;Receitas Brutas Realizadas;1.7.2.2.33.00.00 - Transferências de Recursos do Estado para Programas de Saúde - Repasse Fundo a Fundo;siconfi-cor_RO1.7.2.2.33.00.00;1035752,56
Prefeitura Municipal de Fonte Boa - AM;1301605;AM;20742;Receitas Brutas Realizadas;1.7.2.4.00.00.00 - Transferências Multigovernamentais;siconfi-cor_RO1.7.2.4.00.00.00;15734284,9
Prefeitura Municipal de Fonte Boa - AM;1301605;AM;20742;Receitas Brutas Realizadas;1.7.2.4.01.00.00 - Transferências de Recursos do Fundo de Manutenção e Desenvolvimento do Ensino Fundamental e de Valorização do Magistério - FUNDEB;siconfi-cor_RO1.7.2.4.01.00.00;11966136,49
Prefeitura Municipal de Fonte Boa - AM;1301605;AM;20742;Receitas Brutas Realizadas;1.7.2.4.02.00.00 - Transferências de Recursos da Complementação ao Fundo de Manutenção e Desenvolvimento do Ensino Fundamental e de Valorização do Magistério - FUNDEB;siconfi-cor_RO1.7.2.4.02.00.00;3768148,41
Prefeitura Municipal de Fonte Boa - AM;1301605;AM;20742;Receitas Brutas Realizadas;1.7.6.0.00.00.00 - Transferências de Convênios;siconfi-cor_RO1.7.6.0.00.00.00;528276
Prefeitura Municipal de Fonte Boa - AM;1301605;AM;20742;Receitas Brutas Realizadas;1.7.6.2.00.00.00 - Transferências de Convênios dos Estados e do Distrito Federal e de Suas Entidades;siconfi-cor_RO1.7.6.2.00.00.00;528276
Prefeitura Municipal de Fonte Boa - AM;1301605;AM;20742;Receitas Brutas Realizadas;1.7.6.2.99.00.00 - Outras Transferências de Convênios dos Estados;siconfi-cor_RO1.7.6.2.99.00.00;528276
Prefeitura Municipal de Fonte Boa - AM;1301605;AM;20742;Receitas Brutas Realizadas;1.9.0.0.00.00.00 - Outras Receitas Correntes;siconfi-cor_RO1.9.0.0.00.00.00;1636,01
Prefeitura Municipal de Fonte Boa - AM;1301605;AM;20742;Receitas Brutas Realizadas;1.9.2.0.00.00.00 - Indenizações e Restituições;siconfi-cor_RO1.9.2.0.00.00.00;1607,94
Prefeitura Municipal de Fonte Boa - AM;1301605;AM;20742;Receitas Brutas Realizadas;1.9.2.1.00.00.00 - Indenizações;siconfi-cor_RO1.9.2.1.00.00.00;1607,94
Prefeitura Municipal de Fonte Boa - AM;1301605;AM;20742;Receitas Brutas Realizadas;1.9.9.0.00.00.00 - Receitas Diversas;siconfi-cor_RO1.9.9.0.00.00.00;28,07
Prefeitura Municipal de Fonte Boa - AM;1301605;AM;20742;Receitas Brutas Realizadas;1.9.9.0.99.00.00 - Outras Receitas;siconfi-cor_RO1.9.9.0.99.00.00;28,07
Prefeitura Municipal de Fonte Boa - AM;1301605;AM;20742;Receitas Brutas Realizadas;2.0.0.0.00.00.00 - Receitas de Capital;siconfi-cor_RO2.0.0.0.00.00.00;8024619,61
Prefeitura Municipal de Fonte Boa - AM;1301605;AM;20742;Receitas Brutas Realizadas;2.4.0.0.00.00.00 - Transferências de Capital;siconfi-cor_RO2.4.0.0.00.00.00;8024619,61
Prefeitura Municipal de Fonte Boa - AM;1301605;AM;20742;Receitas Brutas Realizadas;2.4.2.0.00.00.00 - Transferências Intergovernamentais;siconfi-cor_RO2.4.2.0.00.00.00;204800
Prefeitura Municipal de Fonte Boa - AM;1301605;AM;20742;Receitas Brutas Realizadas;2.4.2.1.00.00.00 - Transferências da União;siconfi-cor_RO2.4.2.1.00.00.00;204800
Prefeitura Municipal de Fonte Boa - AM;1301605;AM;20742;Receitas Brutas Realizadas;2.4.2.1.01.00.00 - Participação na Receita da União;siconfi-cor_RO2.4.2.1.01.00.00;204800
Prefeitura Municipal de Fonte Boa - AM;1301605;AM;20742;Receitas Brutas Realizadas;2.4.7.0.00.00.00 - Transferências de Convênios;siconfi-cor_RO2.4.7.0.00.00.00;7819819,61
Prefeitura Municipal de Fonte Boa - AM;1301605;AM;20742;Receitas Brutas Realizadas;2.4.7.1.00.00.00 - Transferências de Convênios da União e de suas Entidades;siconfi-cor_RO2.4.7.1.00.00.00;1817739,14
Prefeitura Municipal de Fonte Boa - AM;1301605;AM;20742;Receitas Brutas Realizadas;2.4.7.1.01.00.00 - Transferências de Convênios da União para o Sistema Único de Saúde - SUS;siconfi-cor_RO2.4.7.1.01.00.00;566835
Prefeitura Municipal de Fonte Boa - AM;1301605;AM;20742;Receitas Brutas Realizadas;2.4.7.1.02.00.00 - Transferências de Convênios da União Destinadas a Programas de Educação;siconfi-cor_RO2.4.7.1.02.00.00;980904,14
Prefeitura Municipal de Fonte Boa - AM;1301605;AM;20742;Receitas Brutas Realizadas;2.4.7.1.03.00.00 - Transferências de Convênios da União Destinadas a Programas de Saneamento Básico;siconfi-cor_RO2.4.7.1.03.00.00;270000
Prefeitura Municipal de Fonte Boa - AM;1301605;AM;20742;Receitas Brutas Realizadas;2.4.7.2.00.00.00 - Transferências de Convênios dos Estados e do Distrito Federal e de suas Entidades;siconfi-cor_RO2.4.7.2.00.00.00;6002080,47
Prefeitura Municipal de Fonte Boa - AM;1301605;AM;20742;Receitas Brutas Realizadas;2.4.7.2.99.00.00 - Outras Transferências de Convênios dos Estados;siconfi-cor_RO2.4.7.2.99.00.00;6002080,47
Prefeitura Municipal de Fonte Boa - AM;1301605;AM;20742;Deduções - FUNDEB;Total Receitas;siconfi-cor_TotalReceitas;4131132,82
Prefeitura Municipal de Fonte Boa - AM;1301605;AM;20742;Deduções - FUNDEB;1.0.0.0.00.00.00 - Receitas Correntes;siconfi-cor_RO1.0.0.0.00.00.00;4131132,82
Prefeitura Municipal de Fonte Boa - AM;1301605;AM;20742;Deduções - FUNDEB;1.7.0.0.00.00.00 - Transferências Correntes;siconfi-cor_RO1.7.0.0.00.00.00;4131132,82
Prefeitura Municipal de Fonte Boa - AM;1301605;AM;20742;Deduções - FUNDEB;1.7.2.0.00.00.00 - Transferências Intergovernamentais;siconfi-cor_RO1.7.2.0.00.00.00;4131132,82
Prefeitura Municipal de Fonte Boa - AM;1301605;AM;20742;Deduções - FUNDEB;1.7.2.1.00.00.00 - Transferências da União;siconfi-cor_RO1.7.2.1.00.00.00;2672893,03
Prefeitura Municipal de Fonte Boa - AM;1301605;AM;20742;Deduções - FUNDEB;1.7.2.1.01.00.00 - Participação na Receita da União;siconfi-cor_RO1.7.2.1.01.00.00;2668877,71
Prefeitura Municipal de Fonte Boa - AM;1301605;AM;20742;Deduções - FUNDEB;1.7.2.1.01.02.00 - Cota-Parte do Fundo de Participação dos Municípios ¿ FPM;siconfi-cor_RO1.7.2.1.01.02.00;2668847,36
Prefeitura Municipal de Fonte Boa - AM;1301605;AM;20742;Deduções - FUNDEB;1.7.2.1.01.05.00 - Cota-Parte do Imposto Sobre a Propriedade Territorial Rural ¿ ITR;siconfi-cor_RO1.7.2.1.01.05.00;30,35
Prefeitura Municipal de Fonte Boa - AM;1301605;AM;20742;Deduções - FUNDEB;1.7.2.1.36.00.00 - Transferências Financeiras do ICMS ¿ Desoneração ¿ L.C. Nº 87/96;siconfi-cor_RO1.7.2.1.36.00.00;4015,32
Prefeitura Municipal de Fonte Boa - AM;1301605;AM;20742;Deduções - FUNDEB;1.7.2.2.00.00.00 - Transferências dos Estados;siconfi-cor_RO1.7.2.2.00.00.00;1458239,79
Prefeitura Municipal de Fonte Boa - AM;1301605;AM;20742;Deduções - FUNDEB;1.7.2.2.01.00.00 - Participação na Receita dos Estados;siconfi-cor_RO1.7.2.2.01.00.00;1458239,79
Prefeitura Municipal de Fonte Boa - AM;1301605;AM;20742;Deduções - FUNDEB;1.7.2.2.01.01.00 - Cota-Parte do ICMS;siconfi-cor_RO1.7.2.2.01.01.00;1449124,76
Prefeitura Municipal de Fonte Boa - AM;1301605;AM;20742;Deduções - FUNDEB;1.7.2.2.01.02.00 - Cota-Parte do IPVA;siconfi-cor_RO1.7.2.2.01.02.00;3254,42
Prefeitura Municipal de Fonte Boa - AM;1301605;AM;20742;Deduções - FUNDEB;1.7.2.2.01.04.00 - Cota-Parte do IPI - Municípios;siconfi-cor_RO1.7.2.2.01.04.00;5860,61
Prefeitura Municipal de Tonantins - AM;1304237;AM;18478;Receitas Brutas Realizadas;Total Receitas;siconfi-cor_TotalReceitas;46260755,47
Prefeitura Municipal de Tonantins - AM;1304237;AM;18478;Receitas Brutas Realizadas;1.0.0.0.00.00.00 - Receitas Correntes;siconfi-cor_RO1.0.0.0.00.00.00;45432532,88
Prefeitura Municipal de Tonantins - AM;1304237;AM;18478;Receitas Brutas Realizadas;1.1.0.0.00.00.00 - Receita Tributária;siconfi-cor_RO1.1.0.0.00.00.00;705494,57
Prefeitura Municipal de Tonantins - AM;1304237;AM;18478;Receitas Brutas Realizadas;1.1.1.0.00.00.00 - Impostos;siconfi-cor_RO1.1.1.0.00.00.00;705494,57
Prefeitura Municipal de Tonantins - AM;1304237;AM;18478;Receitas Brutas Realizadas;1.1.1.2.00.00.00 - Impostos sobre o Patrimônio e a Renda;siconfi-cor_RO1.1.1.2.00.00.00;349689,46
Prefeitura Municipal de Tonantins - AM;1304237;AM;18478;Receitas Brutas Realizadas;1.1.1.2.02.00.00 - Imposto sobre a Propriedade Predial e Territorial Urbana ¿ IPTU;siconfi-cor_RO1.1.1.2.02.00.00;10635,32
Prefeitura Municipal de Tonantins - AM;1304237;AM;18478;Receitas Brutas Realizadas;1.1.1.2.04.00.00 - Imposto sobre a Renda e Proventos de Qualquer Natureza ¿ IR;siconfi-cor_RO1.1.1.2.04.00.00;339054,14
Prefeitura Municipal de Tonantins - AM;1304237;AM;18478;Receitas Brutas Realizadas;1.1.1.2.04.31.00 - Retido nas Fontes - Trabalho;siconfi-cor_RO1.1.1.2.04.31.00;309752,94
Prefeitura Municipal de Tonantins - AM;1304237;AM;18478;Receitas Brutas Realizadas;1.1.1.2.04.34.00 - Retido nas Fontes - Outros Rendimentos;siconfi-cor_RO1.1.1.2.04.34.00;29301,2
Prefeitura Municipal de Tonantins - AM;1304237;AM;18478;Receitas Brutas Realizadas;1.1.1.3.00.00.00 - Impostos sobre a Produção e a Circulação;siconfi-cor_RO1.1.1.3.00.00.00;355805,11
Prefeitura Municipal de Tonantins - AM;1304237;AM;18478;Receitas Brutas Realizadas;1.1.1.3.05.00.00 - Imposto sobre Serviços de Qualquer Natureza ¿ ISSQN;siconfi-cor_RO1.1.1.3.05.00.00;355805,11
Prefeitura Municipal de Tonantins - AM;1304237;AM;18478;Receitas Brutas Realizadas;1.3.0.0.00.00.00 - Receita Patrimonial;siconfi-cor_RO1.3.0.0.00.00.00;104420,46
Prefeitura Municipal de Tonantins - AM;1304237;AM;18478;Receitas Brutas Realizadas;1.3.2.0.00.00.00 - Receitas de Valores Mobiliários;siconfi-cor_RO1.3.2.0.00.00.00;104420,46
Prefeitura Municipal de Tonantins - AM;1304237;AM;18478;Receitas Brutas Realizadas;1.3.2.5.00.00.00 - Remuneração de Depósitos Bancários;siconfi-cor_RO1.3.2.5.00.00.00;104420,46
Prefeitura Municipal de Tonantins - AM;1304237;AM;18478;Receitas Brutas Realizadas;1.6.0.0.00.00.00 - Receita de Serviços;siconfi-cor_RO1.6.0.0.00.00.00;280
Prefeitura Municipal de Tonantins - AM;1304237;AM;18478;Receitas Brutas Realizadas;1.6.0.0.13.00.00 - Serviços Administrativos;siconfi-cor_RO1.6.0.0.13.00.00;280
Prefeitura Municipal de Tonantins - AM;1304237;AM;18478;Receitas Brutas Realizadas;1.7.0.0.00.00.00 - Transferências Correntes;siconfi-cor_RO1.7.0.0.00.00.00;41656181,31
Prefeitura Municipal de Tonantins - AM;1304237;AM;18478;Receitas Brutas Realizadas;1.7.2.0.00.00.00 - Transferências Intergovernamentais;siconfi-cor_RO1.7.2.0.00.00.00;40682481,31
Prefeitura Municipal de Tonantins - AM;1304237;AM;18478;Receitas Brutas Realizadas;1.7.2.1.00.00.00 - Transferências da União;siconfi-cor_RO1.7.2.1.00.00.00;20376502,68
Prefeitura Municipal de Tonantins - AM;1304237;AM;18478;Receitas Brutas Realizadas;1.7.2.1.01.00.00 - Participação na Receita da União;siconfi-cor_RO1.7.2.1.01.00.00;14329921,48
Prefeitura Municipal de Tonantins - AM;1304237;AM;18478;Receitas Brutas Realizadas;1.7.2.1.01.02.00 - Cota-Parte do Fundo de Participação dos Municípios ¿ FPM;siconfi-cor_RO1.7.2.1.01.02.00;13378686,83
Prefeitura Municipal de Tonantins - AM;1304237;AM;18478;Receitas Brutas Realizadas;1.7.2.1.01.03.00 - Cota-Parte do Fundo de Participação dos Municípios - 1% Cota Anual;siconfi-cor_RO1.7.2.1.01.03.00;556040,01
Prefeitura Municipal de Tonantins - AM;1304237;AM;18478;Receitas Brutas Realizadas;1.7.2.1.01.04.00 - Cota-Parte do Fundo de Participação dos Municípios - 1% Cota entregue no mês de julho (67)(I);siconfi-cor_RO1.7.2.1.01.04.00;395160,46
Prefeitura Municipal de Tonantins - AM;1304237;AM;18478;Receitas Brutas Realizadas;1.7.2.1.01.05.00 - Cota-Parte do Imposto Sobre a Propriedade Territorial Rural ¿ ITR;siconfi-cor_RO1.7.2.1.01.05.00;34,18
Prefeitura Municipal de Tonantins - AM;1304237;AM;18478;Receitas Brutas Realizadas;1.7.2.1.22.00.00 - Transferências da Compensação Financeira pela Exploração de Recursos Naturais;siconfi-cor_RO1.7.2.1.22.00.00;112879
Prefeitura Municipal de Tonantins - AM;1304237;AM;18478;Receitas Brutas Realizadas;1.7.2.1.22.70.00 - Cota-Parte do Fundo Especial do Petróleo ¿ FEP;siconfi-cor_RO1.7.2.1.22.70.00;112879
Prefeitura Municipal de Tonantins - AM;1304237;AM;18478;Receitas Brutas Realizadas;1.7.2.1.33.00.00 - Transferências de Recursos do Sistema Único de Saúde - SUS - Repasses Fundo a Fundo;siconfi-cor_RO1.7.2.1.33.00.00;3979222,23
Prefeitura Municipal de Tonantins - AM;1304237;AM;18478;Receitas Brutas Realizadas;1.7.2.1.34.00.00 - Transferências de Recursos do Fundo Nacional de Assistência Social ¿ FNAS;siconfi-cor_RO1.7.2.1.34.00.00;332995,42
Prefeitura Municipal de Tonantins - AM;1304237;AM;18478;Receitas Brutas Realizadas;1.7.2.1.35.00.00 - Transferências de Recursos do Fundo Nacional do Desenvolvimento da Educação ¿ FNDE;siconfi-cor_RO1.7.2.1.35.00.00;1575437,36
Prefeitura Municipal de Tonantins - AM;1304237;AM;18478;Receitas Brutas Realizadas;1.7.2.1.36.00.00 - Transferências Financeiras do ICMS ¿ Desoneração ¿ L.C. Nº 87/96;siconfi-cor_RO1.7.2.1.36.00.00;16740,84
Prefeitura Municipal de Tonantins - AM;1304237;AM;18478;Receitas Brutas Realizadas;1.7.2.1.99.00.00 - Outras Transferências da União;siconfi-cor_RO1.7.2.1.99.00.00;29306,35
Prefeitura Municipal de Tonantins - AM;1304237;AM;18478;Receitas Brutas Realizadas;1.7.2.2.00.00.00 - Transferências dos Estados;siconfi-cor_RO1.7.2.2.00.00.00;6404269,85
Prefeitura Municipal de Tonantins - AM;1304237;AM;18478;Receitas Brutas Realizadas;1.7.2.2.01.00.00 - Participação na Receita dos Estados;siconfi-cor_RO1.7.2.2.01.00.00;6110348,16
Prefeitura Municipal de Tonantins - AM;1304237;AM;18478;Receitas Brutas Realizadas;1.7.2.2.01.01.00 - Cota-Parte do ICMS;siconfi-cor_RO1.7.2.2.01.01.00;6041619,32
Prefeitura Municipal de Tonantins - AM;1304237;AM;18478;Receitas Brutas Realizadas;1.7.2.2.01.02.00 - Cota-Parte do IPVA;siconfi-cor_RO1.7.2.2.01.02.00;4336,07
Prefeitura Municipal de Tonantins - AM;1304237;AM;18478;Receitas Brutas Realizadas;1.7.2.2.01.04.00 - Cota-Parte do IPI - Municípios;siconfi-cor_RO1.7.2.2.01.04.00;24433,7
Prefeitura Municipal de Tonantins - AM;1304237;AM;18478;Receitas Brutas Realizadas;1.7.2.2.01.13.00 - Cota-Parte da Contribuição de Intervenção no Domínio Econômico;siconfi-cor_RO1.7.2.2.01.13.00;39959,07
Prefeitura Municipal de Tonantins - AM;1304237;AM;18478;Receitas Brutas Realizadas;1.7.2.2.22.00.00 - Transferências da Cota-Parte da Compensação Financeira (25%);siconfi-cor_RO1.7.2.2.22.00.00;70027,74
Prefeitura Municipal de Tonantins - AM;1304237;AM;18478;Receitas Brutas Realizadas;1.7.2.2.22.30.00 - Cota-Parte Royalties - Compensação Financeira pela Produção de Petróleo - Lei nº 7.990/89 artigo 9º;siconfi-cor_RO1.7.2.2.22.30.00;70027,74
Prefeitura Municipal de Tonantins - AM;1304237;AM;18478;Receitas Brutas Realizadas;1.7.2.2.33.00.00 - Transferências de Recursos do Estado para Programas de Saúde - Repasse Fundo a Fundo;siconfi-cor_RO1.7.2.2.33.00.00;223893,95
Prefeitura Municipal de Tonantins - AM;1304237;AM;18478;Receitas Brutas Realizadas;1.7.2.4.00.00.00 - Transferências Multigovernamentais;siconfi-cor_RO1.7.2.4.00.00.00;13901708,78
Prefeitura Municipal de Tonantins - AM;1304237;AM;18478;Receitas Brutas Realizadas;1.7.2.4.01.00.00 - Transferências de Recursos do Fundo de Manutenção e Desenvolvimento do Ensino Fundamental e de Valorização do Magistério - FUNDEB;siconfi-cor_RO1.7.2.4.01.00.00;10490561,81
Prefeitura Municipal de Tonantins - AM;1304237;AM;18478;Receitas Brutas Realizadas;1.7.2.4.02.00.00 - Transferências de Recursos da Complementação ao Fundo de Manutenção e Desenvolvimento do Ensino Fundamental e de Valorização do Magistério - FUNDEB;siconfi-cor_RO1.7.2.4.02.00.00;3411146,97
Prefeitura Municipal de Tonantins - AM;1304237;AM;18478;Receitas Brutas Realizadas;1.7.6.0.00.00.00 - Transferências de Convênios;siconfi-cor_RO1.7.6.0.00.00.00;973700
Prefeitura Municipal de Tonantins - AM;1304237;AM;18478;Receitas Brutas Realizadas;1.7.6.2.00.00.00 - Transferências de Convênios dos Estados e do Distrito Federal e de Suas Entidades;siconfi-cor_RO1.7.6.2.00.00.00;973700
Prefeitura Municipal de Tonantins - AM;1304237;AM;18478;Receitas Brutas Realizadas;1.7.6.2.02.00.00 - Transferências de Convênios dos Estados Destinadas a Programas de Educação;siconfi-cor_RO1.7.6.2.02.00.00;973700
Prefeitura Municipal de Tonantins - AM;1304237;AM;18478;Receitas Brutas Realizadas;1.9.0.0.00.00.00 - Outras Receitas Correntes;siconfi-cor_RO1.9.0.0.00.00.00;2966156,54
Prefeitura Municipal de Tonantins - AM;1304237;AM;18478;Receitas Brutas Realizadas;1.9.2.0.00.00.00 - Indenizações e Restituições;siconfi-cor_RO1.9.2.0.00.00.00;2966156,54
Prefeitura Municipal de Tonantins - AM;1304237;AM;18478;Receitas Brutas Realizadas;1.9.2.2.00.00.00 - Restituições;siconfi-cor_RO1.9.2.2.00.00.00;2966156,54
Prefeitura Municipal de Tonantins - AM;1304237;AM;18478;Receitas Brutas Realizadas;1.9.2.2.99.00.00 - Outras Restituições;siconfi-cor_RO1.9.2.2.99.00.00;2966156,54
Prefeitura Municipal de Tonantins - AM;1304237;AM;18478;Receitas Brutas Realizadas;2.0.0.0.00.00.00 - Receitas de Capital;siconfi-cor_RO2.0.0.0.00.00.00;828222,59
Prefeitura Municipal de Tonantins - AM;1304237;AM;18478;Receitas Brutas Realizadas;2.4.0.0.00.00.00 - Transferências de Capital;siconfi-cor_RO2.4.0.0.00.00.00;828222,59
Prefeitura Municipal de Tonantins - AM;1304237;AM;18478;Receitas Brutas Realizadas;2.4.7.0.00.00.00 - Transferências de Convênios;siconfi-cor_RO2.4.7.0.00.00.00;828222,59
Prefeitura Municipal de Tonantins - AM;1304237;AM;18478;Receitas Brutas Realizadas;2.4.7.1.00.00.00 - Transferências de Convênios da União e de suas Entidades;siconfi-cor_RO2.4.7.1.00.00.00;642494,41
Prefeitura Municipal de Tonantins - AM;1304237;AM;18478;Receitas Brutas Realizadas;2.4.7.1.01.00.00 - Transferências de Convênios da União para o Sistema Único de Saúde - SUS;siconfi-cor_RO2.4.7.1.01.00.00;200000
Prefeitura Municipal de Tonantins - AM;1304237;AM;18478;Receitas Brutas Realizadas;2.4.7.1.02.00.00 - Transferências de Convênios da União Destinadas a Programas de Educação;siconfi-cor_RO2.4.7.1.02.00.00;202494,41
Prefeitura Municipal de Tonantins - AM;1304237;AM;18478;Receitas Brutas Realizadas;2.4.7.1.03.00.00 - Transferências de Convênios da União Destinadas a Programas de Saneamento Básico;siconfi-cor_RO2.4.7.1.03.00.00;240000
Prefeitura Municipal de Tonantins - AM;1304237;AM;18478;Receitas Brutas Realizadas;2.4.7.2.00.00.00 - Transferências de Convênios dos Estados e do Distrito Federal e de suas Entidades;siconfi-cor_RO2.4.7.2.00.00.00;185728,18
Prefeitura Municipal de Tonantins - AM;1304237;AM;18478;Receitas Brutas Realizadas;2.4.7.2.02.00.00 - Transferências de Convênios dos Estados Destinadas a Programas de Educação;siconfi-cor_RO2.4.7.2.02.00.00;185728,18
Prefeitura Municipal de Tonantins - AM;1304237;AM;18478;Deduções - FUNDEB;Total Receitas;siconfi-cor_TotalReceitas;3886280,01
Prefeitura Municipal de Tonantins - AM;1304237;AM;18478;Deduções - FUNDEB;1.0.0.0.00.00.00 - Receitas Correntes;siconfi-cor_RO1.0.0.0.00.00.00;3886280,01
Prefeitura Municipal de Tonantins - AM;1304237;AM;18478;Deduções - FUNDEB;1.7.0.0.00.00.00 - Transferências Correntes;siconfi-cor_RO1.7.0.0.00.00.00;3886280,01
Prefeitura Municipal de Tonantins - AM;1304237;AM;18478;Deduções - FUNDEB;1.7.2.0.00.00.00 - Transferências Intergovernamentais;siconfi-cor_RO1.7.2.0.00.00.00;3886280,01
Prefeitura Municipal de Tonantins - AM;1304237;AM;18478;Deduções - FUNDEB;1.7.2.1.00.00.00 - Transferências da União;siconfi-cor_RO1.7.2.1.00.00.00;2672202,33
Prefeitura Municipal de Tonantins - AM;1304237;AM;18478;Deduções - FUNDEB;1.7.2.1.01.00.00 - Participação na Receita da União;siconfi-cor_RO1.7.2.1.01.00.00;2668854,21
Prefeitura Municipal de Tonantins - AM;1304237;AM;18478;Deduções - FUNDEB;1.7.2.1.01.02.00 - Cota-Parte do Fundo de Participação dos Municípios ¿ FPM;siconfi-cor_RO1.7.2.1.01.02.00;2668847,38
Prefeitura Municipal de Tonantins - AM;1304237;AM;18478;Deduções - FUNDEB;1.7.2.1.01.03.00 - Cota-Parte do Fundo de Participação dos Municípios - 1% Cota Anual;siconfi-cor_RO1.7.2.1.01.03.00;6,83
Prefeitura Municipal de Tonantins - AM;1304237;AM;18478;Deduções - FUNDEB;1.7.2.1.36.00.00 - Transferências Financeiras do ICMS ¿ Desoneração ¿ L.C. Nº 87/96;siconfi-cor_RO1.7.2.1.36.00.00;3348,12
Prefeitura Municipal de Tonantins - AM;1304237;AM;18478;Deduções - FUNDEB;1.7.2.2.00.00.00 - Transferências dos Estados;siconfi-cor_RO1.7.2.2.00.00.00;1214077,68
Prefeitura Municipal de Tonantins - AM;1304237;AM;18478;Deduções - FUNDEB;1.7.2.2.01.00.00 - Participação na Receita dos Estados;siconfi-cor_RO1.7.2.2.01.00.00;1214077,68
Prefeitura Municipal de Tonantins - AM;1304237;AM;18478;Deduções - FUNDEB;1.7.2.2.01.01.00 - Cota-Parte do ICMS;siconfi-cor_RO1.7.2.2.01.01.00;1208323,86
Prefeitura Municipal de Tonantins - AM;1304237;AM;18478;Deduções - FUNDEB;1.7.2.2.01.02.00 - Cota-Parte do IPVA;siconfi-cor_RO1.7.2.2.01.02.00;867,09
Prefeitura Municipal de Tonantins - AM;1304237;AM;18478;Deduções - FUNDEB;1.7.2.2.01.04.00 - Cota-Parte do IPI - Municípios;siconfi-cor_RO1.7.2.2.01.04.00;4886,73
Prefeitura Municipal de Urucará - AM;1304302;AM;17163;Receitas Brutas Realizadas;Total Receitas;siconfi-cor_TotalReceitas;42928174,44
Prefeitura Municipal de Urucará - AM;1304302;AM;17163;Receitas Brutas Realizadas;1.0.0.0.00.00.00 - Receitas Correntes;siconfi-cor_RO1.0.0.0.00.00.00;41752074,07
Prefeitura Municipal de Urucará - AM;1304302;AM;17163;Receitas Brutas Realizadas;1.1.0.0.00.00.00 - Receita Tributária;siconfi-cor_RO1.1.0.0.00.00.00;607639,03
Prefeitura Municipal de Urucará - AM;1304302;AM;17163;Receitas Brutas Realizadas;1.1.1.0.00.00.00 - Impostos;siconfi-cor_RO1.1.1.0.00.00.00;574410,16
Prefeitura Municipal de Urucará - AM;1304302;AM;17163;Receitas Brutas Realizadas;1.1.1.2.00.00.00 - Impostos sobre o Patrimônio e a Renda;siconfi-cor_RO1.1.1.2.00.00.00;251501,08
Prefeitura Municipal de Urucará - AM;1304302;AM;17163;Receitas Brutas Realizadas;1.1.1.2.02.00.00 - Imposto sobre a Propriedade Predial e Territorial Urbana ¿ IPTU;siconfi-cor_RO1.1.1.2.02.00.00;14870,23
Prefeitura Municipal de Urucará - AM;1304302;AM;17163;Receitas Brutas Realizadas;1.1.1.2.04.00.00 - Imposto sobre a Renda e Proventos de Qualquer Natureza ¿ IR;siconfi-cor_RO1.1.1.2.04.00.00;234898,85
Prefeitura Municipal de Urucará - AM;1304302;AM;17163;Receitas Brutas Realizadas;1.1.1.2.04.23.00 - Imposto de Renda Pessoa Jurídica - Simples Federal e Nacional;siconfi-cor_RO1.1.1.2.04.23.00;4522,25
Prefeitura Municipal de Urucará - AM;1304302;AM;17163;Receitas Brutas Realizadas;1.1.1.2.04.31.00 - Retido nas Fontes - Trabalho;siconfi-cor_RO1.1.1.2.04.31.00;176600,1
Prefeitura Municipal de Urucará - AM;1304302;AM;17163;Receitas Brutas Realizadas;1.1.1.2.04.34.00 - Retido nas Fontes - Outros Rendimentos;siconfi-cor_RO1.1.1.2.04.34.00;53776,5
Prefeitura Municipal de Urucará - AM;1304302;AM;17163;Receitas Brutas Realizadas;"1.1.1.2.08.00.00 - Imposto sobre Transmissão Inter Vivos"" de Bens Imóveis e de Direitos Reais sobre Imóveis ¿ ITBI""";siconfi-cor_RO1.1.1.2.08.00.00;1732
Prefeitura Municipal de Urucará - AM;1304302;AM;17163;Receitas Brutas Realizadas;1.1.1.3.00.00.00 - Impostos sobre a Produção e a Circulação;siconfi-cor_RO1.1.1.3.00.00.00;322909,08
Prefeitura Municipal de Urucará - AM;1304302;AM;17163;Receitas Brutas Realizadas;1.1.1.3.05.00.00 - Imposto sobre Serviços de Qualquer Natureza ¿ ISSQN;siconfi-cor_RO1.1.1.3.05.00.00;322909,08
Prefeitura Municipal de Urucará - AM;1304302;AM;17163;Receitas Brutas Realizadas;1.1.2.0.00.00.00 - Taxas;siconfi-cor_RO1.1.2.0.00.00.00;33228,87
Prefeitura Municipal de Urucará - AM;1304302;AM;17163;Receitas Brutas Realizadas;1.1.2.1.00.00.00 - Taxas pelo Exercício do Poder de Polícia;siconfi-cor_RO1.1.2.1.00.00.00;16207,28
Prefeitura Municipal de Urucará - AM;1304302;AM;17163;Receitas Brutas Realizadas;1.1.2.2.00.00.00 - Taxas pela Prestação de Serviços;siconfi-cor_RO1.1.2.2.00.00.00;17021,59
Prefeitura Municipal de Urucará - AM;1304302;AM;17163;Receitas Brutas Realizadas;1.1.2.2.99.00.00 - Outras Taxas pela Prestação de Serviços;siconfi-cor_RO1.1.2.2.99.00.00;17021,59
Prefeitura Municipal de Urucará - AM;1304302;AM;17163;Receitas Brutas Realizadas;1.2.0.0.00.00.00 - Receitas de Contribuições;siconfi-cor_RO1.2.0.0.00.00.00;1010562,05
Prefeitura Municipal de Urucará - AM;1304302;AM;17163;Receitas Brutas Realizadas;1.2.1.0.00.00.00 - Contribuições Sociais;siconfi-cor_RO1.2.1.0.00.00.00;1010562,05
Prefeitura Municipal de Urucará - AM;1304302;AM;17163;Receitas Brutas Realizadas;1.2.1.0.29.00.00 - Contribuições para o Regime Próprio de Previdência do Servidor Público;siconfi-cor_RO1.2.1.0.29.00.00;1010562,05
Prefeitura Municipal de Urucará - AM;1304302;AM;17163;Receitas Brutas Realizadas;1.2.1.0.29.07.00 - Contribuição do Servidor Ativo Civil para o Regime Próprio;siconfi-cor_RO1.2.1.0.29.07.00;1010562,05
Prefeitura Municipal de Urucará - AM;1304302;AM;17163;Receitas Brutas Realizadas;1.3.0.0.00.00.00 - Receita Patrimonial;siconfi-cor_RO1.3.0.0.00.00.00;786148,31
Prefeitura Municipal de Urucará - AM;1304302;AM;17163;Receitas Brutas Realizadas;1.3.2.0.00.00.00 - Receitas de Valores Mobiliários;siconfi-cor_RO1.3.2.0.00.00.00;786148,31
Prefeitura Municipal de Urucará - AM;1304302;AM;17163;Receitas Brutas Realizadas;1.3.2.5.00.00.00 - Remuneração de Depósitos Bancários;siconfi-cor_RO1.3.2.5.00.00.00;786148,31
Prefeitura Municipal de Urucará - AM;1304302;AM;17163;Receitas Brutas Realizadas;1.6.0.0.00.00.00 - Receita de Serviços;siconfi-cor_RO1.6.0.0.00.00.00;562044,41
Prefeitura Municipal de Urucará - AM;1304302;AM;17163;Receitas Brutas Realizadas;1.6.0.0.41.00.00 - Serviços de Captação, Adução, Tratamento, Reserva e Distribuição de Água;siconfi-cor_RO1.6.0.0.41.00.00;560374,61
Prefeitura Municipal de Urucará - AM;1304302;AM;17163;Receitas Brutas Realizadas;1.6.0.0.48.00.00 - Serviços de Religamento de Água;siconfi-cor_RO1.6.0.0.48.00.00;1669,8
Prefeitura Municipal de Urucará - AM;1304302;AM;17163;Receitas Brutas Realizadas;1.7.0.0.00.00.00 - Transferências Correntes;siconfi-cor_RO1.7.0.0.00.00.00;38647111,71
Prefeitura Municipal de Urucará - AM;1304302;AM;17163;Receitas Brutas Realizadas;1.7.2.0.00.00.00 - Transferências Intergovernamentais;siconfi-cor_RO1.7.2.0.00.00.00;38572111,71
Prefeitura Municipal de Urucará - AM;1304302;AM;17163;Receitas Brutas Realizadas;1.7.2.1.00.00.00 - Transferências da União;siconfi-cor_RO1.7.2.1.00.00.00;19255060,56
Prefeitura Municipal de Urucará - AM;1304302;AM;17163;Receitas Brutas Realizadas;1.7.2.1.01.00.00 - Participação na Receita da União;siconfi-cor_RO1.7.2.1.01.00.00;14332478,76
Prefeitura Municipal de Urucará - AM;1304302;AM;17163;Receitas Brutas Realizadas;1.7.2.1.01.02.00 - Cota-Parte do Fundo de Participação dos Municípios ¿ FPM;siconfi-cor_RO1.7.2.1.01.02.00;13378686,83
Prefeitura Municipal de Urucará - AM;1304302;AM;17163;Receitas Brutas Realizadas;1.7.2.1.01.03.00 - Cota-Parte do Fundo de Participação dos Municípios - 1% Cota Anual;siconfi-cor_RO1.7.2.1.01.03.00;556040,01
Prefeitura Municipal de Urucará - AM;1304302;AM;17163;Receitas Brutas Realizadas;1.7.2.1.01.04.00 - Cota-Parte do Fundo de Participação dos Municípios - 1% Cota entregue no mês de julho (67)(I);siconfi-cor_RO1.7.2.1.01.04.00;395160,46
Prefeitura Municipal de Urucará - AM;1304302;AM;17163;Receitas Brutas Realizadas;1.7.2.1.01.05.00 - Cota-Parte do Imposto Sobre a Propriedade Territorial Rural ¿ ITR;siconfi-cor_RO1.7.2.1.01.05.00;2591,46
Prefeitura Municipal de Urucará - AM;1304302;AM;17163;Receitas Brutas Realizadas;1.7.2.1.22.00.00 - Transferências da Compensação Financeira pela Exploração de Recursos Naturais;siconfi-cor_RO1.7.2.1.22.00.00;177067,03
Prefeitura Municipal de Urucará - AM;1304302;AM;17163;Receitas Brutas Realizadas;1.7.2.1.22.11.00 - Cota-Parte da Compensação Financeira de Recursos Hídricos;siconfi-cor_RO1.7.2.1.22.11.00;5249,8
Prefeitura Municipal de Urucará - AM;1304302;AM;17163;Receitas Brutas Realizadas;1.7.2.1.22.20.00 - Cota-Parte da Compensação Financeira de Recursos Minerais - CFEM;siconfi-cor_RO1.7.2.1.22.20.00;9915,67
Prefeitura Municipal de Urucará - AM;1304302;AM;17163;Receitas Brutas Realizadas;1.7.2.1.22.30.00 - Cota-Parte Royalties ¿ Compensação Financeira pela Produção de Petróleo ¿ Lei nº 7.990/89;siconfi-cor_RO1.7.2.1.22.30.00;49022,56
Prefeitura Municipal de Urucará - AM;1304302;AM;17163;Receitas Brutas Realizadas;1.7.2.1.22.70.00 - Cota-Parte do Fundo Especial do Petróleo ¿ FEP;siconfi-cor_RO1.7.2.1.22.70.00;112879
Prefeitura Municipal de Urucará - AM;1304302;AM;17163;Receitas Brutas Realizadas;1.7.2.1.33.00.00 - Transferências de Recursos do Sistema Único de Saúde - SUS - Repasses Fundo a Fundo;siconfi-cor_RO1.7.2.1.33.00.00;3118234,6
Prefeitura Municipal de Urucará - AM;1304302;AM;17163;Receitas Brutas Realizadas;1.7.2.1.34.00.00 - Transferências de Recursos do Fundo Nacional de Assistência Social ¿ FNAS;siconfi-cor_RO1.7.2.1.34.00.00;584171,23
Prefeitura Municipal de Urucará - AM;1304302;AM;17163;Receitas Brutas Realizadas;1.7.2.1.35.00.00 - Transferências de Recursos do Fundo Nacional do Desenvolvimento da Educação ¿ FNDE;siconfi-cor_RO1.7.2.1.35.00.00;974237,74
Prefeitura Municipal de Urucará - AM;1304302;AM;17163;Receitas Brutas Realizadas;1.7.2.1.36.00.00 - Transferências Financeiras do ICMS ¿ Desoneração ¿ L.C. Nº 87/96;siconfi-cor_RO1.7.2.1.36.00.00;25038,72
Prefeitura Municipal de Urucará - AM;1304302;AM;17163;Receitas Brutas Realizadas;1.7.2.1.99.00.00 - Outras Transferências da União;siconfi-cor_RO1.7.2.1.99.00.00;43832,48
Prefeitura Municipal de Urucará - AM;1304302;AM;17163;Receitas Brutas Realizadas;1.7.2.2.00.00.00 - Transferências dos Estados;siconfi-cor_RO1.7.2.2.00.00.00;9648496,77
Prefeitura Municipal de Urucará - AM;1304302;AM;17163;Receitas Brutas Realizadas;1.7.2.2.01.00.00 - Participação na Receita dos Estados;siconfi-cor_RO1.7.2.2.01.00.00;9161048,2
Prefeitura Municipal de Urucará - AM;1304302;AM;17163;Receitas Brutas Realizadas;1.7.2.2.01.01.00 - Cota-Parte do ICMS;siconfi-cor_RO1.7.2.2.01.01.00;9036238,56
Prefeitura Municipal de Urucará - AM;1304302;AM;17163;Receitas Brutas Realizadas;1.7.2.2.01.02.00 - Cota-Parte do IPVA;siconfi-cor_RO1.7.2.2.01.02.00;49053,66
Prefeitura Municipal de Urucará - AM;1304302;AM;17163;Receitas Brutas Realizadas;1.7.2.2.01.04.00 - Cota-Parte do IPI - Municípios;siconfi-cor_RO1.7.2.2.01.04.00;36544,59
Prefeitura Municipal de Urucará - AM;1304302;AM;17163;Receitas Brutas Realizadas;1.7.2.2.01.13.00 - Cota-Parte da Contribuição de Intervenção no Domínio Econômico;siconfi-cor_RO1.7.2.2.01.13.00;39211,39
Prefeitura Municipal de Urucará - AM;1304302;AM;17163;Receitas Brutas Realizadas;1.7.2.2.22.00.00 - Transferências da Cota-Parte da Compensação Financeira (25%);siconfi-cor_RO1.7.2.2.22.00.00;104738,01
Prefeitura Municipal de Urucará - AM;1304302;AM;17163;Receitas Brutas Realizadas;1.7.2.2.22.30.00 - Cota-Parte Royalties - Compensação Financeira pela Produção de Petróleo - Lei nº 7.990/89 artigo 9º;siconfi-cor_RO1.7.2.2.22.30.00;104738,01
Prefeitura Municipal de Urucará - AM;1304302;AM;17163;Receitas Brutas Realizadas;1.7.2.2.33.00.00 - Transferências de Recursos do Estado para Programas de Saúde - Repasse Fundo a Fundo;siconfi-cor_RO1.7.2.2.33.00.00;382710,56
Prefeitura Municipal de Urucará - AM;1304302;AM;17163;Receitas Brutas Realizadas;1.7.2.3.00.00.00 - Transferências dos Municípios;siconfi-cor_RO1.7.2.3.00.00.00;193200
Prefeitura Municipal de Urucará - AM;1304302;AM;17163;Receitas Brutas Realizadas;1.7.2.3.99.00.00 - Outras Transferências dos Municípios;siconfi-cor_RO1.7.2.3.99.00.00;193200
Prefeitura Municipal de Urucará - AM;1304302;AM;17163;Receitas Brutas Realizadas;1.7.2.4.00.00.00 - Transferências Multigovernamentais;siconfi-cor_RO1.7.2.4.00.00.00;9475354,38
Prefeitura Municipal de Urucará - AM;1304302;AM;17163;Receitas Brutas Realizadas;1.7.2.4.01.00.00 - Transferências de Recursos do Fundo de Manutenção e Desenvolvimento do Ensino Fundamental e de Valorização do Magistério - FUNDEB;siconfi-cor_RO1.7.2.4.01.00.00;7383715,65
Prefeitura Municipal de Urucará - AM;1304302;AM;17163;Receitas Brutas Realizadas;1.7.2.4.02.00.00 - Transferências de Recursos da Complementação ao Fundo de Manutenção e Desenvolvimento do Ensino Fundamental e de Valorização do Magistério - FUNDEB;siconfi-cor_RO1.7.2.4.02.00.00;2091638,73
Prefeitura Municipal de Urucará - AM;1304302;AM;17163;Receitas Brutas Realizadas;1.7.6.0.00.00.00 - Transferências de Convênios;siconfi-cor_RO1.7.6.0.00.00.00;75000
Prefeitura Municipal de Urucará - AM;1304302;AM;17163;Receitas Brutas Realizadas;1.7.6.2.00.00.00 - Transferências de Convênios dos Estados e do Distrito Federal e de Suas Entidades;siconfi-cor_RO1.7.6.2.00.00.00;75000
Prefeitura Municipal de Urucará - AM;1304302;AM;17163;Receitas Brutas Realizadas;1.7.6.2.02.00.00 - Transferências de Convênios dos Estados Destinadas a Programas de Educação;siconfi-cor_RO1.7.6.2.02.00.00;75000
Prefeitura Municipal de Urucará - AM;1304302;AM;17163;Receitas Brutas Realizadas;1.9.0.0.00.00.00 - Outras Receitas Correntes;siconfi-cor_RO1.9.0.0.00.00.00;138568,56
Prefeitura Municipal de Urucará - AM;1304302;AM;17163;Receitas Brutas Realizadas;1.9.1.0.00.00.00 - Multas e Juros de Mora;siconfi-cor_RO1.9.1.0.00.00.00;8408,09
Prefeitura Municipal de Urucará - AM;1304302;AM;17163;Receitas Brutas Realizadas;1.9.1.2.00.00.00 - Multas e Juros de Mora das Contribuições;siconfi-cor_RO1.9.1.2.00.00.00;390,09
Prefeitura Municipal de Urucará - AM;1304302;AM;17163;Receitas Brutas Realizadas;1.9.1.2.01.00.00 - Multas e Juros de Mora da Contribuição para o Financiamento da Seguridade Social;siconfi-cor_RO1.9.1.2.01.00.00;390,09
Prefeitura Municipal de Urucará - AM;1304302;AM;17163;Receitas Brutas Realizadas;1.9.1.9.00.00.00 - Multas de Outras Origens;siconfi-cor_RO1.9.1.9.00.00.00;8018
Prefeitura Municipal de Urucará - AM;1304302;AM;17163;Receitas Brutas Realizadas;1.9.2.0.00.00.00 - Indenizações e Restituições;siconfi-cor_RO1.9.2.0.00.00.00;913,15
Prefeitura Municipal de Urucará - AM;1304302;AM;17163;Receitas Brutas Realizadas;1.9.2.2.00.00.00 - Restituições;siconfi-cor_RO1.9.2.2.00.00.00;913,15
Prefeitura Municipal de Urucará - AM;1304302;AM;17163;Receitas Brutas Realizadas;1.9.2.2.20.00.00 - Recuperação de Sinistros;siconfi-cor_RO1.9.2.2.20.00.00;913,15
Prefeitura Municipal de Urucará - AM;1304302;AM;17163;Receitas Brutas Realizadas;1.9.3.0.00.00.00 - Receita da Dívida Ativa;siconfi-cor_RO1.9.3.0.00.00.00;82527,23
Prefeitura Municipal de Urucará - AM;1304302;AM;17163;Receitas Brutas Realizadas;1.9.3.2.00.00.00 - Receita da Dívida Ativa Não Tributária;siconfi-cor_RO1.9.3.2.00.00.00;82527,23
Prefeitura Municipal de Urucará - AM;1304302;AM;17163;Receitas Brutas Realizadas;1.9.3.2.99.00.00 - Receita da Dívida Ativa Não Tributária de Outras Receitas;siconfi-cor_RO1.9.3.2.99.00.00;82527,23
Prefeitura Municipal de Urucará - AM;1304302;AM;17163;Receitas Brutas Realizadas;1.9.9.0.00.00.00 - Receitas Diversas;siconfi-cor_RO1.9.9.0.00.00.00;46720,09
Prefeitura Municipal de Urucará - AM;1304302;AM;17163;Receitas Brutas Realizadas;1.9.9.0.98.00.00 - Outras Receitas Eventuais;siconfi-cor_RO1.9.9.0.98.00.00;2328,84
Prefeitura Municipal de Urucará - AM;1304302;AM;17163;Receitas Brutas Realizadas;1.9.9.0.99.00.00 - Outras Receitas;siconfi-cor_RO1.9.9.0.99.00.00;44391,25
Prefeitura Municipal de Urucará - AM;1304302;AM;17163;Receitas Brutas Realizadas;2.0.0.0.00.00.00 - Receitas de Capital;siconfi-cor_RO2.0.0.0.00.00.00;711710,74
Prefeitura Municipal de Urucará - AM;1304302;AM;17163;Receitas Brutas Realizadas;2.4.0.0.00.00.00 - Transferências de Capital;siconfi-cor_RO2.4.0.0.00.00.00;711710,74
Prefeitura Municipal de Urucará - AM;1304302;AM;17163;Receitas Brutas Realizadas;2.4.2.0.00.00.00 - Transferências Intergovernamentais;siconfi-cor_RO2.4.2.0.00.00.00;711710,74
Prefeitura Municipal de Urucará - AM;1304302;AM;17163;Receitas Brutas Realizadas;2.4.2.1.00.00.00 - Transferências da União;siconfi-cor_RO2.4.2.1.00.00.00;711710,74
Prefeitura Municipal de Urucará - AM;1304302;AM;17163;Receitas Brutas Realizadas;2.4.2.1.01.00.00 - Participação na Receita da União;siconfi-cor_RO2.4.2.1.01.00.00;295450
Prefeitura Municipal de Urucará - AM;1304302;AM;17163;Receitas Brutas Realizadas;2.4.2.1.02.00.00 - Transferências de Recursos Destinados a Programas de Educação;siconfi-cor_RO2.4.2.1.02.00.00;416260,74
Prefeitura Municipal de Urucará - AM;1304302;AM;17163;Receitas Brutas Realizadas;7.0.0.0.00.00.00 - Receitas Correntes Intraorçamentárias;siconfi-cor_RI7.0.0.0.00.00.00;464389,63
Prefeitura Municipal de Urucará - AM;1304302;AM;17163;Receitas Brutas Realizadas;7.2.0.0.00.00.00 - Receitas de Contribuições Intraorçamentárias;siconfi-cor_RI7.2.0.0.00.00.00;464389,63
Prefeitura Municipal de Urucará - AM;1304302;AM;17163;Receitas Brutas Realizadas;7.2.1.0.00.00.00 - Contribuições Sociais Intraorçamentárias;siconfi-cor_RI7.2.1.0.00.00.00;464389,63
Prefeitura Municipal de Urucará - AM;1304302;AM;17163;Receitas Brutas Realizadas;7.2.1.0.29.00.00 - Contribuições para o Regime Próprio de Previdência do Servidor Público Intraorçamentárias;siconfi-cor_RI7.2.1.0.29.00.00;464389,63
Prefeitura Municipal de Urucará - AM;1304302;AM;17163;Receitas Brutas Realizadas;7.2.1.0.29.01.00 - Contribuição Patronal de Servidor Ativo Civil para o Regime Próprio Intraorçamentária;siconfi-cor_RI7.2.1.0.29.01.00;464389,63
Prefeitura Municipal de Urucará - AM;1304302;AM;17163;Deduções - FUNDEB;Total Receitas;siconfi-cor_TotalReceitas;4498740,33
Prefeitura Municipal de Urucará - AM;1304302;AM;17163;Deduções - FUNDEB;1.0.0.0.00.00.00 - Receitas Correntes;siconfi-cor_RO1.0.0.0.00.00.00;4498740,33
Prefeitura Municipal de Urucará - AM;1304302;AM;17163;Deduções - FUNDEB;1.7.0.0.00.00.00 - Transferências Correntes;siconfi-cor_RO1.7.0.0.00.00.00;4498740,33
Prefeitura Municipal de Urucará - AM;1304302;AM;17163;Deduções - FUNDEB;1.7.2.0.00.00.00 - Transferências Intergovernamentais;siconfi-cor_RO1.7.2.0.00.00.00;4498740,33
Prefeitura Municipal de Urucará - AM;1304302;AM;17163;Deduções - FUNDEB;1.7.2.1.00.00.00 - Transferências da União;siconfi-cor_RO1.7.2.1.00.00.00;2674373,34
Prefeitura Municipal de Urucará - AM;1304302;AM;17163;Deduções - FUNDEB;1.7.2.1.01.00.00 - Participação na Receita da União;siconfi-cor_RO1.7.2.1.01.00.00;2669365,62
Prefeitura Municipal de Urucará - AM;1304302;AM;17163;Deduções - FUNDEB;1.7.2.1.01.02.00 - Cota-Parte do Fundo de Participação dos Municípios ¿ FPM;siconfi-cor_RO1.7.2.1.01.02.00;2668847,36
Prefeitura Municipal de Urucará - AM;1304302;AM;17163;Deduções - FUNDEB;1.7.2.1.01.05.00 - Cota-Parte do Imposto Sobre a Propriedade Territorial Rural ¿ ITR;siconfi-cor_RO1.7.2.1.01.05.00;518,26
Prefeitura Municipal de Urucará - AM;1304302;AM;17163;Deduções - FUNDEB;1.7.2.1.36.00.00 - Transferências Financeiras do ICMS ¿ Desoneração ¿ L.C. Nº 87/96;siconfi-cor_RO1.7.2.1.36.00.00;5007,72
Prefeitura Municipal de Urucará - AM;1304302;AM;17163;Deduções - FUNDEB;1.7.2.2.00.00.00 - Transferências dos Estados;siconfi-cor_RO1.7.2.2.00.00.00;1824366,99
Prefeitura Municipal de Urucará - AM;1304302;AM;17163;Deduções - FUNDEB;1.7.2.2.01.00.00 - Participação na Receita dos Estados;siconfi-cor_RO1.7.2.2.01.00.00;1824366,99
Prefeitura Municipal de Urucará - AM;1304302;AM;17163;Deduções - FUNDEB;1.7.2.2.01.01.00 - Cota-Parte do ICMS;siconfi-cor_RO1.7.2.2.01.01.00;1807247,74
Prefeitura Municipal de Urucará - AM;1304302;AM;17163;Deduções - FUNDEB;1.7.2.2.01.02.00 - Cota-Parte do IPVA;siconfi-cor_RO1.7.2.2.01.02.00;9810,31
Prefeitura Municipal de Urucará - AM;1304302;AM;17163;Deduções - FUNDEB;1.7.2.2.01.04.00 - Cota-Parte do IPI - Municípios;siconfi-cor_RO1.7.2.2.01.04.00;7308,94
Prefeitura Municipal de Maraã - AM;1302801;AM;18423;Receitas Brutas Realizadas;Total Receitas;siconfi-cor_TotalReceitas;45238056,54
Prefeitura Municipal de Maraã - AM;1302801;AM;18423;Receitas Brutas Realizadas;1.0.0.0.00.00.00 - Receitas Correntes;siconfi-cor_RO1.0.0.0.00.00.00;44197232,68
Prefeitura Municipal de Maraã - AM;1302801;AM;18423;Receitas Brutas Realizadas;1.1.0.0.00.00.00 - Receita Tributária;siconfi-cor_RO1.1.0.0.00.00.00;455664,66
Prefeitura Municipal de Maraã - AM;1302801;AM;18423;Receitas Brutas Realizadas;1.1.1.0.00.00.00 - Impostos;siconfi-cor_RO1.1.1.0.00.00.00;448562,18
Prefeitura Municipal de Maraã - AM;1302801;AM;18423;Receitas Brutas Realizadas;1.1.1.2.00.00.00 - Impostos sobre o Patrimônio e a Renda;siconfi-cor_RO1.1.1.2.00.00.00;248200,15
Prefeitura Municipal de Maraã - AM;1302801;AM;18423;Receitas Brutas Realizadas;1.1.1.2.02.00.00 - Imposto sobre a Propriedade Predial e Territorial Urbana ¿ IPTU;siconfi-cor_RO1.1.1.2.02.00.00;6562,25
Prefeitura Municipal de Maraã - AM;1302801;AM;18423;Receitas Brutas Realizadas;1.1.1.2.04.00.00 - Imposto sobre a Renda e Proventos de Qualquer Natureza ¿ IR;siconfi-cor_RO1.1.1.2.04.00.00;241637,9
Prefeitura Municipal de Maraã - AM;1302801;AM;18423;Receitas Brutas Realizadas;1.1.1.2.04.31.00 - Retido nas Fontes - Trabalho;siconfi-cor_RO1.1.1.2.04.31.00;199443,26
Prefeitura Municipal de Maraã - AM;1302801;AM;18423;Receitas Brutas Realizadas;1.1.1.2.04.34.00 - Retido nas Fontes - Outros Rendimentos;siconfi-cor_RO1.1.1.2.04.34.00;42194,64
Prefeitura Municipal de Maraã - AM;1302801;AM;18423;Receitas Brutas Realizadas;1.1.1.3.00.00.00 - Impostos sobre a Produção e a Circulação;siconfi-cor_RO1.1.1.3.00.00.00;200362,03
Prefeitura Municipal de Maraã - AM;1302801;AM;18423;Receitas Brutas Realizadas;1.1.1.3.05.00.00 - Imposto sobre Serviços de Qualquer Natureza ¿ ISSQN;siconfi-cor_RO1.1.1.3.05.00.00;200362,03
Prefeitura Municipal de Maraã - AM;1302801;AM;18423;Receitas Brutas Realizadas;1.1.2.0.00.00.00 - Taxas;siconfi-cor_RO1.1.2.0.00.00.00;7102,48
Prefeitura Municipal de Maraã - AM;1302801;AM;18423;Receitas Brutas Realizadas;1.1.2.1.00.00.00 - Taxas pelo Exercício do Poder de Polícia;siconfi-cor_RO1.1.2.1.00.00.00;7032,48
Prefeitura Municipal de Maraã - AM;1302801;AM;18423;Receitas Brutas Realizadas;1.1.2.2.00.00.00 - Taxas pela Prestação de Serviços;siconfi-cor_RO1.1.2.2.00.00.00;70
Prefeitura Municipal de Maraã - AM;1302801;AM;18423;Receitas Brutas Realizadas;1.1.2.2.90.00.00 - Taxa de Limpeza Pública;siconfi-cor_RO1.1.2.2.90.00.00;70
Prefeitura Municipal de Maraã - AM;1302801;AM;18423;Receitas Brutas Realizadas;1.2.0.0.00.00.00 - Receitas de Contribuições;siconfi-cor_RO1.2.0.0.00.00.00;278582,85
Prefeitura Municipal de Maraã - AM;1302801;AM;18423;Receitas Brutas Realizadas;1.2.1.0.00.00.00 - Contribuições Sociais;siconfi-cor_RO1.2.1.0.00.00.00;278582,85
Prefeitura Municipal de Maraã - AM;1302801;AM;18423;Receitas Brutas Realizadas;1.2.1.0.29.00.00 - Contribuições para o Regime Próprio de Previdência do Servidor Público;siconfi-cor_RO1.2.1.0.29.00.00;278582,85
Prefeitura Municipal de Maraã - AM;1302801;AM;18423;Receitas Brutas Realizadas;1.2.1.0.29.01.00 - Contribuição Patronal de Servidor Ativo Civil para o Regime Próprio;siconfi-cor_RO1.2.1.0.29.01.00;278582,85
Prefeitura Municipal de Maraã - AM;1302801;AM;18423;Receitas Brutas Realizadas;1.3.0.0.00.00.00 - Receita Patrimonial;siconfi-cor_RO1.3.0.0.00.00.00;626160,66
Prefeitura Municipal de Maraã - AM;1302801;AM;18423;Receitas Brutas Realizadas;1.3.2.0.00.00.00 - Receitas de Valores Mobiliários;siconfi-cor_RO1.3.2.0.00.00.00;626160,66
Prefeitura Municipal de Maraã - AM;1302801;AM;18423;Receitas Brutas Realizadas;1.3.2.5.00.00.00 - Remuneração de Depósitos Bancários;siconfi-cor_RO1.3.2.5.00.00.00;190776,08
Prefeitura Municipal de Maraã - AM;1302801;AM;18423;Receitas Brutas Realizadas;1.3.2.8.00.00.00 - Remuneração dos Investimentos do Regime Próprio de Previdência do Servidor;siconfi-cor_RO1.3.2.8.00.00.00;435384,58
Prefeitura Municipal de Maraã - AM;1302801;AM;18423;Receitas Brutas Realizadas;1.7.0.0.00.00.00 - Transferências Correntes;siconfi-cor_RO1.7.0.0.00.00.00;42786983,03
Prefeitura Municipal de Maraã - AM;1302801;AM;18423;Receitas Brutas Realizadas;1.7.2.0.00.00.00 - Transferências Intergovernamentais;siconfi-cor_RO1.7.2.0.00.00.00;42142332,03
Prefeitura Municipal de Maraã - AM;1302801;AM;18423;Receitas Brutas Realizadas;1.7.2.1.00.00.00 - Transferências da União;siconfi-cor_RO1.7.2.1.00.00.00;18751994,39
Prefeitura Municipal de Maraã - AM;1302801;AM;18423;Receitas Brutas Realizadas;1.7.2.1.01.00.00 - Participação na Receita da União;siconfi-cor_RO1.7.2.1.01.00.00;14330246,7
Prefeitura Municipal de Maraã - AM;1302801;AM;18423;Receitas Brutas Realizadas;1.7.2.1.01.02.00 - Cota-Parte do Fundo de Participação dos Municípios ¿ FPM;siconfi-cor_RO1.7.2.1.01.02.00;13378686,83
Prefeitura Municipal de Maraã - AM;1302801;AM;18423;Receitas Brutas Realizadas;1.7.2.1.01.03.00 - Cota-Parte do Fundo de Participação dos Municípios - 1% Cota Anual;siconfi-cor_RO1.7.2.1.01.03.00;556040,01
Prefeitura Municipal de Maraã - AM;1302801;AM;18423;Receitas Brutas Realizadas;1.7.2.1.01.04.00 - Cota-Parte do Fundo de Participação dos Municípios - 1% Cota entregue no mês de julho (67)(I);siconfi-cor_RO1.7.2.1.01.04.00;395160,46
Prefeitura Municipal de Maraã - AM;1302801;AM;18423;Receitas Brutas Realizadas;1.7.2.1.01.05.00 - Cota-Parte do Imposto Sobre a Propriedade Territorial Rural ¿ ITR;siconfi-cor_RO1.7.2.1.01.05.00;359,4
Prefeitura Municipal de Maraã - AM;1302801;AM;18423;Receitas Brutas Realizadas;1.7.2.1.22.00.00 - Transferências da Compensação Financeira pela Exploração de Recursos Naturais;siconfi-cor_RO1.7.2.1.22.00.00;112879
Prefeitura Municipal de Maraã - AM;1302801;AM;18423;Receitas Brutas Realizadas;1.7.2.1.22.70.00 - Cota-Parte do Fundo Especial do Petróleo ¿ FEP;siconfi-cor_RO1.7.2.1.22.70.00;112879
Prefeitura Municipal de Maraã - AM;1302801;AM;18423;Receitas Brutas Realizadas;1.7.2.1.33.00.00 - Transferências de Recursos do Sistema Único de Saúde - SUS - Repasses Fundo a Fundo;siconfi-cor_RO1.7.2.1.33.00.00;2005523,52
Prefeitura Municipal de Maraã - AM;1302801;AM;18423;Receitas Brutas Realizadas;1.7.2.1.34.00.00 - Transferências de Recursos do Fundo Nacional de Assistência Social ¿ FNAS;siconfi-cor_RO1.7.2.1.34.00.00;701028,62
Prefeitura Municipal de Maraã - AM;1302801;AM;18423;Receitas Brutas Realizadas;1.7.2.1.35.00.00 - Transferências de Recursos do Fundo Nacional do Desenvolvimento da Educação ¿ FNDE;siconfi-cor_RO1.7.2.1.35.00.00;1549809,26
Prefeitura Municipal de Maraã - AM;1302801;AM;18423;Receitas Brutas Realizadas;1.7.2.1.36.00.00 - Transferências Financeiras do ICMS ¿ Desoneração ¿ L.C. Nº 87/96;siconfi-cor_RO1.7.2.1.36.00.00;19089,48
Prefeitura Municipal de Maraã - AM;1302801;AM;18423;Receitas Brutas Realizadas;1.7.2.1.99.00.00 - Outras Transferências da União;siconfi-cor_RO1.7.2.1.99.00.00;33417,81
Prefeitura Municipal de Maraã - AM;1302801;AM;18423;Receitas Brutas Realizadas;1.7.2.2.00.00.00 - Transferências dos Estados;siconfi-cor_RO1.7.2.2.00.00.00;7368684,12
Prefeitura Municipal de Maraã - AM;1302801;AM;18423;Receitas Brutas Realizadas;1.7.2.2.01.00.00 - Participação na Receita dos Estados;siconfi-cor_RO1.7.2.2.01.00.00;6961833,49
Prefeitura Municipal de Maraã - AM;1302801;AM;18423;Receitas Brutas Realizadas;1.7.2.2.01.01.00 - Cota-Parte do ICMS;siconfi-cor_RO1.7.2.2.01.01.00;6889209,81
Prefeitura Municipal de Maraã - AM;1302801;AM;18423;Receitas Brutas Realizadas;1.7.2.2.01.02.00 - Cota-Parte do IPVA;siconfi-cor_RO1.7.2.2.01.02.00;4819,96
Prefeitura Municipal de Maraã - AM;1302801;AM;18423;Receitas Brutas Realizadas;1.7.2.2.01.04.00 - Cota-Parte do IPI - Municípios;siconfi-cor_RO1.7.2.2.01.04.00;27861,54
Prefeitura Municipal de Maraã - AM;1302801;AM;18423;Receitas Brutas Realizadas;1.7.2.2.01.13.00 - Cota-Parte da Contribuição de Intervenção no Domínio Econômico;siconfi-cor_RO1.7.2.2.01.13.00;39942,18
Prefeitura Municipal de Maraã - AM;1302801;AM;18423;Receitas Brutas Realizadas;1.7.2.2.22.00.00 - Transferências da Cota-Parte da Compensação Financeira (25%);siconfi-cor_RO1.7.2.2.22.00.00;79852,03
Prefeitura Municipal de Maraã - AM;1302801;AM;18423;Receitas Brutas Realizadas;1.7.2.2.22.30.00 - Cota-Parte Royalties - Compensação Financeira pela Produção de Petróleo - Lei nº 7.990/89 artigo 9º;siconfi-cor_RO1.7.2.2.22.30.00;79852,03
Prefeitura Municipal de Maraã - AM;1302801;AM;18423;Receitas Brutas Realizadas;1.7.2.2.33.00.00 - Transferências de Recursos do Estado para Programas de Saúde - Repasse Fundo a Fundo;siconfi-cor_RO1.7.2.2.33.00.00;326998,6
Prefeitura Municipal de Maraã - AM;1302801;AM;18423;Receitas Brutas Realizadas;1.7.2.4.00.00.00 - Transferências Multigovernamentais;siconfi-cor_RO1.7.2.4.00.00.00;16021653,52
Prefeitura Municipal de Maraã - AM;1302801;AM;18423;Receitas Brutas Realizadas;1.7.2.4.01.00.00 - Transferências de Recursos do Fundo de Manutenção e Desenvolvimento do Ensino Fundamental e de Valorização do Magistério - FUNDEB;siconfi-cor_RO1.7.2.4.01.00.00;11867585,95
Prefeitura Municipal de Maraã - AM;1302801;AM;18423;Receitas Brutas Realizadas;1.7.2.4.02.00.00 - Transferências de Recursos da Complementação ao Fundo de Manutenção e Desenvolvimento do Ensino Fundamental e de Valorização do Magistério - FUNDEB;siconfi-cor_RO1.7.2.4.02.00.00;4154067,57
Prefeitura Municipal de Maraã - AM;1302801;AM;18423;Receitas Brutas Realizadas;1.7.3.0.00.00.00 - Transferências de Instituições Privadas;siconfi-cor_RO1.7.3.0.00.00.00;391516
Prefeitura Municipal de Maraã - AM;1302801;AM;18423;Receitas Brutas Realizadas;1.7.6.0.00.00.00 - Transferências de Convênios;siconfi-cor_RO1.7.6.0.00.00.00;253135
Prefeitura Municipal de Maraã - AM;1302801;AM;18423;Receitas Brutas Realizadas;1.7.6.2.00.00.00 - Transferências de Convênios dos Estados e do Distrito Federal e de Suas Entidades;siconfi-cor_RO1.7.6.2.00.00.00;253135
Prefeitura Municipal de Maraã - AM;1302801;AM;18423;Receitas Brutas Realizadas;1.7.6.2.02.00.00 - Transferências de Convênios dos Estados Destinadas a Programas de Educação;siconfi-cor_RO1.7.6.2.02.00.00;253135
Prefeitura Municipal de Maraã - AM;1302801;AM;18423;Receitas Brutas Realizadas;1.9.0.0.00.00.00 - Outras Receitas Correntes;siconfi-cor_RO1.9.0.0.00.00.00;49841,48
Prefeitura Municipal de Maraã - AM;1302801;AM;18423;Receitas Brutas Realizadas;1.9.2.0.00.00.00 - Indenizações e Restituições;siconfi-cor_RO1.9.2.0.00.00.00;43610,44
Prefeitura Municipal de Maraã - AM;1302801;AM;18423;Receitas Brutas Realizadas;1.9.2.2.00.00.00 - Restituições;siconfi-cor_RO1.9.2.2.00.00.00;43610,44
Prefeitura Municipal de Maraã - AM;1302801;AM;18423;Receitas Brutas Realizadas;1.9.2.2.01.00.00 - Restituições de Convênios;siconfi-cor_RO1.9.2.2.01.00.00;33861,5
Prefeitura Municipal de Maraã - AM;1302801;AM;18423;Receitas Brutas Realizadas;1.9.2.2.99.00.00 - Outras Restituições;siconfi-cor_RO1.9.2.2.99.00.00;9748,94
Prefeitura Municipal de Maraã - AM;1302801;AM;18423;Receitas Brutas Realizadas;1.9.9.0.00.00.00 - Receitas Diversas;siconfi-cor_RO1.9.9.0.00.00.00;6231,04
Prefeitura Municipal de Maraã - AM;1302801;AM;18423;Receitas Brutas Realizadas;1.9.9.0.99.00.00 - Outras Receitas;siconfi-cor_RO1.9.9.0.99.00.00;6231,04
Prefeitura Municipal de Maraã - AM;1302801;AM;18423;Receitas Brutas Realizadas;2.0.0.0.00.00.00 - Receitas de Capital;siconfi-cor_RO2.0.0.0.00.00.00;762470,6
Prefeitura Municipal de Maraã - AM;1302801;AM;18423;Receitas Brutas Realizadas;2.4.0.0.00.00.00 - Transferências de Capital;siconfi-cor_RO2.4.0.0.00.00.00;762470,6
Prefeitura Municipal de Maraã - AM;1302801;AM;18423;Receitas Brutas Realizadas;2.4.2.0.00.00.00 - Transferências Intergovernamentais;siconfi-cor_RO2.4.2.0.00.00.00;294642,48
Prefeitura Municipal de Maraã - AM;1302801;AM;18423;Receitas Brutas Realizadas;2.4.2.1.00.00.00 - Transferências da União;siconfi-cor_RO2.4.2.1.00.00.00;294642,48
Prefeitura Municipal de Maraã - AM;1302801;AM;18423;Receitas Brutas Realizadas;2.4.2.1.01.00.00 - Participação na Receita da União;siconfi-cor_RO2.4.2.1.01.00.00;107950
Prefeitura Municipal de Maraã - AM;1302801;AM;18423;Receitas Brutas Realizadas;2.4.2.1.02.00.00 - Transferências de Recursos Destinados a Programas de Educação;siconfi-cor_RO2.4.2.1.02.00.00;186692,48
Prefeitura Municipal de Maraã - AM;1302801;AM;18423;Receitas Brutas Realizadas;2.4.7.0.00.00.00 - Transferências de Convênios;siconfi-cor_RO2.4.7.0.00.00.00;467828,12
Prefeitura Municipal de Maraã - AM;1302801;AM;18423;Receitas Brutas Realizadas;2.4.7.1.00.00.00 - Transferências de Convênios da União e de suas Entidades;siconfi-cor_RO2.4.7.1.00.00.00;467828,12
Prefeitura Municipal de Maraã - AM;1302801;AM;18423;Receitas Brutas Realizadas;2.4.7.1.99.00.00 - Outras Transferências de Convênios da União;siconfi-cor_RO2.4.7.1.99.00.00;467828,12
Prefeitura Municipal de Maraã - AM;1302801;AM;18423;Receitas Brutas Realizadas;7.0.0.0.00.00.00 - Receitas Correntes Intraorçamentárias;siconfi-cor_RI7.0.0.0.00.00.00;278353,26
Prefeitura Municipal de Maraã - AM;1302801;AM;18423;Receitas Brutas Realizadas;7.2.0.0.00.00.00 - Receitas de Contribuições Intraorçamentárias;siconfi-cor_RI7.2.0.0.00.00.00;278353,26
Prefeitura Municipal de Maraã - AM;1302801;AM;18423;Receitas Brutas Realizadas;7.2.1.0.00.00.00 - Contribuições Sociais Intraorçamentárias;siconfi-cor_RI7.2.1.0.00.00.00;278353,26
Prefeitura Municipal de Maraã - AM;1302801;AM;18423;Receitas Brutas Realizadas;7.2.1.0.29.00.00 - Contribuições para o Regime Próprio de Previdência do Servidor Público Intraorçamentárias;siconfi-cor_RI7.2.1.0.29.00.00;278353,26
Prefeitura Municipal de Maraã - AM;1302801;AM;18423;Receitas Brutas Realizadas;7.2.1.0.29.01.00 - Contribuição Patronal de Servidor Ativo Civil para o Regime Próprio Intraorçamentária;siconfi-cor_RI7.2.1.0.29.01.00;278353,26
Prefeitura Municipal de Maraã - AM;1302801;AM;18423;Deduções - Transferências Constitucionais;Total Receitas;siconfi-cor_TotalReceitas;4057115,16
Prefeitura Municipal de Maraã - AM;1302801;AM;18423;Deduções - Transferências Constitucionais;1.0.0.0.00.00.00 - Receitas Correntes;siconfi-cor_RO1.0.0.0.00.00.00;4057115,16
Prefeitura Municipal de Maraã - AM;1302801;AM;18423;Deduções - Transferências Constitucionais;1.7.0.0.00.00.00 - Transferências Correntes;siconfi-cor_RO1.7.0.0.00.00.00;4057115,16
Prefeitura Municipal de Maraã - AM;1302801;AM;18423;Deduções - Transferências Constitucionais;1.7.2.0.00.00.00 - Transferências Intergovernamentais;siconfi-cor_RO1.7.2.0.00.00.00;4057115,16
Prefeitura Municipal de Maraã - AM;1302801;AM;18423;Deduções - Transferências Constitucionais;1.7.2.1.00.00.00 - Transferências da União;siconfi-cor_RO1.7.2.1.00.00.00;2672737,02
Prefeitura Municipal de Maraã - AM;1302801;AM;18423;Deduções - Transferências Constitucionais;1.7.2.1.01.00.00 - Participação na Receita da União;siconfi-cor_RO1.7.2.1.01.00.00;2668919,22
Prefeitura Municipal de Maraã - AM;1302801;AM;18423;Deduções - Transferências Constitucionais;1.7.2.1.01.02.00 - Cota-Parte do Fundo de Participação dos Municípios ¿ FPM;siconfi-cor_RO1.7.2.1.01.02.00;2668847,36
Prefeitura Municipal de Maraã - AM;1302801;AM;18423;Deduções - Transferências Constitucionais;1.7.2.1.01.05.00 - Cota-Parte do Imposto Sobre a Propriedade Territorial Rural ¿ ITR;siconfi-cor_RO1.7.2.1.01.05.00;71,86
Prefeitura Municipal de Maraã - AM;1302801;AM;18423;Deduções - Transferências Constitucionais;1.7.2.1.36.00.00 - Transferências Financeiras do ICMS ¿ Desoneração ¿ L.C. Nº 87/96;siconfi-cor_RO1.7.2.1.36.00.00;3817,8
Prefeitura Municipal de Maraã - AM;1302801;AM;18423;Deduções - Transferências Constitucionais;1.7.2.2.00.00.00 - Transferências dos Estados;siconfi-cor_RO1.7.2.2.00.00.00;1384378,14
Prefeitura Municipal de Maraã - AM;1302801;AM;18423;Deduções - Transferências Constitucionais;1.7.2.2.01.00.00 - Participação na Receita dos Estados;siconfi-cor_RO1.7.2.2.01.00.00;1384378,14
Prefeitura Municipal de Maraã - AM;1302801;AM;18423;Deduções - Transferências Constitucionais;1.7.2.2.01.01.00 - Cota-Parte do ICMS;siconfi-cor_RO1.7.2.2.01.01.00;1377841,97
Prefeitura Municipal de Maraã - AM;1302801;AM;18423;Deduções - Transferências Constitucionais;1.7.2.2.01.02.00 - Cota-Parte do IPVA;siconfi-cor_RO1.7.2.2.01.02.00;963,86
Prefeitura Municipal de Maraã - AM;1302801;AM;18423;Deduções - Transferências Constitucionais;1.7.2.2.01.04.00 - Cota-Parte do IPI - Municípios;siconfi-cor_RO1.7.2.2.01.04.00;5572,31
Prefeitura Municipal de Uarini - AM;1304260;AM;13121;Receitas Brutas Realizadas;Total Receitas;siconfi-cor_TotalReceitas;32714649,71
Prefeitura Municipal de Uarini - AM;1304260;AM;13121;Receitas Brutas Realizadas;1.0.0.0.00.00.00 - Receitas Correntes;siconfi-cor_RO1.0.0.0.00.00.00;31614649,71
Prefeitura Municipal de Uarini - AM;1304260;AM;13121;Receitas Brutas Realizadas;1.1.0.0.00.00.00 - Receita Tributária;siconfi-cor_RO1.1.0.0.00.00.00;948250,39
Prefeitura Municipal de Uarini - AM;1304260;AM;13121;Receitas Brutas Realizadas;1.1.1.0.00.00.00 - Impostos;siconfi-cor_RO1.1.1.0.00.00.00;925788,1
Prefeitura Municipal de Uarini - AM;1304260;AM;13121;Receitas Brutas Realizadas;1.1.1.2.00.00.00 - Impostos sobre o Patrimônio e a Renda;siconfi-cor_RO1.1.1.2.00.00.00;712520,66
Prefeitura Municipal de Uarini - AM;1304260;AM;13121;Receitas Brutas Realizadas;1.1.1.2.02.00.00 - Imposto sobre a Propriedade Predial e Territorial Urbana ¿ IPTU;siconfi-cor_RO1.1.1.2.02.00.00;3959,83
Prefeitura Municipal de Uarini - AM;1304260;AM;13121;Receitas Brutas Realizadas;1.1.1.2.04.00.00 - Imposto sobre a Renda e Proventos de Qualquer Natureza ¿ IR;siconfi-cor_RO1.1.1.2.04.00.00;706197,87
Prefeitura Municipal de Uarini - AM;1304260;AM;13121;Receitas Brutas Realizadas;1.1.1.2.04.31.00 - Retido nas Fontes - Trabalho;siconfi-cor_RO1.1.1.2.04.31.00;41739,47
Prefeitura Municipal de Uarini - AM;1304260;AM;13121;Receitas Brutas Realizadas;1.1.1.2.04.34.00 - Retido nas Fontes - Outros Rendimentos;siconfi-cor_RO1.1.1.2.04.34.00;664458,4
Prefeitura Municipal de Uarini - AM;1304260;AM;13121;Receitas Brutas Realizadas;"1.1.1.2.08.00.00 - Imposto sobre Transmissão Inter Vivos"" de Bens Imóveis e de Direitos Reais sobre Imóveis ¿ ITBI""";siconfi-cor_RO1.1.1.2.08.00.00;2362,96
Prefeitura Municipal de Uarini - AM;1304260;AM;13121;Receitas Brutas Realizadas;1.1.1.3.00.00.00 - Impostos sobre a Produção e a Circulação;siconfi-cor_RO1.1.1.3.00.00.00;213267,44
Prefeitura Municipal de Uarini - AM;1304260;AM;13121;Receitas Brutas Realizadas;1.1.1.3.05.00.00 - Imposto sobre Serviços de Qualquer Natureza ¿ ISSQN;siconfi-cor_RO1.1.1.3.05.00.00;213267,44
Prefeitura Municipal de Uarini - AM;1304260;AM;13121;Receitas Brutas Realizadas;1.1.2.0.00.00.00 - Taxas;siconfi-cor_RO1.1.2.0.00.00.00;22462,29
Prefeitura Municipal de Uarini - AM;1304260;AM;13121;Receitas Brutas Realizadas;1.1.2.1.00.00.00 - Taxas pelo Exercício do Poder de Polícia;siconfi-cor_RO1.1.2.1.00.00.00;19391,79
Prefeitura Municipal de Uarini - AM;1304260;AM;13121;Receitas Brutas Realizadas;1.1.2.2.00.00.00 - Taxas pela Prestação de Serviços;siconfi-cor_RO1.1.2.2.00.00.00;3070,5
Prefeitura Municipal de Uarini - AM;1304260;AM;13121;Receitas Brutas Realizadas;1.1.2.2.99.00.00 - Outras Taxas pela Prestação de Serviços;siconfi-cor_RO1.1.2.2.99.00.00;3070,5
Prefeitura Municipal de Uarini - AM;1304260;AM;13121;Receitas Brutas Realizadas;1.3.0.0.00.00.00 - Receita Patrimonial;siconfi-cor_RO1.3.0.0.00.00.00;42533,24
Prefeitura Municipal de Uarini - AM;1304260;AM;13121;Receitas Brutas Realizadas;1.3.2.0.00.00.00 - Receitas de Valores Mobiliários;siconfi-cor_RO1.3.2.0.00.00.00;42533,24
Prefeitura Municipal de Uarini - AM;1304260;AM;13121;Receitas Brutas Realizadas;1.3.2.5.00.00.00 - Remuneração de Depósitos Bancários;siconfi-cor_RO1.3.2.5.00.00.00;42533,24
Prefeitura Municipal de Uarini - AM;1304260;AM;13121;Receitas Brutas Realizadas;1.7.0.0.00.00.00 - Transferências Correntes;siconfi-cor_RO1.7.0.0.00.00.00;29990386,2
Prefeitura Municipal de Uarini - AM;1304260;AM;13121;Receitas Brutas Realizadas;1.7.2.0.00.00.00 - Transferências Intergovernamentais;siconfi-cor_RO1.7.2.0.00.00.00;29990386,2
Prefeitura Municipal de Uarini - AM;1304260;AM;13121;Receitas Brutas Realizadas;1.7.2.1.00.00.00 - Transferências da União;siconfi-cor_RO1.7.2.1.00.00.00;11082221,55
Prefeitura Municipal de Uarini - AM;1304260;AM;13121;Receitas Brutas Realizadas;1.7.2.1.01.00.00 - Participação na Receita da União;siconfi-cor_RO1.7.2.1.01.00.00;9553723,07
Prefeitura Municipal de Uarini - AM;1304260;AM;13121;Receitas Brutas Realizadas;1.7.2.1.01.02.00 - Cota-Parte do Fundo de Participação dos Municípios ¿ FPM;siconfi-cor_RO1.7.2.1.01.02.00;9182564,84
Prefeitura Municipal de Uarini - AM;1304260;AM;13121;Receitas Brutas Realizadas;1.7.2.1.01.03.00 - Cota-Parte do Fundo de Participação dos Municípios - 1% Cota Anual;siconfi-cor_RO1.7.2.1.01.03.00;370693,34
Prefeitura Municipal de Uarini - AM;1304260;AM;13121;Receitas Brutas Realizadas;1.7.2.1.01.05.00 - Cota-Parte do Imposto Sobre a Propriedade Territorial Rural ¿ ITR;siconfi-cor_RO1.7.2.1.01.05.00;464,89
Prefeitura Municipal de Uarini - AM;1304260;AM;13121;Receitas Brutas Realizadas;1.7.2.1.22.00.00 - Transferências da Compensação Financeira pela Exploração de Recursos Naturais;siconfi-cor_RO1.7.2.1.22.00.00;75252,65
Prefeitura Municipal de Uarini - AM;1304260;AM;13121;Receitas Brutas Realizadas;1.7.2.1.22.70.00 - Cota-Parte do Fundo Especial do Petróleo ¿ FEP;siconfi-cor_RO1.7.2.1.22.70.00;75252,65
Prefeitura Municipal de Uarini - AM;1304260;AM;13121;Receitas Brutas Realizadas;1.7.2.1.34.00.00 - Transferências de Recursos do Fundo Nacional de Assistência Social ¿ FNAS;siconfi-cor_RO1.7.2.1.34.00.00;299008,8
Prefeitura Municipal de Uarini - AM;1304260;AM;13121;Receitas Brutas Realizadas;1.7.2.1.35.00.00 - Transferências de Recursos do Fundo Nacional do Desenvolvimento da Educação ¿ FNDE;siconfi-cor_RO1.7.2.1.35.00.00;1108078,24
Prefeitura Municipal de Uarini - AM;1304260;AM;13121;Receitas Brutas Realizadas;1.7.2.1.36.00.00 - Transferências Financeiras do ICMS ¿ Desoneração ¿ L.C. Nº 87/96;siconfi-cor_RO1.7.2.1.36.00.00;15999
Prefeitura Municipal de Uarini - AM;1304260;AM;13121;Receitas Brutas Realizadas;1.7.2.1.99.00.00 - Outras Transferências da União;siconfi-cor_RO1.7.2.1.99.00.00;30159,79
Prefeitura Municipal de Uarini - AM;1304260;AM;13121;Receitas Brutas Realizadas;1.7.2.2.00.00.00 - Transferências dos Estados;siconfi-cor_RO1.7.2.2.00.00.00;5902455,79
Prefeitura Municipal de Uarini - AM;1304260;AM;13121;Receitas Brutas Realizadas;1.7.2.2.01.00.00 - Participação na Receita dos Estados;siconfi-cor_RO1.7.2.2.01.00.00;5835531,54
Prefeitura Municipal de Uarini - AM;1304260;AM;13121;Receitas Brutas Realizadas;1.7.2.2.01.01.00 - Cota-Parte do ICMS;siconfi-cor_RO1.7.2.2.01.01.00;5773865,71
Prefeitura Municipal de Uarini - AM;1304260;AM;13121;Receitas Brutas Realizadas;1.7.2.2.01.02.00 - Cota-Parte do IPVA;siconfi-cor_RO1.7.2.2.01.02.00;11202,77
Prefeitura Municipal de Uarini - AM;1304260;AM;13121;Receitas Brutas Realizadas;1.7.2.2.01.04.00 - Cota-Parte do IPI - Municípios;siconfi-cor_RO1.7.2.2.01.04.00;23350,9
Prefeitura Municipal de Uarini - AM;1304260;AM;13121;Receitas Brutas Realizadas;1.7.2.2.01.13.00 - Cota-Parte da Contribuição de Intervenção no Domínio Econômico;siconfi-cor_RO1.7.2.2.01.13.00;27112,16
Prefeitura Municipal de Uarini - AM;1304260;AM;13121;Receitas Brutas Realizadas;1.7.2.2.22.00.00 - Transferências da Cota-Parte da Compensação Financeira (25%);siconfi-cor_RO1.7.2.2.22.00.00;66924,25
Prefeitura Municipal de Uarini - AM;1304260;AM;13121;Receitas Brutas Realizadas;1.7.2.2.22.30.00 - Cota-Parte Royalties - Compensação Financeira pela Produção de Petróleo - Lei nº 7.990/89 artigo 9º;siconfi-cor_RO1.7.2.2.22.30.00;66924,25
Prefeitura Municipal de Uarini - AM;1304260;AM;13121;Receitas Brutas Realizadas;1.7.2.4.00.00.00 - Transferências Multigovernamentais;siconfi-cor_RO1.7.2.4.00.00.00;13005708,86
Prefeitura Municipal de Uarini - AM;1304260;AM;13121;Receitas Brutas Realizadas;1.7.2.4.01.00.00 - Transferências de Recursos do Fundo de Manutenção e Desenvolvimento do Ensino Fundamental e de Valorização do Magistério - FUNDEB;siconfi-cor_RO1.7.2.4.01.00.00;10043783,62
Prefeitura Municipal de Uarini - AM;1304260;AM;13121;Receitas Brutas Realizadas;1.7.2.4.02.00.00 - Transferências de Recursos da Complementação ao Fundo de Manutenção e Desenvolvimento do Ensino Fundamental e de Valorização do Magistério - FUNDEB;siconfi-cor_RO1.7.2.4.02.00.00;2961925,24
Prefeitura Municipal de Uarini - AM;1304260;AM;13121;Receitas Brutas Realizadas;1.9.0.0.00.00.00 - Outras Receitas Correntes;siconfi-cor_RO1.9.0.0.00.00.00;633479,88
Prefeitura Municipal de Uarini - AM;1304260;AM;13121;Receitas Brutas Realizadas;1.9.9.0.00.00.00 - Receitas Diversas;siconfi-cor_RO1.9.9.0.00.00.00;633479,88
Prefeitura Municipal de Uarini - AM;1304260;AM;13121;Receitas Brutas Realizadas;1.9.9.0.99.00.00 - Outras Receitas;siconfi-cor_RO1.9.9.0.99.00.00;633479,88
Prefeitura Municipal de Uarini - AM;1304260;AM;13121;Receitas Brutas Realizadas;2.0.0.0.00.00.00 - Receitas de Capital;siconfi-cor_RO2.0.0.0.00.00.00;1100000
Prefeitura Municipal de Uarini - AM;1304260;AM;13121;Receitas Brutas Realizadas;2.4.0.0.00.00.00 - Transferências de Capital;siconfi-cor_RO2.4.0.0.00.00.00;1100000
Prefeitura Municipal de Uarini - AM;1304260;AM;13121;Receitas Brutas Realizadas;2.4.7.0.00.00.00 - Transferências de Convênios;siconfi-cor_RO2.4.7.0.00.00.00;1100000
Prefeitura Municipal de Uarini - AM;1304260;AM;13121;Receitas Brutas Realizadas;2.4.7.1.00.00.00 - Transferências de Convênios da União e de suas Entidades;siconfi-cor_RO2.4.7.1.00.00.00;1100000
Prefeitura Municipal de Uarini - AM;1304260;AM;13121;Receitas Brutas Realizadas;2.4.7.1.99.00.00 - Outras Transferências de Convênios da União;siconfi-cor_RO2.4.7.1.99.00.00;1100000
Prefeitura Municipal de Uarini - AM;1304260;AM;13121;Deduções - FUNDEB;Total Receitas;siconfi-cor_TotalReceitas;-2944082,23
Prefeitura Municipal de Uarini - AM;1304260;AM;13121;Deduções - FUNDEB;1.0.0.0.00.00.00 - Receitas Correntes;siconfi-cor_RO1.0.0.0.00.00.00;-2944082,23
Prefeitura Municipal de Uarini - AM;1304260;AM;13121;Deduções - FUNDEB;1.7.0.0.00.00.00 - Transferências Correntes;siconfi-cor_RO1.7.0.0.00.00.00;-2944082,23
Prefeitura Municipal de Uarini - AM;1304260;AM;13121;Deduções - FUNDEB;1.7.2.0.00.00.00 - Transferências Intergovernamentais;siconfi-cor_RO1.7.2.0.00.00.00;-2944082,23
Prefeitura Municipal de Uarini - AM;1304260;AM;13121;Deduções - FUNDEB;1.7.2.1.00.00.00 - Transferências da União;siconfi-cor_RO1.7.2.1.00.00.00;-1803661,69
Prefeitura Municipal de Uarini - AM;1304260;AM;13121;Deduções - FUNDEB;1.7.2.1.01.00.00 - Participação na Receita da União;siconfi-cor_RO1.7.2.1.01.00.00;-1800461,89
Prefeitura Municipal de Uarini - AM;1304260;AM;13121;Deduções - FUNDEB;1.7.2.1.01.02.00 - Cota-Parte do Fundo de Participação dos Municípios ¿ FPM;siconfi-cor_RO1.7.2.1.01.02.00;-1800368,92
Prefeitura Municipal de Uarini - AM;1304260;AM;13121;Deduções - FUNDEB;1.7.2.1.01.05.00 - Cota-Parte do Imposto Sobre a Propriedade Territorial Rural ¿ ITR;siconfi-cor_RO1.7.2.1.01.05.00;-92,97
Prefeitura Municipal de Uarini - AM;1304260;AM;13121;Deduções - FUNDEB;1.7.2.1.36.00.00 - Transferências Financeiras do ICMS ¿ Desoneração ¿ L.C. Nº 87/96;siconfi-cor_RO1.7.2.1.36.00.00;-3199,8
Prefeitura Municipal de Uarini - AM;1304260;AM;13121;Deduções - FUNDEB;1.7.2.2.00.00.00 - Transferências dos Estados;siconfi-cor_RO1.7.2.2.00.00.00;-1140420,54
Prefeitura Municipal de Uarini - AM;1304260;AM;13121;Deduções - FUNDEB;1.7.2.2.01.00.00 - Participação na Receita dos Estados;siconfi-cor_RO1.7.2.2.01.00.00;-1140420,54
Prefeitura Municipal de Uarini - AM;1304260;AM;13121;Deduções - FUNDEB;1.7.2.2.01.01.00 - Cota-Parte do ICMS;siconfi-cor_RO1.7.2.2.01.01.00;-1133635,72
Prefeitura Municipal de Uarini - AM;1304260;AM;13121;Deduções - FUNDEB;1.7.2.2.01.02.00 - Cota-Parte do IPVA;siconfi-cor_RO1.7.2.2.01.02.00;-2114,63
Prefeitura Municipal de Uarini - AM;1304260;AM;13121;Deduções - FUNDEB;1.7.2.2.01.04.00 - Cota-Parte do IPI - Municípios;siconfi-cor_RO1.7.2.2.01.04.00;-4670,19
Prefeitura Municipal de Santa Isabel do Rio Negro - AM;1303601;AM;22404;Receitas Brutas Realizadas;Total Receitas;siconfi-cor_TotalReceitas;32076267,32
Prefeitura Municipal de Santa Isabel do Rio Negro - AM;1303601;AM;22404;Receitas Brutas Realizadas;1.0.0.0.00.00.00 - Receitas Correntes;siconfi-cor_RO1.0.0.0.00.00.00;31686745,82
Prefeitura Municipal de Santa Isabel do Rio Negro - AM;1303601;AM;22404;Receitas Brutas Realizadas;1.1.0.0.00.00.00 - Receita Tributária;siconfi-cor_RO1.1.0.0.00.00.00;132206,94
Prefeitura Municipal de Santa Isabel do Rio Negro - AM;1303601;AM;22404;Receitas Brutas Realizadas;1.1.1.0.00.00.00 - Impostos;siconfi-cor_RO1.1.1.0.00.00.00;132206,94
Prefeitura Municipal de Santa Isabel do Rio Negro - AM;1303601;AM;22404;Receitas Brutas Realizadas;1.1.1.2.00.00.00 - Impostos sobre o Patrimônio e a Renda;siconfi-cor_RO1.1.1.2.00.00.00;108026,8
Prefeitura Municipal de Santa Isabel do Rio Negro - AM;1303601;AM;22404;Receitas Brutas Realizadas;1.1.1.2.04.00.00 - Imposto sobre a Renda e Proventos de Qualquer Natureza ¿ IR;siconfi-cor_RO1.1.1.2.04.00.00;108026,8
Prefeitura Municipal de Santa Isabel do Rio Negro - AM;1303601;AM;22404;Receitas Brutas Realizadas;1.1.1.2.04.31.00 - Retido nas Fontes - Trabalho;siconfi-cor_RO1.1.1.2.04.31.00;103337,47
Prefeitura Municipal de Santa Isabel do Rio Negro - AM;1303601;AM;22404;Receitas Brutas Realizadas;1.1.1.2.04.34.00 - Retido nas Fontes - Outros Rendimentos;siconfi-cor_RO1.1.1.2.04.34.00;4689,33
Prefeitura Municipal de Santa Isabel do Rio Negro - AM;1303601;AM;22404;Receitas Brutas Realizadas;1.1.1.3.00.00.00 - Impostos sobre a Produção e a Circulação;siconfi-cor_RO1.1.1.3.00.00.00;24180,14
Prefeitura Municipal de Santa Isabel do Rio Negro - AM;1303601;AM;22404;Receitas Brutas Realizadas;1.1.1.3.05.00.00 - Imposto sobre Serviços de Qualquer Natureza ¿ ISSQN;siconfi-cor_RO1.1.1.3.05.00.00;24180,14
Prefeitura Municipal de Santa Isabel do Rio Negro - AM;1303601;AM;22404;Receitas Brutas Realizadas;1.3.0.0.00.00.00 - Receita Patrimonial;siconfi-cor_RO1.3.0.0.00.00.00;100513,96
Prefeitura Municipal de Santa Isabel do Rio Negro - AM;1303601;AM;22404;Receitas Brutas Realizadas;1.3.2.0.00.00.00 - Receitas de Valores Mobiliários;siconfi-cor_RO1.3.2.0.00.00.00;100513,96
Prefeitura Municipal de Santa Isabel do Rio Negro - AM;1303601;AM;22404;Receitas Brutas Realizadas;1.3.2.5.00.00.00 - Remuneração de Depósitos Bancários;siconfi-cor_RO1.3.2.5.00.00.00;100513,96
Prefeitura Municipal de Santa Isabel do Rio Negro - AM;1303601;AM;22404;Receitas Brutas Realizadas;1.6.0.0.00.00.00 - Receita de Serviços;siconfi-cor_RO1.6.0.0.00.00.00;11039,25
Prefeitura Municipal de Santa Isabel do Rio Negro - AM;1303601;AM;22404;Receitas Brutas Realizadas;1.6.0.0.99.00.00 - Outros Serviços;siconfi-cor_RO1.6.0.0.99.00.00;11039,25
Prefeitura Municipal de Santa Isabel do Rio Negro - AM;1303601;AM;22404;Receitas Brutas Realizadas;1.7.0.0.00.00.00 - Transferências Correntes;siconfi-cor_RO1.7.0.0.00.00.00;31442985,67
Prefeitura Municipal de Santa Isabel do Rio Negro - AM;1303601;AM;22404;Receitas Brutas Realizadas;1.7.2.0.00.00.00 - Transferências Intergovernamentais;siconfi-cor_RO1.7.2.0.00.00.00;31442985,67
Prefeitura Municipal de Santa Isabel do Rio Negro - AM;1303601;AM;22404;Receitas Brutas Realizadas;1.7.2.1.00.00.00 - Transferências da União;siconfi-cor_RO1.7.2.1.00.00.00;16629887,42
Prefeitura Municipal de Santa Isabel do Rio Negro - AM;1303601;AM;22404;Receitas Brutas Realizadas;1.7.2.1.01.00.00 - Participação na Receita da União;siconfi-cor_RO1.7.2.1.01.00.00;13935199,99
Prefeitura Municipal de Santa Isabel do Rio Negro - AM;1303601;AM;22404;Receitas Brutas Realizadas;1.7.2.1.01.02.00 - Cota-Parte do Fundo de Participação dos Municípios ¿ FPM;siconfi-cor_RO1.7.2.1.01.02.00;13934726,84
Prefeitura Municipal de Santa Isabel do Rio Negro - AM;1303601;AM;22404;Receitas Brutas Realizadas;1.7.2.1.01.05.00 - Cota-Parte do Imposto Sobre a Propriedade Territorial Rural ¿ ITR;siconfi-cor_RO1.7.2.1.01.05.00;473,15
Prefeitura Municipal de Santa Isabel do Rio Negro - AM;1303601;AM;22404;Receitas Brutas Realizadas;1.7.2.1.22.00.00 - Transferências da Compensação Financeira pela Exploração de Recursos Naturais;siconfi-cor_RO1.7.2.1.22.00.00;113196,96
Prefeitura Municipal de Santa Isabel do Rio Negro - AM;1303601;AM;22404;Receitas Brutas Realizadas;1.7.2.1.22.20.00 - Cota-Parte da Compensação Financeira de Recursos Minerais - CFEM;siconfi-cor_RO1.7.2.1.22.20.00;317,96
Prefeitura Municipal de Santa Isabel do Rio Negro - AM;1303601;AM;22404;Receitas Brutas Realizadas;1.7.2.1.22.70.00 - Cota-Parte do Fundo Especial do Petróleo ¿ FEP;siconfi-cor_RO1.7.2.1.22.70.00;112879
Prefeitura Municipal de Santa Isabel do Rio Negro - AM;1303601;AM;22404;Receitas Brutas Realizadas;1.7.2.1.33.00.00 - Transferências de Recursos do Sistema Único de Saúde - SUS - Repasses Fundo a Fundo;siconfi-cor_RO1.7.2.1.33.00.00;2156293,51
Prefeitura Municipal de Santa Isabel do Rio Negro - AM;1303601;AM;22404;Receitas Brutas Realizadas;1.7.2.1.34.00.00 - Transferências de Recursos do Fundo Nacional de Assistência Social ¿ FNAS;siconfi-cor_RO1.7.2.1.34.00.00;138467,28
Prefeitura Municipal de Santa Isabel do Rio Negro - AM;1303601;AM;22404;Receitas Brutas Realizadas;1.7.2.1.35.00.00 - Transferências de Recursos do Fundo Nacional do Desenvolvimento da Educação ¿ FNDE;siconfi-cor_RO1.7.2.1.35.00.00;244783,87
Prefeitura Municipal de Santa Isabel do Rio Negro - AM;1303601;AM;22404;Receitas Brutas Realizadas;1.7.2.1.36.00.00 - Transferências Financeiras do ICMS ¿ Desoneração ¿ L.C. Nº 87/96;siconfi-cor_RO1.7.2.1.36.00.00;23525,4
Prefeitura Municipal de Santa Isabel do Rio Negro - AM;1303601;AM;22404;Receitas Brutas Realizadas;1.7.2.1.99.00.00 - Outras Transferências da União;siconfi-cor_RO1.7.2.1.99.00.00;18420,41
Prefeitura Municipal de Santa Isabel do Rio Negro - AM;1303601;AM;22404;Receitas Brutas Realizadas;1.7.2.2.00.00.00 - Transferências dos Estados;siconfi-cor_RO1.7.2.2.00.00.00;8783095,73
Prefeitura Municipal de Santa Isabel do Rio Negro - AM;1303601;AM;22404;Receitas Brutas Realizadas;1.7.2.2.01.00.00 - Participação na Receita dos Estados;siconfi-cor_RO1.7.2.2.01.00.00;8580489,97
Prefeitura Municipal de Santa Isabel do Rio Negro - AM;1303601;AM;22404;Receitas Brutas Realizadas;1.7.2.2.01.01.00 - Cota-Parte do ICMS;siconfi-cor_RO1.7.2.2.01.01.00;8490092,32
Prefeitura Municipal de Santa Isabel do Rio Negro - AM;1303601;AM;22404;Receitas Brutas Realizadas;1.7.2.2.01.02.00 - Cota-Parte do IPVA;siconfi-cor_RO1.7.2.2.01.02.00;13834,75
Prefeitura Municipal de Santa Isabel do Rio Negro - AM;1303601;AM;22404;Receitas Brutas Realizadas;1.7.2.2.01.04.00 - Cota-Parte do IPI - Municípios;siconfi-cor_RO1.7.2.2.01.04.00;34335,88
Prefeitura Municipal de Santa Isabel do Rio Negro - AM;1303601;AM;22404;Receitas Brutas Realizadas;1.7.2.2.01.13.00 - Cota-Parte da Contribuição de Intervenção no Domínio Econômico;siconfi-cor_RO1.7.2.2.01.13.00;42227,02
Prefeitura Municipal de Santa Isabel do Rio Negro - AM;1303601;AM;22404;Receitas Brutas Realizadas;1.7.2.2.22.00.00 - Transferências da Cota-Parte da Compensação Financeira (25%);siconfi-cor_RO1.7.2.2.22.00.00;98407,68
Prefeitura Municipal de Santa Isabel do Rio Negro - AM;1303601;AM;22404;Receitas Brutas Realizadas;1.7.2.2.22.30.00 - Cota-Parte Royalties - Compensação Financeira pela Produção de Petróleo - Lei nº 7.990/89 artigo 9º;siconfi-cor_RO1.7.2.2.22.30.00;98407,68
Prefeitura Municipal de Santa Isabel do Rio Negro - AM;1303601;AM;22404;Receitas Brutas Realizadas;1.7.2.2.33.00.00 - Transferências de Recursos do Estado para Programas de Saúde - Repasse Fundo a Fundo;siconfi-cor_RO1.7.2.2.33.00.00;104198,08
Prefeitura Municipal de Santa Isabel do Rio Negro - AM;1303601;AM;22404;Receitas Brutas Realizadas;1.7.2.4.00.00.00 - Transferências Multigovernamentais;siconfi-cor_RO1.7.2.4.00.00.00;6030002,52
Prefeitura Municipal de Santa Isabel do Rio Negro - AM;1303601;AM;22404;Receitas Brutas Realizadas;1.7.2.4.01.00.00 - Transferências de Recursos do Fundo de Manutenção e Desenvolvimento do Ensino Fundamental e de Valorização do Magistério - FUNDEB;siconfi-cor_RO1.7.2.4.01.00.00;4673276,98
Prefeitura Municipal de Santa Isabel do Rio Negro - AM;1303601;AM;22404;Receitas Brutas Realizadas;1.7.2.4.02.00.00 - Transferências de Recursos da Complementação ao Fundo de Manutenção e Desenvolvimento do Ensino Fundamental e de Valorização do Magistério - FUNDEB;siconfi-cor_RO1.7.2.4.02.00.00;1356725,54
Prefeitura Municipal de Santa Isabel do Rio Negro - AM;1303601;AM;22404;Receitas Brutas Realizadas;2.0.0.0.00.00.00 - Receitas de Capital;siconfi-cor_RO2.0.0.0.00.00.00;389521,5
Prefeitura Municipal de Santa Isabel do Rio Negro - AM;1303601;AM;22404;Receitas Brutas Realizadas;2.4.0.0.00.00.00 - Transferências de Capital;siconfi-cor_RO2.4.0.0.00.00.00;389521,5
Prefeitura Municipal de Santa Isabel do Rio Negro - AM;1303601;AM;22404;Receitas Brutas Realizadas;2.4.2.0.00.00.00 - Transferências Intergovernamentais;siconfi-cor_RO2.4.2.0.00.00.00;389521,5
Prefeitura Municipal de Santa Isabel do Rio Negro - AM;1303601;AM;22404;Receitas Brutas Realizadas;2.4.2.1.00.00.00 - Transferências da União;siconfi-cor_RO2.4.2.1.00.00.00;389521,5
Prefeitura Municipal de Santa Isabel do Rio Negro - AM;1303601;AM;22404;Receitas Brutas Realizadas;2.4.2.1.02.00.00 - Transferências de Recursos Destinados a Programas de Educação;siconfi-cor_RO2.4.2.1.02.00.00;106726,5
Prefeitura Municipal de Santa Isabel do Rio Negro - AM;1303601;AM;22404;Receitas Brutas Realizadas;2.4.2.1.99.00.00 - Outras Transferências da União;siconfi-cor_RO2.4.2.1.99.00.00;282795
Prefeitura Municipal de Santa Isabel do Rio Negro - AM;1303601;AM;22404;Deduções - FUNDEB;Total Receitas;siconfi-cor_TotalReceitas;4381299,63
Prefeitura Municipal de Santa Isabel do Rio Negro - AM;1303601;AM;22404;Deduções - FUNDEB;1.0.0.0.00.00.00 - Receitas Correntes;siconfi-cor_RO1.0.0.0.00.00.00;4381299,63
Prefeitura Municipal de Santa Isabel do Rio Negro - AM;1303601;AM;22404;Deduções - FUNDEB;1.7.0.0.00.00.00 - Transferências Correntes;siconfi-cor_RO1.7.0.0.00.00.00;4381299,63
Prefeitura Municipal de Santa Isabel do Rio Negro - AM;1303601;AM;22404;Deduções - FUNDEB;1.7.2.0.00.00.00 - Transferências Intergovernamentais;siconfi-cor_RO1.7.2.0.00.00.00;4381299,63
Prefeitura Municipal de Santa Isabel do Rio Negro - AM;1303601;AM;22404;Deduções - FUNDEB;1.7.2.1.00.00.00 - Transferências da União;siconfi-cor_RO1.7.2.1.00.00.00;2673647,07
Prefeitura Municipal de Santa Isabel do Rio Negro - AM;1303601;AM;22404;Deduções - FUNDEB;1.7.2.1.01.00.00 - Participação na Receita da União;siconfi-cor_RO1.7.2.1.01.00.00;2668941,99
Prefeitura Municipal de Santa Isabel do Rio Negro - AM;1303601;AM;22404;Deduções - FUNDEB;1.7.2.1.01.02.00 - Cota-Parte do Fundo de Participação dos Municípios ¿ FPM;siconfi-cor_RO1.7.2.1.01.02.00;2668847,36
Prefeitura Municipal de Santa Isabel do Rio Negro - AM;1303601;AM;22404;Deduções - FUNDEB;1.7.2.1.01.05.00 - Cota-Parte do Imposto Sobre a Propriedade Territorial Rural ¿ ITR;siconfi-cor_RO1.7.2.1.01.05.00;94,63
Prefeitura Municipal de Santa Isabel do Rio Negro - AM;1303601;AM;22404;Deduções - FUNDEB;1.7.2.1.36.00.00 - Transferências Financeiras do ICMS ¿ Desoneração ¿ L.C. Nº 87/96;siconfi-cor_RO1.7.2.1.36.00.00;4705,08
Prefeitura Municipal de Santa Isabel do Rio Negro - AM;1303601;AM;22404;Deduções - FUNDEB;1.7.2.2.00.00.00 - Transferências dos Estados;siconfi-cor_RO1.7.2.2.00.00.00;1707652,56
Prefeitura Municipal de Santa Isabel do Rio Negro - AM;1303601;AM;22404;Deduções - FUNDEB;1.7.2.2.01.00.00 - Participação na Receita dos Estados;siconfi-cor_RO1.7.2.2.01.00.00;1707652,56
Prefeitura Municipal de Santa Isabel do Rio Negro - AM;1303601;AM;22404;Deduções - FUNDEB;1.7.2.2.01.01.00 - Cota-Parte do ICMS;siconfi-cor_RO1.7.2.2.01.01.00;1698018,46
Prefeitura Municipal de Santa Isabel do Rio Negro - AM;1303601;AM;22404;Deduções - FUNDEB;1.7.2.2.01.02.00 - Cota-Parte do IPVA;siconfi-cor_RO1.7.2.2.01.02.00;2766,92
Prefeitura Municipal de Santa Isabel do Rio Negro - AM;1303601;AM;22404;Deduções - FUNDEB;1.7.2.2.01.04.00 - Cota-Parte do IPI - Municípios;siconfi-cor_RO1.7.2.2.01.04.00;6867,18
Prefeitura Municipal de Jutaí - AM;1302306;AM;16585;Receitas Brutas Realizadas;Total Receitas;siconfi-cor_TotalReceitas;47971001,05
Prefeitura Municipal de Jutaí - AM;1302306;AM;16585;Receitas Brutas Realizadas;1.0.0.0.00.00.00 - Receitas Correntes;siconfi-cor_RO1.0.0.0.00.00.00;46401432,44
Prefeitura Municipal de Jutaí - AM;1302306;AM;16585;Receitas Brutas Realizadas;1.1.0.0.00.00.00 - Receita Tributária;siconfi-cor_RO1.1.0.0.00.00.00;1227008,93
Prefeitura Municipal de Jutaí - AM;1302306;AM;16585;Receitas Brutas Realizadas;1.1.1.0.00.00.00 - Impostos;siconfi-cor_RO1.1.1.0.00.00.00;888033,93
Prefeitura Municipal de Jutaí - AM;1302306;AM;16585;Receitas Brutas Realizadas;1.1.1.2.00.00.00 - Impostos sobre o Patrimônio e a Renda;siconfi-cor_RO1.1.1.2.00.00.00;595454,56
Prefeitura Municipal de Jutaí - AM;1302306;AM;16585;Receitas Brutas Realizadas;1.1.1.2.02.00.00 - Imposto sobre a Propriedade Predial e Territorial Urbana ¿ IPTU;siconfi-cor_RO1.1.1.2.02.00.00;11144,01
Prefeitura Municipal de Jutaí - AM;1302306;AM;16585;Receitas Brutas Realizadas;1.1.1.2.04.00.00 - Imposto sobre a Renda e Proventos de Qualquer Natureza ¿ IR;siconfi-cor_RO1.1.1.2.04.00.00;584310,55
Prefeitura Municipal de Jutaí - AM;1302306;AM;16585;Receitas Brutas Realizadas;1.1.1.2.04.31.00 - Retido nas Fontes - Trabalho;siconfi-cor_RO1.1.1.2.04.31.00;465101,86
Prefeitura Municipal de Jutaí - AM;1302306;AM;16585;Receitas Brutas Realizadas;1.1.1.2.04.34.00 - Retido nas Fontes - Outros Rendimentos;siconfi-cor_RO1.1.1.2.04.34.00;119208,69
Prefeitura Municipal de Jutaí - AM;1302306;AM;16585;Receitas Brutas Realizadas;1.1.1.3.00.00.00 - Impostos sobre a Produção e a Circulação;siconfi-cor_RO1.1.1.3.00.00.00;292579,37
Prefeitura Municipal de Jutaí - AM;1302306;AM;16585;Receitas Brutas Realizadas;1.1.1.3.05.00.00 - Imposto sobre Serviços de Qualquer Natureza ¿ ISSQN;siconfi-cor_RO1.1.1.3.05.00.00;292579,37
Prefeitura Municipal de Jutaí - AM;1302306;AM;16585;Receitas Brutas Realizadas;1.1.2.0.00.00.00 - Taxas;siconfi-cor_RO1.1.2.0.00.00.00;614,53
Prefeitura Municipal de Jutaí - AM;1302306;AM;16585;Receitas Brutas Realizadas;1.1.2.2.00.00.00 - Taxas pela Prestação de Serviços;siconfi-cor_RO1.1.2.2.00.00.00;614,53
Prefeitura Municipal de Jutaí - AM;1302306;AM;16585;Receitas Brutas Realizadas;1.1.2.2.99.00.00 - Outras Taxas pela Prestação de Serviços;siconfi-cor_RO1.1.2.2.99.00.00;614,53
Prefeitura Municipal de Jutaí - AM;1302306;AM;16585;Receitas Brutas Realizadas;1.1.3.0.00.00.00 - Contribuição de Melhoria;siconfi-cor_RO1.1.3.0.00.00.00;338360,47
Prefeitura Municipal de Jutaí - AM;1302306;AM;16585;Receitas Brutas Realizadas;1.1.3.0.02.00.00 - Contribuição de Melhoria para Expansão da Rede de Iluminação Pública na Cidade;siconfi-cor_RO1.1.3.0.02.00.00;338360,47
Prefeitura Municipal de Jutaí - AM;1302306;AM;16585;Receitas Brutas Realizadas;1.3.0.0.00.00.00 - Receita Patrimonial;siconfi-cor_RO1.3.0.0.00.00.00;68449,6
Prefeitura Municipal de Jutaí - AM;1302306;AM;16585;Receitas Brutas Realizadas;1.3.2.0.00.00.00 - Receitas de Valores Mobiliários;siconfi-cor_RO1.3.2.0.00.00.00;68449,6
Prefeitura Municipal de Jutaí - AM;1302306;AM;16585;Receitas Brutas Realizadas;1.3.2.5.00.00.00 - Remuneração de Depósitos Bancários;siconfi-cor_RO1.3.2.5.00.00.00;68449,6
Prefeitura Municipal de Jutaí - AM;1302306;AM;16585;Receitas Brutas Realizadas;1.7.0.0.00.00.00 - Transferências Correntes;siconfi-cor_RO1.7.0.0.00.00.00;45080694,51
Prefeitura Municipal de Jutaí - AM;1302306;AM;16585;Receitas Brutas Realizadas;1.7.2.0.00.00.00 - Transferências Intergovernamentais;siconfi-cor_RO1.7.2.0.00.00.00;45080694,51
Prefeitura Municipal de Jutaí - AM;1302306;AM;16585;Receitas Brutas Realizadas;1.7.2.1.00.00.00 - Transferências da União;siconfi-cor_RO1.7.2.1.00.00.00;17169994,6
Prefeitura Municipal de Jutaí - AM;1302306;AM;16585;Receitas Brutas Realizadas;1.7.2.1.01.00.00 - Participação na Receita da União;siconfi-cor_RO1.7.2.1.01.00.00;11944353,5
Prefeitura Municipal de Jutaí - AM;1302306;AM;16585;Receitas Brutas Realizadas;1.7.2.1.01.02.00 - Cota-Parte do Fundo de Participação dos Municípios ¿ FPM;siconfi-cor_RO1.7.2.1.01.02.00;11941572,76
Prefeitura Municipal de Jutaí - AM;1302306;AM;16585;Receitas Brutas Realizadas;1.7.2.1.01.05.00 - Cota-Parte do Imposto Sobre a Propriedade Territorial Rural ¿ ITR;siconfi-cor_RO1.7.2.1.01.05.00;2780,74
Prefeitura Municipal de Jutaí - AM;1302306;AM;16585;Receitas Brutas Realizadas;1.7.2.1.22.00.00 - Transferências da Compensação Financeira pela Exploração de Recursos Naturais;siconfi-cor_RO1.7.2.1.22.00.00;292290,52
Prefeitura Municipal de Jutaí - AM;1302306;AM;16585;Receitas Brutas Realizadas;1.7.2.1.22.20.00 - Cota-Parte da Compensação Financeira de Recursos Minerais - CFEM;siconfi-cor_RO1.7.2.1.22.20.00;30630,56
Prefeitura Municipal de Jutaí - AM;1302306;AM;16585;Receitas Brutas Realizadas;1.7.2.1.22.70.00 - Cota-Parte do Fundo Especial do Petróleo ¿ FEP;siconfi-cor_RO1.7.2.1.22.70.00;94065,83
Prefeitura Municipal de Jutaí - AM;1302306;AM;16585;Receitas Brutas Realizadas;1.7.2.1.22.90.00 - Outras Transferências Decorrentes de Compensação Financeira pela Exploração de Recursos Naturais;siconfi-cor_RO1.7.2.1.22.90.00;167594,13
Prefeitura Municipal de Jutaí - AM;1302306;AM;16585;Receitas Brutas Realizadas;1.7.2.1.33.00.00 - Transferências de Recursos do Sistema Único de Saúde - SUS - Repasses Fundo a Fundo;siconfi-cor_RO1.7.2.1.33.00.00;3143958,26
Prefeitura Municipal de Jutaí - AM;1302306;AM;16585;Receitas Brutas Realizadas;1.7.2.1.34.00.00 - Transferências de Recursos do Fundo Nacional de Assistência Social ¿ FNAS;siconfi-cor_RO1.7.2.1.34.00.00;599294,06
Prefeitura Municipal de Jutaí - AM;1302306;AM;16585;Receitas Brutas Realizadas;1.7.2.1.35.00.00 - Transferências de Recursos do Fundo Nacional do Desenvolvimento da Educação ¿ FNDE;siconfi-cor_RO1.7.2.1.35.00.00;1119508,16
Prefeitura Municipal de Jutaí - AM;1302306;AM;16585;Receitas Brutas Realizadas;1.7.2.1.36.00.00 - Transferências Financeiras do ICMS ¿ Desoneração ¿ L.C. Nº 87/96;siconfi-cor_RO1.7.2.1.36.00.00;25663,68
Prefeitura Municipal de Jutaí - AM;1302306;AM;16585;Receitas Brutas Realizadas;1.7.2.1.99.00.00 - Outras Transferências da União;siconfi-cor_RO1.7.2.1.99.00.00;44926,42
Prefeitura Municipal de Jutaí - AM;1302306;AM;16585;Receitas Brutas Realizadas;1.7.2.2.00.00.00 - Transferências dos Estados;siconfi-cor_RO1.7.2.2.00.00.00;9580957,53
Prefeitura Municipal de Jutaí - AM;1302306;AM;16585;Receitas Brutas Realizadas;1.7.2.2.01.00.00 - Participação na Receita dos Estados;siconfi-cor_RO1.7.2.2.01.00.00;9347305,59
Prefeitura Municipal de Jutaí - AM;1302306;AM;16585;Receitas Brutas Realizadas;1.7.2.2.01.01.00 - Cota-Parte do ICMS;siconfi-cor_RO1.7.2.2.01.01.00;9261754,53
Prefeitura Municipal de Jutaí - AM;1302306;AM;16585;Receitas Brutas Realizadas;1.7.2.2.01.02.00 - Cota-Parte do IPVA;siconfi-cor_RO1.7.2.2.01.02.00;13998,85
Prefeitura Municipal de Jutaí - AM;1302306;AM;16585;Receitas Brutas Realizadas;1.7.2.2.01.04.00 - Cota-Parte do IPI - Municípios;siconfi-cor_RO1.7.2.2.01.04.00;37456,65
Prefeitura Municipal de Jutaí - AM;1302306;AM;16585;Receitas Brutas Realizadas;1.7.2.2.01.13.00 - Cota-Parte da Contribuição de Intervenção no Domínio Econômico;siconfi-cor_RO1.7.2.2.01.13.00;34095,56
Prefeitura Municipal de Jutaí - AM;1302306;AM;16585;Receitas Brutas Realizadas;1.7.2.2.22.00.00 - Transferências da Cota-Parte da Compensação Financeira (25%);siconfi-cor_RO1.7.2.2.22.00.00;107351,94
Prefeitura Municipal de Jutaí - AM;1302306;AM;16585;Receitas Brutas Realizadas;1.7.2.2.22.30.00 - Cota-Parte Royalties - Compensação Financeira pela Produção de Petróleo - Lei nº 7.990/89 artigo 9º;siconfi-cor_RO1.7.2.2.22.30.00;107351,94
Prefeitura Municipal de Jutaí - AM;1302306;AM;16585;Receitas Brutas Realizadas;1.7.2.2.33.00.00 - Transferências de Recursos do Estado para Programas de Saúde - Repasse Fundo a Fundo;siconfi-cor_RO1.7.2.2.33.00.00;126300
Prefeitura Municipal de Jutaí - AM;1302306;AM;16585;Receitas Brutas Realizadas;1.7.2.4.00.00.00 - Transferências Multigovernamentais;siconfi-cor_RO1.7.2.4.00.00.00;18329742,38
Prefeitura Municipal de Jutaí - AM;1302306;AM;16585;Receitas Brutas Realizadas;1.7.2.4.01.00.00 - Transferências de Recursos do Fundo de Manutenção e Desenvolvimento do Ensino Fundamental e de Valorização do Magistério - FUNDEB;siconfi-cor_RO1.7.2.4.01.00.00;14591815,16
Prefeitura Municipal de Jutaí - AM;1302306;AM;16585;Receitas Brutas Realizadas;1.7.2.4.02.00.00 - Transferências de Recursos da Complementação ao Fundo de Manutenção e Desenvolvimento do Ensino Fundamental e de Valorização do Magistério - FUNDEB;siconfi-cor_RO1.7.2.4.02.00.00;3737927,22
Prefeitura Municipal de Jutaí - AM;1302306;AM;16585;Receitas Brutas Realizadas;1.9.0.0.00.00.00 - Outras Receitas Correntes;siconfi-cor_RO1.9.0.0.00.00.00;25279,4
Prefeitura Municipal de Jutaí - AM;1302306;AM;16585;Receitas Brutas Realizadas;1.9.2.0.00.00.00 - Indenizações e Restituições;siconfi-cor_RO1.9.2.0.00.00.00;5279,4
Prefeitura Municipal de Jutaí - AM;1302306;AM;16585;Receitas Brutas Realizadas;1.9.2.2.00.00.00 - Restituições;siconfi-cor_RO1.9.2.2.00.00.00;5279,4
Prefeitura Municipal de Jutaí - AM;1302306;AM;16585;Receitas Brutas Realizadas;1.9.2.2.99.00.00 - Outras Restituições;siconfi-cor_RO1.9.2.2.99.00.00;5279,4
Prefeitura Municipal de Jutaí - AM;1302306;AM;16585;Receitas Brutas Realizadas;1.9.9.0.00.00.00 - Receitas Diversas;siconfi-cor_RO1.9.9.0.00.00.00;20000
Prefeitura Municipal de Jutaí - AM;1302306;AM;16585;Receitas Brutas Realizadas;1.9.9.0.99.00.00 - Outras Receitas;siconfi-cor_RO1.9.9.0.99.00.00;20000
Prefeitura Municipal de Jutaí - AM;1302306;AM;16585;Receitas Brutas Realizadas;2.0.0.0.00.00.00 - Receitas de Capital;siconfi-cor_RO2.0.0.0.00.00.00;1569568,61
Prefeitura Municipal de Jutaí - AM;1302306;AM;16585;Receitas Brutas Realizadas;2.4.0.0.00.00.00 - Transferências de Capital;siconfi-cor_RO2.4.0.0.00.00.00;1569568,61
Prefeitura Municipal de Jutaí - AM;1302306;AM;16585;Receitas Brutas Realizadas;2.4.2.0.00.00.00 - Transferências Intergovernamentais;siconfi-cor_RO2.4.2.0.00.00.00;1211166,38
Prefeitura Municipal de Jutaí - AM;1302306;AM;16585;Receitas Brutas Realizadas;2.4.2.1.00.00.00 - Transferências da União;siconfi-cor_RO2.4.2.1.00.00.00;1211166,38
Prefeitura Municipal de Jutaí - AM;1302306;AM;16585;Receitas Brutas Realizadas;2.4.2.1.01.00.00 - Participação na Receita da União;siconfi-cor_RO2.4.2.1.01.00.00;1149495
Prefeitura Municipal de Jutaí - AM;1302306;AM;16585;Receitas Brutas Realizadas;2.4.2.1.02.00.00 - Transferências de Recursos Destinados a Programas de Educação;siconfi-cor_RO2.4.2.1.02.00.00;61671,38
Prefeitura Municipal de Jutaí - AM;1302306;AM;16585;Receitas Brutas Realizadas;2.4.7.0.00.00.00 - Transferências de Convênios;siconfi-cor_RO2.4.7.0.00.00.00;358402,23
Prefeitura Municipal de Jutaí - AM;1302306;AM;16585;Receitas Brutas Realizadas;2.4.7.1.00.00.00 - Transferências de Convênios da União e de suas Entidades;siconfi-cor_RO2.4.7.1.00.00.00;358402,23
Prefeitura Municipal de Jutaí - AM;1302306;AM;16585;Receitas Brutas Realizadas;2.4.7.1.02.00.00 - Transferências de Convênios da União Destinadas a Programas de Educação;siconfi-cor_RO2.4.7.1.02.00.00;358402,23
Prefeitura Municipal de Jutaí - AM;1302306;AM;16585;Deduções - Transferências Constitucionais;Total Receitas;siconfi-cor_TotalReceitas;4092370,02
Prefeitura Municipal de Jutaí - AM;1302306;AM;16585;Deduções - Transferências Constitucionais;1.0.0.0.00.00.00 - Receitas Correntes;siconfi-cor_RO1.0.0.0.00.00.00;4092370,02
Prefeitura Municipal de Jutaí - AM;1302306;AM;16585;Deduções - Transferências Constitucionais;1.7.0.0.00.00.00 - Transferências Correntes;siconfi-cor_RO1.7.0.0.00.00.00;4092370,02
Prefeitura Municipal de Jutaí - AM;1302306;AM;16585;Deduções - Transferências Constitucionais;1.7.2.0.00.00.00 - Transferências Intergovernamentais;siconfi-cor_RO1.7.2.0.00.00.00;4092370,02
Prefeitura Municipal de Jutaí - AM;1302306;AM;16585;Deduções - Transferências Constitucionais;1.7.2.1.00.00.00 - Transferências da União;siconfi-cor_RO1.7.2.1.00.00.00;2229728,21
Prefeitura Municipal de Jutaí - AM;1302306;AM;16585;Deduções - Transferências Constitucionais;1.7.2.1.01.00.00 - Participação na Receita da União;siconfi-cor_RO1.7.2.1.01.00.00;2224595,57
Prefeitura Municipal de Jutaí - AM;1302306;AM;16585;Deduções - Transferências Constitucionais;1.7.2.1.01.02.00 - Cota-Parte do Fundo de Participação dos Municípios ¿ FPM;siconfi-cor_RO1.7.2.1.01.02.00;2224039,44
Prefeitura Municipal de Jutaí - AM;1302306;AM;16585;Deduções - Transferências Constitucionais;1.7.2.1.01.05.00 - Cota-Parte do Imposto Sobre a Propriedade Territorial Rural ¿ ITR;siconfi-cor_RO1.7.2.1.01.05.00;556,13
Prefeitura Municipal de Jutaí - AM;1302306;AM;16585;Deduções - Transferências Constitucionais;1.7.2.1.36.00.00 - Transferências Financeiras do ICMS ¿ Desoneração ¿ L.C. Nº 87/96;siconfi-cor_RO1.7.2.1.36.00.00;5132,64
Prefeitura Municipal de Jutaí - AM;1302306;AM;16585;Deduções - Transferências Constitucionais;1.7.2.2.00.00.00 - Transferências dos Estados;siconfi-cor_RO1.7.2.2.00.00.00;1862641,81
Prefeitura Municipal de Jutaí - AM;1302306;AM;16585;Deduções - Transferências Constitucionais;1.7.2.2.01.00.00 - Participação na Receita dos Estados;siconfi-cor_RO1.7.2.2.01.00.00;1862641,81
Prefeitura Municipal de Jutaí - AM;1302306;AM;16585;Deduções - Transferências Constitucionais;1.7.2.2.01.01.00 - Cota-Parte do ICMS;siconfi-cor_RO1.7.2.2.01.01.00;1852350,91
Prefeitura Municipal de Jutaí - AM;1302306;AM;16585;Deduções - Transferências Constitucionais;1.7.2.2.01.02.00 - Cota-Parte do IPVA;siconfi-cor_RO1.7.2.2.01.02.00;2799,56
Prefeitura Municipal de Jutaí - AM;1302306;AM;16585;Deduções - Transferências Constitucionais;1.7.2.2.01.04.00 - Cota-Parte do IPI - Municípios;siconfi-cor_RO1.7.2.2.01.04.00;7491,34
Prefeitura Municipal de Barreirinha - AM;1300508;AM;30658;Receitas Brutas Realizadas;Total Receitas;siconfi-cor_TotalReceitas;64543641,91
Prefeitura Municipal de Barreirinha - AM;1300508;AM;30658;Receitas Brutas Realizadas;1.0.0.0.00.00.00 - Receitas Correntes;siconfi-cor_RO1.0.0.0.00.00.00;63383385,67
Prefeitura Municipal de Barreirinha - AM;1300508;AM;30658;Receitas Brutas Realizadas;1.1.0.0.00.00.00 - Receita Tributária;siconfi-cor_RO1.1.0.0.00.00.00;1102469,88
Prefeitura Municipal de Barreirinha - AM;1300508;AM;30658;Receitas Brutas Realizadas;1.1.1.0.00.00.00 - Impostos;siconfi-cor_RO1.1.1.0.00.00.00;1095088,19
Prefeitura Municipal de Barreirinha - AM;1300508;AM;30658;Receitas Brutas Realizadas;1.1.1.2.00.00.00 - Impostos sobre o Patrimônio e a Renda;siconfi-cor_RO1.1.1.2.00.00.00;602224,64
Prefeitura Municipal de Barreirinha - AM;1300508;AM;30658;Receitas Brutas Realizadas;1.1.1.2.01.00.00 - Imposto sobre a Propriedade Territorial Rural - ITR;siconfi-cor_RO1.1.1.2.01.00.00;602224,64
Prefeitura Municipal de Barreirinha - AM;1300508;AM;30658;Receitas Brutas Realizadas;1.1.1.3.00.00.00 - Impostos sobre a Produção e a Circulação;siconfi-cor_RO1.1.1.3.00.00.00;492863,55
Prefeitura Municipal de Barreirinha - AM;1300508;AM;30658;Receitas Brutas Realizadas;1.1.1.3.05.00.00 - Imposto sobre Serviços de Qualquer Natureza ¿ ISSQN;siconfi-cor_RO1.1.1.3.05.00.00;492863,55
Prefeitura Municipal de Barreirinha - AM;1300508;AM;30658;Receitas Brutas Realizadas;1.1.2.0.00.00.00 - Taxas;siconfi-cor_RO1.1.2.0.00.00.00;7381,69
Prefeitura Municipal de Barreirinha - AM;1300508;AM;30658;Receitas Brutas Realizadas;1.1.2.1.00.00.00 - Taxas pelo Exercício do Poder de Polícia;siconfi-cor_RO1.1.2.1.00.00.00;7381,69
Prefeitura Municipal de Barreirinha - AM;1300508;AM;30658;Receitas Brutas Realizadas;1.2.0.0.00.00.00 - Receitas de Contribuições;siconfi-cor_RO1.2.0.0.00.00.00;511016,85
Prefeitura Municipal de Barreirinha - AM;1300508;AM;30658;Receitas Brutas Realizadas;1.2.1.0.00.00.00 - Contribuições Sociais;siconfi-cor_RO1.2.1.0.00.00.00;52295,04
Prefeitura Municipal de Barreirinha - AM;1300508;AM;30658;Receitas Brutas Realizadas;1.2.1.0.29.00.00 - Contribuições para o Regime Próprio de Previdência do Servidor Público;siconfi-cor_RO1.2.1.0.29.00.00;52295,04
Prefeitura Municipal de Barreirinha - AM;1300508;AM;30658;Receitas Brutas Realizadas;1.2.1.0.29.01.00 - Contribuição Patronal de Servidor Ativo Civil para o Regime Próprio;siconfi-cor_RO1.2.1.0.29.01.00;52295,04
Prefeitura Municipal de Barreirinha - AM;1300508;AM;30658;Receitas Brutas Realizadas;1.2.3.0.00.00.00 - Contribuição para Custeio do Serviço de Iluminação Pública;siconfi-cor_RO1.2.3.0.00.00.00;458721,81
Prefeitura Municipal de Barreirinha - AM;1300508;AM;30658;Receitas Brutas Realizadas;1.3.0.0.00.00.00 - Receita Patrimonial;siconfi-cor_RO1.3.0.0.00.00.00;2043413,56
Prefeitura Municipal de Barreirinha - AM;1300508;AM;30658;Receitas Brutas Realizadas;1.3.2.0.00.00.00 - Receitas de Valores Mobiliários;siconfi-cor_RO1.3.2.0.00.00.00;2043413,56
Prefeitura Municipal de Barreirinha - AM;1300508;AM;30658;Receitas Brutas Realizadas;1.3.2.5.00.00.00 - Remuneração de Depósitos Bancários;siconfi-cor_RO1.3.2.5.00.00.00;598193,3
Prefeitura Municipal de Barreirinha - AM;1300508;AM;30658;Receitas Brutas Realizadas;1.3.2.8.00.00.00 - Remuneração dos Investimentos do Regime Próprio de Previdência do Servidor;siconfi-cor_RO1.3.2.8.00.00.00;1445220,26
Prefeitura Municipal de Barreirinha - AM;1300508;AM;30658;Receitas Brutas Realizadas;1.6.0.0.00.00.00 - Receita de Serviços;siconfi-cor_RO1.6.0.0.00.00.00;105
Prefeitura Municipal de Barreirinha - AM;1300508;AM;30658;Receitas Brutas Realizadas;1.6.0.0.40.00.00 - Serviços de Certificação e Homologação de Produtos de Telecomunicações;siconfi-cor_RO1.6.0.0.40.00.00;105
Prefeitura Municipal de Barreirinha - AM;1300508;AM;30658;Receitas Brutas Realizadas;1.7.0.0.00.00.00 - Transferências Correntes;siconfi-cor_RO1.7.0.0.00.00.00;59721345,64
Prefeitura Municipal de Barreirinha - AM;1300508;AM;30658;Receitas Brutas Realizadas;1.7.2.0.00.00.00 - Transferências Intergovernamentais;siconfi-cor_RO1.7.2.0.00.00.00;59721345,64
Prefeitura Municipal de Barreirinha - AM;1300508;AM;30658;Receitas Brutas Realizadas;1.7.2.1.00.00.00 - Transferências da União;siconfi-cor_RO1.7.2.1.00.00.00;27011327,83
Prefeitura Municipal de Barreirinha - AM;1300508;AM;30658;Receitas Brutas Realizadas;1.7.2.1.01.00.00 - Participação na Receita da União;siconfi-cor_RO1.7.2.1.01.00.00;19108665,29
Prefeitura Municipal de Barreirinha - AM;1300508;AM;30658;Receitas Brutas Realizadas;1.7.2.1.01.02.00 - Cota-Parte do Fundo de Participação dos Municípios ¿ FPM;siconfi-cor_RO1.7.2.1.01.02.00;19108665,29
Prefeitura Municipal de Barreirinha - AM;1300508;AM;30658;Receitas Brutas Realizadas;1.7.2.1.22.00.00 - Transferências da Compensação Financeira pela Exploração de Recursos Naturais;siconfi-cor_RO1.7.2.1.22.00.00;232556,52
Prefeitura Municipal de Barreirinha - AM;1300508;AM;30658;Receitas Brutas Realizadas;1.7.2.1.22.11.00 - Cota-Parte da Compensação Financeira de Recursos Hídricos;siconfi-cor_RO1.7.2.1.22.11.00;232556,52
Prefeitura Municipal de Barreirinha - AM;1300508;AM;30658;Receitas Brutas Realizadas;1.7.2.1.33.00.00 - Transferências de Recursos do Sistema Único de Saúde - SUS - Repasses Fundo a Fundo;siconfi-cor_RO1.7.2.1.33.00.00;7631333,25
Prefeitura Municipal de Barreirinha - AM;1300508;AM;30658;Receitas Brutas Realizadas;1.7.2.1.99.00.00 - Outras Transferências da União;siconfi-cor_RO1.7.2.1.99.00.00;38772,77
Prefeitura Municipal de Barreirinha - AM;1300508;AM;30658;Receitas Brutas Realizadas;1.7.2.2.00.00.00 - Transferências dos Estados;siconfi-cor_RO1.7.2.2.00.00.00;7563290,79
Prefeitura Municipal de Barreirinha - AM;1300508;AM;30658;Receitas Brutas Realizadas;1.7.2.2.01.00.00 - Participação na Receita dos Estados;siconfi-cor_RO1.7.2.2.01.00.00;7176549,93
Prefeitura Municipal de Barreirinha - AM;1300508;AM;30658;Receitas Brutas Realizadas;1.7.2.2.01.01.00 - Cota-Parte do ICMS;siconfi-cor_RO1.7.2.2.01.01.00;7176549,93
Prefeitura Municipal de Barreirinha - AM;1300508;AM;30658;Receitas Brutas Realizadas;1.7.2.2.33.00.00 - Transferências de Recursos do Estado para Programas de Saúde - Repasse Fundo a Fundo;siconfi-cor_RO1.7.2.2.33.00.00;386740,86
Prefeitura Municipal de Barreirinha - AM;1300508;AM;30658;Receitas Brutas Realizadas;1.7.2.4.00.00.00 - Transferências Multigovernamentais;siconfi-cor_RO1.7.2.4.00.00.00;25146727,02
Prefeitura Municipal de Barreirinha - AM;1300508;AM;30658;Receitas Brutas Realizadas;1.7.2.4.01.00.00 - Transferências de Recursos do Fundo de Manutenção e Desenvolvimento do Ensino Fundamental e de Valorização do Magistério - FUNDEB;siconfi-cor_RO1.7.2.4.01.00.00;25146727,02
Prefeitura Municipal de Barreirinha - AM;1300508;AM;30658;Receitas Brutas Realizadas;1.9.0.0.00.00.00 - Outras Receitas Correntes;siconfi-cor_RO1.9.0.0.00.00.00;5034,74
Prefeitura Municipal de Barreirinha - AM;1300508;AM;30658;Receitas Brutas Realizadas;1.9.1.0.00.00.00 - Multas e Juros de Mora;siconfi-cor_RO1.9.1.0.00.00.00;5034,74
Prefeitura Municipal de Barreirinha - AM;1300508;AM;30658;Receitas Brutas Realizadas;1.9.1.2.00.00.00 - Multas e Juros de Mora das Contribuições;siconfi-cor_RO1.9.1.2.00.00.00;5034,74
Prefeitura Municipal de Barreirinha - AM;1300508;AM;30658;Receitas Brutas Realizadas;1.9.1.2.29.00.00 - Multas e Juros de Mora das Contribuições para o Regime Próprio de Previdência do Servidor;siconfi-cor_RO1.9.1.2.29.00.00;5034,74
Prefeitura Municipal de Barreirinha - AM;1300508;AM;30658;Receitas Brutas Realizadas;2.0.0.0.00.00.00 - Receitas de Capital;siconfi-cor_RO2.0.0.0.00.00.00;951115
Prefeitura Municipal de Barreirinha - AM;1300508;AM;30658;Receitas Brutas Realizadas;2.4.0.0.00.00.00 - Transferências de Capital;siconfi-cor_RO2.4.0.0.00.00.00;951115
Prefeitura Municipal de Barreirinha - AM;1300508;AM;30658;Receitas Brutas Realizadas;2.4.7.0.00.00.00 - Transferências de Convênios;siconfi-cor_RO2.4.7.0.00.00.00;951115
Prefeitura Municipal de Barreirinha - AM;1300508;AM;30658;Receitas Brutas Realizadas;2.4.7.1.00.00.00 - Transferências de Convênios da União e de suas Entidades;siconfi-cor_RO2.4.7.1.00.00.00;551115
Prefeitura Municipal de Barreirinha - AM;1300508;AM;30658;Receitas Brutas Realizadas;2.4.7.1.01.00.00 - Transferências de Convênios da União para o Sistema Único de Saúde - SUS;siconfi-cor_RO2.4.7.1.01.00.00;551115
Prefeitura Municipal de Barreirinha - AM;1300508;AM;30658;Receitas Brutas Realizadas;2.4.7.2.00.00.00 - Transferências de Convênios dos Estados e do Distrito Federal e de suas Entidades;siconfi-cor_RO2.4.7.2.00.00.00;400000
Prefeitura Municipal de Barreirinha - AM;1300508;AM;30658;Receitas Brutas Realizadas;2.4.7.2.01.00.00 - Transferências de Convênios dos Estados para o Sistema Único de Saúde - SUS;siconfi-cor_RO2.4.7.2.01.00.00;400000
Prefeitura Municipal de Barreirinha - AM;1300508;AM;30658;Receitas Brutas Realizadas;7.0.0.0.00.00.00 - Receitas Correntes Intraorçamentárias;siconfi-cor_RI7.0.0.0.00.00.00;209141,24
Prefeitura Municipal de Barreirinha - AM;1300508;AM;30658;Receitas Brutas Realizadas;7.2.0.0.00.00.00 - Receitas de Contribuições Intraorçamentárias;siconfi-cor_RI7.2.0.0.00.00.00;209141,24
Prefeitura Municipal de Barreirinha - AM;1300508;AM;30658;Receitas Brutas Realizadas;7.2.1.0.00.00.00 - Contribuições Sociais Intraorçamentárias;siconfi-cor_RI7.2.1.0.00.00.00;209141,24
Prefeitura Municipal de Barreirinha - AM;1300508;AM;30658;Receitas Brutas Realizadas;7.2.1.0.29.00.00 - Contribuições para o Regime Próprio de Previdência do Servidor Público Intraorçamentárias;siconfi-cor_RI7.2.1.0.29.00.00;209141,24
Prefeitura Municipal de Barreirinha - AM;1300508;AM;30658;Receitas Brutas Realizadas;7.2.1.0.29.01.00 - Contribuição Patronal de Servidor Ativo Civil para o Regime Próprio Intraorçamentária;siconfi-cor_RI7.2.1.0.29.01.00;209141,24
Prefeitura Municipal de Barreirinha - AM;1300508;AM;30658;Deduções - Transferências Constitucionais;Total Receitas;siconfi-cor_TotalReceitas;4987011,64
Prefeitura Municipal de Barreirinha - AM;1300508;AM;30658;Deduções - Transferências Constitucionais;1.0.0.0.00.00.00 - Receitas Correntes;siconfi-cor_RO1.0.0.0.00.00.00;4987011,64
Prefeitura Municipal de Barreirinha - AM;1300508;AM;30658;Deduções - Transferências Constitucionais;1.7.0.0.00.00.00 - Transferências Correntes;siconfi-cor_RO1.7.0.0.00.00.00;4987011,64
Prefeitura Municipal de Barreirinha - AM;1300508;AM;30658;Deduções - Transferências Constitucionais;1.7.2.0.00.00.00 - Transferências Intergovernamentais;siconfi-cor_RO1.7.2.0.00.00.00;4987011,64
Prefeitura Municipal de Barreirinha - AM;1300508;AM;30658;Deduções - Transferências Constitucionais;1.7.2.1.00.00.00 - Transferências da União;siconfi-cor_RO1.7.2.1.00.00.00;3562815,98
Prefeitura Municipal de Barreirinha - AM;1300508;AM;30658;Deduções - Transferências Constitucionais;1.7.2.1.01.00.00 - Participação na Receita da União;siconfi-cor_RO1.7.2.1.01.00.00;3558892,94
Prefeitura Municipal de Barreirinha - AM;1300508;AM;30658;Deduções - Transferências Constitucionais;1.7.2.1.01.02.00 - Cota-Parte do Fundo de Participação dos Municípios ¿ FPM;siconfi-cor_RO1.7.2.1.01.02.00;3558892,94
Prefeitura Municipal de Barreirinha - AM;1300508;AM;30658;Deduções - Transferências Constitucionais;1.7.2.1.33.00.00 - Transferências de Recursos do Sistema Único de Saúde - SUS - Repasses Fundo a Fundo;siconfi-cor_RO1.7.2.1.33.00.00;3923,04
Prefeitura Municipal de Barreirinha - AM;1300508;AM;30658;Deduções - Transferências Constitucionais;1.7.2.2.00.00.00 - Transferências dos Estados;siconfi-cor_RO1.7.2.2.00.00.00;1424195,66
Prefeitura Municipal de Barreirinha - AM;1300508;AM;30658;Deduções - Transferências Constitucionais;1.7.2.2.01.00.00 - Participação na Receita dos Estados;siconfi-cor_RO1.7.2.2.01.00.00;1424195,66
Prefeitura Municipal de Barreirinha - AM;1300508;AM;30658;Deduções - Transferências Constitucionais;1.7.2.2.01.01.00 - Cota-Parte do ICMS;siconfi-cor_RO1.7.2.2.01.01.00;1424195,66
Prefeitura Municipal de Lábrea - AM;1302405;AM;43263;Receitas Brutas Realizadas;Total Receitas;siconfi-cor_TotalReceitas;73671621,66
Prefeitura Municipal de Lábrea - AM;1302405;AM;43263;Receitas Brutas Realizadas;1.0.0.0.00.00.00 - Receitas Correntes;siconfi-cor_RO1.0.0.0.00.00.00;71705046,53
Prefeitura Municipal de Lábrea - AM;1302405;AM;43263;Receitas Brutas Realizadas;1.1.0.0.00.00.00 - Receita Tributária;siconfi-cor_RO1.1.0.0.00.00.00;2433001,82
Prefeitura Municipal de Lábrea - AM;1302405;AM;43263;Receitas Brutas Realizadas;1.1.1.0.00.00.00 - Impostos;siconfi-cor_RO1.1.1.0.00.00.00;2420461,31
Prefeitura Municipal de Lábrea - AM;1302405;AM;43263;Receitas Brutas Realizadas;1.1.1.2.00.00.00 - Impostos sobre o Patrimônio e a Renda;siconfi-cor_RO1.1.1.2.00.00.00;346787,41
Prefeitura Municipal de Lábrea - AM;1302405;AM;43263;Receitas Brutas Realizadas;1.1.1.2.02.00.00 - Imposto sobre a Propriedade Predial e Territorial Urbana ¿ IPTU;siconfi-cor_RO1.1.1.2.02.00.00;181,63
Prefeitura Municipal de Lábrea - AM;1302405;AM;43263;Receitas Brutas Realizadas;1.1.1.2.04.00.00 - Imposto sobre a Renda e Proventos de Qualquer Natureza ¿ IR;siconfi-cor_RO1.1.1.2.04.00.00;346605,78
Prefeitura Municipal de Lábrea - AM;1302405;AM;43263;Receitas Brutas Realizadas;1.1.1.2.04.31.00 - Retido nas Fontes - Trabalho;siconfi-cor_RO1.1.1.2.04.31.00;171237,23
Prefeitura Municipal de Lábrea - AM;1302405;AM;43263;Receitas Brutas Realizadas;1.1.1.2.04.34.00 - Retido nas Fontes - Outros Rendimentos;siconfi-cor_RO1.1.1.2.04.34.00;175368,55
Prefeitura Municipal de Lábrea - AM;1302405;AM;43263;Receitas Brutas Realizadas;1.1.1.3.00.00.00 - Impostos sobre a Produção e a Circulação;siconfi-cor_RO1.1.1.3.00.00.00;2073673,9
Prefeitura Municipal de Lábrea - AM;1302405;AM;43263;Receitas Brutas Realizadas;1.1.1.3.05.00.00 - Imposto sobre Serviços de Qualquer Natureza ¿ ISSQN;siconfi-cor_RO1.1.1.3.05.00.00;2073673,9
Prefeitura Municipal de Lábrea - AM;1302405;AM;43263;Receitas Brutas Realizadas;1.1.3.0.00.00.00 - Contribuição de Melhoria;siconfi-cor_RO1.1.3.0.00.00.00;12540,51
Prefeitura Municipal de Lábrea - AM;1302405;AM;43263;Receitas Brutas Realizadas;1.1.3.0.02.00.00 - Contribuição de Melhoria para Expansão da Rede de Iluminação Pública na Cidade;siconfi-cor_RO1.1.3.0.02.00.00;12540,51
Prefeitura Municipal de Lábrea - AM;1302405;AM;43263;Receitas Brutas Realizadas;1.2.0.0.00.00.00 - Receitas de Contribuições;siconfi-cor_RO1.2.0.0.00.00.00;29289,29
Prefeitura Municipal de Lábrea - AM;1302405;AM;43263;Receitas Brutas Realizadas;1.2.3.0.00.00.00 - Contribuição para Custeio do Serviço de Iluminação Pública;siconfi-cor_RO1.2.3.0.00.00.00;29289,29
Prefeitura Municipal de Lábrea - AM;1302405;AM;43263;Receitas Brutas Realizadas;1.3.0.0.00.00.00 - Receita Patrimonial;siconfi-cor_RO1.3.0.0.00.00.00;307721,29
Prefeitura Municipal de Lábrea - AM;1302405;AM;43263;Receitas Brutas Realizadas;1.3.2.0.00.00.00 - Receitas de Valores Mobiliários;siconfi-cor_RO1.3.2.0.00.00.00;307721,29
Prefeitura Municipal de Lábrea - AM;1302405;AM;43263;Receitas Brutas Realizadas;1.3.2.5.00.00.00 - Remuneração de Depósitos Bancários;siconfi-cor_RO1.3.2.5.00.00.00;307721,29
Prefeitura Municipal de Lábrea - AM;1302405;AM;43263;Receitas Brutas Realizadas;1.7.0.0.00.00.00 - Transferências Correntes;siconfi-cor_RO1.7.0.0.00.00.00;68862939,14
Prefeitura Municipal de Lábrea - AM;1302405;AM;43263;Receitas Brutas Realizadas;1.7.2.0.00.00.00 - Transferências Intergovernamentais;siconfi-cor_RO1.7.2.0.00.00.00;68862939,14
Prefeitura Municipal de Lábrea - AM;1302405;AM;43263;Receitas Brutas Realizadas;1.7.2.1.00.00.00 - Transferências da União;siconfi-cor_RO1.7.2.1.00.00.00;29936225,99
Prefeitura Municipal de Lábrea - AM;1302405;AM;43263;Receitas Brutas Realizadas;1.7.2.1.01.00.00 - Participação na Receita da União;siconfi-cor_RO1.7.2.1.01.00.00;21585301,78
Prefeitura Municipal de Lábrea - AM;1302405;AM;43263;Receitas Brutas Realizadas;1.7.2.1.01.02.00 - Cota-Parte do Fundo de Participação dos Municípios ¿ FPM;siconfi-cor_RO1.7.2.1.01.02.00;20068030,24
Prefeitura Municipal de Lábrea - AM;1302405;AM;43263;Receitas Brutas Realizadas;1.7.2.1.01.03.00 - Cota-Parte do Fundo de Participação dos Municípios - 1% Cota Anual;siconfi-cor_RO1.7.2.1.01.03.00;834060,02
Prefeitura Municipal de Lábrea - AM;1302405;AM;43263;Receitas Brutas Realizadas;1.7.2.1.01.04.00 - Cota-Parte do Fundo de Participação dos Municípios - 1% Cota entregue no mês de julho (67)(I);siconfi-cor_RO1.7.2.1.01.04.00;592740,68
Prefeitura Municipal de Lábrea - AM;1302405;AM;43263;Receitas Brutas Realizadas;1.7.2.1.01.05.00 - Cota-Parte do Imposto Sobre a Propriedade Territorial Rural ¿ ITR;siconfi-cor_RO1.7.2.1.01.05.00;90470,84
Prefeitura Municipal de Lábrea - AM;1302405;AM;43263;Receitas Brutas Realizadas;1.7.2.1.22.00.00 - Transferências da Compensação Financeira pela Exploração de Recursos Naturais;siconfi-cor_RO1.7.2.1.22.00.00;322109,31
Prefeitura Municipal de Lábrea - AM;1302405;AM;43263;Receitas Brutas Realizadas;1.7.2.1.22.20.00 - Cota-Parte da Compensação Financeira de Recursos Minerais - CFEM;siconfi-cor_RO1.7.2.1.22.20.00;87712,98
Prefeitura Municipal de Lábrea - AM;1302405;AM;43263;Receitas Brutas Realizadas;1.7.2.1.22.70.00 - Cota-Parte do Fundo Especial do Petróleo ¿ FEP;siconfi-cor_RO1.7.2.1.22.70.00;169318,51
Prefeitura Municipal de Lábrea - AM;1302405;AM;43263;Receitas Brutas Realizadas;1.7.2.1.22.90.00 - Outras Transferências Decorrentes de Compensação Financeira pela Exploração de Recursos Naturais;siconfi-cor_RO1.7.2.1.22.90.00;65077,82
Prefeitura Municipal de Lábrea - AM;1302405;AM;43263;Receitas Brutas Realizadas;1.7.2.1.33.00.00 - Transferências de Recursos do Sistema Único de Saúde - SUS - Repasses Fundo a Fundo;siconfi-cor_RO1.7.2.1.33.00.00;5214280,34
Prefeitura Municipal de Lábrea - AM;1302405;AM;43263;Receitas Brutas Realizadas;1.7.2.1.34.00.00 - Transferências de Recursos do Fundo Nacional de Assistência Social ¿ FNAS;siconfi-cor_RO1.7.2.1.34.00.00;695228,69
Prefeitura Municipal de Lábrea - AM;1302405;AM;43263;Receitas Brutas Realizadas;1.7.2.1.35.00.00 - Transferências de Recursos do Fundo Nacional do Desenvolvimento da Educação ¿ FNDE;siconfi-cor_RO1.7.2.1.35.00.00;2082130,95
Prefeitura Municipal de Lábrea - AM;1302405;AM;43263;Receitas Brutas Realizadas;1.7.2.1.36.00.00 - Transferências Financeiras do ICMS ¿ Desoneração ¿ L.C. Nº 87/96;siconfi-cor_RO1.7.2.1.36.00.00;37174,92
Prefeitura Municipal de Lábrea - AM;1302405;AM;43263;Receitas Brutas Realizadas;1.7.2.2.00.00.00 - Transferências dos Estados;siconfi-cor_RO1.7.2.2.00.00.00;13822839,5
Prefeitura Municipal de Lábrea - AM;1302405;AM;43263;Receitas Brutas Realizadas;1.7.2.2.01.00.00 - Participação na Receita dos Estados;siconfi-cor_RO1.7.2.2.01.00.00;13667335,61
Prefeitura Municipal de Lábrea - AM;1302405;AM;43263;Receitas Brutas Realizadas;1.7.2.2.01.01.00 - Cota-Parte do ICMS;siconfi-cor_RO1.7.2.2.01.01.00;13416048,14
Prefeitura Municipal de Lábrea - AM;1302405;AM;43263;Receitas Brutas Realizadas;1.7.2.2.01.02.00 - Cota-Parte do IPVA;siconfi-cor_RO1.7.2.2.01.02.00;128367,7
Prefeitura Municipal de Lábrea - AM;1302405;AM;43263;Receitas Brutas Realizadas;1.7.2.2.01.04.00 - Cota-Parte do IPI - Municípios;siconfi-cor_RO1.7.2.2.01.04.00;53746,99
Prefeitura Municipal de Lábrea - AM;1302405;AM;43263;Receitas Brutas Realizadas;1.7.2.2.01.13.00 - Cota-Parte da Contribuição de Intervenção no Domínio Econômico;siconfi-cor_RO1.7.2.2.01.13.00;69172,78
Prefeitura Municipal de Lábrea - AM;1302405;AM;43263;Receitas Brutas Realizadas;1.7.2.2.22.00.00 - Transferências da Cota-Parte da Compensação Financeira (25%);siconfi-cor_RO1.7.2.2.22.00.00;155503,89
Prefeitura Municipal de Lábrea - AM;1302405;AM;43263;Receitas Brutas Realizadas;1.7.2.2.22.30.00 - Cota-Parte Royalties - Compensação Financeira pela Produção de Petróleo - Lei nº 7.990/89 artigo 9º;siconfi-cor_RO1.7.2.2.22.30.00;155503,89
Prefeitura Municipal de Lábrea - AM;1302405;AM;43263;Receitas Brutas Realizadas;1.7.2.4.00.00.00 - Transferências Multigovernamentais;siconfi-cor_RO1.7.2.4.00.00.00;25103873,65
Prefeitura Municipal de Lábrea - AM;1302405;AM;43263;Receitas Brutas Realizadas;1.7.2.4.01.00.00 - Transferências de Recursos do Fundo de Manutenção e Desenvolvimento do Ensino Fundamental e de Valorização do Magistério - FUNDEB;siconfi-cor_RO1.7.2.4.01.00.00;20408188,35
Prefeitura Municipal de Lábrea - AM;1302405;AM;43263;Receitas Brutas Realizadas;1.7.2.4.02.00.00 - Transferências de Recursos da Complementação ao Fundo de Manutenção e Desenvolvimento do Ensino Fundamental e de Valorização do Magistério - FUNDEB;siconfi-cor_RO1.7.2.4.02.00.00;4695685,3
Prefeitura Municipal de Lábrea - AM;1302405;AM;43263;Receitas Brutas Realizadas;1.9.0.0.00.00.00 - Outras Receitas Correntes;siconfi-cor_RO1.9.0.0.00.00.00;72094,99
Prefeitura Municipal de Lábrea - AM;1302405;AM;43263;Receitas Brutas Realizadas;1.9.9.0.00.00.00 - Receitas Diversas;siconfi-cor_RO1.9.9.0.00.00.00;72094,99
Prefeitura Municipal de Lábrea - AM;1302405;AM;43263;Receitas Brutas Realizadas;1.9.9.0.99.00.00 - Outras Receitas;siconfi-cor_RO1.9.9.0.99.00.00;72094,99
Prefeitura Municipal de Lábrea - AM;1302405;AM;43263;Receitas Brutas Realizadas;2.0.0.0.00.00.00 - Receitas de Capital;siconfi-cor_RO2.0.0.0.00.00.00;1966575,13
Prefeitura Municipal de Lábrea - AM;1302405;AM;43263;Receitas Brutas Realizadas;2.4.0.0.00.00.00 - Transferências de Capital;siconfi-cor_RO2.4.0.0.00.00.00;1966575,13
Prefeitura Municipal de Lábrea - AM;1302405;AM;43263;Receitas Brutas Realizadas;2.4.2.0.00.00.00 - Transferências Intergovernamentais;siconfi-cor_RO2.4.2.0.00.00.00;629075,13
Prefeitura Municipal de Lábrea - AM;1302405;AM;43263;Receitas Brutas Realizadas;2.4.2.1.00.00.00 - Transferências da União;siconfi-cor_RO2.4.2.1.00.00.00;629075,13
Prefeitura Municipal de Lábrea - AM;1302405;AM;43263;Receitas Brutas Realizadas;2.4.2.1.01.00.00 - Participação na Receita da União;siconfi-cor_RO2.4.2.1.01.00.00;160000
Prefeitura Municipal de Lábrea - AM;1302405;AM;43263;Receitas Brutas Realizadas;2.4.2.1.02.00.00 - Transferências de Recursos Destinados a Programas de Educação;siconfi-cor_RO2.4.2.1.02.00.00;469075,13
Prefeitura Municipal de Lábrea - AM;1302405;AM;43263;Receitas Brutas Realizadas;2.4.7.0.00.00.00 - Transferências de Convênios;siconfi-cor_RO2.4.7.0.00.00.00;1337500
Prefeitura Municipal de Lábrea - AM;1302405;AM;43263;Receitas Brutas Realizadas;2.4.7.1.00.00.00 - Transferências de Convênios da União e de suas Entidades;siconfi-cor_RO2.4.7.1.00.00.00;1337500
Prefeitura Municipal de Lábrea - AM;1302405;AM;43263;Receitas Brutas Realizadas;2.4.7.1.99.00.00 - Outras Transferências de Convênios da União;siconfi-cor_RO2.4.7.1.99.00.00;1337500
Prefeitura Municipal de Lábrea - AM;1302405;AM;43263;Deduções - FUNDEB;Total Receitas;siconfi-cor_TotalReceitas;-6748534,8
Prefeitura Municipal de Lábrea - AM;1302405;AM;43263;Deduções - FUNDEB;1.0.0.0.00.00.00 - Receitas Correntes;siconfi-cor_RO1.0.0.0.00.00.00;-6748534,8
Prefeitura Municipal de Lábrea - AM;1302405;AM;43263;Deduções - FUNDEB;1.7.0.0.00.00.00 - Transferências Correntes;siconfi-cor_RO1.7.0.0.00.00.00;-6748534,8
Prefeitura Municipal de Lábrea - AM;1302405;AM;43263;Deduções - FUNDEB;1.7.2.0.00.00.00 - Transferências Intergovernamentais;siconfi-cor_RO1.7.2.0.00.00.00;-6748534,8
Prefeitura Municipal de Lábrea - AM;1302405;AM;43263;Deduções - FUNDEB;1.7.2.1.00.00.00 - Transferências da União;siconfi-cor_RO1.7.2.1.00.00.00;-4028800,15
Prefeitura Municipal de Lábrea - AM;1302405;AM;43263;Deduções - FUNDEB;1.7.2.1.01.00.00 - Participação na Receita da União;siconfi-cor_RO1.7.2.1.01.00.00;-4021365,19
Prefeitura Municipal de Lábrea - AM;1302405;AM;43263;Deduções - FUNDEB;1.7.2.1.01.02.00 - Cota-Parte do Fundo de Participação dos Municípios ¿ FPM;siconfi-cor_RO1.7.2.1.01.02.00;-4003271,17
Prefeitura Municipal de Lábrea - AM;1302405;AM;43263;Deduções - FUNDEB;1.7.2.1.01.05.00 - Cota-Parte do Imposto Sobre a Propriedade Territorial Rural ¿ ITR;siconfi-cor_RO1.7.2.1.01.05.00;-18094,02
Prefeitura Municipal de Lábrea - AM;1302405;AM;43263;Deduções - FUNDEB;1.7.2.1.36.00.00 - Transferências Financeiras do ICMS ¿ Desoneração ¿ L.C. Nº 87/96;siconfi-cor_RO1.7.2.1.36.00.00;-7434,96
Prefeitura Municipal de Lábrea - AM;1302405;AM;43263;Deduções - FUNDEB;1.7.2.2.00.00.00 - Transferências dos Estados;siconfi-cor_RO1.7.2.2.00.00.00;-2719734,65
Prefeitura Municipal de Lábrea - AM;1302405;AM;43263;Deduções - FUNDEB;1.7.2.2.01.00.00 - Participação na Receita dos Estados;siconfi-cor_RO1.7.2.2.01.00.00;-2719734,65
Prefeitura Municipal de Lábrea - AM;1302405;AM;43263;Deduções - FUNDEB;1.7.2.2.01.01.00 - Cota-Parte do ICMS;siconfi-cor_RO1.7.2.2.01.01.00;-2683209,63
Prefeitura Municipal de Lábrea - AM;1302405;AM;43263;Deduções - FUNDEB;1.7.2.2.01.02.00 - Cota-Parte do IPVA;siconfi-cor_RO1.7.2.2.01.02.00;-25673,51
Prefeitura Municipal de Lábrea - AM;1302405;AM;43263;Deduções - FUNDEB;1.7.2.2.01.04.00 - Cota-Parte do IPI - Municípios;siconfi-cor_RO1.7.2.2.01.04.00;-10851,51
Prefeitura Municipal de Itacoatiara - AM;1301902;AM;97122;Receitas Brutas Realizadas;Total Receitas;siconfi-cor_TotalReceitas;195691410,6
Prefeitura Municipal de Itacoatiara - AM;1301902;AM;97122;Receitas Brutas Realizadas;1.0.0.0.00.00.00 - Receitas Correntes;siconfi-cor_RO1.0.0.0.00.00.00;182362786,4
Prefeitura Municipal de Itacoatiara - AM;1301902;AM;97122;Receitas Brutas Realizadas;1.1.0.0.00.00.00 - Receita Tributária;siconfi-cor_RO1.1.0.0.00.00.00;14383834,18
Prefeitura Municipal de Itacoatiara - AM;1301902;AM;97122;Receitas Brutas Realizadas;1.1.1.0.00.00.00 - Impostos;siconfi-cor_RO1.1.1.0.00.00.00;14093841,96
Prefeitura Municipal de Itacoatiara - AM;1301902;AM;97122;Receitas Brutas Realizadas;1.1.1.2.00.00.00 - Impostos sobre o Patrimônio e a Renda;siconfi-cor_RO1.1.1.2.00.00.00;1656548,1
Prefeitura Municipal de Itacoatiara - AM;1301902;AM;97122;Receitas Brutas Realizadas;1.1.1.2.02.00.00 - Imposto sobre a Propriedade Predial e Territorial Urbana ¿ IPTU;siconfi-cor_RO1.1.1.2.02.00.00;114040,02
Prefeitura Municipal de Itacoatiara - AM;1301902;AM;97122;Receitas Brutas Realizadas;1.1.1.2.04.00.00 - Imposto sobre a Renda e Proventos de Qualquer Natureza ¿ IR;siconfi-cor_RO1.1.1.2.04.00.00;1460535,43
Prefeitura Municipal de Itacoatiara - AM;1301902;AM;97122;Receitas Brutas Realizadas;1.1.1.2.04.31.00 - Retido nas Fontes - Trabalho;siconfi-cor_RO1.1.1.2.04.31.00;786717,92
Prefeitura Municipal de Itacoatiara - AM;1301902;AM;97122;Receitas Brutas Realizadas;1.1.1.2.04.34.00 - Retido nas Fontes - Outros Rendimentos;siconfi-cor_RO1.1.1.2.04.34.00;673817,51
Prefeitura Municipal de Itacoatiara - AM;1301902;AM;97122;Receitas Brutas Realizadas;"1.1.1.2.08.00.00 - Imposto sobre Transmissão Inter Vivos"" de Bens Imóveis e de Direitos Reais sobre Imóveis ¿ ITBI""";siconfi-cor_RO1.1.1.2.08.00.00;81972,65
Prefeitura Municipal de Itacoatiara - AM;1301902;AM;97122;Receitas Brutas Realizadas;1.1.1.3.00.00.00 - Impostos sobre a Produção e a Circulação;siconfi-cor_RO1.1.1.3.00.00.00;12437293,86
Prefeitura Municipal de Itacoatiara - AM;1301902;AM;97122;Receitas Brutas Realizadas;1.1.1.3.05.00.00 - Imposto sobre Serviços de Qualquer Natureza ¿ ISSQN;siconfi-cor_RO1.1.1.3.05.00.00;12437293,86
Prefeitura Municipal de Itacoatiara - AM;1301902;AM;97122;Receitas Brutas Realizadas;1.1.2.0.00.00.00 - Taxas;siconfi-cor_RO1.1.2.0.00.00.00;289992,22
Prefeitura Municipal de Itacoatiara - AM;1301902;AM;97122;Receitas Brutas Realizadas;1.1.2.1.00.00.00 - Taxas pelo Exercício do Poder de Polícia;siconfi-cor_RO1.1.2.1.00.00.00;242306,01
Prefeitura Municipal de Itacoatiara - AM;1301902;AM;97122;Receitas Brutas Realizadas;1.1.2.2.00.00.00 - Taxas pela Prestação de Serviços;siconfi-cor_RO1.1.2.2.00.00.00;47686,21
Prefeitura Municipal de Itacoatiara - AM;1301902;AM;97122;Receitas Brutas Realizadas;1.1.2.2.99.00.00 - Outras Taxas pela Prestação de Serviços;siconfi-cor_RO1.1.2.2.99.00.00;47686,21
Prefeitura Municipal de Itacoatiara - AM;1301902;AM;97122;Receitas Brutas Realizadas;1.2.0.0.00.00.00 - Receitas de Contribuições;siconfi-cor_RO1.2.0.0.00.00.00;6959934,18
Prefeitura Municipal de Itacoatiara - AM;1301902;AM;97122;Receitas Brutas Realizadas;1.2.1.0.00.00.00 - Contribuições Sociais;siconfi-cor_RO1.2.1.0.00.00.00;4813976
Prefeitura Municipal de Itacoatiara - AM;1301902;AM;97122;Receitas Brutas Realizadas;1.2.1.0.29.00.00 - Contribuições para o Regime Próprio de Previdência do Servidor Público;siconfi-cor_RO1.2.1.0.29.00.00;4813976
Prefeitura Municipal de Itacoatiara - AM;1301902;AM;97122;Receitas Brutas Realizadas;1.2.1.0.29.07.00 - Contribuição do Servidor Ativo Civil para o Regime Próprio;siconfi-cor_RO1.2.1.0.29.07.00;4795719,19
Prefeitura Municipal de Itacoatiara - AM;1301902;AM;97122;Receitas Brutas Realizadas;1.2.1.0.29.09.00 - Contribuições do Servidor Inativo Civil para o Regime Próprio;siconfi-cor_RO1.2.1.0.29.09.00;18256,81
Prefeitura Municipal de Itacoatiara - AM;1301902;AM;97122;Receitas Brutas Realizadas;1.2.3.0.00.00.00 - Contribuição para Custeio do Serviço de Iluminação Pública;siconfi-cor_RO1.2.3.0.00.00.00;2145958,18
Prefeitura Municipal de Itacoatiara - AM;1301902;AM;97122;Receitas Brutas Realizadas;1.3.0.0.00.00.00 - Receita Patrimonial;siconfi-cor_RO1.3.0.0.00.00.00;392399,13
Prefeitura Municipal de Itacoatiara - AM;1301902;AM;97122;Receitas Brutas Realizadas;1.3.2.0.00.00.00 - Receitas de Valores Mobiliários;siconfi-cor_RO1.3.2.0.00.00.00;392399,13
Prefeitura Municipal de Itacoatiara - AM;1301902;AM;97122;Receitas Brutas Realizadas;1.3.2.5.00.00.00 - Remuneração de Depósitos Bancários;siconfi-cor_RO1.3.2.5.00.00.00;338951,89
Prefeitura Municipal de Itacoatiara - AM;1301902;AM;97122;Receitas Brutas Realizadas;1.3.2.8.00.00.00 - Remuneração dos Investimentos do Regime Próprio de Previdência do Servidor;siconfi-cor_RO1.3.2.8.00.00.00;53447,24
Prefeitura Municipal de Itacoatiara - AM;1301902;AM;97122;Receitas Brutas Realizadas;1.6.0.0.00.00.00 - Receita de Serviços;siconfi-cor_RO1.6.0.0.00.00.00;2585140,11
Prefeitura Municipal de Itacoatiara - AM;1301902;AM;97122;Receitas Brutas Realizadas;1.6.0.0.41.00.00 - Serviços de Captação, Adução, Tratamento, Reserva e Distribuição de Água;siconfi-cor_RO1.6.0.0.41.00.00;2576613,6
Prefeitura Municipal de Itacoatiara - AM;1301902;AM;97122;Receitas Brutas Realizadas;1.6.0.0.48.00.00 - Serviços de Religamento de Água;siconfi-cor_RO1.6.0.0.48.00.00;501,65
Prefeitura Municipal de Itacoatiara - AM;1301902;AM;97122;Receitas Brutas Realizadas;1.6.0.0.99.00.00 - Outros Serviços;siconfi-cor_RO1.6.0.0.99.00.00;8024,86
Prefeitura Municipal de Itacoatiara - AM;1301902;AM;97122;Receitas Brutas Realizadas;1.7.0.0.00.00.00 - Transferências Correntes;siconfi-cor_RO1.7.0.0.00.00.00;157188760,4
Prefeitura Municipal de Itacoatiara - AM;1301902;AM;97122;Receitas Brutas Realizadas;1.7.2.0.00.00.00 - Transferências Intergovernamentais;siconfi-cor_RO1.7.2.0.00.00.00;156444120,4
Prefeitura Municipal de Itacoatiara - AM;1301902;AM;97122;Receitas Brutas Realizadas;1.7.2.1.00.00.00 - Transferências da União;siconfi-cor_RO1.7.2.1.00.00.00;63776732,9
Prefeitura Municipal de Itacoatiara - AM;1301902;AM;97122;Receitas Brutas Realizadas;1.7.2.1.01.00.00 - Participação na Receita da União;siconfi-cor_RO1.7.2.1.01.00.00;35840385,39
Prefeitura Municipal de Itacoatiara - AM;1301902;AM;97122;Receitas Brutas Realizadas;1.7.2.1.01.02.00 - Cota-Parte do Fundo de Participação dos Municípios ¿ FPM;siconfi-cor_RO1.7.2.1.01.02.00;33446717,09
Prefeitura Municipal de Itacoatiara - AM;1301902;AM;97122;Receitas Brutas Realizadas;1.7.2.1.01.03.00 - Cota-Parte do Fundo de Participação dos Municípios - 1% Cota Anual;siconfi-cor_RO1.7.2.1.01.03.00;1390100,03
Prefeitura Municipal de Itacoatiara - AM;1301902;AM;97122;Receitas Brutas Realizadas;1.7.2.1.01.04.00 - Cota-Parte do Fundo de Participação dos Municípios - 1% Cota entregue no mês de julho (67)(I);siconfi-cor_RO1.7.2.1.01.04.00;987901,14
Prefeitura Municipal de Itacoatiara - AM;1301902;AM;97122;Receitas Brutas Realizadas;1.7.2.1.01.05.00 - Cota-Parte do Imposto Sobre a Propriedade Territorial Rural ¿ ITR;siconfi-cor_RO1.7.2.1.01.05.00;15667,13
Prefeitura Municipal de Itacoatiara - AM;1301902;AM;97122;Receitas Brutas Realizadas;1.7.2.1.22.00.00 - Transferências da Compensação Financeira pela Exploração de Recursos Naturais;siconfi-cor_RO1.7.2.1.22.00.00;336098,01
Prefeitura Municipal de Itacoatiara - AM;1301902;AM;97122;Receitas Brutas Realizadas;1.7.2.1.22.20.00 - Cota-Parte da Compensação Financeira de Recursos Minerais - CFEM;siconfi-cor_RO1.7.2.1.22.20.00;4877,95
Prefeitura Municipal de Itacoatiara - AM;1301902;AM;97122;Receitas Brutas Realizadas;1.7.2.1.22.40.00 - Cota-Parte Royalties pelo Excedente da Produção do Petróleo - Lei nº 9.478/97 artigo 49 I e II;siconfi-cor_RO1.7.2.1.22.40.00;49022,56
Prefeitura Municipal de Itacoatiara - AM;1301902;AM;97122;Receitas Brutas Realizadas;1.7.2.1.22.70.00 - Cota-Parte do Fundo Especial do Petróleo ¿ FEP;siconfi-cor_RO1.7.2.1.22.70.00;282197,5
Prefeitura Municipal de Itacoatiara - AM;1301902;AM;97122;Receitas Brutas Realizadas;1.7.2.1.33.00.00 - Transferências de Recursos do Sistema Único de Saúde - SUS - Repasses Fundo a Fundo;siconfi-cor_RO1.7.2.1.33.00.00;20482178,24
Prefeitura Municipal de Itacoatiara - AM;1301902;AM;97122;Receitas Brutas Realizadas;1.7.2.1.34.00.00 - Transferências de Recursos do Fundo Nacional de Assistência Social ¿ FNAS;siconfi-cor_RO1.7.2.1.34.00.00;1649102,93
Prefeitura Municipal de Itacoatiara - AM;1301902;AM;97122;Receitas Brutas Realizadas;1.7.2.1.35.00.00 - Transferências de Recursos do Fundo Nacional do Desenvolvimento da Educação ¿ FNDE;siconfi-cor_RO1.7.2.1.35.00.00;5207835,95
Prefeitura Municipal de Itacoatiara - AM;1301902;AM;97122;Receitas Brutas Realizadas;1.7.2.1.36.00.00 - Transferências Financeiras do ICMS ¿ Desoneração ¿ L.C. Nº 87/96;siconfi-cor_RO1.7.2.1.36.00.00;94937,04
Prefeitura Municipal de Itacoatiara - AM;1301902;AM;97122;Receitas Brutas Realizadas;1.7.2.1.99.00.00 - Outras Transferências da União;siconfi-cor_RO1.7.2.1.99.00.00;166195,34
Prefeitura Municipal de Itacoatiara - AM;1301902;AM;97122;Receitas Brutas Realizadas;1.7.2.2.00.00.00 - Transferências dos Estados;siconfi-cor_RO1.7.2.2.00.00.00;37208403,94
Prefeitura Municipal de Itacoatiara - AM;1301902;AM;97122;Receitas Brutas Realizadas;1.7.2.2.01.00.00 - Participação na Receita dos Estados;siconfi-cor_RO1.7.2.2.01.00.00;35832003,38
Prefeitura Municipal de Itacoatiara - AM;1301902;AM;97122;Receitas Brutas Realizadas;1.7.2.2.01.01.00 - Cota-Parte do ICMS;siconfi-cor_RO1.7.2.2.01.01.00;34261813,47
Prefeitura Municipal de Itacoatiara - AM;1301902;AM;97122;Receitas Brutas Realizadas;1.7.2.2.01.02.00 - Cota-Parte do IPVA;siconfi-cor_RO1.7.2.2.01.02.00;1301331,99
Prefeitura Municipal de Itacoatiara - AM;1301902;AM;97122;Receitas Brutas Realizadas;1.7.2.2.01.04.00 - Cota-Parte do IPI - Municípios;siconfi-cor_RO1.7.2.2.01.04.00;138562,66
Prefeitura Municipal de Itacoatiara - AM;1301902;AM;97122;Receitas Brutas Realizadas;1.7.2.2.01.13.00 - Cota-Parte da Contribuição de Intervenção no Domínio Econômico;siconfi-cor_RO1.7.2.2.01.13.00;130295,26
Prefeitura Municipal de Itacoatiara - AM;1301902;AM;97122;Receitas Brutas Realizadas;1.7.2.2.22.00.00 - Transferências da Cota-Parte da Compensação Financeira (25%);siconfi-cor_RO1.7.2.2.22.00.00;397124,76
Prefeitura Municipal de Itacoatiara - AM;1301902;AM;97122;Receitas Brutas Realizadas;1.7.2.2.22.30.00 - Cota-Parte Royalties - Compensação Financeira pela Produção de Petróleo - Lei nº 7.990/89 artigo 9º;siconfi-cor_RO1.7.2.2.22.30.00;397124,76
Prefeitura Municipal de Itacoatiara - AM;1301902;AM;97122;Receitas Brutas Realizadas;1.7.2.2.33.00.00 - Transferências de Recursos do Estado para Programas de Saúde - Repasse Fundo a Fundo;siconfi-cor_RO1.7.2.2.33.00.00;979275,8
Prefeitura Municipal de Itacoatiara - AM;1301902;AM;97122;Receitas Brutas Realizadas;1.7.2.4.00.00.00 - Transferências Multigovernamentais;siconfi-cor_RO1.7.2.4.00.00.00;55458983,6
Prefeitura Municipal de Itacoatiara - AM;1301902;AM;97122;Receitas Brutas Realizadas;1.7.2.4.01.00.00 - Transferências de Recursos do Fundo de Manutenção e Desenvolvimento do Ensino Fundamental e de Valorização do Magistério - FUNDEB;siconfi-cor_RO1.7.2.4.01.00.00;41187699,01
Prefeitura Municipal de Itacoatiara - AM;1301902;AM;97122;Receitas Brutas Realizadas;1.7.2.4.02.00.00 - Transferências de Recursos da Complementação ao Fundo de Manutenção e Desenvolvimento do Ensino Fundamental e de Valorização do Magistério - FUNDEB;siconfi-cor_RO1.7.2.4.02.00.00;14271284,59
Prefeitura Municipal de Itacoatiara - AM;1301902;AM;97122;Receitas Brutas Realizadas;1.7.6.0.00.00.00 - Transferências de Convênios;siconfi-cor_RO1.7.6.0.00.00.00;744640
Prefeitura Municipal de Itacoatiara - AM;1301902;AM;97122;Receitas Brutas Realizadas;1.7.6.2.00.00.00 - Transferências de Convênios dos Estados e do Distrito Federal e de Suas Entidades;siconfi-cor_RO1.7.6.2.00.00.00;744640
Prefeitura Municipal de Itacoatiara - AM;1301902;AM;97122;Receitas Brutas Realizadas;1.7.6.2.02.00.00 - Transferências de Convênios dos Estados Destinadas a Programas de Educação;siconfi-cor_RO1.7.6.2.02.00.00;744640
Prefeitura Municipal de Itacoatiara - AM;1301902;AM;97122;Receitas Brutas Realizadas;1.9.0.0.00.00.00 - Outras Receitas Correntes;siconfi-cor_RO1.9.0.0.00.00.00;852718,4
Prefeitura Municipal de Itacoatiara - AM;1301902;AM;97122;Receitas Brutas Realizadas;1.9.1.0.00.00.00 - Multas e Juros de Mora;siconfi-cor_RO1.9.1.0.00.00.00;200274,3
Prefeitura Municipal de Itacoatiara - AM;1301902;AM;97122;Receitas Brutas Realizadas;1.9.1.3.00.00.00 - Multas e Juros de Mora da Dívida Ativa dos Tributos;siconfi-cor_RO1.9.1.3.00.00.00;74657,73
Prefeitura Municipal de Itacoatiara - AM;1301902;AM;97122;Receitas Brutas Realizadas;1.9.1.3.11.00.00 - Multas e Juros de Mora da Dívida Ativa do Imposto sobre a Propriedade Predial e Territorial Urbana ¿ IPTU;siconfi-cor_RO1.9.1.3.11.00.00;74657,73
Prefeitura Municipal de Itacoatiara - AM;1301902;AM;97122;Receitas Brutas Realizadas;1.9.1.9.00.00.00 - Multas de Outras Origens;siconfi-cor_RO1.9.1.9.00.00.00;125616,57
Prefeitura Municipal de Itacoatiara - AM;1301902;AM;97122;Receitas Brutas Realizadas;1.9.2.0.00.00.00 - Indenizações e Restituições;siconfi-cor_RO1.9.2.0.00.00.00;1272,82
Prefeitura Municipal de Itacoatiara - AM;1301902;AM;97122;Receitas Brutas Realizadas;1.9.2.2.00.00.00 - Restituições;siconfi-cor_RO1.9.2.2.00.00.00;1272,82
Prefeitura Municipal de Itacoatiara - AM;1301902;AM;97122;Receitas Brutas Realizadas;1.9.2.2.99.00.00 - Outras Restituições;siconfi-cor_RO1.9.2.2.99.00.00;1272,82
Prefeitura Municipal de Itacoatiara - AM;1301902;AM;97122;Receitas Brutas Realizadas;1.9.3.0.00.00.00 - Receita da Dívida Ativa;siconfi-cor_RO1.9.3.0.00.00.00;633793,45
Prefeitura Municipal de Itacoatiara - AM;1301902;AM;97122;Receitas Brutas Realizadas;1.9.3.2.00.00.00 - Receita da Dívida Ativa Não Tributária;siconfi-cor_RO1.9.3.2.00.00.00;633793,45
Prefeitura Municipal de Itacoatiara - AM;1301902;AM;97122;Receitas Brutas Realizadas;1.9.3.2.99.00.00 - Receita da Dívida Ativa Não Tributária de Outras Receitas;siconfi-cor_RO1.9.3.2.99.00.00;633793,45
Prefeitura Municipal de Itacoatiara - AM;1301902;AM;97122;Receitas Brutas Realizadas;1.9.9.0.00.00.00 - Receitas Diversas;siconfi-cor_RO1.9.9.0.00.00.00;17377,83
Prefeitura Municipal de Itacoatiara - AM;1301902;AM;97122;Receitas Brutas Realizadas;1.9.9.0.99.00.00 - Outras Receitas;siconfi-cor_RO1.9.9.0.99.00.00;17377,83
Prefeitura Municipal de Itacoatiara - AM;1301902;AM;97122;Receitas Brutas Realizadas;2.0.0.0.00.00.00 - Receitas de Capital;siconfi-cor_RO2.0.0.0.00.00.00;4334830,74
Prefeitura Municipal de Itacoatiara - AM;1301902;AM;97122;Receitas Brutas Realizadas;2.4.0.0.00.00.00 - Transferências de Capital;siconfi-cor_RO2.4.0.0.00.00.00;4334830,74
Prefeitura Municipal de Itacoatiara - AM;1301902;AM;97122;Receitas Brutas Realizadas;2.4.2.0.00.00.00 - Transferências Intergovernamentais;siconfi-cor_RO2.4.2.0.00.00.00;1610814,75
Prefeitura Municipal de Itacoatiara - AM;1301902;AM;97122;Receitas Brutas Realizadas;2.4.2.1.00.00.00 - Transferências da União;siconfi-cor_RO2.4.2.1.00.00.00;1610814,75
Prefeitura Municipal de Itacoatiara - AM;1301902;AM;97122;Receitas Brutas Realizadas;2.4.2.1.01.00.00 - Participação na Receita da União;siconfi-cor_RO2.4.2.1.01.00.00;1522978
Prefeitura Municipal de Itacoatiara - AM;1301902;AM;97122;Receitas Brutas Realizadas;2.4.2.1.02.00.00 - Transferências de Recursos Destinados a Programas de Educação;siconfi-cor_RO2.4.2.1.02.00.00;87836,75
Prefeitura Municipal de Itacoatiara - AM;1301902;AM;97122;Receitas Brutas Realizadas;2.4.7.0.00.00.00 - Transferências de Convênios;siconfi-cor_RO2.4.7.0.00.00.00;2724015,99
Prefeitura Municipal de Itacoatiara - AM;1301902;AM;97122;Receitas Brutas Realizadas;2.4.7.1.00.00.00 - Transferências de Convênios da União e de suas Entidades;siconfi-cor_RO2.4.7.1.00.00.00;2724015,99
Prefeitura Municipal de Itacoatiara - AM;1301902;AM;97122;Receitas Brutas Realizadas;2.4.7.1.02.00.00 - Transferências de Convênios da União Destinadas a Programas de Educação;siconfi-cor_RO2.4.7.1.02.00.00;2110706,3
Prefeitura Municipal de Itacoatiara - AM;1301902;AM;97122;Receitas Brutas Realizadas;2.4.7.1.99.00.00 - Outras Transferências de Convênios da União;siconfi-cor_RO2.4.7.1.99.00.00;613309,69
Prefeitura Municipal de Itacoatiara - AM;1301902;AM;97122;Receitas Brutas Realizadas;7.0.0.0.00.00.00 - Receitas Correntes Intraorçamentárias;siconfi-cor_RI7.0.0.0.00.00.00;8993793,39
Prefeitura Municipal de Itacoatiara - AM;1301902;AM;97122;Receitas Brutas Realizadas;7.2.0.0.00.00.00 - Receitas de Contribuições Intraorçamentárias;siconfi-cor_RI7.2.0.0.00.00.00;7919115,32
Prefeitura Municipal de Itacoatiara - AM;1301902;AM;97122;Receitas Brutas Realizadas;7.2.1.0.00.00.00 - Contribuições Sociais Intraorçamentárias;siconfi-cor_RI7.2.1.0.00.00.00;7919115,32
Prefeitura Municipal de Itacoatiara - AM;1301902;AM;97122;Receitas Brutas Realizadas;7.2.1.0.29.00.00 - Contribuições para o Regime Próprio de Previdência do Servidor Público Intraorçamentárias;siconfi-cor_RI7.2.1.0.29.00.00;7919115,32
Prefeitura Municipal de Itacoatiara - AM;1301902;AM;97122;Receitas Brutas Realizadas;7.2.1.0.29.01.00 - Contribuição Patronal de Servidor Ativo Civil para o Regime Próprio Intraorçamentária;siconfi-cor_RI7.2.1.0.29.01.00;3181879,34
Prefeitura Municipal de Itacoatiara - AM;1301902;AM;97122;Receitas Brutas Realizadas;7.2.1.0.29.99.00 - Outras Contribuições para o Regime Próprio de Previdência do Servidor Público Intraorçamentárias;siconfi-cor_RI7.2.1.0.29.99.00;4737235,98
Prefeitura Municipal de Itacoatiara - AM;1301902;AM;97122;Receitas Brutas Realizadas;7.9.0.0.00.00.00 - Outras Receitas Correntes Intraorçamentárias;siconfi-cor_RI7.9.0.0.00.00.00;1074678,07
Prefeitura Municipal de Itacoatiara - AM;1301902;AM;97122;Receitas Brutas Realizadas;7.9.1.2.00.00.00 - Multas e Juros de Mora das Contribuições Intraorçamentárias;siconfi-cor_RI7.9.1.2.00.00.00;734592,71
Prefeitura Municipal de Itacoatiara - AM;1301902;AM;97122;Receitas Brutas Realizadas;7.9.1.2.29.00.00 - Multas e Juros de Mora das Contribuições para o Regime Próprio de Previdência do Servidor Intraorçamentárias;siconfi-cor_RI7.9.1.2.29.00.00;734592,71
Prefeitura Municipal de Itacoatiara - AM;1301902;AM;97122;Receitas Brutas Realizadas;7.9.9.9.00.00.00 - Demais Receitas Correntes Intraorçamentárias;siconfi-cor_RI7.9.9.9.00.00.00;340085,36
Prefeitura Municipal de Itacoatiara - AM;1301902;AM;97122;Deduções - Transferências Constitucionais;Total Receitas;siconfi-cor_TotalReceitas;13834580,29
Prefeitura Municipal de Itacoatiara - AM;1301902;AM;97122;Deduções - Transferências Constitucionais;1.0.0.0.00.00.00 - Receitas Correntes;siconfi-cor_RO1.0.0.0.00.00.00;13834580,29
Prefeitura Municipal de Itacoatiara - AM;1301902;AM;97122;Deduções - Transferências Constitucionais;1.7.0.0.00.00.00 - Transferências Correntes;siconfi-cor_RO1.7.0.0.00.00.00;13834580,29
Prefeitura Municipal de Itacoatiara - AM;1301902;AM;97122;Deduções - Transferências Constitucionais;1.7.2.0.00.00.00 - Transferências Intergovernamentais;siconfi-cor_RO1.7.2.0.00.00.00;13834580,29
Prefeitura Municipal de Itacoatiara - AM;1301902;AM;97122;Deduções - Transferências Constitucionais;1.7.2.1.00.00.00 - Transferências da União;siconfi-cor_RO1.7.2.1.00.00.00;6694239,53
Prefeitura Municipal de Itacoatiara - AM;1301902;AM;97122;Deduções - Transferências Constitucionais;1.7.2.1.01.00.00 - Participação na Receita da União;siconfi-cor_RO1.7.2.1.01.00.00;6675252,17
Prefeitura Municipal de Itacoatiara - AM;1301902;AM;97122;Deduções - Transferências Constitucionais;1.7.2.1.01.02.00 - Cota-Parte do Fundo de Participação dos Municípios ¿ FPM;siconfi-cor_RO1.7.2.1.01.02.00;6672118,88
Prefeitura Municipal de Itacoatiara - AM;1301902;AM;97122;Deduções - Transferências Constitucionais;1.7.2.1.01.05.00 - Cota-Parte do Imposto Sobre a Propriedade Territorial Rural ¿ ITR;siconfi-cor_RO1.7.2.1.01.05.00;3133,29
Prefeitura Municipal de Itacoatiara - AM;1301902;AM;97122;Deduções - Transferências Constitucionais;1.7.2.1.36.00.00 - Transferências Financeiras do ICMS ¿ Desoneração ¿ L.C. Nº 87/96;siconfi-cor_RO1.7.2.1.36.00.00;18987,36
Prefeitura Municipal de Itacoatiara - AM;1301902;AM;97122;Deduções - Transferências Constitucionais;1.7.2.2.00.00.00 - Transferências dos Estados;siconfi-cor_RO1.7.2.2.00.00.00;7140340,76
Prefeitura Municipal de Itacoatiara - AM;1301902;AM;97122;Deduções - Transferências Constitucionais;1.7.2.2.01.00.00 - Participação na Receita dos Estados;siconfi-cor_RO1.7.2.2.01.00.00;7140340,76
Prefeitura Municipal de Itacoatiara - AM;1301902;AM;97122;Deduções - Transferências Constitucionais;1.7.2.2.01.01.00 - Cota-Parte do ICMS;siconfi-cor_RO1.7.2.2.01.01.00;6852362,71
Prefeitura Municipal de Itacoatiara - AM;1301902;AM;97122;Deduções - Transferências Constitucionais;1.7.2.2.01.02.00 - Cota-Parte do IPVA;siconfi-cor_RO1.7.2.2.01.02.00;260265,52
Prefeitura Municipal de Itacoatiara - AM;1301902;AM;97122;Deduções - Transferências Constitucionais;1.7.2.2.01.04.00 - Cota-Parte do IPI - Municípios;siconfi-cor_RO1.7.2.2.01.04.00;27712,53
Prefeitura Municipal de Eirunepé - AM;1301407;AM;34025;Receitas Brutas Realizadas;Total Receitas;siconfi-cor_TotalReceitas;59632274,96
Prefeitura Municipal de Eirunepé - AM;1301407;AM;34025;Receitas Brutas Realizadas;1.0.0.0.00.00.00 - Receitas Correntes;siconfi-cor_RO1.0.0.0.00.00.00;59338586,37
Prefeitura Municipal de Eirunepé - AM;1301407;AM;34025;Receitas Brutas Realizadas;1.1.0.0.00.00.00 - Receita Tributária;siconfi-cor_RO1.1.0.0.00.00.00;785170,38
Prefeitura Municipal de Eirunepé - AM;1301407;AM;34025;Receitas Brutas Realizadas;1.1.1.0.00.00.00 - Impostos;siconfi-cor_RO1.1.1.0.00.00.00;779663,75
Prefeitura Municipal de Eirunepé - AM;1301407;AM;34025;Receitas Brutas Realizadas;1.1.1.2.00.00.00 - Impostos sobre o Patrimônio e a Renda;siconfi-cor_RO1.1.1.2.00.00.00;465559,88
Prefeitura Municipal de Eirunepé - AM;1301407;AM;34025;Receitas Brutas Realizadas;1.1.1.2.04.00.00 - Imposto sobre a Renda e Proventos de Qualquer Natureza ¿ IR;siconfi-cor_RO1.1.1.2.04.00.00;465559,88
Prefeitura Municipal de Eirunepé - AM;1301407;AM;34025;Receitas Brutas Realizadas;1.1.1.2.04.31.00 - Retido nas Fontes - Trabalho;siconfi-cor_RO1.1.1.2.04.31.00;465559,88
Prefeitura Municipal de Eirunepé - AM;1301407;AM;34025;Receitas Brutas Realizadas;1.1.1.3.00.00.00 - Impostos sobre a Produção e a Circulação;siconfi-cor_RO1.1.1.3.00.00.00;314103,87
Prefeitura Municipal de Eirunepé - AM;1301407;AM;34025;Receitas Brutas Realizadas;1.1.1.3.05.00.00 - Imposto sobre Serviços de Qualquer Natureza ¿ ISSQN;siconfi-cor_RO1.1.1.3.05.00.00;314103,87
Prefeitura Municipal de Eirunepé - AM;1301407;AM;34025;Receitas Brutas Realizadas;1.1.2.0.00.00.00 - Taxas;siconfi-cor_RO1.1.2.0.00.00.00;5506,63
Prefeitura Municipal de Eirunepé - AM;1301407;AM;34025;Receitas Brutas Realizadas;1.1.2.2.00.00.00 - Taxas pela Prestação de Serviços;siconfi-cor_RO1.1.2.2.00.00.00;5506,63
Prefeitura Municipal de Eirunepé - AM;1301407;AM;34025;Receitas Brutas Realizadas;1.1.2.2.99.00.00 - Outras Taxas pela Prestação de Serviços;siconfi-cor_RO1.1.2.2.99.00.00;5506,63
Prefeitura Municipal de Eirunepé - AM;1301407;AM;34025;Receitas Brutas Realizadas;1.2.0.0.00.00.00 - Receitas de Contribuições;siconfi-cor_RO1.2.0.0.00.00.00;46968,71
Prefeitura Municipal de Eirunepé - AM;1301407;AM;34025;Receitas Brutas Realizadas;1.2.3.0.00.00.00 - Contribuição para Custeio do Serviço de Iluminação Pública;siconfi-cor_RO1.2.3.0.00.00.00;46968,71
Prefeitura Municipal de Eirunepé - AM;1301407;AM;34025;Receitas Brutas Realizadas;1.3.0.0.00.00.00 - Receita Patrimonial;siconfi-cor_RO1.3.0.0.00.00.00;187890,32
Prefeitura Municipal de Eirunepé - AM;1301407;AM;34025;Receitas Brutas Realizadas;1.3.2.0.00.00.00 - Receitas de Valores Mobiliários;siconfi-cor_RO1.3.2.0.00.00.00;187890,32
Prefeitura Municipal de Eirunepé - AM;1301407;AM;34025;Receitas Brutas Realizadas;1.3.2.5.00.00.00 - Remuneração de Depósitos Bancários;siconfi-cor_RO1.3.2.5.00.00.00;187890,32
Prefeitura Municipal de Eirunepé - AM;1301407;AM;34025;Receitas Brutas Realizadas;1.6.0.0.00.00.00 - Receita de Serviços;siconfi-cor_RO1.6.0.0.00.00.00;4666,13
Prefeitura Municipal de Eirunepé - AM;1301407;AM;34025;Receitas Brutas Realizadas;1.6.0.0.99.00.00 - Outros Serviços;siconfi-cor_RO1.6.0.0.99.00.00;4666,13
Prefeitura Municipal de Eirunepé - AM;1301407;AM;34025;Receitas Brutas Realizadas;1.7.0.0.00.00.00 - Transferências Correntes;siconfi-cor_RO1.7.0.0.00.00.00;58313890,83
Prefeitura Municipal de Eirunepé - AM;1301407;AM;34025;Receitas Brutas Realizadas;1.7.2.0.00.00.00 - Transferências Intergovernamentais;siconfi-cor_RO1.7.2.0.00.00.00;58313890,83
Prefeitura Municipal de Eirunepé - AM;1301407;AM;34025;Receitas Brutas Realizadas;1.7.2.1.00.00.00 - Transferências da União;siconfi-cor_RO1.7.2.1.00.00.00;26016394,16
Prefeitura Municipal de Eirunepé - AM;1301407;AM;34025;Receitas Brutas Realizadas;1.7.2.1.01.00.00 - Participação na Receita da União;siconfi-cor_RO1.7.2.1.01.00.00;19107169,34
Prefeitura Municipal de Eirunepé - AM;1301407;AM;34025;Receitas Brutas Realizadas;1.7.2.1.01.02.00 - Cota-Parte do Fundo de Participação dos Municípios ¿ FPM;siconfi-cor_RO1.7.2.1.01.02.00;19106516,41
Prefeitura Municipal de Eirunepé - AM;1301407;AM;34025;Receitas Brutas Realizadas;1.7.2.1.01.05.00 - Cota-Parte do Imposto Sobre a Propriedade Territorial Rural ¿ ITR;siconfi-cor_RO1.7.2.1.01.05.00;652,93
Prefeitura Municipal de Eirunepé - AM;1301407;AM;34025;Receitas Brutas Realizadas;1.7.2.1.22.00.00 - Transferências da Compensação Financeira pela Exploração de Recursos Naturais;siconfi-cor_RO1.7.2.1.22.00.00;150505,33
Prefeitura Municipal de Eirunepé - AM;1301407;AM;34025;Receitas Brutas Realizadas;1.7.2.1.22.70.00 - Cota-Parte do Fundo Especial do Petróleo ¿ FEP;siconfi-cor_RO1.7.2.1.22.70.00;150505,33
Prefeitura Municipal de Eirunepé - AM;1301407;AM;34025;Receitas Brutas Realizadas;1.7.2.1.33.00.00 - Transferências de Recursos do Sistema Único de Saúde - SUS - Repasses Fundo a Fundo;siconfi-cor_RO1.7.2.1.33.00.00;4543232,51
Prefeitura Municipal de Eirunepé - AM;1301407;AM;34025;Receitas Brutas Realizadas;1.7.2.1.34.00.00 - Transferências de Recursos do Fundo Nacional de Assistência Social ¿ FNAS;siconfi-cor_RO1.7.2.1.34.00.00;536086,11
Prefeitura Municipal de Eirunepé - AM;1301407;AM;34025;Receitas Brutas Realizadas;1.7.2.1.35.00.00 - Transferências de Recursos do Fundo Nacional do Desenvolvimento da Educação ¿ FNDE;siconfi-cor_RO1.7.2.1.35.00.00;1584270,38
Prefeitura Municipal de Eirunepé - AM;1301407;AM;34025;Receitas Brutas Realizadas;1.7.2.1.36.00.00 - Transferências Financeiras do ICMS ¿ Desoneração ¿ L.C. Nº 87/96;siconfi-cor_RO1.7.2.1.36.00.00;34585,56
Prefeitura Municipal de Eirunepé - AM;1301407;AM;34025;Receitas Brutas Realizadas;1.7.2.1.99.00.00 - Outras Transferências da União;siconfi-cor_RO1.7.2.1.99.00.00;60544,93
Prefeitura Municipal de Eirunepé - AM;1301407;AM;34025;Receitas Brutas Realizadas;1.7.2.2.00.00.00 - Transferências dos Estados;siconfi-cor_RO1.7.2.2.00.00.00;13506848,75
Prefeitura Municipal de Eirunepé - AM;1301407;AM;34025;Receitas Brutas Realizadas;1.7.2.2.01.00.00 - Participação na Receita dos Estados;siconfi-cor_RO1.7.2.2.01.00.00;12661929,58
Prefeitura Municipal de Eirunepé - AM;1301407;AM;34025;Receitas Brutas Realizadas;1.7.2.2.01.01.00 - Cota-Parte do ICMS;siconfi-cor_RO1.7.2.2.01.01.00;12481570,5
Prefeitura Municipal de Eirunepé - AM;1301407;AM;34025;Receitas Brutas Realizadas;1.7.2.2.01.02.00 - Cota-Parte do IPVA;siconfi-cor_RO1.7.2.2.01.02.00;71006,53
Prefeitura Municipal de Eirunepé - AM;1301407;AM;34025;Receitas Brutas Realizadas;1.7.2.2.01.04.00 - Cota-Parte do IPI - Municípios;siconfi-cor_RO1.7.2.2.01.04.00;50478,38
Prefeitura Municipal de Eirunepé - AM;1301407;AM;34025;Receitas Brutas Realizadas;1.7.2.2.01.13.00 - Cota-Parte da Contribuição de Intervenção no Domínio Econômico;siconfi-cor_RO1.7.2.2.01.13.00;58874,17
Prefeitura Municipal de Eirunepé - AM;1301407;AM;34025;Receitas Brutas Realizadas;1.7.2.2.22.00.00 - Transferências da Cota-Parte da Compensação Financeira (25%);siconfi-cor_RO1.7.2.2.22.00.00;144672,45
Prefeitura Municipal de Eirunepé - AM;1301407;AM;34025;Receitas Brutas Realizadas;1.7.2.2.22.30.00 - Cota-Parte Royalties - Compensação Financeira pela Produção de Petróleo - Lei nº 7.990/89 artigo 9º;siconfi-cor_RO1.7.2.2.22.30.00;144672,45
Prefeitura Municipal de Eirunepé - AM;1301407;AM;34025;Receitas Brutas Realizadas;1.7.2.2.33.00.00 - Transferências de Recursos do Estado para Programas de Saúde - Repasse Fundo a Fundo;siconfi-cor_RO1.7.2.2.33.00.00;700246,72
Prefeitura Municipal de Eirunepé - AM;1301407;AM;34025;Receitas Brutas Realizadas;1.7.2.4.00.00.00 - Transferências Multigovernamentais;siconfi-cor_RO1.7.2.4.00.00.00;18790647,92
Prefeitura Municipal de Eirunepé - AM;1301407;AM;34025;Receitas Brutas Realizadas;1.7.2.4.01.00.00 - Transferências de Recursos do Fundo de Manutenção e Desenvolvimento do Ensino Fundamental e de Valorização do Magistério - FUNDEB;siconfi-cor_RO1.7.2.4.01.00.00;14565279,91
Prefeitura Municipal de Eirunepé - AM;1301407;AM;34025;Receitas Brutas Realizadas;1.7.2.4.02.00.00 - Transferências de Recursos da Complementação ao Fundo de Manutenção e Desenvolvimento do Ensino Fundamental e de Valorização do Magistério - FUNDEB;siconfi-cor_RO1.7.2.4.02.00.00;4225368,01
Prefeitura Municipal de Eirunepé - AM;1301407;AM;34025;Receitas Brutas Realizadas;2.0.0.0.00.00.00 - Receitas de Capital;siconfi-cor_RO2.0.0.0.00.00.00;293688,59
Prefeitura Municipal de Eirunepé - AM;1301407;AM;34025;Receitas Brutas Realizadas;2.4.0.0.00.00.00 - Transferências de Capital;siconfi-cor_RO2.4.0.0.00.00.00;293688,59
Prefeitura Municipal de Eirunepé - AM;1301407;AM;34025;Receitas Brutas Realizadas;2.4.2.0.00.00.00 - Transferências Intergovernamentais;siconfi-cor_RO2.4.2.0.00.00.00;293688,59
Prefeitura Municipal de Eirunepé - AM;1301407;AM;34025;Receitas Brutas Realizadas;2.4.2.1.00.00.00 - Transferências da União;siconfi-cor_RO2.4.2.1.00.00.00;293688,59
Prefeitura Municipal de Eirunepé - AM;1301407;AM;34025;Receitas Brutas Realizadas;2.4.2.1.01.00.00 - Participação na Receita da União;siconfi-cor_RO2.4.2.1.01.00.00;108000
Prefeitura Municipal de Eirunepé - AM;1301407;AM;34025;Receitas Brutas Realizadas;2.4.2.1.02.00.00 - Transferências de Recursos Destinados a Programas de Educação;siconfi-cor_RO2.4.2.1.02.00.00;185688,59
Prefeitura Municipal de Eirunepé - AM;1301407;AM;34025;Deduções - FUNDEB;Total Receitas;siconfi-cor_TotalReceitas;6086121,58
Prefeitura Municipal de Eirunepé - AM;1301407;AM;34025;Deduções - FUNDEB;1.0.0.0.00.00.00 - Receitas Correntes;siconfi-cor_RO1.0.0.0.00.00.00;6086121,58
Prefeitura Municipal de Eirunepé - AM;1301407;AM;34025;Deduções - FUNDEB;1.7.0.0.00.00.00 - Transferências Correntes;siconfi-cor_RO1.7.0.0.00.00.00;6086121,58
Prefeitura Municipal de Eirunepé - AM;1301407;AM;34025;Deduções - FUNDEB;1.7.2.0.00.00.00 - Transferências Intergovernamentais;siconfi-cor_RO1.7.2.0.00.00.00;6086121,58
Prefeitura Municipal de Eirunepé - AM;1301407;AM;34025;Deduções - FUNDEB;1.7.2.1.00.00.00 - Transferências da União;siconfi-cor_RO1.7.2.1.00.00.00;3565510,88
Prefeitura Municipal de Eirunepé - AM;1301407;AM;34025;Deduções - FUNDEB;1.7.2.1.01.00.00 - Participação na Receita da União;siconfi-cor_RO1.7.2.1.01.00.00;3558593,84
Prefeitura Municipal de Eirunepé - AM;1301407;AM;34025;Deduções - FUNDEB;1.7.2.1.01.02.00 - Cota-Parte do Fundo de Participação dos Municípios ¿ FPM;siconfi-cor_RO1.7.2.1.01.02.00;3558463,27
Prefeitura Municipal de Eirunepé - AM;1301407;AM;34025;Deduções - FUNDEB;1.7.2.1.01.05.00 - Cota-Parte do Imposto Sobre a Propriedade Territorial Rural ¿ ITR;siconfi-cor_RO1.7.2.1.01.05.00;130,57
Prefeitura Municipal de Eirunepé - AM;1301407;AM;34025;Deduções - FUNDEB;1.7.2.1.36.00.00 - Transferências Financeiras do ICMS ¿ Desoneração ¿ L.C. Nº 87/96;siconfi-cor_RO1.7.2.1.36.00.00;6917,04
Prefeitura Municipal de Eirunepé - AM;1301407;AM;34025;Deduções - FUNDEB;1.7.2.2.00.00.00 - Transferências dos Estados;siconfi-cor_RO1.7.2.2.00.00.00;2520610,7
Prefeitura Municipal de Eirunepé - AM;1301407;AM;34025;Deduções - FUNDEB;1.7.2.2.01.00.00 - Participação na Receita dos Estados;siconfi-cor_RO1.7.2.2.01.00.00;2520610,7
Prefeitura Municipal de Eirunepé - AM;1301407;AM;34025;Deduções - FUNDEB;1.7.2.2.01.01.00 - Cota-Parte do ICMS;siconfi-cor_RO1.7.2.2.01.01.00;2496313,99
Prefeitura Municipal de Eirunepé - AM;1301407;AM;34025;Deduções - FUNDEB;1.7.2.2.01.02.00 - Cota-Parte do IPVA;siconfi-cor_RO1.7.2.2.01.02.00;14201,06
Prefeitura Municipal de Eirunepé - AM;1301407;AM;34025;Deduções - FUNDEB;1.7.2.2.01.04.00 - Cota-Parte do IPI - Municípios;siconfi-cor_RO1.7.2.2.01.04.00;10095,65
Prefeitura Municipal de Atalaia do Norte - AM;1300201;AM;18133;Receitas Brutas Realizadas;Total Receitas;siconfi-cor_TotalReceitas;42624256
Prefeitura Municipal de Atalaia do Norte - AM;1300201;AM;18133;Receitas Brutas Realizadas;1.0.0.0.00.00.00 - Receitas Correntes;siconfi-cor_RO1.0.0.0.00.00.00;42624256
Prefeitura Municipal de Atalaia do Norte - AM;1300201;AM;18133;Receitas Brutas Realizadas;1.1.0.0.00.00.00 - Receita Tributária;siconfi-cor_RO1.1.0.0.00.00.00;157896,87
Prefeitura Municipal de Atalaia do Norte - AM;1300201;AM;18133;Receitas Brutas Realizadas;1.1.1.0.00.00.00 - Impostos;siconfi-cor_RO1.1.1.0.00.00.00;157896,87
Prefeitura Municipal de Atalaia do Norte - AM;1300201;AM;18133;Receitas Brutas Realizadas;1.1.1.2.00.00.00 - Impostos sobre o Patrimônio e a Renda;siconfi-cor_RO1.1.1.2.00.00.00;65637,71
Prefeitura Municipal de Atalaia do Norte - AM;1300201;AM;18133;Receitas Brutas Realizadas;1.1.1.2.04.00.00 - Imposto sobre a Renda e Proventos de Qualquer Natureza ¿ IR;siconfi-cor_RO1.1.1.2.04.00.00;65637,71
Prefeitura Municipal de Atalaia do Norte - AM;1300201;AM;18133;Receitas Brutas Realizadas;1.1.1.2.04.31.00 - Retido nas Fontes - Trabalho;siconfi-cor_RO1.1.1.2.04.31.00;11822,87
Prefeitura Municipal de Atalaia do Norte - AM;1300201;AM;18133;Receitas Brutas Realizadas;1.1.1.2.04.34.00 - Retido nas Fontes - Outros Rendimentos;siconfi-cor_RO1.1.1.2.04.34.00;53814,84
Prefeitura Municipal de Atalaia do Norte - AM;1300201;AM;18133;Receitas Brutas Realizadas;1.1.1.3.00.00.00 - Impostos sobre a Produção e a Circulação;siconfi-cor_RO1.1.1.3.00.00.00;92259,16
Prefeitura Municipal de Atalaia do Norte - AM;1300201;AM;18133;Receitas Brutas Realizadas;1.1.1.3.05.00.00 - Imposto sobre Serviços de Qualquer Natureza ¿ ISSQN;siconfi-cor_RO1.1.1.3.05.00.00;92259,16
Prefeitura Municipal de Atalaia do Norte - AM;1300201;AM;18133;Receitas Brutas Realizadas;1.3.0.0.00.00.00 - Receita Patrimonial;siconfi-cor_RO1.3.0.0.00.00.00;306555,46
Prefeitura Municipal de Atalaia do Norte - AM;1300201;AM;18133;Receitas Brutas Realizadas;1.3.2.0.00.00.00 - Receitas de Valores Mobiliários;siconfi-cor_RO1.3.2.0.00.00.00;306555,46
Prefeitura Municipal de Atalaia do Norte - AM;1300201;AM;18133;Receitas Brutas Realizadas;1.3.2.5.00.00.00 - Remuneração de Depósitos Bancários;siconfi-cor_RO1.3.2.5.00.00.00;306555,46
Prefeitura Municipal de Atalaia do Norte - AM;1300201;AM;18133;Receitas Brutas Realizadas;1.7.0.0.00.00.00 - Transferências Correntes;siconfi-cor_RO1.7.0.0.00.00.00;42159686,33
Prefeitura Municipal de Atalaia do Norte - AM;1300201;AM;18133;Receitas Brutas Realizadas;1.7.2.0.00.00.00 - Transferências Intergovernamentais;siconfi-cor_RO1.7.2.0.00.00.00;41349482,13
Prefeitura Municipal de Atalaia do Norte - AM;1300201;AM;18133;Receitas Brutas Realizadas;1.7.2.1.00.00.00 - Transferências da União;siconfi-cor_RO1.7.2.1.00.00.00;19159435,96
Prefeitura Municipal de Atalaia do Norte - AM;1300201;AM;18133;Receitas Brutas Realizadas;1.7.2.1.01.00.00 - Participação na Receita da União;siconfi-cor_RO1.7.2.1.01.00.00;14330924,36
Prefeitura Municipal de Atalaia do Norte - AM;1300201;AM;18133;Receitas Brutas Realizadas;1.7.2.1.01.02.00 - Cota-Parte do Fundo de Participação dos Municípios ¿ FPM;siconfi-cor_RO1.7.2.1.01.02.00;13378686,83
Prefeitura Municipal de Atalaia do Norte - AM;1300201;AM;18133;Receitas Brutas Realizadas;1.7.2.1.01.03.00 - Cota-Parte do Fundo de Participação dos Municípios - 1% Cota Anual;siconfi-cor_RO1.7.2.1.01.03.00;556040,01
Prefeitura Municipal de Atalaia do Norte - AM;1300201;AM;18133;Receitas Brutas Realizadas;1.7.2.1.01.04.00 - Cota-Parte do Fundo de Participação dos Municípios - 1% Cota entregue no mês de julho (67)(I);siconfi-cor_RO1.7.2.1.01.04.00;395160,46
Prefeitura Municipal de Atalaia do Norte - AM;1300201;AM;18133;Receitas Brutas Realizadas;1.7.2.1.01.05.00 - Cota-Parte do Imposto Sobre a Propriedade Territorial Rural ¿ ITR;siconfi-cor_RO1.7.2.1.01.05.00;1037,06
Prefeitura Municipal de Atalaia do Norte - AM;1300201;AM;18133;Receitas Brutas Realizadas;1.7.2.1.22.00.00 - Transferências da Compensação Financeira pela Exploração de Recursos Naturais;siconfi-cor_RO1.7.2.1.22.00.00;112879
Prefeitura Municipal de Atalaia do Norte - AM;1300201;AM;18133;Receitas Brutas Realizadas;1.7.2.1.22.70.00 - Cota-Parte do Fundo Especial do Petróleo ¿ FEP;siconfi-cor_RO1.7.2.1.22.70.00;112879
Prefeitura Municipal de Atalaia do Norte - AM;1300201;AM;18133;Receitas Brutas Realizadas;1.7.2.1.33.00.00 - Transferências de Recursos do Sistema Único de Saúde - SUS - Repasses Fundo a Fundo;siconfi-cor_RO1.7.2.1.33.00.00;2338265,48
Prefeitura Municipal de Atalaia do Norte - AM;1300201;AM;18133;Receitas Brutas Realizadas;1.7.2.1.34.00.00 - Transferências de Recursos do Fundo Nacional de Assistência Social ¿ FNAS;siconfi-cor_RO1.7.2.1.34.00.00;505970,74
Prefeitura Municipal de Atalaia do Norte - AM;1300201;AM;18133;Receitas Brutas Realizadas;1.7.2.1.35.00.00 - Transferências de Recursos do Fundo Nacional do Desenvolvimento da Educação ¿ FNDE;siconfi-cor_RO1.7.2.1.35.00.00;1798531,34
Prefeitura Municipal de Atalaia do Norte - AM;1300201;AM;18133;Receitas Brutas Realizadas;1.7.2.1.36.00.00 - Transferências Financeiras do ICMS ¿ Desoneração ¿ L.C. Nº 87/96;siconfi-cor_RO1.7.2.1.36.00.00;24483,6
Prefeitura Municipal de Atalaia do Norte - AM;1300201;AM;18133;Receitas Brutas Realizadas;1.7.2.1.99.00.00 - Outras Transferências da União;siconfi-cor_RO1.7.2.1.99.00.00;48381,44
Prefeitura Municipal de Atalaia do Norte - AM;1300201;AM;18133;Receitas Brutas Realizadas;1.7.2.2.00.00.00 - Transferências dos Estados;siconfi-cor_RO1.7.2.2.00.00.00;9026074,99
Prefeitura Municipal de Atalaia do Norte - AM;1300201;AM;18133;Receitas Brutas Realizadas;1.7.2.2.01.00.00 - Participação na Receita dos Estados;siconfi-cor_RO1.7.2.2.01.00.00;8923659,47
Prefeitura Municipal de Atalaia do Norte - AM;1300201;AM;18133;Receitas Brutas Realizadas;1.7.2.2.01.01.00 - Cota-Parte do ICMS;siconfi-cor_RO1.7.2.2.01.01.00;8835866,77
Prefeitura Municipal de Atalaia do Norte - AM;1300201;AM;18133;Receitas Brutas Realizadas;1.7.2.2.01.02.00 - Cota-Parte do IPVA;siconfi-cor_RO1.7.2.2.01.02.00;12357,84
Prefeitura Municipal de Atalaia do Norte - AM;1300201;AM;18133;Receitas Brutas Realizadas;1.7.2.2.01.04.00 - Cota-Parte do IPI - Municípios;siconfi-cor_RO1.7.2.2.01.04.00;35734,28
Prefeitura Municipal de Atalaia do Norte - AM;1300201;AM;18133;Receitas Brutas Realizadas;1.7.2.2.01.13.00 - Cota-Parte da Contribuição de Intervenção no Domínio Econômico;siconfi-cor_RO1.7.2.2.01.13.00;39700,58
Prefeitura Municipal de Atalaia do Norte - AM;1300201;AM;18133;Receitas Brutas Realizadas;1.7.2.2.22.00.00 - Transferências da Cota-Parte da Compensação Financeira (25%);siconfi-cor_RO1.7.2.2.22.00.00;102415,52
Prefeitura Municipal de Atalaia do Norte - AM;1300201;AM;18133;Receitas Brutas Realizadas;1.7.2.2.22.30.00 - Cota-Parte Royalties - Compensação Financeira pela Produção de Petróleo - Lei nº 7.990/89 artigo 9º;siconfi-cor_RO1.7.2.2.22.30.00;102415,52
Prefeitura Municipal de Atalaia do Norte - AM;1300201;AM;18133;Receitas Brutas Realizadas;1.7.2.4.00.00.00 - Transferências Multigovernamentais;siconfi-cor_RO1.7.2.4.00.00.00;13163971,18
Prefeitura Municipal de Atalaia do Norte - AM;1300201;AM;18133;Receitas Brutas Realizadas;1.7.2.4.01.00.00 - Transferências de Recursos do Fundo de Manutenção e Desenvolvimento do Ensino Fundamental e de Valorização do Magistério - FUNDEB;siconfi-cor_RO1.7.2.4.01.00.00;10795813,68
Prefeitura Municipal de Atalaia do Norte - AM;1300201;AM;18133;Receitas Brutas Realizadas;1.7.2.4.02.00.00 - Transferências de Recursos da Complementação ao Fundo de Manutenção e Desenvolvimento do Ensino Fundamental e de Valorização do Magistério - FUNDEB;siconfi-cor_RO1.7.2.4.02.00.00;2368157,5
Prefeitura Municipal de Atalaia do Norte - AM;1300201;AM;18133;Receitas Brutas Realizadas;1.7.6.0.00.00.00 - Transferências de Convênios;siconfi-cor_RO1.7.6.0.00.00.00;810204,2
Prefeitura Municipal de Atalaia do Norte - AM;1300201;AM;18133;Receitas Brutas Realizadas;1.7.6.1.00.00.00 - Transferências de Convênios da União e de Suas Entidades;siconfi-cor_RO1.7.6.1.00.00.00;72684,01
Prefeitura Municipal de Atalaia do Norte - AM;1300201;AM;18133;Receitas Brutas Realizadas;1.7.6.1.99.00.00 - Outras Transferências de Convênios da União;siconfi-cor_RO1.7.6.1.99.00.00;72684,01
Prefeitura Municipal de Atalaia do Norte - AM;1300201;AM;18133;Receitas Brutas Realizadas;1.7.6.2.00.00.00 - Transferências de Convênios dos Estados e do Distrito Federal e de Suas Entidades;siconfi-cor_RO1.7.6.2.00.00.00;737520,19
Prefeitura Municipal de Atalaia do Norte - AM;1300201;AM;18133;Receitas Brutas Realizadas;1.7.6.2.99.00.00 - Outras Transferências de Convênios dos Estados;siconfi-cor_RO1.7.6.2.99.00.00;737520,19
Prefeitura Municipal de Atalaia do Norte - AM;1300201;AM;18133;Receitas Brutas Realizadas;1.9.0.0.00.00.00 - Outras Receitas Correntes;siconfi-cor_RO1.9.0.0.00.00.00;117,34
Prefeitura Municipal de Atalaia do Norte - AM;1300201;AM;18133;Receitas Brutas Realizadas;1.9.2.0.00.00.00 - Indenizações e Restituições;siconfi-cor_RO1.9.2.0.00.00.00;117,34
Prefeitura Municipal de Atalaia do Norte - AM;1300201;AM;18133;Receitas Brutas Realizadas;1.9.2.2.00.00.00 - Restituições;siconfi-cor_RO1.9.2.2.00.00.00;117,34
Prefeitura Municipal de Atalaia do Norte - AM;1300201;AM;18133;Receitas Brutas Realizadas;1.9.2.2.99.00.00 - Outras Restituições;siconfi-cor_RO1.9.2.2.99.00.00;117,34
Prefeitura Municipal de Atalaia do Norte - AM;1300201;AM;18133;Deduções - Transferências Constitucionais;Total Receitas;siconfi-cor_TotalReceitas;4497556,94
Prefeitura Municipal de Atalaia do Norte - AM;1300201;AM;18133;Deduções - Transferências Constitucionais;1.0.0.0.00.00.00 - Receitas Correntes;siconfi-cor_RO1.0.0.0.00.00.00;4497556,94
Prefeitura Municipal de Atalaia do Norte - AM;1300201;AM;18133;Deduções - Transferências Constitucionais;1.7.0.0.00.00.00 - Transferências Correntes;siconfi-cor_RO1.7.0.0.00.00.00;4497556,94
Prefeitura Municipal de Atalaia do Norte - AM;1300201;AM;18133;Deduções - Transferências Constitucionais;1.7.2.0.00.00.00 - Transferências Intergovernamentais;siconfi-cor_RO1.7.2.0.00.00.00;4497556,94
Prefeitura Municipal de Atalaia do Norte - AM;1300201;AM;18133;Deduções - Transferências Constitucionais;1.7.2.1.00.00.00 - Transferências da União;siconfi-cor_RO1.7.2.1.00.00.00;2673951,49
Prefeitura Municipal de Atalaia do Norte - AM;1300201;AM;18133;Deduções - Transferências Constitucionais;1.7.2.1.01.00.00 - Participação na Receita da União;siconfi-cor_RO1.7.2.1.01.00.00;2669054,77
Prefeitura Municipal de Atalaia do Norte - AM;1300201;AM;18133;Deduções - Transferências Constitucionais;1.7.2.1.01.02.00 - Cota-Parte do Fundo de Participação dos Municípios ¿ FPM;siconfi-cor_RO1.7.2.1.01.02.00;2668847,36
Prefeitura Municipal de Atalaia do Norte - AM;1300201;AM;18133;Deduções - Transferências Constitucionais;1.7.2.1.01.05.00 - Cota-Parte do Imposto Sobre a Propriedade Territorial Rural ¿ ITR;siconfi-cor_RO1.7.2.1.01.05.00;207,41
Prefeitura Municipal de Atalaia do Norte - AM;1300201;AM;18133;Deduções - Transferências Constitucionais;1.7.2.1.36.00.00 - Transferências Financeiras do ICMS ¿ Desoneração ¿ L.C. Nº 87/96;siconfi-cor_RO1.7.2.1.36.00.00;4896,72
Prefeitura Municipal de Atalaia do Norte - AM;1300201;AM;18133;Deduções - Transferências Constitucionais;1.7.2.2.00.00.00 - Transferências dos Estados;siconfi-cor_RO1.7.2.2.00.00.00;1823605,45
Prefeitura Municipal de Atalaia do Norte - AM;1300201;AM;18133;Deduções - Transferências Constitucionais;1.7.2.2.01.00.00 - Participação na Receita dos Estados;siconfi-cor_RO1.7.2.2.01.00.00;1823605,45
Prefeitura Municipal de Atalaia do Norte - AM;1300201;AM;18133;Deduções - Transferências Constitucionais;1.7.2.2.01.01.00 - Cota-Parte do ICMS;siconfi-cor_RO1.7.2.2.01.01.00;1814300,06
Prefeitura Municipal de Atalaia do Norte - AM;1300201;AM;18133;Deduções - Transferências Constitucionais;1.7.2.2.01.02.00 - Cota-Parte do IPVA;siconfi-cor_RO1.7.2.2.01.02.00;2380,37
Prefeitura Municipal de Atalaia do Norte - AM;1300201;AM;18133;Deduções - Transferências Constitucionais;1.7.2.2.01.04.00 - Cota-Parte do IPI - Municípios;siconfi-cor_RO1.7.2.2.01.04.00;6925,02
Prefeitura Municipal de Guajará - AM;1301654;AM;15826;Receitas Brutas Realizadas;Total Receitas;siconfi-cor_TotalReceitas;31189043,47
Prefeitura Municipal de Guajará - AM;1301654;AM;15826;Receitas Brutas Realizadas;1.0.0.0.00.00.00 - Receitas Correntes;siconfi-cor_RO1.0.0.0.00.00.00;30247577,16
Prefeitura Municipal de Guajará - AM;1301654;AM;15826;Receitas Brutas Realizadas;1.1.0.0.00.00.00 - Receita Tributária;siconfi-cor_RO1.1.0.0.00.00.00;434698,01
Prefeitura Municipal de Guajará - AM;1301654;AM;15826;Receitas Brutas Realizadas;1.1.1.0.00.00.00 - Impostos;siconfi-cor_RO1.1.1.0.00.00.00;426781,78
Prefeitura Municipal de Guajará - AM;1301654;AM;15826;Receitas Brutas Realizadas;1.1.1.2.00.00.00 - Impostos sobre o Patrimônio e a Renda;siconfi-cor_RO1.1.1.2.00.00.00;185923,59
Prefeitura Municipal de Guajará - AM;1301654;AM;15826;Receitas Brutas Realizadas;1.1.1.2.02.00.00 - Imposto sobre a Propriedade Predial e Territorial Urbana ¿ IPTU;siconfi-cor_RO1.1.1.2.02.00.00;64085,23
Prefeitura Municipal de Guajará - AM;1301654;AM;15826;Receitas Brutas Realizadas;1.1.1.2.04.00.00 - Imposto sobre a Renda e Proventos de Qualquer Natureza ¿ IR;siconfi-cor_RO1.1.1.2.04.00.00;120009,92
Prefeitura Municipal de Guajará - AM;1301654;AM;15826;Receitas Brutas Realizadas;1.1.1.2.04.31.00 - Retido nas Fontes - Trabalho;siconfi-cor_RO1.1.1.2.04.31.00;120009,92
Prefeitura Municipal de Guajará - AM;1301654;AM;15826;Receitas Brutas Realizadas;"1.1.1.2.08.00.00 - Imposto sobre Transmissão Inter Vivos"" de Bens Imóveis e de Direitos Reais sobre Imóveis ¿ ITBI""";siconfi-cor_RO1.1.1.2.08.00.00;1828,44
Prefeitura Municipal de Guajará - AM;1301654;AM;15826;Receitas Brutas Realizadas;1.1.1.3.00.00.00 - Impostos sobre a Produção e a Circulação;siconfi-cor_RO1.1.1.3.00.00.00;240858,19
Prefeitura Municipal de Guajará - AM;1301654;AM;15826;Receitas Brutas Realizadas;1.1.1.3.05.00.00 - Imposto sobre Serviços de Qualquer Natureza ¿ ISSQN;siconfi-cor_RO1.1.1.3.05.00.00;240858,19
Prefeitura Municipal de Guajará - AM;1301654;AM;15826;Receitas Brutas Realizadas;1.1.2.0.00.00.00 - Taxas;siconfi-cor_RO1.1.2.0.00.00.00;7916,23
Prefeitura Municipal de Guajará - AM;1301654;AM;15826;Receitas Brutas Realizadas;1.1.2.1.00.00.00 - Taxas pelo Exercício do Poder de Polícia;siconfi-cor_RO1.1.2.1.00.00.00;266,1
Prefeitura Municipal de Guajará - AM;1301654;AM;15826;Receitas Brutas Realizadas;1.1.2.2.00.00.00 - Taxas pela Prestação de Serviços;siconfi-cor_RO1.1.2.2.00.00.00;7650,13
Prefeitura Municipal de Guajará - AM;1301654;AM;15826;Receitas Brutas Realizadas;1.1.2.2.99.00.00 - Outras Taxas pela Prestação de Serviços;siconfi-cor_RO1.1.2.2.99.00.00;7650,13
Prefeitura Municipal de Guajará - AM;1301654;AM;15826;Receitas Brutas Realizadas;1.2.0.0.00.00.00 - Receitas de Contribuições;siconfi-cor_RO1.2.0.0.00.00.00;77470,22
Prefeitura Municipal de Guajará - AM;1301654;AM;15826;Receitas Brutas Realizadas;1.2.3.0.00.00.00 - Contribuição para Custeio do Serviço de Iluminação Pública;siconfi-cor_RO1.2.3.0.00.00.00;77470,22
Prefeitura Municipal de Guajará - AM;1301654;AM;15826;Receitas Brutas Realizadas;1.3.0.0.00.00.00 - Receita Patrimonial;siconfi-cor_RO1.3.0.0.00.00.00;46727,05
Prefeitura Municipal de Guajará - AM;1301654;AM;15826;Receitas Brutas Realizadas;1.3.2.0.00.00.00 - Receitas de Valores Mobiliários;siconfi-cor_RO1.3.2.0.00.00.00;46727,05
Prefeitura Municipal de Guajará - AM;1301654;AM;15826;Receitas Brutas Realizadas;1.3.2.5.00.00.00 - Remuneração de Depósitos Bancários;siconfi-cor_RO1.3.2.5.00.00.00;46727,05
Prefeitura Municipal de Guajará - AM;1301654;AM;15826;Receitas Brutas Realizadas;1.6.0.0.00.00.00 - Receita de Serviços;siconfi-cor_RO1.6.0.0.00.00.00;49
Prefeitura Municipal de Guajará - AM;1301654;AM;15826;Receitas Brutas Realizadas;1.6.0.0.99.00.00 - Outros Serviços;siconfi-cor_RO1.6.0.0.99.00.00;49
Prefeitura Municipal de Guajará - AM;1301654;AM;15826;Receitas Brutas Realizadas;1.7.0.0.00.00.00 - Transferências Correntes;siconfi-cor_RO1.7.0.0.00.00.00;29688632,88
Prefeitura Municipal de Guajará - AM;1301654;AM;15826;Receitas Brutas Realizadas;1.7.2.0.00.00.00 - Transferências Intergovernamentais;siconfi-cor_RO1.7.2.0.00.00.00;29688632,88
Prefeitura Municipal de Guajará - AM;1301654;AM;15826;Receitas Brutas Realizadas;1.7.2.1.00.00.00 - Transferências da União;siconfi-cor_RO1.7.2.1.00.00.00;15549868,24
Prefeitura Municipal de Guajará - AM;1301654;AM;15826;Receitas Brutas Realizadas;1.7.2.1.01.00.00 - Participação na Receita da União;siconfi-cor_RO1.7.2.1.01.00.00;11948629,56
Prefeitura Municipal de Guajará - AM;1301654;AM;15826;Receitas Brutas Realizadas;1.7.2.1.01.02.00 - Cota-Parte do Fundo de Participação dos Municípios ¿ FPM;siconfi-cor_RO1.7.2.1.01.02.00;11941572,76
Prefeitura Municipal de Guajará - AM;1301654;AM;15826;Receitas Brutas Realizadas;1.7.2.1.01.05.00 - Cota-Parte do Imposto Sobre a Propriedade Territorial Rural ¿ ITR;siconfi-cor_RO1.7.2.1.01.05.00;7056,8
Prefeitura Municipal de Guajará - AM;1301654;AM;15826;Receitas Brutas Realizadas;1.7.2.1.22.00.00 - Transferências da Compensação Financeira pela Exploração de Recursos Naturais;siconfi-cor_RO1.7.2.1.22.00.00;94065,83
Prefeitura Municipal de Guajará - AM;1301654;AM;15826;Receitas Brutas Realizadas;1.7.2.1.22.70.00 - Cota-Parte do Fundo Especial do Petróleo ¿ FEP;siconfi-cor_RO1.7.2.1.22.70.00;94065,83
Prefeitura Municipal de Guajará - AM;1301654;AM;15826;Receitas Brutas Realizadas;1.7.2.1.33.00.00 - Transferências de Recursos do Sistema Único de Saúde - SUS - Repasses Fundo a Fundo;siconfi-cor_RO1.7.2.1.33.00.00;2159335,39
Prefeitura Municipal de Guajará - AM;1301654;AM;15826;Receitas Brutas Realizadas;1.7.2.1.34.00.00 - Transferências de Recursos do Fundo Nacional de Assistência Social ¿ FNAS;siconfi-cor_RO1.7.2.1.34.00.00;466145,71
Prefeitura Municipal de Guajará - AM;1301654;AM;15826;Receitas Brutas Realizadas;1.7.2.1.35.00.00 - Transferências de Recursos do Fundo Nacional do Desenvolvimento da Educação ¿ FNDE;siconfi-cor_RO1.7.2.1.35.00.00;834225,41
Prefeitura Municipal de Guajará - AM;1301654;AM;15826;Receitas Brutas Realizadas;1.7.2.1.36.00.00 - Transferências Financeiras do ICMS ¿ Desoneração ¿ L.C. Nº 87/96;siconfi-cor_RO1.7.2.1.36.00.00;17256,84
Prefeitura Municipal de Guajará - AM;1301654;AM;15826;Receitas Brutas Realizadas;1.7.2.1.99.00.00 - Outras Transferências da União;siconfi-cor_RO1.7.2.1.99.00.00;30209,5
Prefeitura Municipal de Guajará - AM;1301654;AM;15826;Receitas Brutas Realizadas;1.7.2.2.00.00.00 - Transferências dos Estados;siconfi-cor_RO1.7.2.2.00.00.00;6576101,26
Prefeitura Municipal de Guajará - AM;1301654;AM;15826;Receitas Brutas Realizadas;1.7.2.2.01.00.00 - Participação na Receita dos Estados;siconfi-cor_RO1.7.2.2.01.00.00;6327785,49
Prefeitura Municipal de Guajará - AM;1301654;AM;15826;Receitas Brutas Realizadas;1.7.2.2.01.01.00 - Cota-Parte do ICMS;siconfi-cor_RO1.7.2.2.01.01.00;6227805,39
Prefeitura Municipal de Guajará - AM;1301654;AM;15826;Receitas Brutas Realizadas;1.7.2.2.01.02.00 - Cota-Parte do IPVA;siconfi-cor_RO1.7.2.2.01.02.00;41259,32
Prefeitura Municipal de Guajará - AM;1301654;AM;15826;Receitas Brutas Realizadas;1.7.2.2.01.04.00 - Cota-Parte do IPI - Municípios;siconfi-cor_RO1.7.2.2.01.04.00;25186,68
Prefeitura Municipal de Guajará - AM;1301654;AM;15826;Receitas Brutas Realizadas;1.7.2.2.01.13.00 - Cota-Parte da Contribuição de Intervenção no Domínio Econômico;siconfi-cor_RO1.7.2.2.01.13.00;33534,1
Prefeitura Municipal de Guajará - AM;1301654;AM;15826;Receitas Brutas Realizadas;1.7.2.2.22.00.00 - Transferências da Cota-Parte da Compensação Financeira (25%);siconfi-cor_RO1.7.2.2.22.00.00;72185,77
Prefeitura Municipal de Guajará - AM;1301654;AM;15826;Receitas Brutas Realizadas;1.7.2.2.22.30.00 - Cota-Parte Royalties - Compensação Financeira pela Produção de Petróleo - Lei nº 7.990/89 artigo 9º;siconfi-cor_RO1.7.2.2.22.30.00;72185,77
Prefeitura Municipal de Guajará - AM;1301654;AM;15826;Receitas Brutas Realizadas;1.7.2.2.33.00.00 - Transferências de Recursos do Estado para Programas de Saúde - Repasse Fundo a Fundo;siconfi-cor_RO1.7.2.2.33.00.00;176130
Prefeitura Municipal de Guajará - AM;1301654;AM;15826;Receitas Brutas Realizadas;1.7.2.4.00.00.00 - Transferências Multigovernamentais;siconfi-cor_RO1.7.2.4.00.00.00;7562663,38
Prefeitura Municipal de Guajará - AM;1301654;AM;15826;Receitas Brutas Realizadas;1.7.2.4.01.00.00 - Transferências de Recursos do Fundo de Manutenção e Desenvolvimento do Ensino Fundamental e de Valorização do Magistério - FUNDEB;siconfi-cor_RO1.7.2.4.01.00.00;5819712,03
Prefeitura Municipal de Guajará - AM;1301654;AM;15826;Receitas Brutas Realizadas;1.7.2.4.02.00.00 - Transferências de Recursos da Complementação ao Fundo de Manutenção e Desenvolvimento do Ensino Fundamental e de Valorização do Magistério - FUNDEB;siconfi-cor_RO1.7.2.4.02.00.00;1742951,35
Prefeitura Municipal de Guajará - AM;1301654;AM;15826;Receitas Brutas Realizadas;2.0.0.0.00.00.00 - Receitas de Capital;siconfi-cor_RO2.0.0.0.00.00.00;941466,31
Prefeitura Municipal de Guajará - AM;1301654;AM;15826;Receitas Brutas Realizadas;2.4.0.0.00.00.00 - Transferências de Capital;siconfi-cor_RO2.4.0.0.00.00.00;941466,31
Prefeitura Municipal de Guajará - AM;1301654;AM;15826;Receitas Brutas Realizadas;2.4.2.0.00.00.00 - Transferências Intergovernamentais;siconfi-cor_RO2.4.2.0.00.00.00;941466,31
Prefeitura Municipal de Guajará - AM;1301654;AM;15826;Receitas Brutas Realizadas;2.4.2.1.00.00.00 - Transferências da União;siconfi-cor_RO2.4.2.1.00.00.00;941466,31
Prefeitura Municipal de Guajará - AM;1301654;AM;15826;Receitas Brutas Realizadas;2.4.2.1.02.00.00 - Transferências de Recursos Destinados a Programas de Educação;siconfi-cor_RO2.4.2.1.02.00.00;824846,31
Prefeitura Municipal de Guajará - AM;1301654;AM;15826;Receitas Brutas Realizadas;2.4.2.1.99.00.00 - Outras Transferências da União;siconfi-cor_RO2.4.2.1.99.00.00;116620
Prefeitura Municipal de Guajará - AM;1301654;AM;15826;Deduções - FUNDEB;Total Receitas;siconfi-cor_TotalReceitas;3487752,37
Prefeitura Municipal de Guajará - AM;1301654;AM;15826;Deduções - FUNDEB;1.0.0.0.00.00.00 - Receitas Correntes;siconfi-cor_RO1.0.0.0.00.00.00;3487752,37
Prefeitura Municipal de Guajará - AM;1301654;AM;15826;Deduções - FUNDEB;1.7.0.0.00.00.00 - Transferências Correntes;siconfi-cor_RO1.7.0.0.00.00.00;3487752,37
Prefeitura Municipal de Guajará - AM;1301654;AM;15826;Deduções - FUNDEB;1.7.2.0.00.00.00 - Transferências Intergovernamentais;siconfi-cor_RO1.7.2.0.00.00.00;3487752,37
Prefeitura Municipal de Guajará - AM;1301654;AM;15826;Deduções - FUNDEB;1.7.2.1.00.00.00 - Transferências da União;siconfi-cor_RO1.7.2.1.00.00.00;2228902,08
Prefeitura Municipal de Guajará - AM;1301654;AM;15826;Deduções - FUNDEB;1.7.2.1.01.00.00 - Participação na Receita da União;siconfi-cor_RO1.7.2.1.01.00.00;2225450,76
Prefeitura Municipal de Guajará - AM;1301654;AM;15826;Deduções - FUNDEB;1.7.2.1.01.02.00 - Cota-Parte do Fundo de Participação dos Municípios ¿ FPM;siconfi-cor_RO1.7.2.1.01.02.00;2224039,45
Prefeitura Municipal de Guajará - AM;1301654;AM;15826;Deduções - FUNDEB;1.7.2.1.01.05.00 - Cota-Parte do Imposto Sobre a Propriedade Territorial Rural ¿ ITR;siconfi-cor_RO1.7.2.1.01.05.00;1411,31
Prefeitura Municipal de Guajará - AM;1301654;AM;15826;Deduções - FUNDEB;1.7.2.1.36.00.00 - Transferências Financeiras do ICMS ¿ Desoneração ¿ L.C. Nº 87/96;siconfi-cor_RO1.7.2.1.36.00.00;3451,32
Prefeitura Municipal de Guajará - AM;1301654;AM;15826;Deduções - FUNDEB;1.7.2.2.00.00.00 - Transferências dos Estados;siconfi-cor_RO1.7.2.2.00.00.00;1258850,29
Prefeitura Municipal de Guajará - AM;1301654;AM;15826;Deduções - FUNDEB;1.7.2.2.01.00.00 - Participação na Receita dos Estados;siconfi-cor_RO1.7.2.2.01.00.00;1258850,29
Prefeitura Municipal de Guajará - AM;1301654;AM;15826;Deduções - FUNDEB;1.7.2.2.01.01.00 - Cota-Parte do ICMS;siconfi-cor_RO1.7.2.2.01.01.00;1245561,08
Prefeitura Municipal de Guajará - AM;1301654;AM;15826;Deduções - FUNDEB;1.7.2.2.01.02.00 - Cota-Parte do IPVA;siconfi-cor_RO1.7.2.2.01.02.00;8251,86
Prefeitura Municipal de Guajará - AM;1301654;AM;15826;Deduções - FUNDEB;1.7.2.2.01.04.00 - Cota-Parte do IPI - Municípios;siconfi-cor_RO1.7.2.2.01.04.00;5037,35
Prefeitura Municipal de Ipixuna - AM;1301803;AM;26860;Receitas Brutas Realizadas;Total Receitas;siconfi-cor_TotalReceitas;35817003,47
Prefeitura Municipal de Ipixuna - AM;1301803;AM;26860;Receitas Brutas Realizadas;1.0.0.0.00.00.00 - Receitas Correntes;siconfi-cor_RO1.0.0.0.00.00.00;35817003,47
Prefeitura Municipal de Ipixuna - AM;1301803;AM;26860;Receitas Brutas Realizadas;1.1.0.0.00.00.00 - Receita Tributária;siconfi-cor_RO1.1.0.0.00.00.00;419042,64
Prefeitura Municipal de Ipixuna - AM;1301803;AM;26860;Receitas Brutas Realizadas;1.1.1.0.00.00.00 - Impostos;siconfi-cor_RO1.1.1.0.00.00.00;408514,01
Prefeitura Municipal de Ipixuna - AM;1301803;AM;26860;Receitas Brutas Realizadas;1.1.1.2.00.00.00 - Impostos sobre o Patrimônio e a Renda;siconfi-cor_RO1.1.1.2.00.00.00;268859,18
Prefeitura Municipal de Ipixuna - AM;1301803;AM;26860;Receitas Brutas Realizadas;1.1.1.2.02.00.00 - Imposto sobre a Propriedade Predial e Territorial Urbana ¿ IPTU;siconfi-cor_RO1.1.1.2.02.00.00;3127,48
Prefeitura Municipal de Ipixuna - AM;1301803;AM;26860;Receitas Brutas Realizadas;1.1.1.2.04.00.00 - Imposto sobre a Renda e Proventos de Qualquer Natureza ¿ IR;siconfi-cor_RO1.1.1.2.04.00.00;265231,7
Prefeitura Municipal de Ipixuna - AM;1301803;AM;26860;Receitas Brutas Realizadas;1.1.1.2.04.31.00 - Retido nas Fontes - Trabalho;siconfi-cor_RO1.1.1.2.04.31.00;264868,52
Prefeitura Municipal de Ipixuna - AM;1301803;AM;26860;Receitas Brutas Realizadas;1.1.1.2.04.34.00 - Retido nas Fontes - Outros Rendimentos;siconfi-cor_RO1.1.1.2.04.34.00;363,18
Prefeitura Municipal de Ipixuna - AM;1301803;AM;26860;Receitas Brutas Realizadas;"1.1.1.2.08.00.00 - Imposto sobre Transmissão Inter Vivos"" de Bens Imóveis e de Direitos Reais sobre Imóveis ¿ ITBI""";siconfi-cor_RO1.1.1.2.08.00.00;500
Prefeitura Municipal de Ipixuna - AM;1301803;AM;26860;Receitas Brutas Realizadas;1.1.1.3.00.00.00 - Impostos sobre a Produção e a Circulação;siconfi-cor_RO1.1.1.3.00.00.00;139654,83
Prefeitura Municipal de Ipixuna - AM;1301803;AM;26860;Receitas Brutas Realizadas;1.1.1.3.05.00.00 - Imposto sobre Serviços de Qualquer Natureza ¿ ISSQN;siconfi-cor_RO1.1.1.3.05.00.00;139654,83
Prefeitura Municipal de Ipixuna - AM;1301803;AM;26860;Receitas Brutas Realizadas;1.1.2.0.00.00.00 - Taxas;siconfi-cor_RO1.1.2.0.00.00.00;10528,63
Prefeitura Municipal de Ipixuna - AM;1301803;AM;26860;Receitas Brutas Realizadas;1.1.2.1.00.00.00 - Taxas pelo Exercício do Poder de Polícia;siconfi-cor_RO1.1.2.1.00.00.00;6708,4
Prefeitura Municipal de Ipixuna - AM;1301803;AM;26860;Receitas Brutas Realizadas;1.1.2.2.00.00.00 - Taxas pela Prestação de Serviços;siconfi-cor_RO1.1.2.2.00.00.00;3820,23
Prefeitura Municipal de Ipixuna - AM;1301803;AM;26860;Receitas Brutas Realizadas;1.1.2.2.99.00.00 - Outras Taxas pela Prestação de Serviços;siconfi-cor_RO1.1.2.2.99.00.00;3820,23
Prefeitura Municipal de Ipixuna - AM;1301803;AM;26860;Receitas Brutas Realizadas;1.2.0.0.00.00.00 - Receitas de Contribuições;siconfi-cor_RO1.2.0.0.00.00.00;22424,37
Prefeitura Municipal de Ipixuna - AM;1301803;AM;26860;Receitas Brutas Realizadas;1.2.3.0.00.00.00 - Contribuição para Custeio do Serviço de Iluminação Pública;siconfi-cor_RO1.2.3.0.00.00.00;22424,37
Prefeitura Municipal de Ipixuna - AM;1301803;AM;26860;Receitas Brutas Realizadas;1.3.0.0.00.00.00 - Receita Patrimonial;siconfi-cor_RO1.3.0.0.00.00.00;46868,9
Prefeitura Municipal de Ipixuna - AM;1301803;AM;26860;Receitas Brutas Realizadas;1.3.2.0.00.00.00 - Receitas de Valores Mobiliários;siconfi-cor_RO1.3.2.0.00.00.00;46868,9
Prefeitura Municipal de Ipixuna - AM;1301803;AM;26860;Receitas Brutas Realizadas;1.3.2.5.00.00.00 - Remuneração de Depósitos Bancários;siconfi-cor_RO1.3.2.5.00.00.00;46868,9
Prefeitura Municipal de Ipixuna - AM;1301803;AM;26860;Receitas Brutas Realizadas;1.7.0.0.00.00.00 - Transferências Correntes;siconfi-cor_RO1.7.0.0.00.00.00;35328667,56
Prefeitura Municipal de Ipixuna - AM;1301803;AM;26860;Receitas Brutas Realizadas;1.7.2.0.00.00.00 - Transferências Intergovernamentais;siconfi-cor_RO1.7.2.0.00.00.00;35328667,56
Prefeitura Municipal de Ipixuna - AM;1301803;AM;26860;Receitas Brutas Realizadas;1.7.2.1.00.00.00 - Transferências da União;siconfi-cor_RO1.7.2.1.00.00.00;20575897,16
Prefeitura Municipal de Ipixuna - AM;1301803;AM;26860;Receitas Brutas Realizadas;1.7.2.1.01.00.00 - Participação na Receita da União;siconfi-cor_RO1.7.2.1.01.00.00;16719228,41
Prefeitura Municipal de Ipixuna - AM;1301803;AM;26860;Receitas Brutas Realizadas;1.7.2.1.01.02.00 - Cota-Parte do Fundo de Participação dos Municípios ¿ FPM;siconfi-cor_RO1.7.2.1.01.02.00;15608467,97
Prefeitura Municipal de Ipixuna - AM;1301803;AM;26860;Receitas Brutas Realizadas;1.7.2.1.01.03.00 - Cota-Parte do Fundo de Participação dos Municípios - 1% Cota Anual;siconfi-cor_RO1.7.2.1.01.03.00;648713,35
Prefeitura Municipal de Ipixuna - AM;1301803;AM;26860;Receitas Brutas Realizadas;1.7.2.1.01.04.00 - Cota-Parte do Fundo de Participação dos Municípios - 1% Cota entregue no mês de julho (67)(I);siconfi-cor_RO1.7.2.1.01.04.00;461020,52
Prefeitura Municipal de Ipixuna - AM;1301803;AM;26860;Receitas Brutas Realizadas;1.7.2.1.01.05.00 - Cota-Parte do Imposto Sobre a Propriedade Territorial Rural ¿ ITR;siconfi-cor_RO1.7.2.1.01.05.00;1026,57
Prefeitura Municipal de Ipixuna - AM;1301803;AM;26860;Receitas Brutas Realizadas;1.7.2.1.22.00.00 - Transferências da Compensação Financeira pela Exploração de Recursos Naturais;siconfi-cor_RO1.7.2.1.22.00.00;131692,17
Prefeitura Municipal de Ipixuna - AM;1301803;AM;26860;Receitas Brutas Realizadas;1.7.2.1.22.70.00 - Cota-Parte do Fundo Especial do Petróleo ¿ FEP;siconfi-cor_RO1.7.2.1.22.70.00;131692,17
Prefeitura Municipal de Ipixuna - AM;1301803;AM;26860;Receitas Brutas Realizadas;1.7.2.1.33.00.00 - Transferências de Recursos do Sistema Único de Saúde - SUS - Repasses Fundo a Fundo;siconfi-cor_RO1.7.2.1.33.00.00;2513750,94
Prefeitura Municipal de Ipixuna - AM;1301803;AM;26860;Receitas Brutas Realizadas;1.7.2.1.34.00.00 - Transferências de Recursos do Fundo Nacional de Assistência Social ¿ FNAS;siconfi-cor_RO1.7.2.1.34.00.00;525549,25
Prefeitura Municipal de Ipixuna - AM;1301803;AM;26860;Receitas Brutas Realizadas;1.7.2.1.35.00.00 - Transferências de Recursos do Fundo Nacional do Desenvolvimento da Educação ¿ FNDE;siconfi-cor_RO1.7.2.1.35.00.00;636142,37
Prefeitura Municipal de Ipixuna - AM;1301803;AM;26860;Receitas Brutas Realizadas;1.7.2.1.36.00.00 - Transferências Financeiras do ICMS ¿ Desoneração ¿ L.C. Nº 87/96;siconfi-cor_RO1.7.2.1.36.00.00;18008,52
Prefeitura Municipal de Ipixuna - AM;1301803;AM;26860;Receitas Brutas Realizadas;1.7.2.1.99.00.00 - Outras Transferências da União;siconfi-cor_RO1.7.2.1.99.00.00;31525,5
Prefeitura Municipal de Ipixuna - AM;1301803;AM;26860;Receitas Brutas Realizadas;1.7.2.2.00.00.00 - Transferências dos Estados;siconfi-cor_RO1.7.2.2.00.00.00;6981915,53
Prefeitura Municipal de Ipixuna - AM;1301803;AM;26860;Receitas Brutas Realizadas;1.7.2.2.01.00.00 - Participação na Receita dos Estados;siconfi-cor_RO1.7.2.2.01.00.00;6581144,03
Prefeitura Municipal de Ipixuna - AM;1301803;AM;26860;Receitas Brutas Realizadas;1.7.2.2.01.01.00 - Cota-Parte do ICMS;siconfi-cor_RO1.7.2.2.01.01.00;6499105,38
Prefeitura Municipal de Ipixuna - AM;1301803;AM;26860;Receitas Brutas Realizadas;1.7.2.2.01.02.00 - Cota-Parte do IPVA;siconfi-cor_RO1.7.2.2.01.02.00;6044,2
Prefeitura Municipal de Ipixuna - AM;1301803;AM;26860;Receitas Brutas Realizadas;1.7.2.2.01.04.00 - Cota-Parte do IPI - Municípios;siconfi-cor_RO1.7.2.2.01.04.00;26283,88
Prefeitura Municipal de Ipixuna - AM;1301803;AM;26860;Receitas Brutas Realizadas;1.7.2.2.01.13.00 - Cota-Parte da Contribuição de Intervenção no Domínio Econômico;siconfi-cor_RO1.7.2.2.01.13.00;49710,57
Prefeitura Municipal de Ipixuna - AM;1301803;AM;26860;Receitas Brutas Realizadas;1.7.2.2.22.00.00 - Transferências da Cota-Parte da Compensação Financeira (25%);siconfi-cor_RO1.7.2.2.22.00.00;75330,38
Prefeitura Municipal de Ipixuna - AM;1301803;AM;26860;Receitas Brutas Realizadas;1.7.2.2.22.30.00 - Cota-Parte Royalties - Compensação Financeira pela Produção de Petróleo - Lei nº 7.990/89 artigo 9º;siconfi-cor_RO1.7.2.2.22.30.00;75330,38
Prefeitura Municipal de Ipixuna - AM;1301803;AM;26860;Receitas Brutas Realizadas;1.7.2.2.33.00.00 - Transferências de Recursos do Estado para Programas de Saúde - Repasse Fundo a Fundo;siconfi-cor_RO1.7.2.2.33.00.00;325441,12
Prefeitura Municipal de Ipixuna - AM;1301803;AM;26860;Receitas Brutas Realizadas;1.7.2.4.00.00.00 - Transferências Multigovernamentais;siconfi-cor_RO1.7.2.4.00.00.00;7770854,87
Prefeitura Municipal de Ipixuna - AM;1301803;AM;26860;Receitas Brutas Realizadas;1.7.2.4.01.00.00 - Transferências de Recursos do Fundo de Manutenção e Desenvolvimento do Ensino Fundamental e de Valorização do Magistério - FUNDEB;siconfi-cor_RO1.7.2.4.01.00.00;6167786,71
Prefeitura Municipal de Ipixuna - AM;1301803;AM;26860;Receitas Brutas Realizadas;1.7.2.4.02.00.00 - Transferências de Recursos da Complementação ao Fundo de Manutenção e Desenvolvimento do Ensino Fundamental e de Valorização do Magistério - FUNDEB;siconfi-cor_RO1.7.2.4.02.00.00;1603068,16
Prefeitura Municipal de Ipixuna - AM;1301803;AM;26860;Deduções - FUNDEB;Total Receitas;siconfi-cor_TotalReceitas;4423748,87
Prefeitura Municipal de Ipixuna - AM;1301803;AM;26860;Deduções - FUNDEB;1.0.0.0.00.00.00 - Receitas Correntes;siconfi-cor_RO1.0.0.0.00.00.00;4423748,87
Prefeitura Municipal de Ipixuna - AM;1301803;AM;26860;Deduções - FUNDEB;1.7.0.0.00.00.00 - Transferências Correntes;siconfi-cor_RO1.7.0.0.00.00.00;4423748,87
Prefeitura Municipal de Ipixuna - AM;1301803;AM;26860;Deduções - FUNDEB;1.7.2.0.00.00.00 - Transferências Intergovernamentais;siconfi-cor_RO1.7.2.0.00.00.00;4423748,87
Prefeitura Municipal de Ipixuna - AM;1301803;AM;26860;Deduções - FUNDEB;1.7.2.1.00.00.00 - Transferências da União;siconfi-cor_RO1.7.2.1.00.00.00;3117462,25
Prefeitura Municipal de Ipixuna - AM;1301803;AM;26860;Deduções - FUNDEB;1.7.2.1.01.00.00 - Participação na Receita da União;siconfi-cor_RO1.7.2.1.01.00.00;3113860,57
Prefeitura Municipal de Ipixuna - AM;1301803;AM;26860;Deduções - FUNDEB;1.7.2.1.01.02.00 - Cota-Parte do Fundo de Participação dos Municípios ¿ FPM;siconfi-cor_RO1.7.2.1.01.02.00;3113655,29
Prefeitura Municipal de Ipixuna - AM;1301803;AM;26860;Deduções - FUNDEB;1.7.2.1.01.05.00 - Cota-Parte do Imposto Sobre a Propriedade Territorial Rural ¿ ITR;siconfi-cor_RO1.7.2.1.01.05.00;205,28
Prefeitura Municipal de Ipixuna - AM;1301803;AM;26860;Deduções - FUNDEB;1.7.2.1.36.00.00 - Transferências Financeiras do ICMS ¿ Desoneração ¿ L.C. Nº 87/96;siconfi-cor_RO1.7.2.1.36.00.00;3601,68
Prefeitura Municipal de Ipixuna - AM;1301803;AM;26860;Deduções - FUNDEB;1.7.2.2.00.00.00 - Transferências dos Estados;siconfi-cor_RO1.7.2.2.00.00.00;1306286,62
Prefeitura Municipal de Ipixuna - AM;1301803;AM;26860;Deduções - FUNDEB;1.7.2.2.01.00.00 - Participação na Receita dos Estados;siconfi-cor_RO1.7.2.2.01.00.00;1306286,62
Prefeitura Municipal de Ipixuna - AM;1301803;AM;26860;Deduções - FUNDEB;1.7.2.2.01.01.00 - Cota-Parte do ICMS;siconfi-cor_RO1.7.2.2.01.01.00;1299821,07
Prefeitura Municipal de Ipixuna - AM;1301803;AM;26860;Deduções - FUNDEB;1.7.2.2.01.02.00 - Cota-Parte do IPVA;siconfi-cor_RO1.7.2.2.01.02.00;1208,77
Prefeitura Municipal de Ipixuna - AM;1301803;AM;26860;Deduções - FUNDEB;1.7.2.2.01.04.00 - Cota-Parte do IPI - Municípios;siconfi-cor_RO1.7.2.2.01.04.00;5256,78
Prefeitura Municipal de Novo Airão - AM;1303205;AM;17671;Receitas Brutas Realizadas;Total Receitas;siconfi-cor_TotalReceitas;35780239,19
Prefeitura Municipal de Novo Airão - AM;1303205;AM;17671;Receitas Brutas Realizadas;1.0.0.0.00.00.00 - Receitas Correntes;siconfi-cor_RO1.0.0.0.00.00.00;35290639,19
Prefeitura Municipal de Novo Airão - AM;1303205;AM;17671;Receitas Brutas Realizadas;1.1.0.0.00.00.00 - Receita Tributária;siconfi-cor_RO1.1.0.0.00.00.00;1368781,34
Prefeitura Municipal de Novo Airão - AM;1303205;AM;17671;Receitas Brutas Realizadas;1.1.1.0.00.00.00 - Impostos;siconfi-cor_RO1.1.1.0.00.00.00;1358690,07
Prefeitura Municipal de Novo Airão - AM;1303205;AM;17671;Receitas Brutas Realizadas;1.1.1.2.00.00.00 - Impostos sobre o Patrimônio e a Renda;siconfi-cor_RO1.1.1.2.00.00.00;407024,34
Prefeitura Municipal de Novo Airão - AM;1303205;AM;17671;Receitas Brutas Realizadas;1.1.1.2.02.00.00 - Imposto sobre a Propriedade Predial e Territorial Urbana ¿ IPTU;siconfi-cor_RO1.1.1.2.02.00.00;12190,87
Prefeitura Municipal de Novo Airão - AM;1303205;AM;17671;Receitas Brutas Realizadas;1.1.1.2.04.00.00 - Imposto sobre a Renda e Proventos de Qualquer Natureza ¿ IR;siconfi-cor_RO1.1.1.2.04.00.00;394833,47
Prefeitura Municipal de Novo Airão - AM;1303205;AM;17671;Receitas Brutas Realizadas;1.1.1.2.04.31.00 - Retido nas Fontes - Trabalho;siconfi-cor_RO1.1.1.2.04.31.00;387899,95
Prefeitura Municipal de Novo Airão - AM;1303205;AM;17671;Receitas Brutas Realizadas;1.1.1.2.04.34.00 - Retido nas Fontes - Outros Rendimentos;siconfi-cor_RO1.1.1.2.04.34.00;6933,52
Prefeitura Municipal de Novo Airão - AM;1303205;AM;17671;Receitas Brutas Realizadas;1.1.1.3.00.00.00 - Impostos sobre a Produção e a Circulação;siconfi-cor_RO1.1.1.3.00.00.00;951665,73
Prefeitura Municipal de Novo Airão - AM;1303205;AM;17671;Receitas Brutas Realizadas;1.1.1.3.05.00.00 - Imposto sobre Serviços de Qualquer Natureza ¿ ISSQN;siconfi-cor_RO1.1.1.3.05.00.00;951665,73
Prefeitura Municipal de Novo Airão - AM;1303205;AM;17671;Receitas Brutas Realizadas;1.1.2.0.00.00.00 - Taxas;siconfi-cor_RO1.1.2.0.00.00.00;10091,27
Prefeitura Municipal de Novo Airão - AM;1303205;AM;17671;Receitas Brutas Realizadas;1.1.2.1.00.00.00 - Taxas pelo Exercício do Poder de Polícia;siconfi-cor_RO1.1.2.1.00.00.00;10091,27
Prefeitura Municipal de Novo Airão - AM;1303205;AM;17671;Receitas Brutas Realizadas;1.3.0.0.00.00.00 - Receita Patrimonial;siconfi-cor_RO1.3.0.0.00.00.00;65605,81
Prefeitura Municipal de Novo Airão - AM;1303205;AM;17671;Receitas Brutas Realizadas;1.3.2.0.00.00.00 - Receitas de Valores Mobiliários;siconfi-cor_RO1.3.2.0.00.00.00;65605,81
Prefeitura Municipal de Novo Airão - AM;1303205;AM;17671;Receitas Brutas Realizadas;1.3.2.5.00.00.00 - Remuneração de Depósitos Bancários;siconfi-cor_RO1.3.2.5.00.00.00;65605,81
Prefeitura Municipal de Novo Airão - AM;1303205;AM;17671;Receitas Brutas Realizadas;1.7.0.0.00.00.00 - Transferências Correntes;siconfi-cor_RO1.7.0.0.00.00.00;33856252,04
Prefeitura Municipal de Novo Airão - AM;1303205;AM;17671;Receitas Brutas Realizadas;1.7.2.0.00.00.00 - Transferências Intergovernamentais;siconfi-cor_RO1.7.2.0.00.00.00;33856252,04
Prefeitura Municipal de Novo Airão - AM;1303205;AM;17671;Receitas Brutas Realizadas;1.7.2.1.00.00.00 - Transferências da União;siconfi-cor_RO1.7.2.1.00.00.00;17527730,22
Prefeitura Municipal de Novo Airão - AM;1303205;AM;17671;Receitas Brutas Realizadas;1.7.2.1.01.00.00 - Participação na Receita da União;siconfi-cor_RO1.7.2.1.01.00.00;14339186,68
Prefeitura Municipal de Novo Airão - AM;1303205;AM;17671;Receitas Brutas Realizadas;1.7.2.1.01.02.00 - Cota-Parte do Fundo de Participação dos Municípios ¿ FPM;siconfi-cor_RO1.7.2.1.01.02.00;14329890,3
Prefeitura Municipal de Novo Airão - AM;1303205;AM;17671;Receitas Brutas Realizadas;1.7.2.1.01.05.00 - Cota-Parte do Imposto Sobre a Propriedade Territorial Rural ¿ ITR;siconfi-cor_RO1.7.2.1.01.05.00;9287,1
Prefeitura Municipal de Novo Airão - AM;1303205;AM;17671;Receitas Brutas Realizadas;1.7.2.1.01.32.00 - Cota-Parte do Imposto Sobre Operações de Crédito Câmbio e Seguro ou Relativas a Títulos ou Valores Mobiliários ¿ Comercialização do Ouro;siconfi-cor_RO1.7.2.1.01.32.00;9,28
Prefeitura Municipal de Novo Airão - AM;1303205;AM;17671;Receitas Brutas Realizadas;1.7.2.1.22.00.00 - Transferências da Compensação Financeira pela Exploração de Recursos Naturais;siconfi-cor_RO1.7.2.1.22.00.00;112879
Prefeitura Municipal de Novo Airão - AM;1303205;AM;17671;Receitas Brutas Realizadas;1.7.2.1.22.70.00 - Cota-Parte do Fundo Especial do Petróleo ¿ FEP;siconfi-cor_RO1.7.2.1.22.70.00;112879
Prefeitura Municipal de Novo Airão - AM;1303205;AM;17671;Receitas Brutas Realizadas;1.7.2.1.33.00.00 - Transferências de Recursos do Sistema Único de Saúde - SUS - Repasses Fundo a Fundo;siconfi-cor_RO1.7.2.1.33.00.00;1994467,94
Prefeitura Municipal de Novo Airão - AM;1303205;AM;17671;Receitas Brutas Realizadas;1.7.2.1.34.00.00 - Transferências de Recursos do Fundo Nacional de Assistência Social ¿ FNAS;siconfi-cor_RO1.7.2.1.34.00.00;466532,44
Prefeitura Municipal de Novo Airão - AM;1303205;AM;17671;Receitas Brutas Realizadas;1.7.2.1.35.00.00 - Transferências de Recursos do Fundo Nacional do Desenvolvimento da Educação ¿ FNDE;siconfi-cor_RO1.7.2.1.35.00.00;555710,3
Prefeitura Municipal de Novo Airão - AM;1303205;AM;17671;Receitas Brutas Realizadas;1.7.2.1.36.00.00 - Transferências Financeiras do ICMS ¿ Desoneração ¿ L.C. Nº 87/96;siconfi-cor_RO1.7.2.1.36.00.00;21433,2
Prefeitura Municipal de Novo Airão - AM;1303205;AM;17671;Receitas Brutas Realizadas;1.7.2.1.99.00.00 - Outras Transferências da União;siconfi-cor_RO1.7.2.1.99.00.00;37520,66
Prefeitura Municipal de Novo Airão - AM;1303205;AM;17671;Receitas Brutas Realizadas;1.7.2.2.00.00.00 - Transferências dos Estados;siconfi-cor_RO1.7.2.2.00.00.00;8009050,25
Prefeitura Municipal de Novo Airão - AM;1303205;AM;17671;Receitas Brutas Realizadas;1.7.2.2.01.00.00 - Participação na Receita dos Estados;siconfi-cor_RO1.7.2.2.01.00.00;7913094,43
Prefeitura Municipal de Novo Airão - AM;1303205;AM;17671;Receitas Brutas Realizadas;1.7.2.2.01.01.00 - Cota-Parte do ICMS;siconfi-cor_RO1.7.2.2.01.01.00;7735027,26
Prefeitura Municipal de Novo Airão - AM;1303205;AM;17671;Receitas Brutas Realizadas;1.7.2.2.01.02.00 - Cota-Parte do IPVA;siconfi-cor_RO1.7.2.2.01.02.00;107361,12
Prefeitura Municipal de Novo Airão - AM;1303205;AM;17671;Receitas Brutas Realizadas;1.7.2.2.01.04.00 - Cota-Parte do IPI - Municípios;siconfi-cor_RO1.7.2.2.01.04.00;31282,25
Prefeitura Municipal de Novo Airão - AM;1303205;AM;17671;Receitas Brutas Realizadas;1.7.2.2.01.13.00 - Cota-Parte da Contribuição de Intervenção no Domínio Econômico;siconfi-cor_RO1.7.2.2.01.13.00;39423,8
Prefeitura Municipal de Novo Airão - AM;1303205;AM;17671;Receitas Brutas Realizadas;1.7.2.2.22.00.00 - Transferências da Cota-Parte da Compensação Financeira (25%);siconfi-cor_RO1.7.2.2.22.00.00;89655,82
Prefeitura Municipal de Novo Airão - AM;1303205;AM;17671;Receitas Brutas Realizadas;1.7.2.2.22.30.00 - Cota-Parte Royalties - Compensação Financeira pela Produção de Petróleo - Lei nº 7.990/89 artigo 9º;siconfi-cor_RO1.7.2.2.22.30.00;89655,82
Prefeitura Municipal de Novo Airão - AM;1303205;AM;17671;Receitas Brutas Realizadas;1.7.2.2.33.00.00 - Transferências de Recursos do Estado para Programas de Saúde - Repasse Fundo a Fundo;siconfi-cor_RO1.7.2.2.33.00.00;6300
Prefeitura Municipal de Novo Airão - AM;1303205;AM;17671;Receitas Brutas Realizadas;1.7.2.4.00.00.00 - Transferências Multigovernamentais;siconfi-cor_RO1.7.2.4.00.00.00;8319471,57
Prefeitura Municipal de Novo Airão - AM;1303205;AM;17671;Receitas Brutas Realizadas;1.7.2.4.01.00.00 - Transferências de Recursos do Fundo de Manutenção e Desenvolvimento do Ensino Fundamental e de Valorização do Magistério - FUNDEB;siconfi-cor_RO1.7.2.4.01.00.00;6622892,39
Prefeitura Municipal de Novo Airão - AM;1303205;AM;17671;Receitas Brutas Realizadas;1.7.2.4.02.00.00 - Transferências de Recursos da Complementação ao Fundo de Manutenção e Desenvolvimento do Ensino Fundamental e de Valorização do Magistério - FUNDEB;siconfi-cor_RO1.7.2.4.02.00.00;1696579,18
Prefeitura Municipal de Novo Airão - AM;1303205;AM;17671;Receitas Brutas Realizadas;2.0.0.0.00.00.00 - Receitas de Capital;siconfi-cor_RO2.0.0.0.00.00.00;489600
Prefeitura Municipal de Novo Airão - AM;1303205;AM;17671;Receitas Brutas Realizadas;2.4.0.0.00.00.00 - Transferências de Capital;siconfi-cor_RO2.4.0.0.00.00.00;489600
Prefeitura Municipal de Novo Airão - AM;1303205;AM;17671;Receitas Brutas Realizadas;2.4.2.0.00.00.00 - Transferências Intergovernamentais;siconfi-cor_RO2.4.2.0.00.00.00;489600
Prefeitura Municipal de Novo Airão - AM;1303205;AM;17671;Receitas Brutas Realizadas;2.4.2.1.00.00.00 - Transferências da União;siconfi-cor_RO2.4.2.1.00.00.00;489600
Prefeitura Municipal de Novo Airão - AM;1303205;AM;17671;Receitas Brutas Realizadas;2.4.2.1.01.00.00 - Participação na Receita da União;siconfi-cor_RO2.4.2.1.01.00.00;489600
Prefeitura Municipal de Novo Airão - AM;1303205;AM;17671;Deduções - FUNDEB;Total Receitas;siconfi-cor_TotalReceitas;4248852,05
Prefeitura Municipal de Novo Airão - AM;1303205;AM;17671;Deduções - FUNDEB;1.0.0.0.00.00.00 - Receitas Correntes;siconfi-cor_RO1.0.0.0.00.00.00;4248852,05
Prefeitura Municipal de Novo Airão - AM;1303205;AM;17671;Deduções - FUNDEB;1.7.0.0.00.00.00 - Transferências Correntes;siconfi-cor_RO1.7.0.0.00.00.00;4248852,05
Prefeitura Municipal de Novo Airão - AM;1303205;AM;17671;Deduções - FUNDEB;1.7.2.0.00.00.00 - Transferências Intergovernamentais;siconfi-cor_RO1.7.2.0.00.00.00;4248852,05
Prefeitura Municipal de Novo Airão - AM;1303205;AM;17671;Deduções - FUNDEB;1.7.2.1.00.00.00 - Transferências da União;siconfi-cor_RO1.7.2.1.00.00.00;2674991,38
Prefeitura Municipal de Novo Airão - AM;1303205;AM;17671;Deduções - FUNDEB;1.7.2.1.01.00.00 - Participação na Receita da União;siconfi-cor_RO1.7.2.1.01.00.00;2670704,74
Prefeitura Municipal de Novo Airão - AM;1303205;AM;17671;Deduções - FUNDEB;1.7.2.1.01.02.00 - Cota-Parte do Fundo de Participação dos Municípios ¿ FPM;siconfi-cor_RO1.7.2.1.01.02.00;2668847,36
Prefeitura Municipal de Novo Airão - AM;1303205;AM;17671;Deduções - FUNDEB;1.7.2.1.01.05.00 - Cota-Parte do Imposto Sobre a Propriedade Territorial Rural ¿ ITR;siconfi-cor_RO1.7.2.1.01.05.00;1857,38
Prefeitura Municipal de Novo Airão - AM;1303205;AM;17671;Deduções - FUNDEB;1.7.2.1.36.00.00 - Transferências Financeiras do ICMS ¿ Desoneração ¿ L.C. Nº 87/96;siconfi-cor_RO1.7.2.1.36.00.00;4286,64
Prefeitura Municipal de Novo Airão - AM;1303205;AM;17671;Deduções - FUNDEB;1.7.2.2.00.00.00 - Transferências dos Estados;siconfi-cor_RO1.7.2.2.00.00.00;1573860,67
Prefeitura Municipal de Novo Airão - AM;1303205;AM;17671;Deduções - FUNDEB;1.7.2.2.01.00.00 - Participação na Receita dos Estados;siconfi-cor_RO1.7.2.2.01.00.00;1573860,67
Prefeitura Municipal de Novo Airão - AM;1303205;AM;17671;Deduções - FUNDEB;1.7.2.2.01.01.00 - Cota-Parte do ICMS;siconfi-cor_RO1.7.2.2.01.01.00;1547005,46
Prefeitura Municipal de Novo Airão - AM;1303205;AM;17671;Deduções - FUNDEB;1.7.2.2.01.02.00 - Cota-Parte do IPVA;siconfi-cor_RO1.7.2.2.01.02.00;20598,76
Prefeitura Municipal de Novo Airão - AM;1303205;AM;17671;Deduções - FUNDEB;1.7.2.2.01.04.00 - Cota-Parte do IPI - Municípios;siconfi-cor_RO1.7.2.2.01.04.00;6256,45
