Exercício: 2017;;;;;;;
Escopo: Municípios do Estado - AM;;;;;;;
Tabela: Receitas Orçamentárias (Anexo I-C);;;;;;;
Instituição;Cod.IBGE;UF;População;Coluna;Conta;Identificador da Conta;Valor
Prefeitura Municipal de Itamarati - AM;1301951;AM;8153;Receitas Brutas Realizadas;Total Receitas;siconfi-cor_TotalReceitas;29463905,78
Prefeitura Municipal de Itamarati - AM;1301951;AM;8153;Receitas Brutas Realizadas;1.0.0.0.00.00.00 - Receitas Correntes;siconfi-cor_RO1.0.0.0.00.00.00;29084545,25
Prefeitura Municipal de Itamarati - AM;1301951;AM;8153;Receitas Brutas Realizadas;1.1.0.0.00.00.00 - Receita Tributária;siconfi-cor_RO1.1.0.0.00.00.00;837744,92
Prefeitura Municipal de Itamarati - AM;1301951;AM;8153;Receitas Brutas Realizadas;1.1.1.0.00.00.00 - Impostos;siconfi-cor_RO1.1.1.0.00.00.00;777133,2
Prefeitura Municipal de Itamarati - AM;1301951;AM;8153;Receitas Brutas Realizadas;1.1.1.2.00.00.00 - Impostos sobre o Patrimônio e a Renda;siconfi-cor_RO1.1.1.2.00.00.00;175490,67
Prefeitura Municipal de Itamarati - AM;1301951;AM;8153;Receitas Brutas Realizadas;1.1.1.2.01.00.00 - Imposto sobre a Propriedade Territorial Rural - ITR;siconfi-cor_RO1.1.1.2.01.00.00;175490,67
Prefeitura Municipal de Itamarati - AM;1301951;AM;8153;Receitas Brutas Realizadas;1.1.1.3.00.00.00 - Impostos sobre a Produção e a Circulação;siconfi-cor_RO1.1.1.3.00.00.00;601642,53
Prefeitura Municipal de Itamarati - AM;1301951;AM;8153;Receitas Brutas Realizadas;1.1.1.3.05.00.00 - Imposto sobre Serviços de Qualquer Natureza ¿ ISSQN;siconfi-cor_RO1.1.1.3.05.00.00;601642,53
Prefeitura Municipal de Itamarati - AM;1301951;AM;8153;Receitas Brutas Realizadas;1.1.2.0.00.00.00 - Taxas;siconfi-cor_RO1.1.2.0.00.00.00;60611,72
Prefeitura Municipal de Itamarati - AM;1301951;AM;8153;Receitas Brutas Realizadas;1.1.2.1.00.00.00 - Taxas pelo Exercício do Poder de Polícia;siconfi-cor_RO1.1.2.1.00.00.00;14473,34
Prefeitura Municipal de Itamarati - AM;1301951;AM;8153;Receitas Brutas Realizadas;1.1.2.2.00.00.00 - Taxas pela Prestação de Serviços;siconfi-cor_RO1.1.2.2.00.00.00;46138,38
Prefeitura Municipal de Itamarati - AM;1301951;AM;8153;Receitas Brutas Realizadas;1.1.2.2.90.00.00 - Taxa de Limpeza Pública;siconfi-cor_RO1.1.2.2.90.00.00;46138,38
Prefeitura Municipal de Itamarati - AM;1301951;AM;8153;Receitas Brutas Realizadas;1.2.0.0.00.00.00 - Receitas de Contribuições;siconfi-cor_RO1.2.0.0.00.00.00;247389,19
Prefeitura Municipal de Itamarati - AM;1301951;AM;8153;Receitas Brutas Realizadas;1.2.3.0.00.00.00 - Contribuição para Custeio do Serviço de Iluminação Pública;siconfi-cor_RO1.2.3.0.00.00.00;247389,19
Prefeitura Municipal de Itamarati - AM;1301951;AM;8153;Receitas Brutas Realizadas;1.3.0.0.00.00.00 - Receita Patrimonial;siconfi-cor_RO1.3.0.0.00.00.00;59669,9
Prefeitura Municipal de Itamarati - AM;1301951;AM;8153;Receitas Brutas Realizadas;1.3.2.0.00.00.00 - Receitas de Valores Mobiliários;siconfi-cor_RO1.3.2.0.00.00.00;59669,9
Prefeitura Municipal de Itamarati - AM;1301951;AM;8153;Receitas Brutas Realizadas;1.3.2.5.00.00.00 - Remuneração de Depósitos Bancários;siconfi-cor_RO1.3.2.5.00.00.00;59669,9
Prefeitura Municipal de Itamarati - AM;1301951;AM;8153;Receitas Brutas Realizadas;1.7.0.0.00.00.00 - Transferências Correntes;siconfi-cor_RO1.7.0.0.00.00.00;27797219,96
Prefeitura Municipal de Itamarati - AM;1301951;AM;8153;Receitas Brutas Realizadas;1.7.2.0.00.00.00 - Transferências Intergovernamentais;siconfi-cor_RO1.7.2.0.00.00.00;27797219,96
Prefeitura Municipal de Itamarati - AM;1301951;AM;8153;Receitas Brutas Realizadas;1.7.2.1.00.00.00 - Transferências da União;siconfi-cor_RO1.7.2.1.00.00.00;9692652,83
Prefeitura Municipal de Itamarati - AM;1301951;AM;8153;Receitas Brutas Realizadas;1.7.2.1.01.00.00 - Participação na Receita da União;siconfi-cor_RO1.7.2.1.01.00.00;6876142,1
Prefeitura Municipal de Itamarati - AM;1301951;AM;8153;Receitas Brutas Realizadas;1.7.2.1.01.02.00 - Cota-Parte do Fundo de Participação dos Municípios ¿ FPM;siconfi-cor_RO1.7.2.1.01.02.00;6876142,1
Prefeitura Municipal de Itamarati - AM;1301951;AM;8153;Receitas Brutas Realizadas;1.7.2.1.22.00.00 - Transferências da Compensação Financeira pela Exploração de Recursos Naturais;siconfi-cor_RO1.7.2.1.22.00.00;73629,76
Prefeitura Municipal de Itamarati - AM;1301951;AM;8153;Receitas Brutas Realizadas;1.7.2.1.22.11.00 - Cota-Parte da Compensação Financeira de Recursos Hídricos;siconfi-cor_RO1.7.2.1.22.11.00;73629,76
Prefeitura Municipal de Itamarati - AM;1301951;AM;8153;Receitas Brutas Realizadas;1.7.2.1.33.00.00 - Transferências de Recursos do Sistema Único de Saúde - SUS - Repasses Fundo a Fundo;siconfi-cor_RO1.7.2.1.33.00.00;2730750,69
Prefeitura Municipal de Itamarati - AM;1301951;AM;8153;Receitas Brutas Realizadas;1.7.2.1.99.00.00 - Outras Transferências da União;siconfi-cor_RO1.7.2.1.99.00.00;12130,28
Prefeitura Municipal de Itamarati - AM;1301951;AM;8153;Receitas Brutas Realizadas;1.7.2.2.00.00.00 - Transferências dos Estados;siconfi-cor_RO1.7.2.2.00.00.00;8203615,26
Prefeitura Municipal de Itamarati - AM;1301951;AM;8153;Receitas Brutas Realizadas;1.7.2.2.01.00.00 - Participação na Receita dos Estados;siconfi-cor_RO1.7.2.2.01.00.00;7886913,54
Prefeitura Municipal de Itamarati - AM;1301951;AM;8153;Receitas Brutas Realizadas;1.7.2.2.01.01.00 - Cota-Parte do ICMS;siconfi-cor_RO1.7.2.2.01.01.00;7886913,54
Prefeitura Municipal de Itamarati - AM;1301951;AM;8153;Receitas Brutas Realizadas;1.7.2.2.22.00.00 - Transferências da Cota-Parte da Compensação Financeira (25%);siconfi-cor_RO1.7.2.2.22.00.00;84352,14
Prefeitura Municipal de Itamarati - AM;1301951;AM;8153;Receitas Brutas Realizadas;1.7.2.2.22.11.00 - Cota-Parte da Compensação Financeira de Recursos Hídricos;siconfi-cor_RO1.7.2.2.22.11.00;84352,14
Prefeitura Municipal de Itamarati - AM;1301951;AM;8153;Receitas Brutas Realizadas;1.7.2.2.33.00.00 - Transferências de Recursos do Estado para Programas de Saúde - Repasse Fundo a Fundo;siconfi-cor_RO1.7.2.2.33.00.00;232349,58
Prefeitura Municipal de Itamarati - AM;1301951;AM;8153;Receitas Brutas Realizadas;1.7.2.4.00.00.00 - Transferências Multigovernamentais;siconfi-cor_RO1.7.2.4.00.00.00;9900951,87
Prefeitura Municipal de Itamarati - AM;1301951;AM;8153;Receitas Brutas Realizadas;1.7.2.4.01.00.00 - Transferências de Recursos do Fundo de Manutenção e Desenvolvimento do Ensino Fundamental e de Valorização do Magistério - FUNDEB;siconfi-cor_RO1.7.2.4.01.00.00;9900951,87
Prefeitura Municipal de Itamarati - AM;1301951;AM;8153;Receitas Brutas Realizadas;1.9.0.0.00.00.00 - Outras Receitas Correntes;siconfi-cor_RO1.9.0.0.00.00.00;142521,28
Prefeitura Municipal de Itamarati - AM;1301951;AM;8153;Receitas Brutas Realizadas;1.9.2.0.00.00.00 - Indenizações e Restituições;siconfi-cor_RO1.9.2.0.00.00.00;18688,35
Prefeitura Municipal de Itamarati - AM;1301951;AM;8153;Receitas Brutas Realizadas;1.9.2.2.00.00.00 - Restituições;siconfi-cor_RO1.9.2.2.00.00.00;18688,35
Prefeitura Municipal de Itamarati - AM;1301951;AM;8153;Receitas Brutas Realizadas;1.9.2.2.99.00.00 - Outras Restituições;siconfi-cor_RO1.9.2.2.99.00.00;18688,35
Prefeitura Municipal de Itamarati - AM;1301951;AM;8153;Receitas Brutas Realizadas;1.9.9.0.00.00.00 - Receitas Diversas;siconfi-cor_RO1.9.9.0.00.00.00;123832,93
Prefeitura Municipal de Itamarati - AM;1301951;AM;8153;Receitas Brutas Realizadas;1.9.9.0.96.00.00 - Receita de Variação Cambial;siconfi-cor_RO1.9.9.0.96.00.00;123832,93
Prefeitura Municipal de Itamarati - AM;1301951;AM;8153;Receitas Brutas Realizadas;2.0.0.0.00.00.00 - Receitas de Capital;siconfi-cor_RO2.0.0.0.00.00.00;379360,53
Prefeitura Municipal de Itamarati - AM;1301951;AM;8153;Receitas Brutas Realizadas;2.4.0.0.00.00.00 - Transferências de Capital;siconfi-cor_RO2.4.0.0.00.00.00;379360,53
Prefeitura Municipal de Itamarati - AM;1301951;AM;8153;Receitas Brutas Realizadas;2.4.7.0.00.00.00 - Transferências de Convênios;siconfi-cor_RO2.4.7.0.00.00.00;379360,53
Prefeitura Municipal de Itamarati - AM;1301951;AM;8153;Receitas Brutas Realizadas;2.4.7.1.00.00.00 - Transferências de Convênios da União e de suas Entidades;siconfi-cor_RO2.4.7.1.00.00.00;379360,53
Prefeitura Municipal de Itamarati - AM;1301951;AM;8153;Receitas Brutas Realizadas;2.4.7.1.01.00.00 - Transferências de Convênios da União para o Sistema Único de Saúde - SUS;siconfi-cor_RO2.4.7.1.01.00.00;261240,53
Prefeitura Municipal de Itamarati - AM;1301951;AM;8153;Receitas Brutas Realizadas;2.4.7.1.99.00.00 - Outras Transferências de Convênios da União;siconfi-cor_RO2.4.7.1.99.00.00;118120
Prefeitura Municipal de Itamarati - AM;1301951;AM;8153;Outras Deduções da Receita;Total Receitas;siconfi-cor_TotalReceitas;2837404,89
Prefeitura Municipal de Itamarati - AM;1301951;AM;8153;Outras Deduções da Receita;1.0.0.0.00.00.00 - Receitas Correntes;siconfi-cor_RO1.0.0.0.00.00.00;2837404,89
Prefeitura Municipal de Itamarati - AM;1301951;AM;8153;Outras Deduções da Receita;1.7.0.0.00.00.00 - Transferências Correntes;siconfi-cor_RO1.7.0.0.00.00.00;2837404,89
Prefeitura Municipal de Itamarati - AM;1301951;AM;8153;Outras Deduções da Receita;1.7.2.0.00.00.00 - Transferências Intergovernamentais;siconfi-cor_RO1.7.2.0.00.00.00;2837404,89
Prefeitura Municipal de Itamarati - AM;1301951;AM;8153;Outras Deduções da Receita;1.7.2.1.00.00.00 - Transferências da União;siconfi-cor_RO1.7.2.1.00.00.00;1265111,92
Prefeitura Municipal de Itamarati - AM;1301951;AM;8153;Outras Deduções da Receita;1.7.2.1.01.00.00 - Participação na Receita da União;siconfi-cor_RO1.7.2.1.01.00.00;1261361,92
Prefeitura Municipal de Itamarati - AM;1301951;AM;8153;Outras Deduções da Receita;1.7.2.1.01.02.00 - Cota-Parte do Fundo de Participação dos Municípios ¿ FPM;siconfi-cor_RO1.7.2.1.01.02.00;1261361,92
Prefeitura Municipal de Itamarati - AM;1301951;AM;8153;Outras Deduções da Receita;1.7.2.1.33.00.00 - Transferências de Recursos do Sistema Único de Saúde - SUS - Repasses Fundo a Fundo;siconfi-cor_RO1.7.2.1.33.00.00;3750
Prefeitura Municipal de Itamarati - AM;1301951;AM;8153;Outras Deduções da Receita;1.7.2.2.00.00.00 - Transferências dos Estados;siconfi-cor_RO1.7.2.2.00.00.00;1572292,97
Prefeitura Municipal de Itamarati - AM;1301951;AM;8153;Outras Deduções da Receita;1.7.2.2.01.00.00 - Participação na Receita dos Estados;siconfi-cor_RO1.7.2.2.01.00.00;1572292,97
Prefeitura Municipal de Itamarati - AM;1301951;AM;8153;Outras Deduções da Receita;1.7.2.2.01.01.00 - Cota-Parte do ICMS;siconfi-cor_RO1.7.2.2.01.01.00;1572292,97
Prefeitura Municipal de Codajás - AM;1301308;AM;27303;Receitas Brutas Realizadas;Total Receitas;siconfi-cor_TotalReceitas;50540786,63
Prefeitura Municipal de Codajás - AM;1301308;AM;27303;Receitas Brutas Realizadas;1.0.0.0.00.00.00 - Receitas Correntes;siconfi-cor_RO1.0.0.0.00.00.00;50500787,63
Prefeitura Municipal de Codajás - AM;1301308;AM;27303;Receitas Brutas Realizadas;1.1.0.0.00.00.00 - Receita Tributária;siconfi-cor_RO1.1.0.0.00.00.00;1102878,7
Prefeitura Municipal de Codajás - AM;1301308;AM;27303;Receitas Brutas Realizadas;1.1.1.0.00.00.00 - Impostos;siconfi-cor_RO1.1.1.0.00.00.00;1052528,7
Prefeitura Municipal de Codajás - AM;1301308;AM;27303;Receitas Brutas Realizadas;1.1.1.2.00.00.00 - Impostos sobre o Patrimônio e a Renda;siconfi-cor_RO1.1.1.2.00.00.00;550319,06
Prefeitura Municipal de Codajás - AM;1301308;AM;27303;Receitas Brutas Realizadas;1.1.1.2.02.00.00 - Imposto sobre a Propriedade Predial e Territorial Urbana ¿ IPTU;siconfi-cor_RO1.1.1.2.02.00.00;3119,14
Prefeitura Municipal de Codajás - AM;1301308;AM;27303;Receitas Brutas Realizadas;1.1.1.2.04.00.00 - Imposto sobre a Renda e Proventos de Qualquer Natureza ¿ IR;siconfi-cor_RO1.1.1.2.04.00.00;543494,92
Prefeitura Municipal de Codajás - AM;1301308;AM;27303;Receitas Brutas Realizadas;1.1.1.2.04.31.00 - Retido nas Fontes - Trabalho;siconfi-cor_RO1.1.1.2.04.31.00;495938,99
Prefeitura Municipal de Codajás - AM;1301308;AM;27303;Receitas Brutas Realizadas;1.1.1.2.04.34.00 - Retido nas Fontes - Outros Rendimentos;siconfi-cor_RO1.1.1.2.04.34.00;47555,93
Prefeitura Municipal de Codajás - AM;1301308;AM;27303;Receitas Brutas Realizadas;"1.1.1.2.08.00.00 - Imposto sobre Transmissão Inter Vivos"" de Bens Imóveis e de Direitos Reais sobre Imóveis ¿ ITBI""";siconfi-cor_RO1.1.1.2.08.00.00;3705
Prefeitura Municipal de Codajás - AM;1301308;AM;27303;Receitas Brutas Realizadas;1.1.1.3.00.00.00 - Impostos sobre a Produção e a Circulação;siconfi-cor_RO1.1.1.3.00.00.00;502209,64
Prefeitura Municipal de Codajás - AM;1301308;AM;27303;Receitas Brutas Realizadas;1.1.1.3.05.00.00 - Imposto sobre Serviços de Qualquer Natureza ¿ ISSQN;siconfi-cor_RO1.1.1.3.05.00.00;502209,64
Prefeitura Municipal de Codajás - AM;1301308;AM;27303;Receitas Brutas Realizadas;1.1.2.0.00.00.00 - Taxas;siconfi-cor_RO1.1.2.0.00.00.00;50350
Prefeitura Municipal de Codajás - AM;1301308;AM;27303;Receitas Brutas Realizadas;1.1.2.1.00.00.00 - Taxas pelo Exercício do Poder de Polícia;siconfi-cor_RO1.1.2.1.00.00.00;48680
Prefeitura Municipal de Codajás - AM;1301308;AM;27303;Receitas Brutas Realizadas;1.1.2.2.00.00.00 - Taxas pela Prestação de Serviços;siconfi-cor_RO1.1.2.2.00.00.00;1670
Prefeitura Municipal de Codajás - AM;1301308;AM;27303;Receitas Brutas Realizadas;1.1.2.2.99.00.00 - Outras Taxas pela Prestação de Serviços;siconfi-cor_RO1.1.2.2.99.00.00;1670
Prefeitura Municipal de Codajás - AM;1301308;AM;27303;Receitas Brutas Realizadas;1.3.0.0.00.00.00 - Receita Patrimonial;siconfi-cor_RO1.3.0.0.00.00.00;271965,73
Prefeitura Municipal de Codajás - AM;1301308;AM;27303;Receitas Brutas Realizadas;1.3.2.0.00.00.00 - Receitas de Valores Mobiliários;siconfi-cor_RO1.3.2.0.00.00.00;271965,73
Prefeitura Municipal de Codajás - AM;1301308;AM;27303;Receitas Brutas Realizadas;1.3.2.5.00.00.00 - Remuneração de Depósitos Bancários;siconfi-cor_RO1.3.2.5.00.00.00;271965,73
Prefeitura Municipal de Codajás - AM;1301308;AM;27303;Receitas Brutas Realizadas;1.6.0.0.00.00.00 - Receita de Serviços;siconfi-cor_RO1.6.0.0.00.00.00;2380
Prefeitura Municipal de Codajás - AM;1301308;AM;27303;Receitas Brutas Realizadas;1.6.0.0.13.00.00 - Serviços Administrativos;siconfi-cor_RO1.6.0.0.13.00.00;2380
Prefeitura Municipal de Codajás - AM;1301308;AM;27303;Receitas Brutas Realizadas;1.7.0.0.00.00.00 - Transferências Correntes;siconfi-cor_RO1.7.0.0.00.00.00;48744531,61
Prefeitura Municipal de Codajás - AM;1301308;AM;27303;Receitas Brutas Realizadas;1.7.2.0.00.00.00 - Transferências Intergovernamentais;siconfi-cor_RO1.7.2.0.00.00.00;48694531,61
Prefeitura Municipal de Codajás - AM;1301308;AM;27303;Receitas Brutas Realizadas;1.7.2.1.00.00.00 - Transferências da União;siconfi-cor_RO1.7.2.1.00.00.00;27055062,68
Prefeitura Municipal de Codajás - AM;1301308;AM;27303;Receitas Brutas Realizadas;1.7.2.1.01.00.00 - Participação na Receita da União;siconfi-cor_RO1.7.2.1.01.00.00;16046454,01
Prefeitura Municipal de Codajás - AM;1301308;AM;27303;Receitas Brutas Realizadas;1.7.2.1.01.02.00 - Cota-Parte do Fundo de Participação dos Municípios ¿ FPM;siconfi-cor_RO1.7.2.1.01.02.00;14714775,83
Prefeitura Municipal de Codajás - AM;1301308;AM;27303;Receitas Brutas Realizadas;1.7.2.1.01.03.00 - Cota-Parte do Fundo de Participação dos Municípios - 1% Cota Anual;siconfi-cor_RO1.7.2.1.01.03.00;653101,1
Prefeitura Municipal de Codajás - AM;1301308;AM;27303;Receitas Brutas Realizadas;1.7.2.1.01.04.00 - Cota-Parte do Fundo de Participação dos Municípios - 1% Cota entregue no mês de julho (67)(I);siconfi-cor_RO1.7.2.1.01.04.00;675337,51
Prefeitura Municipal de Codajás - AM;1301308;AM;27303;Receitas Brutas Realizadas;1.7.2.1.01.05.00 - Cota-Parte do Imposto Sobre a Propriedade Territorial Rural ¿ ITR;siconfi-cor_RO1.7.2.1.01.05.00;3239,57
Prefeitura Municipal de Codajás - AM;1301308;AM;27303;Receitas Brutas Realizadas;1.7.2.1.22.00.00 - Transferências da Compensação Financeira pela Exploração de Recursos Naturais;siconfi-cor_RO1.7.2.1.22.00.00;5983623,2
Prefeitura Municipal de Codajás - AM;1301308;AM;27303;Receitas Brutas Realizadas;1.7.2.1.22.40.00 - Cota-Parte Royalties pelo Excedente da Produção do Petróleo - Lei nº 9.478/97 artigo 49 I e II;siconfi-cor_RO1.7.2.1.22.40.00;5811820,39
Prefeitura Municipal de Codajás - AM;1301308;AM;27303;Receitas Brutas Realizadas;1.7.2.1.22.70.00 - Cota-Parte do Fundo Especial do Petróleo ¿ FEP;siconfi-cor_RO1.7.2.1.22.70.00;171802,81
Prefeitura Municipal de Codajás - AM;1301308;AM;27303;Receitas Brutas Realizadas;1.7.2.1.33.00.00 - Transferências de Recursos do Sistema Único de Saúde - SUS - Repasses Fundo a Fundo;siconfi-cor_RO1.7.2.1.33.00.00;3771637,09
Prefeitura Municipal de Codajás - AM;1301308;AM;27303;Receitas Brutas Realizadas;1.7.2.1.34.00.00 - Transferências de Recursos do Fundo Nacional de Assistência Social ¿ FNAS;siconfi-cor_RO1.7.2.1.34.00.00;388744,84
Prefeitura Municipal de Codajás - AM;1301308;AM;27303;Receitas Brutas Realizadas;1.7.2.1.35.00.00 - Transferências de Recursos do Fundo Nacional do Desenvolvimento da Educação ¿ FNDE;siconfi-cor_RO1.7.2.1.35.00.00;825575,57
Prefeitura Municipal de Codajás - AM;1301308;AM;27303;Receitas Brutas Realizadas;1.7.2.1.36.00.00 - Transferências Financeiras do ICMS ¿ Desoneração ¿ L.C. Nº 87/96;siconfi-cor_RO1.7.2.1.36.00.00;23697,36
Prefeitura Municipal de Codajás - AM;1301308;AM;27303;Receitas Brutas Realizadas;1.7.2.1.99.00.00 - Outras Transferências da União;siconfi-cor_RO1.7.2.1.99.00.00;15330,61
Prefeitura Municipal de Codajás - AM;1301308;AM;27303;Receitas Brutas Realizadas;1.7.2.2.00.00.00 - Transferências dos Estados;siconfi-cor_RO1.7.2.2.00.00.00;10425186,19
Prefeitura Municipal de Codajás - AM;1301308;AM;27303;Receitas Brutas Realizadas;1.7.2.2.01.00.00 - Participação na Receita dos Estados;siconfi-cor_RO1.7.2.2.01.00.00;10014229,9
Prefeitura Municipal de Codajás - AM;1301308;AM;27303;Receitas Brutas Realizadas;1.7.2.2.01.01.00 - Cota-Parte do ICMS;siconfi-cor_RO1.7.2.2.01.01.00;9885097,41
Prefeitura Municipal de Codajás - AM;1301308;AM;27303;Receitas Brutas Realizadas;1.7.2.2.01.02.00 - Cota-Parte do IPVA;siconfi-cor_RO1.7.2.2.01.02.00;23731,27
Prefeitura Municipal de Codajás - AM;1301308;AM;27303;Receitas Brutas Realizadas;1.7.2.2.01.04.00 - Cota-Parte do IPI - Municípios;siconfi-cor_RO1.7.2.2.01.04.00;39650,54
Prefeitura Municipal de Codajás - AM;1301308;AM;27303;Receitas Brutas Realizadas;1.7.2.2.01.13.00 - Cota-Parte da Contribuição de Intervenção no Domínio Econômico;siconfi-cor_RO1.7.2.2.01.13.00;65750,68
Prefeitura Municipal de Codajás - AM;1301308;AM;27303;Receitas Brutas Realizadas;1.7.2.2.22.00.00 - Transferências da Cota-Parte da Compensação Financeira (25%);siconfi-cor_RO1.7.2.2.22.00.00;106606,71
Prefeitura Municipal de Codajás - AM;1301308;AM;27303;Receitas Brutas Realizadas;1.7.2.2.22.30.00 - Cota-Parte Royalties - Compensação Financeira pela Produção de Petróleo - Lei nº 7.990/89 artigo 9º;siconfi-cor_RO1.7.2.2.22.30.00;106606,71
Prefeitura Municipal de Codajás - AM;1301308;AM;27303;Receitas Brutas Realizadas;1.7.2.2.33.00.00 - Transferências de Recursos do Estado para Programas de Saúde - Repasse Fundo a Fundo;siconfi-cor_RO1.7.2.2.33.00.00;304349,58
Prefeitura Municipal de Codajás - AM;1301308;AM;27303;Receitas Brutas Realizadas;1.7.2.4.00.00.00 - Transferências Multigovernamentais;siconfi-cor_RO1.7.2.4.00.00.00;11214282,74
Prefeitura Municipal de Codajás - AM;1301308;AM;27303;Receitas Brutas Realizadas;1.7.2.4.01.00.00 - Transferências de Recursos do Fundo de Manutenção e Desenvolvimento do Ensino Fundamental e de Valorização do Magistério - FUNDEB;siconfi-cor_RO1.7.2.4.01.00.00;6978425,99
Prefeitura Municipal de Codajás - AM;1301308;AM;27303;Receitas Brutas Realizadas;1.7.2.4.02.00.00 - Transferências de Recursos da Complementação ao Fundo de Manutenção e Desenvolvimento do Ensino Fundamental e de Valorização do Magistério - FUNDEB;siconfi-cor_RO1.7.2.4.02.00.00;4235856,75
Prefeitura Municipal de Codajás - AM;1301308;AM;27303;Receitas Brutas Realizadas;1.7.3.0.00.00.00 - Transferências de Instituições Privadas;siconfi-cor_RO1.7.3.0.00.00.00;50000
Prefeitura Municipal de Codajás - AM;1301308;AM;27303;Receitas Brutas Realizadas;1.9.0.0.00.00.00 - Outras Receitas Correntes;siconfi-cor_RO1.9.0.0.00.00.00;379031,59
Prefeitura Municipal de Codajás - AM;1301308;AM;27303;Receitas Brutas Realizadas;1.9.2.0.00.00.00 - Indenizações e Restituições;siconfi-cor_RO1.9.2.0.00.00.00;379031,59
Prefeitura Municipal de Codajás - AM;1301308;AM;27303;Receitas Brutas Realizadas;1.9.2.2.00.00.00 - Restituições;siconfi-cor_RO1.9.2.2.00.00.00;379031,59
Prefeitura Municipal de Codajás - AM;1301308;AM;27303;Receitas Brutas Realizadas;1.9.2.2.99.00.00 - Outras Restituições;siconfi-cor_RO1.9.2.2.99.00.00;379031,59
Prefeitura Municipal de Codajás - AM;1301308;AM;27303;Receitas Brutas Realizadas;2.0.0.0.00.00.00 - Receitas de Capital;siconfi-cor_RO2.0.0.0.00.00.00;39999
Prefeitura Municipal de Codajás - AM;1301308;AM;27303;Receitas Brutas Realizadas;2.4.0.0.00.00.00 - Transferências de Capital;siconfi-cor_RO2.4.0.0.00.00.00;39999
Prefeitura Municipal de Codajás - AM;1301308;AM;27303;Receitas Brutas Realizadas;2.4.2.0.00.00.00 - Transferências Intergovernamentais;siconfi-cor_RO2.4.2.0.00.00.00;39999
Prefeitura Municipal de Codajás - AM;1301308;AM;27303;Receitas Brutas Realizadas;2.4.2.1.00.00.00 - Transferências da União;siconfi-cor_RO2.4.2.1.00.00.00;39999
Prefeitura Municipal de Codajás - AM;1301308;AM;27303;Receitas Brutas Realizadas;2.4.2.1.01.00.00 - Participação na Receita da União;siconfi-cor_RO2.4.2.1.01.00.00;39999
Prefeitura Municipal de Codajás - AM;1301308;AM;27303;Outras Deduções da Receita;Total Receitas;siconfi-cor_TotalReceitas;4938037,61
Prefeitura Municipal de Codajás - AM;1301308;AM;27303;Outras Deduções da Receita;1.0.0.0.00.00.00 - Receitas Correntes;siconfi-cor_RO1.0.0.0.00.00.00;4938037,61
Prefeitura Municipal de Codajás - AM;1301308;AM;27303;Outras Deduções da Receita;1.7.0.0.00.00.00 - Transferências Correntes;siconfi-cor_RO1.7.0.0.00.00.00;4938037,61
Prefeitura Municipal de Codajás - AM;1301308;AM;27303;Outras Deduções da Receita;1.7.2.0.00.00.00 - Transferências Intergovernamentais;siconfi-cor_RO1.7.2.0.00.00.00;4938037,61
Prefeitura Municipal de Codajás - AM;1301308;AM;27303;Outras Deduções da Receita;1.7.2.1.00.00.00 - Transferências da União;siconfi-cor_RO1.7.2.1.00.00.00;2948342,16
Prefeitura Municipal de Codajás - AM;1301308;AM;27303;Outras Deduções da Receita;1.7.2.1.01.00.00 - Participação na Receita da União;siconfi-cor_RO1.7.2.1.01.00.00;2943602,76
Prefeitura Municipal de Codajás - AM;1301308;AM;27303;Outras Deduções da Receita;1.7.2.1.01.02.00 - Cota-Parte do Fundo de Participação dos Municípios ¿ FPM;siconfi-cor_RO1.7.2.1.01.02.00;2942954,86
Prefeitura Municipal de Codajás - AM;1301308;AM;27303;Outras Deduções da Receita;1.7.2.1.01.05.00 - Cota-Parte do Imposto Sobre a Propriedade Territorial Rural ¿ ITR;siconfi-cor_RO1.7.2.1.01.05.00;647,9
Prefeitura Municipal de Codajás - AM;1301308;AM;27303;Outras Deduções da Receita;1.7.2.1.36.00.00 - Transferências Financeiras do ICMS ¿ Desoneração ¿ L.C. Nº 87/96;siconfi-cor_RO1.7.2.1.36.00.00;4739,4
Prefeitura Municipal de Codajás - AM;1301308;AM;27303;Outras Deduções da Receita;1.7.2.2.00.00.00 - Transferências dos Estados;siconfi-cor_RO1.7.2.2.00.00.00;1989695,45
Prefeitura Municipal de Codajás - AM;1301308;AM;27303;Outras Deduções da Receita;1.7.2.2.01.00.00 - Participação na Receita dos Estados;siconfi-cor_RO1.7.2.2.01.00.00;1989695,45
Prefeitura Municipal de Codajás - AM;1301308;AM;27303;Outras Deduções da Receita;1.7.2.2.01.01.00 - Cota-Parte do ICMS;siconfi-cor_RO1.7.2.2.01.01.00;1977019,45
Prefeitura Municipal de Codajás - AM;1301308;AM;27303;Outras Deduções da Receita;1.7.2.2.01.02.00 - Cota-Parte do IPVA;siconfi-cor_RO1.7.2.2.01.02.00;4745,88
Prefeitura Municipal de Codajás - AM;1301308;AM;27303;Outras Deduções da Receita;1.7.2.2.01.04.00 - Cota-Parte do IPI - Municípios;siconfi-cor_RO1.7.2.2.01.04.00;7930,12
Prefeitura Municipal de São Sebastião do Uatumã - AM;1303957;AM;13105;Receitas Brutas Realizadas;Total Receitas;siconfi-cor_TotalReceitas;26053075,12
Prefeitura Municipal de São Sebastião do Uatumã - AM;1303957;AM;13105;Receitas Brutas Realizadas;1.0.0.0.00.00.00 - Receitas Correntes;siconfi-cor_RO1.0.0.0.00.00.00;25859012,23
Prefeitura Municipal de São Sebastião do Uatumã - AM;1303957;AM;13105;Receitas Brutas Realizadas;1.1.0.0.00.00.00 - Receita Tributária;siconfi-cor_RO1.1.0.0.00.00.00;597673,97
Prefeitura Municipal de São Sebastião do Uatumã - AM;1303957;AM;13105;Receitas Brutas Realizadas;1.1.1.0.00.00.00 - Impostos;siconfi-cor_RO1.1.1.0.00.00.00;581156,51
Prefeitura Municipal de São Sebastião do Uatumã - AM;1303957;AM;13105;Receitas Brutas Realizadas;1.1.1.2.00.00.00 - Impostos sobre o Patrimônio e a Renda;siconfi-cor_RO1.1.1.2.00.00.00;335500,33
Prefeitura Municipal de São Sebastião do Uatumã - AM;1303957;AM;13105;Receitas Brutas Realizadas;1.1.1.2.02.00.00 - Imposto sobre a Propriedade Predial e Territorial Urbana ¿ IPTU;siconfi-cor_RO1.1.1.2.02.00.00;1796,04
Prefeitura Municipal de São Sebastião do Uatumã - AM;1303957;AM;13105;Receitas Brutas Realizadas;1.1.1.2.04.00.00 - Imposto sobre a Renda e Proventos de Qualquer Natureza ¿ IR;siconfi-cor_RO1.1.1.2.04.00.00;333704,29
Prefeitura Municipal de São Sebastião do Uatumã - AM;1303957;AM;13105;Receitas Brutas Realizadas;1.1.1.2.04.31.00 - Retido nas Fontes - Trabalho;siconfi-cor_RO1.1.1.2.04.31.00;326578,61
Prefeitura Municipal de São Sebastião do Uatumã - AM;1303957;AM;13105;Receitas Brutas Realizadas;1.1.1.2.04.34.00 - Retido nas Fontes - Outros Rendimentos;siconfi-cor_RO1.1.1.2.04.34.00;7125,68
Prefeitura Municipal de São Sebastião do Uatumã - AM;1303957;AM;13105;Receitas Brutas Realizadas;1.1.1.3.00.00.00 - Impostos sobre a Produção e a Circulação;siconfi-cor_RO1.1.1.3.00.00.00;245656,18
Prefeitura Municipal de São Sebastião do Uatumã - AM;1303957;AM;13105;Receitas Brutas Realizadas;1.1.1.3.05.00.00 - Imposto sobre Serviços de Qualquer Natureza ¿ ISSQN;siconfi-cor_RO1.1.1.3.05.00.00;245656,18
Prefeitura Municipal de São Sebastião do Uatumã - AM;1303957;AM;13105;Receitas Brutas Realizadas;1.1.2.0.00.00.00 - Taxas;siconfi-cor_RO1.1.2.0.00.00.00;16517,46
Prefeitura Municipal de São Sebastião do Uatumã - AM;1303957;AM;13105;Receitas Brutas Realizadas;1.1.2.1.00.00.00 - Taxas pelo Exercício do Poder de Polícia;siconfi-cor_RO1.1.2.1.00.00.00;15370,06
Prefeitura Municipal de São Sebastião do Uatumã - AM;1303957;AM;13105;Receitas Brutas Realizadas;1.1.2.2.00.00.00 - Taxas pela Prestação de Serviços;siconfi-cor_RO1.1.2.2.00.00.00;1147,4
Prefeitura Municipal de São Sebastião do Uatumã - AM;1303957;AM;13105;Receitas Brutas Realizadas;1.1.2.2.99.00.00 - Outras Taxas pela Prestação de Serviços;siconfi-cor_RO1.1.2.2.99.00.00;1147,4
Prefeitura Municipal de São Sebastião do Uatumã - AM;1303957;AM;13105;Receitas Brutas Realizadas;1.2.0.0.00.00.00 - Receitas de Contribuições;siconfi-cor_RO1.2.0.0.00.00.00;100511,71
Prefeitura Municipal de São Sebastião do Uatumã - AM;1303957;AM;13105;Receitas Brutas Realizadas;1.2.3.0.00.00.00 - Contribuição para Custeio do Serviço de Iluminação Pública;siconfi-cor_RO1.2.3.0.00.00.00;100511,71
Prefeitura Municipal de São Sebastião do Uatumã - AM;1303957;AM;13105;Receitas Brutas Realizadas;1.3.0.0.00.00.00 - Receita Patrimonial;siconfi-cor_RO1.3.0.0.00.00.00;256945,51
Prefeitura Municipal de São Sebastião do Uatumã - AM;1303957;AM;13105;Receitas Brutas Realizadas;1.3.2.0.00.00.00 - Receitas de Valores Mobiliários;siconfi-cor_RO1.3.2.0.00.00.00;256945,51
Prefeitura Municipal de São Sebastião do Uatumã - AM;1303957;AM;13105;Receitas Brutas Realizadas;1.3.2.5.00.00.00 - Remuneração de Depósitos Bancários;siconfi-cor_RO1.3.2.5.00.00.00;256945,51
Prefeitura Municipal de São Sebastião do Uatumã - AM;1303957;AM;13105;Receitas Brutas Realizadas;1.6.0.0.00.00.00 - Receita de Serviços;siconfi-cor_RO1.6.0.0.00.00.00;349081,91
Prefeitura Municipal de São Sebastião do Uatumã - AM;1303957;AM;13105;Receitas Brutas Realizadas;1.6.0.0.13.00.00 - Serviços Administrativos;siconfi-cor_RO1.6.0.0.13.00.00;1260
Prefeitura Municipal de São Sebastião do Uatumã - AM;1303957;AM;13105;Receitas Brutas Realizadas;1.6.0.0.41.00.00 - Serviços de Captação, Adução, Tratamento, Reserva e Distribuição de Água;siconfi-cor_RO1.6.0.0.41.00.00;342909,74
Prefeitura Municipal de São Sebastião do Uatumã - AM;1303957;AM;13105;Receitas Brutas Realizadas;1.6.0.0.48.00.00 - Serviços de Religamento de Água;siconfi-cor_RO1.6.0.0.48.00.00;53
Prefeitura Municipal de São Sebastião do Uatumã - AM;1303957;AM;13105;Receitas Brutas Realizadas;1.6.0.0.99.00.00 - Outros Serviços;siconfi-cor_RO1.6.0.0.99.00.00;4859,17
Prefeitura Municipal de São Sebastião do Uatumã - AM;1303957;AM;13105;Receitas Brutas Realizadas;1.7.0.0.00.00.00 - Transferências Correntes;siconfi-cor_RO1.7.0.0.00.00.00;24415545,44
Prefeitura Municipal de São Sebastião do Uatumã - AM;1303957;AM;13105;Receitas Brutas Realizadas;1.7.2.0.00.00.00 - Transferências Intergovernamentais;siconfi-cor_RO1.7.2.0.00.00.00;24415545,44
Prefeitura Municipal de São Sebastião do Uatumã - AM;1303957;AM;13105;Receitas Brutas Realizadas;1.7.2.1.00.00.00 - Transferências da União;siconfi-cor_RO1.7.2.1.00.00.00;12241375,47
Prefeitura Municipal de São Sebastião do Uatumã - AM;1303957;AM;13105;Receitas Brutas Realizadas;1.7.2.1.01.00.00 - Participação na Receita da União;siconfi-cor_RO1.7.2.1.01.00.00;9167929,54
Prefeitura Municipal de São Sebastião do Uatumã - AM;1303957;AM;13105;Receitas Brutas Realizadas;1.7.2.1.01.02.00 - Cota-Parte do Fundo de Participação dos Municípios ¿ FPM;siconfi-cor_RO1.7.2.1.01.02.00;8408443,31
Prefeitura Municipal de São Sebastião do Uatumã - AM;1303957;AM;13105;Receitas Brutas Realizadas;1.7.2.1.01.03.00 - Cota-Parte do Fundo de Participação dos Municípios - 1% Cota Anual;siconfi-cor_RO1.7.2.1.01.03.00;373200,64
Prefeitura Municipal de São Sebastião do Uatumã - AM;1303957;AM;13105;Receitas Brutas Realizadas;1.7.2.1.01.04.00 - Cota-Parte do Fundo de Participação dos Municípios - 1% Cota entregue no mês de julho (67)(I);siconfi-cor_RO1.7.2.1.01.04.00;385907,14
Prefeitura Municipal de São Sebastião do Uatumã - AM;1303957;AM;13105;Receitas Brutas Realizadas;1.7.2.1.01.05.00 - Cota-Parte do Imposto Sobre a Propriedade Territorial Rural ¿ ITR;siconfi-cor_RO1.7.2.1.01.05.00;378,45
Prefeitura Municipal de São Sebastião do Uatumã - AM;1303957;AM;13105;Receitas Brutas Realizadas;1.7.2.1.22.00.00 - Transferências da Compensação Financeira pela Exploração de Recursos Naturais;siconfi-cor_RO1.7.2.1.22.00.00;98173,03
Prefeitura Municipal de São Sebastião do Uatumã - AM;1303957;AM;13105;Receitas Brutas Realizadas;1.7.2.1.22.70.00 - Cota-Parte do Fundo Especial do Petróleo ¿ FEP;siconfi-cor_RO1.7.2.1.22.70.00;98173,03
Prefeitura Municipal de São Sebastião do Uatumã - AM;1303957;AM;13105;Receitas Brutas Realizadas;1.7.2.1.33.00.00 - Transferências de Recursos do Sistema Único de Saúde - SUS - Repasses Fundo a Fundo;siconfi-cor_RO1.7.2.1.33.00.00;2271657,28
Prefeitura Municipal de São Sebastião do Uatumã - AM;1303957;AM;13105;Receitas Brutas Realizadas;1.7.2.1.34.00.00 - Transferências de Recursos do Fundo Nacional de Assistência Social ¿ FNAS;siconfi-cor_RO1.7.2.1.34.00.00;356680,01
Prefeitura Municipal de São Sebastião do Uatumã - AM;1303957;AM;13105;Receitas Brutas Realizadas;1.7.2.1.35.00.00 - Transferências de Recursos do Fundo Nacional do Desenvolvimento da Educação ¿ FNDE;siconfi-cor_RO1.7.2.1.35.00.00;320497,4
Prefeitura Municipal de São Sebastião do Uatumã - AM;1303957;AM;13105;Receitas Brutas Realizadas;1.7.2.1.36.00.00 - Transferências Financeiras do ICMS ¿ Desoneração ¿ L.C. Nº 87/96;siconfi-cor_RO1.7.2.1.36.00.00;16053
Prefeitura Municipal de São Sebastião do Uatumã - AM;1303957;AM;13105;Receitas Brutas Realizadas;1.7.2.1.99.00.00 - Outras Transferências da União;siconfi-cor_RO1.7.2.1.99.00.00;10385,21
Prefeitura Municipal de São Sebastião do Uatumã - AM;1303957;AM;13105;Receitas Brutas Realizadas;1.7.2.2.00.00.00 - Transferências dos Estados;siconfi-cor_RO1.7.2.2.00.00.00;7068431,3
Prefeitura Municipal de São Sebastião do Uatumã - AM;1303957;AM;13105;Receitas Brutas Realizadas;1.7.2.2.01.00.00 - Participação na Receita dos Estados;siconfi-cor_RO1.7.2.2.01.00.00;6772864,56
Prefeitura Municipal de São Sebastião do Uatumã - AM;1303957;AM;13105;Receitas Brutas Realizadas;1.7.2.2.01.01.00 - Cota-Parte do ICMS;siconfi-cor_RO1.7.2.2.01.01.00;6696328,44
Prefeitura Municipal de São Sebastião do Uatumã - AM;1303957;AM;13105;Receitas Brutas Realizadas;1.7.2.2.01.02.00 - Cota-Parte do IPVA;siconfi-cor_RO1.7.2.2.01.02.00;14067,16
Prefeitura Municipal de São Sebastião do Uatumã - AM;1303957;AM;13105;Receitas Brutas Realizadas;1.7.2.2.01.04.00 - Cota-Parte do IPI - Municípios;siconfi-cor_RO1.7.2.2.01.04.00;26859,98
Prefeitura Municipal de São Sebastião do Uatumã - AM;1303957;AM;13105;Receitas Brutas Realizadas;1.7.2.2.01.13.00 - Cota-Parte da Contribuição de Intervenção no Domínio Econômico;siconfi-cor_RO1.7.2.2.01.13.00;35608,98
Prefeitura Municipal de São Sebastião do Uatumã - AM;1303957;AM;13105;Receitas Brutas Realizadas;1.7.2.2.22.00.00 - Transferências da Cota-Parte da Compensação Financeira (25%);siconfi-cor_RO1.7.2.2.22.00.00;72217,16
Prefeitura Municipal de São Sebastião do Uatumã - AM;1303957;AM;13105;Receitas Brutas Realizadas;1.7.2.2.22.30.00 - Cota-Parte Royalties - Compensação Financeira pela Produção de Petróleo - Lei nº 7.990/89 artigo 9º;siconfi-cor_RO1.7.2.2.22.30.00;72217,16
Prefeitura Municipal de São Sebastião do Uatumã - AM;1303957;AM;13105;Receitas Brutas Realizadas;1.7.2.2.33.00.00 - Transferências de Recursos do Estado para Programas de Saúde - Repasse Fundo a Fundo;siconfi-cor_RO1.7.2.2.33.00.00;223349,58
Prefeitura Municipal de São Sebastião do Uatumã - AM;1303957;AM;13105;Receitas Brutas Realizadas;1.7.2.4.00.00.00 - Transferências Multigovernamentais;siconfi-cor_RO1.7.2.4.00.00.00;5105738,67
Prefeitura Municipal de São Sebastião do Uatumã - AM;1303957;AM;13105;Receitas Brutas Realizadas;1.7.2.4.01.00.00 - Transferências de Recursos do Fundo de Manutenção e Desenvolvimento do Ensino Fundamental e de Valorização do Magistério - FUNDEB;siconfi-cor_RO1.7.2.4.01.00.00;3866947,9
Prefeitura Municipal de São Sebastião do Uatumã - AM;1303957;AM;13105;Receitas Brutas Realizadas;1.7.2.4.02.00.00 - Transferências de Recursos da Complementação ao Fundo de Manutenção e Desenvolvimento do Ensino Fundamental e de Valorização do Magistério - FUNDEB;siconfi-cor_RO1.7.2.4.02.00.00;1238790,77
Prefeitura Municipal de São Sebastião do Uatumã - AM;1303957;AM;13105;Receitas Brutas Realizadas;1.9.0.0.00.00.00 - Outras Receitas Correntes;siconfi-cor_RO1.9.0.0.00.00.00;139253,69
Prefeitura Municipal de São Sebastião do Uatumã - AM;1303957;AM;13105;Receitas Brutas Realizadas;1.9.1.0.00.00.00 - Multas e Juros de Mora;siconfi-cor_RO1.9.1.0.00.00.00;20759,69
Prefeitura Municipal de São Sebastião do Uatumã - AM;1303957;AM;13105;Receitas Brutas Realizadas;1.9.1.1.00.00.00 - Multas e Juros de Mora dos Tributos;siconfi-cor_RO1.9.1.1.00.00.00;409,41
Prefeitura Municipal de São Sebastião do Uatumã - AM;1303957;AM;13105;Receitas Brutas Realizadas;1.9.1.1.38.00.00 - Multas e Juros de Mora do Imposto sobre a Propriedade Predial e Territorial Urbana ¿ IPTU;siconfi-cor_RO1.9.1.1.38.00.00;10,96
Prefeitura Municipal de São Sebastião do Uatumã - AM;1303957;AM;13105;Receitas Brutas Realizadas;1.9.1.1.99.00.00 - Multas e Juros de Mora de Outros Tributos;siconfi-cor_RO1.9.1.1.99.00.00;398,45
Prefeitura Municipal de São Sebastião do Uatumã - AM;1303957;AM;13105;Receitas Brutas Realizadas;1.9.1.3.00.00.00 - Multas e Juros de Mora da Dívida Ativa dos Tributos;siconfi-cor_RO1.9.1.3.00.00.00;3452,36
Prefeitura Municipal de São Sebastião do Uatumã - AM;1303957;AM;13105;Receitas Brutas Realizadas;1.9.1.3.11.00.00 - Multas e Juros de Mora da Dívida Ativa do Imposto sobre a Propriedade Predial e Territorial Urbana ¿ IPTU;siconfi-cor_RO1.9.1.3.11.00.00;3452,36
Prefeitura Municipal de São Sebastião do Uatumã - AM;1303957;AM;13105;Receitas Brutas Realizadas;1.9.1.9.00.00.00 - Multas de Outras Origens;siconfi-cor_RO1.9.1.9.00.00.00;16897,92
Prefeitura Municipal de São Sebastião do Uatumã - AM;1303957;AM;13105;Receitas Brutas Realizadas;1.9.2.0.00.00.00 - Indenizações e Restituições;siconfi-cor_RO1.9.2.0.00.00.00;9081,18
Prefeitura Municipal de São Sebastião do Uatumã - AM;1303957;AM;13105;Receitas Brutas Realizadas;1.9.2.2.00.00.00 - Restituições;siconfi-cor_RO1.9.2.2.00.00.00;9081,18
Prefeitura Municipal de São Sebastião do Uatumã - AM;1303957;AM;13105;Receitas Brutas Realizadas;1.9.2.2.99.00.00 - Outras Restituições;siconfi-cor_RO1.9.2.2.99.00.00;9081,18
Prefeitura Municipal de São Sebastião do Uatumã - AM;1303957;AM;13105;Receitas Brutas Realizadas;1.9.3.0.00.00.00 - Receita da Dívida Ativa;siconfi-cor_RO1.9.3.0.00.00.00;107019,05
Prefeitura Municipal de São Sebastião do Uatumã - AM;1303957;AM;13105;Receitas Brutas Realizadas;1.9.3.1.00.00.00 - Receita da Dívida Ativa Tributária;siconfi-cor_RO1.9.3.1.00.00.00;4740,68
Prefeitura Municipal de São Sebastião do Uatumã - AM;1303957;AM;13105;Receitas Brutas Realizadas;1.9.3.1.11.00.00 - Receita da Dívida Ativa do Imposto sobre a Propriedade Predial e Territorial Urbana ¿ IPTU;siconfi-cor_RO1.9.3.1.11.00.00;4740,68
Prefeitura Municipal de São Sebastião do Uatumã - AM;1303957;AM;13105;Receitas Brutas Realizadas;1.9.3.2.00.00.00 - Receita da Dívida Ativa Não Tributária;siconfi-cor_RO1.9.3.2.00.00.00;102278,37
Prefeitura Municipal de São Sebastião do Uatumã - AM;1303957;AM;13105;Receitas Brutas Realizadas;1.9.3.2.99.00.00 - Receita da Dívida Ativa Não Tributária de Outras Receitas;siconfi-cor_RO1.9.3.2.99.00.00;102278,37
Prefeitura Municipal de São Sebastião do Uatumã - AM;1303957;AM;13105;Receitas Brutas Realizadas;1.9.9.0.00.00.00 - Receitas Diversas;siconfi-cor_RO1.9.9.0.00.00.00;2393,77
Prefeitura Municipal de São Sebastião do Uatumã - AM;1303957;AM;13105;Receitas Brutas Realizadas;1.9.9.0.99.00.00 - Outras Receitas;siconfi-cor_RO1.9.9.0.99.00.00;2393,77
Prefeitura Municipal de São Sebastião do Uatumã - AM;1303957;AM;13105;Receitas Brutas Realizadas;2.0.0.0.00.00.00 - Receitas de Capital;siconfi-cor_RO2.0.0.0.00.00.00;194062,89
Prefeitura Municipal de São Sebastião do Uatumã - AM;1303957;AM;13105;Receitas Brutas Realizadas;2.4.0.0.00.00.00 - Transferências de Capital;siconfi-cor_RO2.4.0.0.00.00.00;194062,89
Prefeitura Municipal de São Sebastião do Uatumã - AM;1303957;AM;13105;Receitas Brutas Realizadas;2.4.2.0.00.00.00 - Transferências Intergovernamentais;siconfi-cor_RO2.4.2.0.00.00.00;194062,89
Prefeitura Municipal de São Sebastião do Uatumã - AM;1303957;AM;13105;Receitas Brutas Realizadas;2.4.2.1.00.00.00 - Transferências da União;siconfi-cor_RO2.4.2.1.00.00.00;194062,89
Prefeitura Municipal de São Sebastião do Uatumã - AM;1303957;AM;13105;Receitas Brutas Realizadas;2.4.2.1.02.00.00 - Transferências de Recursos Destinados a Programas de Educação;siconfi-cor_RO2.4.2.1.02.00.00;194062,89
Prefeitura Municipal de São Sebastião do Uatumã - AM;1303957;AM;13105;Outras Deduções da Receita;Total Receitas;siconfi-cor_TotalReceitas;3032425,52
Prefeitura Municipal de São Sebastião do Uatumã - AM;1303957;AM;13105;Outras Deduções da Receita;1.0.0.0.00.00.00 - Receitas Correntes;siconfi-cor_RO1.0.0.0.00.00.00;3032425,52
Prefeitura Municipal de São Sebastião do Uatumã - AM;1303957;AM;13105;Outras Deduções da Receita;1.7.0.0.00.00.00 - Transferências Correntes;siconfi-cor_RO1.7.0.0.00.00.00;3032425,52
Prefeitura Municipal de São Sebastião do Uatumã - AM;1303957;AM;13105;Outras Deduções da Receita;1.7.2.0.00.00.00 - Transferências Intergovernamentais;siconfi-cor_RO1.7.2.0.00.00.00;3032425,52
Prefeitura Municipal de São Sebastião do Uatumã - AM;1303957;AM;13105;Outras Deduções da Receita;1.7.2.1.00.00.00 - Transferências da União;siconfi-cor_RO1.7.2.1.00.00.00;1684974,56
Prefeitura Municipal de São Sebastião do Uatumã - AM;1303957;AM;13105;Outras Deduções da Receita;1.7.2.1.01.00.00 - Participação na Receita da União;siconfi-cor_RO1.7.2.1.01.00.00;1681763,96
Prefeitura Municipal de São Sebastião do Uatumã - AM;1303957;AM;13105;Outras Deduções da Receita;1.7.2.1.01.02.00 - Cota-Parte do Fundo de Participação dos Municípios ¿ FPM;siconfi-cor_RO1.7.2.1.01.02.00;1681688,32
Prefeitura Municipal de São Sebastião do Uatumã - AM;1303957;AM;13105;Outras Deduções da Receita;1.7.2.1.01.05.00 - Cota-Parte do Imposto Sobre a Propriedade Territorial Rural ¿ ITR;siconfi-cor_RO1.7.2.1.01.05.00;75,64
Prefeitura Municipal de São Sebastião do Uatumã - AM;1303957;AM;13105;Outras Deduções da Receita;1.7.2.1.36.00.00 - Transferências Financeiras do ICMS ¿ Desoneração ¿ L.C. Nº 87/96;siconfi-cor_RO1.7.2.1.36.00.00;3210,6
Prefeitura Municipal de São Sebastião do Uatumã - AM;1303957;AM;13105;Outras Deduções da Receita;1.7.2.2.00.00.00 - Transferências dos Estados;siconfi-cor_RO1.7.2.2.00.00.00;1347450,96
Prefeitura Municipal de São Sebastião do Uatumã - AM;1303957;AM;13105;Outras Deduções da Receita;1.7.2.2.01.00.00 - Participação na Receita dos Estados;siconfi-cor_RO1.7.2.2.01.00.00;1347450,96
Prefeitura Municipal de São Sebastião do Uatumã - AM;1303957;AM;13105;Outras Deduções da Receita;1.7.2.2.01.01.00 - Cota-Parte do ICMS;siconfi-cor_RO1.7.2.2.01.01.00;1339265,66
Prefeitura Municipal de São Sebastião do Uatumã - AM;1303957;AM;13105;Outras Deduções da Receita;1.7.2.2.01.02.00 - Cota-Parte do IPVA;siconfi-cor_RO1.7.2.2.01.02.00;2813,26
Prefeitura Municipal de São Sebastião do Uatumã - AM;1303957;AM;13105;Outras Deduções da Receita;1.7.2.2.01.04.00 - Cota-Parte do IPI - Municípios;siconfi-cor_RO1.7.2.2.01.04.00;5372,04
Prefeitura Municipal de Silves - AM;1304005;AM;9147;Receitas Brutas Realizadas;Total Receitas;siconfi-cor_TotalReceitas;26157339,29
Prefeitura Municipal de Silves - AM;1304005;AM;9147;Receitas Brutas Realizadas;1.0.0.0.00.00.00 - Receitas Correntes;siconfi-cor_RO1.0.0.0.00.00.00;25962223,38
Prefeitura Municipal de Silves - AM;1304005;AM;9147;Receitas Brutas Realizadas;1.1.0.0.00.00.00 - Receita Tributária;siconfi-cor_RO1.1.0.0.00.00.00;750089,49
Prefeitura Municipal de Silves - AM;1304005;AM;9147;Receitas Brutas Realizadas;1.1.1.0.00.00.00 - Impostos;siconfi-cor_RO1.1.1.0.00.00.00;731940,73
Prefeitura Municipal de Silves - AM;1304005;AM;9147;Receitas Brutas Realizadas;1.1.1.2.00.00.00 - Impostos sobre o Patrimônio e a Renda;siconfi-cor_RO1.1.1.2.00.00.00;388536,63
Prefeitura Municipal de Silves - AM;1304005;AM;9147;Receitas Brutas Realizadas;1.1.1.2.02.00.00 - Imposto sobre a Propriedade Predial e Territorial Urbana ¿ IPTU;siconfi-cor_RO1.1.1.2.02.00.00;8771,36
Prefeitura Municipal de Silves - AM;1304005;AM;9147;Receitas Brutas Realizadas;1.1.1.2.04.00.00 - Imposto sobre a Renda e Proventos de Qualquer Natureza ¿ IR;siconfi-cor_RO1.1.1.2.04.00.00;377602,27
Prefeitura Municipal de Silves - AM;1304005;AM;9147;Receitas Brutas Realizadas;1.1.1.2.04.31.00 - Retido nas Fontes - Trabalho;siconfi-cor_RO1.1.1.2.04.31.00;377602,27
Prefeitura Municipal de Silves - AM;1304005;AM;9147;Receitas Brutas Realizadas;"1.1.1.2.08.00.00 - Imposto sobre Transmissão Inter Vivos"" de Bens Imóveis e de Direitos Reais sobre Imóveis ¿ ITBI""";siconfi-cor_RO1.1.1.2.08.00.00;2163
Prefeitura Municipal de Silves - AM;1304005;AM;9147;Receitas Brutas Realizadas;1.1.1.3.00.00.00 - Impostos sobre a Produção e a Circulação;siconfi-cor_RO1.1.1.3.00.00.00;343404,1
Prefeitura Municipal de Silves - AM;1304005;AM;9147;Receitas Brutas Realizadas;1.1.1.3.05.00.00 - Imposto sobre Serviços de Qualquer Natureza ¿ ISSQN;siconfi-cor_RO1.1.1.3.05.00.00;343404,1
Prefeitura Municipal de Silves - AM;1304005;AM;9147;Receitas Brutas Realizadas;1.1.2.0.00.00.00 - Taxas;siconfi-cor_RO1.1.2.0.00.00.00;18148,76
Prefeitura Municipal de Silves - AM;1304005;AM;9147;Receitas Brutas Realizadas;1.1.2.1.00.00.00 - Taxas pelo Exercício do Poder de Polícia;siconfi-cor_RO1.1.2.1.00.00.00;12027,37
Prefeitura Municipal de Silves - AM;1304005;AM;9147;Receitas Brutas Realizadas;1.1.2.2.00.00.00 - Taxas pela Prestação de Serviços;siconfi-cor_RO1.1.2.2.00.00.00;6121,39
Prefeitura Municipal de Silves - AM;1304005;AM;9147;Receitas Brutas Realizadas;1.1.2.2.99.00.00 - Outras Taxas pela Prestação de Serviços;siconfi-cor_RO1.1.2.2.99.00.00;6121,39
Prefeitura Municipal de Silves - AM;1304005;AM;9147;Receitas Brutas Realizadas;1.2.0.0.00.00.00 - Receitas de Contribuições;siconfi-cor_RO1.2.0.0.00.00.00;62370,75
Prefeitura Municipal de Silves - AM;1304005;AM;9147;Receitas Brutas Realizadas;1.2.2.0.00.00.00 - Contribuições de Intervenção no Domínio Econômico;siconfi-cor_RO1.2.2.0.00.00.00;62370,75
Prefeitura Municipal de Silves - AM;1304005;AM;9147;Receitas Brutas Realizadas;1.2.2.0.24.00.00 - Contribuição sobre a Receita das Concessionárias e Permissionárias de Energia Elétrica;siconfi-cor_RO1.2.2.0.24.00.00;62370,75
Prefeitura Municipal de Silves - AM;1304005;AM;9147;Receitas Brutas Realizadas;1.3.0.0.00.00.00 - Receita Patrimonial;siconfi-cor_RO1.3.0.0.00.00.00;244262,15
Prefeitura Municipal de Silves - AM;1304005;AM;9147;Receitas Brutas Realizadas;1.3.2.0.00.00.00 - Receitas de Valores Mobiliários;siconfi-cor_RO1.3.2.0.00.00.00;244262,15
Prefeitura Municipal de Silves - AM;1304005;AM;9147;Receitas Brutas Realizadas;1.3.2.5.00.00.00 - Remuneração de Depósitos Bancários;siconfi-cor_RO1.3.2.5.00.00.00;244262,15
Prefeitura Municipal de Silves - AM;1304005;AM;9147;Receitas Brutas Realizadas;1.6.0.0.00.00.00 - Receita de Serviços;siconfi-cor_RO1.6.0.0.00.00.00;32008,56
Prefeitura Municipal de Silves - AM;1304005;AM;9147;Receitas Brutas Realizadas;1.6.0.0.41.00.00 - Serviços de Captação, Adução, Tratamento, Reserva e Distribuição de Água;siconfi-cor_RO1.6.0.0.41.00.00;31680,56
Prefeitura Municipal de Silves - AM;1304005;AM;9147;Receitas Brutas Realizadas;1.6.0.0.48.00.00 - Serviços de Religamento de Água;siconfi-cor_RO1.6.0.0.48.00.00;328
Prefeitura Municipal de Silves - AM;1304005;AM;9147;Receitas Brutas Realizadas;1.7.0.0.00.00.00 - Transferências Correntes;siconfi-cor_RO1.7.0.0.00.00.00;24863154,35
Prefeitura Municipal de Silves - AM;1304005;AM;9147;Receitas Brutas Realizadas;1.7.2.0.00.00.00 - Transferências Intergovernamentais;siconfi-cor_RO1.7.2.0.00.00.00;24863154,35
Prefeitura Municipal de Silves - AM;1304005;AM;9147;Receitas Brutas Realizadas;1.7.2.1.00.00.00 - Transferências da União;siconfi-cor_RO1.7.2.1.00.00.00;10172697,98
Prefeitura Municipal de Silves - AM;1304005;AM;9147;Receitas Brutas Realizadas;1.7.2.1.01.00.00 - Participação na Receita da União;siconfi-cor_RO1.7.2.1.01.00.00;6906301,65
Prefeitura Municipal de Silves - AM;1304005;AM;9147;Receitas Brutas Realizadas;1.7.2.1.01.02.00 - Cota-Parte do Fundo de Participação dos Municípios ¿ FPM;siconfi-cor_RO1.7.2.1.01.02.00;6306332,47
Prefeitura Municipal de Silves - AM;1304005;AM;9147;Receitas Brutas Realizadas;1.7.2.1.01.03.00 - Cota-Parte do Fundo de Participação dos Municípios - 1% Cota Anual;siconfi-cor_RO1.7.2.1.01.03.00;279900,48
Prefeitura Municipal de Silves - AM;1304005;AM;9147;Receitas Brutas Realizadas;1.7.2.1.01.04.00 - Cota-Parte do Fundo de Participação dos Municípios - 1% Cota entregue no mês de julho (67)(I);siconfi-cor_RO1.7.2.1.01.04.00;289430,36
Prefeitura Municipal de Silves - AM;1304005;AM;9147;Receitas Brutas Realizadas;1.7.2.1.01.05.00 - Cota-Parte do Imposto Sobre a Propriedade Territorial Rural ¿ ITR;siconfi-cor_RO1.7.2.1.01.05.00;30638,34
Prefeitura Municipal de Silves - AM;1304005;AM;9147;Receitas Brutas Realizadas;1.7.2.1.22.00.00 - Transferências da Compensação Financeira pela Exploração de Recursos Naturais;siconfi-cor_RO1.7.2.1.22.00.00;156910,66
Prefeitura Municipal de Silves - AM;1304005;AM;9147;Receitas Brutas Realizadas;1.7.2.1.22.20.00 - Cota-Parte da Compensação Financeira de Recursos Minerais - CFEM;siconfi-cor_RO1.7.2.1.22.20.00;146,97
Prefeitura Municipal de Silves - AM;1304005;AM;9147;Receitas Brutas Realizadas;1.7.2.1.22.40.00 - Cota-Parte Royalties pelo Excedente da Produção do Petróleo - Lei nº 9.478/97 artigo 49 I e II;siconfi-cor_RO1.7.2.1.22.40.00;83133,93
Prefeitura Municipal de Silves - AM;1304005;AM;9147;Receitas Brutas Realizadas;1.7.2.1.22.70.00 - Cota-Parte do Fundo Especial do Petróleo ¿ FEP;siconfi-cor_RO1.7.2.1.22.70.00;73629,76
Prefeitura Municipal de Silves - AM;1304005;AM;9147;Receitas Brutas Realizadas;1.7.2.1.33.00.00 - Transferências de Recursos do Sistema Único de Saúde - SUS - Repasses Fundo a Fundo;siconfi-cor_RO1.7.2.1.33.00.00;2298335,78
Prefeitura Municipal de Silves - AM;1304005;AM;9147;Receitas Brutas Realizadas;1.7.2.1.34.00.00 - Transferências de Recursos do Fundo Nacional de Assistência Social ¿ FNAS;siconfi-cor_RO1.7.2.1.34.00.00;245510,19
Prefeitura Municipal de Silves - AM;1304005;AM;9147;Receitas Brutas Realizadas;1.7.2.1.35.00.00 - Transferências de Recursos do Fundo Nacional do Desenvolvimento da Educação ¿ FNDE;siconfi-cor_RO1.7.2.1.35.00.00;540577,18
Prefeitura Municipal de Silves - AM;1304005;AM;9147;Receitas Brutas Realizadas;1.7.2.1.36.00.00 - Transferências Financeiras do ICMS ¿ Desoneração ¿ L.C. Nº 87/96;siconfi-cor_RO1.7.2.1.36.00.00;15217,68
Prefeitura Municipal de Silves - AM;1304005;AM;9147;Receitas Brutas Realizadas;1.7.2.1.99.00.00 - Outras Transferências da União;siconfi-cor_RO1.7.2.1.99.00.00;9844,84
Prefeitura Municipal de Silves - AM;1304005;AM;9147;Receitas Brutas Realizadas;1.7.2.2.00.00.00 - Transferências dos Estados;siconfi-cor_RO1.7.2.2.00.00.00;6650350,43
Prefeitura Municipal de Silves - AM;1304005;AM;9147;Receitas Brutas Realizadas;1.7.2.2.01.00.00 - Participação na Receita dos Estados;siconfi-cor_RO1.7.2.2.01.00.00;6428541,32
Prefeitura Municipal de Silves - AM;1304005;AM;9147;Receitas Brutas Realizadas;1.7.2.2.01.01.00 - Cota-Parte do ICMS;siconfi-cor_RO1.7.2.2.01.01.00;6347900,78
Prefeitura Municipal de Silves - AM;1304005;AM;9147;Receitas Brutas Realizadas;1.7.2.2.01.02.00 - Cota-Parte do IPVA;siconfi-cor_RO1.7.2.2.01.02.00;28969,4
Prefeitura Municipal de Silves - AM;1304005;AM;9147;Receitas Brutas Realizadas;1.7.2.2.01.04.00 - Cota-Parte do IPI - Municípios;siconfi-cor_RO1.7.2.2.01.04.00;25462,37
Prefeitura Municipal de Silves - AM;1304005;AM;9147;Receitas Brutas Realizadas;1.7.2.2.01.13.00 - Cota-Parte da Contribuição de Intervenção no Domínio Econômico;siconfi-cor_RO1.7.2.2.01.13.00;26208,77
Prefeitura Municipal de Silves - AM;1304005;AM;9147;Receitas Brutas Realizadas;1.7.2.2.22.00.00 - Transferências da Cota-Parte da Compensação Financeira (25%);siconfi-cor_RO1.7.2.2.22.00.00;68459,53
Prefeitura Municipal de Silves - AM;1304005;AM;9147;Receitas Brutas Realizadas;1.7.2.2.22.30.00 - Cota-Parte Royalties - Compensação Financeira pela Produção de Petróleo - Lei nº 7.990/89 artigo 9º;siconfi-cor_RO1.7.2.2.22.30.00;68459,53
Prefeitura Municipal de Silves - AM;1304005;AM;9147;Receitas Brutas Realizadas;1.7.2.2.33.00.00 - Transferências de Recursos do Estado para Programas de Saúde - Repasse Fundo a Fundo;siconfi-cor_RO1.7.2.2.33.00.00;153349,58
Prefeitura Municipal de Silves - AM;1304005;AM;9147;Receitas Brutas Realizadas;1.7.2.4.00.00.00 - Transferências Multigovernamentais;siconfi-cor_RO1.7.2.4.00.00.00;8040105,94
Prefeitura Municipal de Silves - AM;1304005;AM;9147;Receitas Brutas Realizadas;1.7.2.4.01.00.00 - Transferências de Recursos do Fundo de Manutenção e Desenvolvimento do Ensino Fundamental e de Valorização do Magistério - FUNDEB;siconfi-cor_RO1.7.2.4.01.00.00;6089872,95
Prefeitura Municipal de Silves - AM;1304005;AM;9147;Receitas Brutas Realizadas;1.7.2.4.02.00.00 - Transferências de Recursos da Complementação ao Fundo de Manutenção e Desenvolvimento do Ensino Fundamental e de Valorização do Magistério - FUNDEB;siconfi-cor_RO1.7.2.4.02.00.00;1950232,99
Prefeitura Municipal de Silves - AM;1304005;AM;9147;Receitas Brutas Realizadas;1.9.0.0.00.00.00 - Outras Receitas Correntes;siconfi-cor_RO1.9.0.0.00.00.00;10338,08
Prefeitura Municipal de Silves - AM;1304005;AM;9147;Receitas Brutas Realizadas;1.9.1.0.00.00.00 - Multas e Juros de Mora;siconfi-cor_RO1.9.1.0.00.00.00;997,71
Prefeitura Municipal de Silves - AM;1304005;AM;9147;Receitas Brutas Realizadas;1.9.1.1.00.00.00 - Multas e Juros de Mora dos Tributos;siconfi-cor_RO1.9.1.1.00.00.00;580,42
Prefeitura Municipal de Silves - AM;1304005;AM;9147;Receitas Brutas Realizadas;1.9.1.1.38.00.00 - Multas e Juros de Mora do Imposto sobre a Propriedade Predial e Territorial Urbana ¿ IPTU;siconfi-cor_RO1.9.1.1.38.00.00;580,42
Prefeitura Municipal de Silves - AM;1304005;AM;9147;Receitas Brutas Realizadas;1.9.1.8.00.00.00 - Multas e Juros de Mora de Outras Receitas;siconfi-cor_RO1.9.1.8.00.00.00;417,29
Prefeitura Municipal de Silves - AM;1304005;AM;9147;Receitas Brutas Realizadas;1.9.1.8.99.00.00 - Outras Multas e Juros de Mora;siconfi-cor_RO1.9.1.8.99.00.00;417,29
Prefeitura Municipal de Silves - AM;1304005;AM;9147;Receitas Brutas Realizadas;1.9.2.0.00.00.00 - Indenizações e Restituições;siconfi-cor_RO1.9.2.0.00.00.00;401,72
Prefeitura Municipal de Silves - AM;1304005;AM;9147;Receitas Brutas Realizadas;1.9.2.1.00.00.00 - Indenizações;siconfi-cor_RO1.9.2.1.00.00.00;401,72
Prefeitura Municipal de Silves - AM;1304005;AM;9147;Receitas Brutas Realizadas;1.9.3.0.00.00.00 - Receita da Dívida Ativa;siconfi-cor_RO1.9.3.0.00.00.00;8938,65
Prefeitura Municipal de Silves - AM;1304005;AM;9147;Receitas Brutas Realizadas;1.9.3.1.00.00.00 - Receita da Dívida Ativa Tributária;siconfi-cor_RO1.9.3.1.00.00.00;1175,48
Prefeitura Municipal de Silves - AM;1304005;AM;9147;Receitas Brutas Realizadas;1.9.3.1.11.00.00 - Receita da Dívida Ativa do Imposto sobre a Propriedade Predial e Territorial Urbana ¿ IPTU;siconfi-cor_RO1.9.3.1.11.00.00;1175,48
Prefeitura Municipal de Silves - AM;1304005;AM;9147;Receitas Brutas Realizadas;1.9.3.2.00.00.00 - Receita da Dívida Ativa Não Tributária;siconfi-cor_RO1.9.3.2.00.00.00;7763,17
Prefeitura Municipal de Silves - AM;1304005;AM;9147;Receitas Brutas Realizadas;1.9.3.2.99.00.00 - Receita da Dívida Ativa Não Tributária de Outras Receitas;siconfi-cor_RO1.9.3.2.99.00.00;7763,17
Prefeitura Municipal de Silves - AM;1304005;AM;9147;Receitas Brutas Realizadas;2.0.0.0.00.00.00 - Receitas de Capital;siconfi-cor_RO2.0.0.0.00.00.00;195115,91
Prefeitura Municipal de Silves - AM;1304005;AM;9147;Receitas Brutas Realizadas;2.4.0.0.00.00.00 - Transferências de Capital;siconfi-cor_RO2.4.0.0.00.00.00;195115,91
Prefeitura Municipal de Silves - AM;1304005;AM;9147;Receitas Brutas Realizadas;2.4.2.0.00.00.00 - Transferências Intergovernamentais;siconfi-cor_RO2.4.2.0.00.00.00;195115,91
Prefeitura Municipal de Silves - AM;1304005;AM;9147;Receitas Brutas Realizadas;2.4.2.1.00.00.00 - Transferências da União;siconfi-cor_RO2.4.2.1.00.00.00;195115,91
Prefeitura Municipal de Silves - AM;1304005;AM;9147;Receitas Brutas Realizadas;2.4.2.1.02.00.00 - Transferências de Recursos Destinados a Programas de Educação;siconfi-cor_RO2.4.2.1.02.00.00;195115,91
Prefeitura Municipal de Silves - AM;1304005;AM;9147;Outras Deduções da Receita;Total Receitas;siconfi-cor_TotalReceitas;2550903,34
Prefeitura Municipal de Silves - AM;1304005;AM;9147;Outras Deduções da Receita;1.0.0.0.00.00.00 - Receitas Correntes;siconfi-cor_RO1.0.0.0.00.00.00;2550903,34
Prefeitura Municipal de Silves - AM;1304005;AM;9147;Outras Deduções da Receita;1.7.0.0.00.00.00 - Transferências Correntes;siconfi-cor_RO1.7.0.0.00.00.00;2550903,34
Prefeitura Municipal de Silves - AM;1304005;AM;9147;Outras Deduções da Receita;1.7.2.0.00.00.00 - Transferências Intergovernamentais;siconfi-cor_RO1.7.2.0.00.00.00;2550903,34
Prefeitura Municipal de Silves - AM;1304005;AM;9147;Outras Deduções da Receita;1.7.2.1.00.00.00 - Transferências da União;siconfi-cor_RO1.7.2.1.00.00.00;1270437,18
Prefeitura Municipal de Silves - AM;1304005;AM;9147;Outras Deduções da Receita;1.7.2.1.01.00.00 - Participação na Receita da União;siconfi-cor_RO1.7.2.1.01.00.00;1267393,74
Prefeitura Municipal de Silves - AM;1304005;AM;9147;Outras Deduções da Receita;1.7.2.1.01.02.00 - Cota-Parte do Fundo de Participação dos Municípios ¿ FPM;siconfi-cor_RO1.7.2.1.01.02.00;1261266,17
Prefeitura Municipal de Silves - AM;1304005;AM;9147;Outras Deduções da Receita;1.7.2.1.01.05.00 - Cota-Parte do Imposto Sobre a Propriedade Territorial Rural ¿ ITR;siconfi-cor_RO1.7.2.1.01.05.00;6127,57
Prefeitura Municipal de Silves - AM;1304005;AM;9147;Outras Deduções da Receita;1.7.2.1.36.00.00 - Transferências Financeiras do ICMS ¿ Desoneração ¿ L.C. Nº 87/96;siconfi-cor_RO1.7.2.1.36.00.00;3043,44
Prefeitura Municipal de Silves - AM;1304005;AM;9147;Outras Deduções da Receita;1.7.2.2.00.00.00 - Transferências dos Estados;siconfi-cor_RO1.7.2.2.00.00.00;1280466,16
Prefeitura Municipal de Silves - AM;1304005;AM;9147;Outras Deduções da Receita;1.7.2.2.01.00.00 - Participação na Receita dos Estados;siconfi-cor_RO1.7.2.2.01.00.00;1280466,16
Prefeitura Municipal de Silves - AM;1304005;AM;9147;Outras Deduções da Receita;1.7.2.2.01.01.00 - Cota-Parte do ICMS;siconfi-cor_RO1.7.2.2.01.01.00;1269580,15
Prefeitura Municipal de Silves - AM;1304005;AM;9147;Outras Deduções da Receita;1.7.2.2.01.02.00 - Cota-Parte do IPVA;siconfi-cor_RO1.7.2.2.01.02.00;5793,58
Prefeitura Municipal de Silves - AM;1304005;AM;9147;Outras Deduções da Receita;1.7.2.2.01.04.00 - Cota-Parte do IPI - Municípios;siconfi-cor_RO1.7.2.2.01.04.00;5092,43
Prefeitura Municipal de Careiro - AM;1301100;AM;36922;Receitas Brutas Realizadas;Total Receitas;siconfi-cor_TotalReceitas;68325356,22
Prefeitura Municipal de Careiro - AM;1301100;AM;36922;Receitas Brutas Realizadas;1.0.0.0.00.00.00 - Receitas Correntes;siconfi-cor_RO1.0.0.0.00.00.00;68325356,22
Prefeitura Municipal de Careiro - AM;1301100;AM;36922;Receitas Brutas Realizadas;1.1.0.0.00.00.00 - Receita Tributária;siconfi-cor_RO1.1.0.0.00.00.00;1593683,36
Prefeitura Municipal de Careiro - AM;1301100;AM;36922;Receitas Brutas Realizadas;1.1.1.0.00.00.00 - Impostos;siconfi-cor_RO1.1.1.0.00.00.00;1479478,71
Prefeitura Municipal de Careiro - AM;1301100;AM;36922;Receitas Brutas Realizadas;1.1.1.2.00.00.00 - Impostos sobre o Patrimônio e a Renda;siconfi-cor_RO1.1.1.2.00.00.00;889649,12
Prefeitura Municipal de Careiro - AM;1301100;AM;36922;Receitas Brutas Realizadas;1.1.1.2.02.00.00 - Imposto sobre a Propriedade Predial e Territorial Urbana ¿ IPTU;siconfi-cor_RO1.1.1.2.02.00.00;15195,88
Prefeitura Municipal de Careiro - AM;1301100;AM;36922;Receitas Brutas Realizadas;1.1.1.2.04.00.00 - Imposto sobre a Renda e Proventos de Qualquer Natureza ¿ IR;siconfi-cor_RO1.1.1.2.04.00.00;841641,45
Prefeitura Municipal de Careiro - AM;1301100;AM;36922;Receitas Brutas Realizadas;1.1.1.2.04.31.00 - Retido nas Fontes - Trabalho;siconfi-cor_RO1.1.1.2.04.31.00;826238,85
Prefeitura Municipal de Careiro - AM;1301100;AM;36922;Receitas Brutas Realizadas;1.1.1.2.04.34.00 - Retido nas Fontes - Outros Rendimentos;siconfi-cor_RO1.1.1.2.04.34.00;15402,6
Prefeitura Municipal de Careiro - AM;1301100;AM;36922;Receitas Brutas Realizadas;"1.1.1.2.08.00.00 - Imposto sobre Transmissão Inter Vivos"" de Bens Imóveis e de Direitos Reais sobre Imóveis ¿ ITBI""";siconfi-cor_RO1.1.1.2.08.00.00;32811,79
Prefeitura Municipal de Careiro - AM;1301100;AM;36922;Receitas Brutas Realizadas;1.1.1.3.00.00.00 - Impostos sobre a Produção e a Circulação;siconfi-cor_RO1.1.1.3.00.00.00;589829,59
Prefeitura Municipal de Careiro - AM;1301100;AM;36922;Receitas Brutas Realizadas;1.1.1.3.05.00.00 - Imposto sobre Serviços de Qualquer Natureza ¿ ISSQN;siconfi-cor_RO1.1.1.3.05.00.00;589829,59
Prefeitura Municipal de Careiro - AM;1301100;AM;36922;Receitas Brutas Realizadas;1.1.2.0.00.00.00 - Taxas;siconfi-cor_RO1.1.2.0.00.00.00;114204,65
Prefeitura Municipal de Careiro - AM;1301100;AM;36922;Receitas Brutas Realizadas;1.1.2.1.00.00.00 - Taxas pelo Exercício do Poder de Polícia;siconfi-cor_RO1.1.2.1.00.00.00;53584,29
Prefeitura Municipal de Careiro - AM;1301100;AM;36922;Receitas Brutas Realizadas;1.1.2.2.00.00.00 - Taxas pela Prestação de Serviços;siconfi-cor_RO1.1.2.2.00.00.00;60620,36
Prefeitura Municipal de Careiro - AM;1301100;AM;36922;Receitas Brutas Realizadas;1.1.2.2.99.00.00 - Outras Taxas pela Prestação de Serviços;siconfi-cor_RO1.1.2.2.99.00.00;60620,36
Prefeitura Municipal de Careiro - AM;1301100;AM;36922;Receitas Brutas Realizadas;1.2.0.0.00.00.00 - Receitas de Contribuições;siconfi-cor_RO1.2.0.0.00.00.00;458821,21
Prefeitura Municipal de Careiro - AM;1301100;AM;36922;Receitas Brutas Realizadas;1.2.3.0.00.00.00 - Contribuição para Custeio do Serviço de Iluminação Pública;siconfi-cor_RO1.2.3.0.00.00.00;458821,21
Prefeitura Municipal de Careiro - AM;1301100;AM;36922;Receitas Brutas Realizadas;1.3.0.0.00.00.00 - Receita Patrimonial;siconfi-cor_RO1.3.0.0.00.00.00;156003,42
Prefeitura Municipal de Careiro - AM;1301100;AM;36922;Receitas Brutas Realizadas;1.3.2.0.00.00.00 - Receitas de Valores Mobiliários;siconfi-cor_RO1.3.2.0.00.00.00;156003,42
Prefeitura Municipal de Careiro - AM;1301100;AM;36922;Receitas Brutas Realizadas;1.3.2.5.00.00.00 - Remuneração de Depósitos Bancários;siconfi-cor_RO1.3.2.5.00.00.00;156003,42
Prefeitura Municipal de Careiro - AM;1301100;AM;36922;Receitas Brutas Realizadas;1.6.0.0.00.00.00 - Receita de Serviços;siconfi-cor_RO1.6.0.0.00.00.00;335957,13
Prefeitura Municipal de Careiro - AM;1301100;AM;36922;Receitas Brutas Realizadas;1.6.0.0.13.00.00 - Serviços Administrativos;siconfi-cor_RO1.6.0.0.13.00.00;802,19
Prefeitura Municipal de Careiro - AM;1301100;AM;36922;Receitas Brutas Realizadas;1.6.0.0.41.00.00 - Serviços de Captação, Adução, Tratamento, Reserva e Distribuição de Água;siconfi-cor_RO1.6.0.0.41.00.00;335154,94
Prefeitura Municipal de Careiro - AM;1301100;AM;36922;Receitas Brutas Realizadas;1.7.0.0.00.00.00 - Transferências Correntes;siconfi-cor_RO1.7.0.0.00.00.00;65730977,1
Prefeitura Municipal de Careiro - AM;1301100;AM;36922;Receitas Brutas Realizadas;1.7.2.0.00.00.00 - Transferências Intergovernamentais;siconfi-cor_RO1.7.2.0.00.00.00;65730977,1
Prefeitura Municipal de Careiro - AM;1301100;AM;36922;Receitas Brutas Realizadas;1.7.2.1.00.00.00 - Transferências da União;siconfi-cor_RO1.7.2.1.00.00.00;30047931,15
Prefeitura Municipal de Careiro - AM;1301100;AM;36922;Receitas Brutas Realizadas;1.7.2.1.01.00.00 - Participação na Receita da União;siconfi-cor_RO1.7.2.1.01.00.00;18342574,52
Prefeitura Municipal de Careiro - AM;1301100;AM;36922;Receitas Brutas Realizadas;1.7.2.1.01.02.00 - Cota-Parte do Fundo de Participação dos Municípios ¿ FPM;siconfi-cor_RO1.7.2.1.01.02.00;16816886,62
Prefeitura Municipal de Careiro - AM;1301100;AM;36922;Receitas Brutas Realizadas;1.7.2.1.01.03.00 - Cota-Parte do Fundo de Participação dos Municípios - 1% Cota Anual;siconfi-cor_RO1.7.2.1.01.03.00;746401,26
Prefeitura Municipal de Careiro - AM;1301100;AM;36922;Receitas Brutas Realizadas;1.7.2.1.01.04.00 - Cota-Parte do Fundo de Participação dos Municípios - 1% Cota entregue no mês de julho (67)(I);siconfi-cor_RO1.7.2.1.01.04.00;771814,3
Prefeitura Municipal de Careiro - AM;1301100;AM;36922;Receitas Brutas Realizadas;1.7.2.1.01.05.00 - Cota-Parte do Imposto Sobre a Propriedade Territorial Rural ¿ ITR;siconfi-cor_RO1.7.2.1.01.05.00;7472,34
Prefeitura Municipal de Careiro - AM;1301100;AM;36922;Receitas Brutas Realizadas;1.7.2.1.22.00.00 - Transferências da Compensação Financeira pela Exploração de Recursos Naturais;siconfi-cor_RO1.7.2.1.22.00.00;217688,61
Prefeitura Municipal de Careiro - AM;1301100;AM;36922;Receitas Brutas Realizadas;1.7.2.1.22.50.00 - Cota-Parte Royalties pela Participação Especial - Lei nº 9.478/97 artigo 50;siconfi-cor_RO1.7.2.1.22.50.00;21342,55
Prefeitura Municipal de Careiro - AM;1301100;AM;36922;Receitas Brutas Realizadas;1.7.2.1.22.70.00 - Cota-Parte do Fundo Especial do Petróleo ¿ FEP;siconfi-cor_RO1.7.2.1.22.70.00;196346,06
Prefeitura Municipal de Careiro - AM;1301100;AM;36922;Receitas Brutas Realizadas;1.7.2.1.33.00.00 - Transferências de Recursos do Sistema Único de Saúde - SUS - Repasses Fundo a Fundo;siconfi-cor_RO1.7.2.1.33.00.00;7136942,53
Prefeitura Municipal de Careiro - AM;1301100;AM;36922;Receitas Brutas Realizadas;1.7.2.1.34.00.00 - Transferências de Recursos do Fundo Nacional de Assistência Social ¿ FNAS;siconfi-cor_RO1.7.2.1.34.00.00;978554,29
Prefeitura Municipal de Careiro - AM;1301100;AM;36922;Receitas Brutas Realizadas;1.7.2.1.35.00.00 - Transferências de Recursos do Fundo Nacional do Desenvolvimento da Educação ¿ FNDE;siconfi-cor_RO1.7.2.1.35.00.00;3329718,85
Prefeitura Municipal de Careiro - AM;1301100;AM;36922;Receitas Brutas Realizadas;1.7.2.1.36.00.00 - Transferências Financeiras do ICMS ¿ Desoneração ¿ L.C. Nº 87/96;siconfi-cor_RO1.7.2.1.36.00.00;25776,6
Prefeitura Municipal de Careiro - AM;1301100;AM;36922;Receitas Brutas Realizadas;1.7.2.1.99.00.00 - Outras Transferências da União;siconfi-cor_RO1.7.2.1.99.00.00;16675,75
Prefeitura Municipal de Careiro - AM;1301100;AM;36922;Receitas Brutas Realizadas;1.7.2.2.00.00.00 - Transferências dos Estados;siconfi-cor_RO1.7.2.2.00.00.00;11448155,47
Prefeitura Municipal de Careiro - AM;1301100;AM;36922;Receitas Brutas Realizadas;1.7.2.2.01.00.00 - Participação na Receita dos Estados;siconfi-cor_RO1.7.2.2.01.00.00;11105845,28
Prefeitura Municipal de Careiro - AM;1301100;AM;36922;Receitas Brutas Realizadas;1.7.2.2.01.01.00 - Cota-Parte do ICMS;siconfi-cor_RO1.7.2.2.01.01.00;10752436,24
Prefeitura Municipal de Careiro - AM;1301100;AM;36922;Receitas Brutas Realizadas;1.7.2.2.01.02.00 - Cota-Parte do IPVA;siconfi-cor_RO1.7.2.2.01.02.00;230627,52
Prefeitura Municipal de Careiro - AM;1301100;AM;36922;Receitas Brutas Realizadas;1.7.2.2.01.04.00 - Cota-Parte do IPI - Municípios;siconfi-cor_RO1.7.2.2.01.04.00;43129,54
Prefeitura Municipal de Careiro - AM;1301100;AM;36922;Receitas Brutas Realizadas;1.7.2.2.01.13.00 - Cota-Parte da Contribuição de Intervenção no Domínio Econômico;siconfi-cor_RO1.7.2.2.01.13.00;79651,98
Prefeitura Municipal de Careiro - AM;1301100;AM;36922;Receitas Brutas Realizadas;1.7.2.2.22.00.00 - Transferências da Cota-Parte da Compensação Financeira (25%);siconfi-cor_RO1.7.2.2.22.00.00;115960,61
Prefeitura Municipal de Careiro - AM;1301100;AM;36922;Receitas Brutas Realizadas;1.7.2.2.22.30.00 - Cota-Parte Royalties - Compensação Financeira pela Produção de Petróleo - Lei nº 7.990/89 artigo 9º;siconfi-cor_RO1.7.2.2.22.30.00;115960,61
Prefeitura Municipal de Careiro - AM;1301100;AM;36922;Receitas Brutas Realizadas;1.7.2.2.33.00.00 - Transferências de Recursos do Estado para Programas de Saúde - Repasse Fundo a Fundo;siconfi-cor_RO1.7.2.2.33.00.00;226349,58
Prefeitura Municipal de Careiro - AM;1301100;AM;36922;Receitas Brutas Realizadas;1.7.2.4.00.00.00 - Transferências Multigovernamentais;siconfi-cor_RO1.7.2.4.00.00.00;24234890,48
Prefeitura Municipal de Careiro - AM;1301100;AM;36922;Receitas Brutas Realizadas;1.7.2.4.01.00.00 - Transferências de Recursos do Fundo de Manutenção e Desenvolvimento do Ensino Fundamental e de Valorização do Magistério - FUNDEB;siconfi-cor_RO1.7.2.4.01.00.00;14842719,95
Prefeitura Municipal de Careiro - AM;1301100;AM;36922;Receitas Brutas Realizadas;1.7.2.4.02.00.00 - Transferências de Recursos da Complementação ao Fundo de Manutenção e Desenvolvimento do Ensino Fundamental e de Valorização do Magistério - FUNDEB;siconfi-cor_RO1.7.2.4.02.00.00;9392170,53
Prefeitura Municipal de Careiro - AM;1301100;AM;36922;Receitas Brutas Realizadas;1.9.0.0.00.00.00 - Outras Receitas Correntes;siconfi-cor_RO1.9.0.0.00.00.00;49914
Prefeitura Municipal de Careiro - AM;1301100;AM;36922;Receitas Brutas Realizadas;1.9.9.0.00.00.00 - Receitas Diversas;siconfi-cor_RO1.9.9.0.00.00.00;49914
Prefeitura Municipal de Careiro - AM;1301100;AM;36922;Receitas Brutas Realizadas;1.9.9.0.99.00.00 - Outras Receitas;siconfi-cor_RO1.9.9.0.99.00.00;49914
Prefeitura Municipal de Careiro - AM;1301100;AM;36922;Deduções - FUNDEB;Total Receitas;siconfi-cor_TotalReceitas;5575264,4
Prefeitura Municipal de Careiro - AM;1301100;AM;36922;Deduções - FUNDEB;1.0.0.0.00.00.00 - Receitas Correntes;siconfi-cor_RO1.0.0.0.00.00.00;5575264,4
Prefeitura Municipal de Careiro - AM;1301100;AM;36922;Deduções - FUNDEB;1.7.0.0.00.00.00 - Transferências Correntes;siconfi-cor_RO1.7.0.0.00.00.00;5575264,4
Prefeitura Municipal de Careiro - AM;1301100;AM;36922;Deduções - FUNDEB;1.7.2.0.00.00.00 - Transferências Intergovernamentais;siconfi-cor_RO1.7.2.0.00.00.00;5575264,4
Prefeitura Municipal de Careiro - AM;1301100;AM;36922;Deduções - FUNDEB;1.7.2.1.00.00.00 - Transferências da União;siconfi-cor_RO1.7.2.1.00.00.00;3370026,66
Prefeitura Municipal de Careiro - AM;1301100;AM;36922;Deduções - FUNDEB;1.7.2.1.01.00.00 - Participação na Receita da União;siconfi-cor_RO1.7.2.1.01.00.00;3364871,34
Prefeitura Municipal de Careiro - AM;1301100;AM;36922;Deduções - FUNDEB;1.7.2.1.01.02.00 - Cota-Parte do Fundo de Participação dos Municípios ¿ FPM;siconfi-cor_RO1.7.2.1.01.02.00;3363376,97
Prefeitura Municipal de Careiro - AM;1301100;AM;36922;Deduções - FUNDEB;1.7.2.1.01.05.00 - Cota-Parte do Imposto Sobre a Propriedade Territorial Rural ¿ ITR;siconfi-cor_RO1.7.2.1.01.05.00;1494,37
Prefeitura Municipal de Careiro - AM;1301100;AM;36922;Deduções - FUNDEB;1.7.2.1.36.00.00 - Transferências Financeiras do ICMS ¿ Desoneração ¿ L.C. Nº 87/96;siconfi-cor_RO1.7.2.1.36.00.00;5155,32
Prefeitura Municipal de Careiro - AM;1301100;AM;36922;Deduções - FUNDEB;1.7.2.2.00.00.00 - Transferências dos Estados;siconfi-cor_RO1.7.2.2.00.00.00;2205237,74
Prefeitura Municipal de Careiro - AM;1301100;AM;36922;Deduções - FUNDEB;1.7.2.2.01.00.00 - Participação na Receita dos Estados;siconfi-cor_RO1.7.2.2.01.00.00;2205237,74
Prefeitura Municipal de Careiro - AM;1301100;AM;36922;Deduções - FUNDEB;1.7.2.2.01.01.00 - Cota-Parte do ICMS;siconfi-cor_RO1.7.2.2.01.01.00;2150487,25
Prefeitura Municipal de Careiro - AM;1301100;AM;36922;Deduções - FUNDEB;1.7.2.2.01.02.00 - Cota-Parte do IPVA;siconfi-cor_RO1.7.2.2.01.02.00;46124,6
Prefeitura Municipal de Careiro - AM;1301100;AM;36922;Deduções - FUNDEB;1.7.2.2.01.04.00 - Cota-Parte do IPI - Municípios;siconfi-cor_RO1.7.2.2.01.04.00;8625,89
Prefeitura Municipal de Boca do Acre - AM;1300706;AM;33840;Receitas Brutas Realizadas;Total Receitas;siconfi-cor_TotalReceitas;58849158,13
Prefeitura Municipal de Boca do Acre - AM;1300706;AM;33840;Receitas Brutas Realizadas;1.0.0.0.00.00.00 - Receitas Correntes;siconfi-cor_RO1.0.0.0.00.00.00;58849158,13
Prefeitura Municipal de Boca do Acre - AM;1300706;AM;33840;Receitas Brutas Realizadas;1.1.0.0.00.00.00 - Receita Tributária;siconfi-cor_RO1.1.0.0.00.00.00;1768611,82
Prefeitura Municipal de Boca do Acre - AM;1300706;AM;33840;Receitas Brutas Realizadas;1.1.1.0.00.00.00 - Impostos;siconfi-cor_RO1.1.1.0.00.00.00;1710595,04
Prefeitura Municipal de Boca do Acre - AM;1300706;AM;33840;Receitas Brutas Realizadas;1.1.1.2.00.00.00 - Impostos sobre o Patrimônio e a Renda;siconfi-cor_RO1.1.1.2.00.00.00;782391,43
Prefeitura Municipal de Boca do Acre - AM;1300706;AM;33840;Receitas Brutas Realizadas;1.1.1.2.02.00.00 - Imposto sobre a Propriedade Predial e Territorial Urbana ¿ IPTU;siconfi-cor_RO1.1.1.2.02.00.00;41619,34
Prefeitura Municipal de Boca do Acre - AM;1300706;AM;33840;Receitas Brutas Realizadas;1.1.1.2.04.00.00 - Imposto sobre a Renda e Proventos de Qualquer Natureza ¿ IR;siconfi-cor_RO1.1.1.2.04.00.00;681856,09
Prefeitura Municipal de Boca do Acre - AM;1300706;AM;33840;Receitas Brutas Realizadas;1.1.1.2.04.31.00 - Retido nas Fontes - Trabalho;siconfi-cor_RO1.1.1.2.04.31.00;667527,04
Prefeitura Municipal de Boca do Acre - AM;1300706;AM;33840;Receitas Brutas Realizadas;1.1.1.2.04.34.00 - Retido nas Fontes - Outros Rendimentos;siconfi-cor_RO1.1.1.2.04.34.00;14329,05
Prefeitura Municipal de Boca do Acre - AM;1300706;AM;33840;Receitas Brutas Realizadas;"1.1.1.2.08.00.00 - Imposto sobre Transmissão Inter Vivos"" de Bens Imóveis e de Direitos Reais sobre Imóveis ¿ ITBI""";siconfi-cor_RO1.1.1.2.08.00.00;58916
Prefeitura Municipal de Boca do Acre - AM;1300706;AM;33840;Receitas Brutas Realizadas;1.1.1.3.00.00.00 - Impostos sobre a Produção e a Circulação;siconfi-cor_RO1.1.1.3.00.00.00;928203,61
Prefeitura Municipal de Boca do Acre - AM;1300706;AM;33840;Receitas Brutas Realizadas;1.1.1.3.05.00.00 - Imposto sobre Serviços de Qualquer Natureza ¿ ISSQN;siconfi-cor_RO1.1.1.3.05.00.00;928203,61
Prefeitura Municipal de Boca do Acre - AM;1300706;AM;33840;Receitas Brutas Realizadas;1.1.2.0.00.00.00 - Taxas;siconfi-cor_RO1.1.2.0.00.00.00;58016,78
Prefeitura Municipal de Boca do Acre - AM;1300706;AM;33840;Receitas Brutas Realizadas;1.1.2.1.00.00.00 - Taxas pelo Exercício do Poder de Polícia;siconfi-cor_RO1.1.2.1.00.00.00;58016,78
Prefeitura Municipal de Boca do Acre - AM;1300706;AM;33840;Receitas Brutas Realizadas;1.2.0.0.00.00.00 - Receitas de Contribuições;siconfi-cor_RO1.2.0.0.00.00.00;235272,19
Prefeitura Municipal de Boca do Acre - AM;1300706;AM;33840;Receitas Brutas Realizadas;1.2.3.0.00.00.00 - Contribuição para Custeio do Serviço de Iluminação Pública;siconfi-cor_RO1.2.3.0.00.00.00;235272,19
Prefeitura Municipal de Boca do Acre - AM;1300706;AM;33840;Receitas Brutas Realizadas;1.3.0.0.00.00.00 - Receita Patrimonial;siconfi-cor_RO1.3.0.0.00.00.00;248462,74
Prefeitura Municipal de Boca do Acre - AM;1300706;AM;33840;Receitas Brutas Realizadas;1.3.2.0.00.00.00 - Receitas de Valores Mobiliários;siconfi-cor_RO1.3.2.0.00.00.00;248462,74
Prefeitura Municipal de Boca do Acre - AM;1300706;AM;33840;Receitas Brutas Realizadas;1.3.2.5.00.00.00 - Remuneração de Depósitos Bancários;siconfi-cor_RO1.3.2.5.00.00.00;248462,74
Prefeitura Municipal de Boca do Acre - AM;1300706;AM;33840;Receitas Brutas Realizadas;1.6.0.0.00.00.00 - Receita de Serviços;siconfi-cor_RO1.6.0.0.00.00.00;63290,54
Prefeitura Municipal de Boca do Acre - AM;1300706;AM;33840;Receitas Brutas Realizadas;1.6.0.0.41.00.00 - Serviços de Captação, Adução, Tratamento, Reserva e Distribuição de Água;siconfi-cor_RO1.6.0.0.41.00.00;63290,54
Prefeitura Municipal de Boca do Acre - AM;1300706;AM;33840;Receitas Brutas Realizadas;1.7.0.0.00.00.00 - Transferências Correntes;siconfi-cor_RO1.7.0.0.00.00.00;56522255,54
Prefeitura Municipal de Boca do Acre - AM;1300706;AM;33840;Receitas Brutas Realizadas;1.7.2.0.00.00.00 - Transferências Intergovernamentais;siconfi-cor_RO1.7.2.0.00.00.00;56472255,54
Prefeitura Municipal de Boca do Acre - AM;1300706;AM;33840;Receitas Brutas Realizadas;1.7.2.1.00.00.00 - Transferências da União;siconfi-cor_RO1.7.2.1.00.00.00;25141774,09
Prefeitura Municipal de Boca do Acre - AM;1300706;AM;33840;Receitas Brutas Realizadas;1.7.2.1.01.00.00 - Participação na Receita da União;siconfi-cor_RO1.7.2.1.01.00.00;18391571,88
Prefeitura Municipal de Boca do Acre - AM;1300706;AM;33840;Receitas Brutas Realizadas;1.7.2.1.01.02.00 - Cota-Parte do Fundo de Participação dos Municípios ¿ FPM;siconfi-cor_RO1.7.2.1.01.02.00;16816886,62
Prefeitura Municipal de Boca do Acre - AM;1300706;AM;33840;Receitas Brutas Realizadas;1.7.2.1.01.03.00 - Cota-Parte do Fundo de Participação dos Municípios - 1% Cota Anual;siconfi-cor_RO1.7.2.1.01.03.00;746401,26
Prefeitura Municipal de Boca do Acre - AM;1300706;AM;33840;Receitas Brutas Realizadas;1.7.2.1.01.04.00 - Cota-Parte do Fundo de Participação dos Municípios - 1% Cota entregue no mês de julho (67)(I);siconfi-cor_RO1.7.2.1.01.04.00;771814,3
Prefeitura Municipal de Boca do Acre - AM;1300706;AM;33840;Receitas Brutas Realizadas;1.7.2.1.01.05.00 - Cota-Parte do Imposto Sobre a Propriedade Territorial Rural ¿ ITR;siconfi-cor_RO1.7.2.1.01.05.00;56469,7
Prefeitura Municipal de Boca do Acre - AM;1300706;AM;33840;Receitas Brutas Realizadas;1.7.2.1.22.00.00 - Transferências da Compensação Financeira pela Exploração de Recursos Naturais;siconfi-cor_RO1.7.2.1.22.00.00;196346,06
Prefeitura Municipal de Boca do Acre - AM;1300706;AM;33840;Receitas Brutas Realizadas;1.7.2.1.22.70.00 - Cota-Parte do Fundo Especial do Petróleo ¿ FEP;siconfi-cor_RO1.7.2.1.22.70.00;196346,06
Prefeitura Municipal de Boca do Acre - AM;1300706;AM;33840;Receitas Brutas Realizadas;1.7.2.1.33.00.00 - Transferências de Recursos do Sistema Único de Saúde - SUS - Repasses Fundo a Fundo;siconfi-cor_RO1.7.2.1.33.00.00;4917943,65
Prefeitura Municipal de Boca do Acre - AM;1300706;AM;33840;Receitas Brutas Realizadas;1.7.2.1.34.00.00 - Transferências de Recursos do Fundo Nacional de Assistência Social ¿ FNAS;siconfi-cor_RO1.7.2.1.34.00.00;559103,58
Prefeitura Municipal de Boca do Acre - AM;1300706;AM;33840;Receitas Brutas Realizadas;1.7.2.1.35.00.00 - Transferências de Recursos do Fundo Nacional do Desenvolvimento da Educação ¿ FNDE;siconfi-cor_RO1.7.2.1.35.00.00;1029162,86
Prefeitura Municipal de Boca do Acre - AM;1300706;AM;33840;Receitas Brutas Realizadas;1.7.2.1.36.00.00 - Transferências Financeiras do ICMS ¿ Desoneração ¿ L.C. Nº 87/96;siconfi-cor_RO1.7.2.1.36.00.00;28930,2
Prefeitura Municipal de Boca do Acre - AM;1300706;AM;33840;Receitas Brutas Realizadas;1.7.2.1.99.00.00 - Outras Transferências da União;siconfi-cor_RO1.7.2.1.99.00.00;18715,86
Prefeitura Municipal de Boca do Acre - AM;1300706;AM;33840;Receitas Brutas Realizadas;1.7.2.2.00.00.00 - Transferências dos Estados;siconfi-cor_RO1.7.2.2.00.00.00;12931990,03
Prefeitura Municipal de Boca do Acre - AM;1300706;AM;33840;Receitas Brutas Realizadas;1.7.2.2.01.00.00 - Participação na Receita dos Estados;siconfi-cor_RO1.7.2.2.01.00.00;12463873,14
Prefeitura Municipal de Boca do Acre - AM;1300706;AM;33840;Receitas Brutas Realizadas;1.7.2.2.01.01.00 - Cota-Parte do ICMS;siconfi-cor_RO1.7.2.2.01.01.00;12067894,16
Prefeitura Municipal de Boca do Acre - AM;1300706;AM;33840;Receitas Brutas Realizadas;1.7.2.2.01.02.00 - Cota-Parte do IPVA;siconfi-cor_RO1.7.2.2.01.02.00;270307,89
Prefeitura Municipal de Boca do Acre - AM;1300706;AM;33840;Receitas Brutas Realizadas;1.7.2.2.01.04.00 - Cota-Parte do IPI - Municípios;siconfi-cor_RO1.7.2.2.01.04.00;48406,04
Prefeitura Municipal de Boca do Acre - AM;1300706;AM;33840;Receitas Brutas Realizadas;1.7.2.2.01.13.00 - Cota-Parte da Contribuição de Intervenção no Domínio Econômico;siconfi-cor_RO1.7.2.2.01.13.00;77265,05
Prefeitura Municipal de Boca do Acre - AM;1300706;AM;33840;Receitas Brutas Realizadas;1.7.2.2.22.00.00 - Transferências da Cota-Parte da Compensação Financeira (25%);siconfi-cor_RO1.7.2.2.22.00.00;130147,27
Prefeitura Municipal de Boca do Acre - AM;1300706;AM;33840;Receitas Brutas Realizadas;1.7.2.2.22.30.00 - Cota-Parte Royalties - Compensação Financeira pela Produção de Petróleo - Lei nº 7.990/89 artigo 9º;siconfi-cor_RO1.7.2.2.22.30.00;130147,27
Prefeitura Municipal de Boca do Acre - AM;1300706;AM;33840;Receitas Brutas Realizadas;1.7.2.2.33.00.00 - Transferências de Recursos do Estado para Programas de Saúde - Repasse Fundo a Fundo;siconfi-cor_RO1.7.2.2.33.00.00;337969,62
Prefeitura Municipal de Boca do Acre - AM;1300706;AM;33840;Receitas Brutas Realizadas;1.7.2.4.00.00.00 - Transferências Multigovernamentais;siconfi-cor_RO1.7.2.4.00.00.00;18398491,42
Prefeitura Municipal de Boca do Acre - AM;1300706;AM;33840;Receitas Brutas Realizadas;1.7.2.4.01.00.00 - Transferências de Recursos do Fundo de Manutenção e Desenvolvimento do Ensino Fundamental e de Valorização do Magistério - FUNDEB;siconfi-cor_RO1.7.2.4.01.00.00;14350284,11
Prefeitura Municipal de Boca do Acre - AM;1300706;AM;33840;Receitas Brutas Realizadas;1.7.2.4.02.00.00 - Transferências de Recursos da Complementação ao Fundo de Manutenção e Desenvolvimento do Ensino Fundamental e de Valorização do Magistério - FUNDEB;siconfi-cor_RO1.7.2.4.02.00.00;4048207,31
Prefeitura Municipal de Boca do Acre - AM;1300706;AM;33840;Receitas Brutas Realizadas;1.7.3.0.00.00.00 - Transferências de Instituições Privadas;siconfi-cor_RO1.7.3.0.00.00.00;50000
Prefeitura Municipal de Boca do Acre - AM;1300706;AM;33840;Receitas Brutas Realizadas;1.9.0.0.00.00.00 - Outras Receitas Correntes;siconfi-cor_RO1.9.0.0.00.00.00;11265,3
Prefeitura Municipal de Boca do Acre - AM;1300706;AM;33840;Receitas Brutas Realizadas;1.9.9.0.00.00.00 - Receitas Diversas;siconfi-cor_RO1.9.9.0.00.00.00;11265,3
Prefeitura Municipal de Boca do Acre - AM;1300706;AM;33840;Receitas Brutas Realizadas;1.9.9.0.99.00.00 - Outras Receitas;siconfi-cor_RO1.9.9.0.99.00.00;11265,3
Prefeitura Municipal de Boca do Acre - AM;1300706;AM;33840;Deduções - Transferências Constitucionais;Total Receitas;siconfi-cor_TotalReceitas;5857777,53
Prefeitura Municipal de Boca do Acre - AM;1300706;AM;33840;Deduções - Transferências Constitucionais;1.0.0.0.00.00.00 - Receitas Correntes;siconfi-cor_RO1.0.0.0.00.00.00;5857777,53
Prefeitura Municipal de Boca do Acre - AM;1300706;AM;33840;Deduções - Transferências Constitucionais;1.7.0.0.00.00.00 - Transferências Correntes;siconfi-cor_RO1.7.0.0.00.00.00;5857777,53
Prefeitura Municipal de Boca do Acre - AM;1300706;AM;33840;Deduções - Transferências Constitucionais;1.7.2.0.00.00.00 - Transferências Intergovernamentais;siconfi-cor_RO1.7.2.0.00.00.00;5857777,53
Prefeitura Municipal de Boca do Acre - AM;1300706;AM;33840;Deduções - Transferências Constitucionais;1.7.2.1.00.00.00 - Transferências da União;siconfi-cor_RO1.7.2.1.00.00.00;3380456,84
Prefeitura Municipal de Boca do Acre - AM;1300706;AM;33840;Deduções - Transferências Constitucionais;1.7.2.1.01.00.00 - Participação na Receita da União;siconfi-cor_RO1.7.2.1.01.00.00;3374670,8
Prefeitura Municipal de Boca do Acre - AM;1300706;AM;33840;Deduções - Transferências Constitucionais;1.7.2.1.01.02.00 - Cota-Parte do Fundo de Participação dos Municípios ¿ FPM;siconfi-cor_RO1.7.2.1.01.02.00;3363376,97
Prefeitura Municipal de Boca do Acre - AM;1300706;AM;33840;Deduções - Transferências Constitucionais;1.7.2.1.01.05.00 - Cota-Parte do Imposto Sobre a Propriedade Territorial Rural ¿ ITR;siconfi-cor_RO1.7.2.1.01.05.00;11293,83
Prefeitura Municipal de Boca do Acre - AM;1300706;AM;33840;Deduções - Transferências Constitucionais;1.7.2.1.36.00.00 - Transferências Financeiras do ICMS ¿ Desoneração ¿ L.C. Nº 87/96;siconfi-cor_RO1.7.2.1.36.00.00;5786,04
Prefeitura Municipal de Boca do Acre - AM;1300706;AM;33840;Deduções - Transferências Constitucionais;1.7.2.2.00.00.00 - Transferências dos Estados;siconfi-cor_RO1.7.2.2.00.00.00;2477320,69
Prefeitura Municipal de Boca do Acre - AM;1300706;AM;33840;Deduções - Transferências Constitucionais;1.7.2.2.01.00.00 - Participação na Receita dos Estados;siconfi-cor_RO1.7.2.2.01.00.00;2477320,69
Prefeitura Municipal de Boca do Acre - AM;1300706;AM;33840;Deduções - Transferências Constitucionais;1.7.2.2.01.01.00 - Cota-Parte do ICMS;siconfi-cor_RO1.7.2.2.01.01.00;2413578,84
Prefeitura Municipal de Boca do Acre - AM;1300706;AM;33840;Deduções - Transferências Constitucionais;1.7.2.2.01.02.00 - Cota-Parte do IPVA;siconfi-cor_RO1.7.2.2.01.02.00;54060,68
Prefeitura Municipal de Boca do Acre - AM;1300706;AM;33840;Deduções - Transferências Constitucionais;1.7.2.2.01.04.00 - Cota-Parte do IPI - Municípios;siconfi-cor_RO1.7.2.2.01.04.00;9681,17
Prefeitura Municipal de Presidente Figueiredo - AM;1303536;AM;33703;Receitas Brutas Realizadas;Total Receitas;siconfi-cor_TotalReceitas;190134879,8
Prefeitura Municipal de Presidente Figueiredo - AM;1303536;AM;33703;Receitas Brutas Realizadas;1.0.0.0.00.00.00 - Receitas Correntes;siconfi-cor_RO1.0.0.0.00.00.00;183324156,7
Prefeitura Municipal de Presidente Figueiredo - AM;1303536;AM;33703;Receitas Brutas Realizadas;1.1.0.0.00.00.00 - Receita Tributária;siconfi-cor_RO1.1.0.0.00.00.00;11476354,68
Prefeitura Municipal de Presidente Figueiredo - AM;1303536;AM;33703;Receitas Brutas Realizadas;1.1.1.0.00.00.00 - Impostos;siconfi-cor_RO1.1.1.0.00.00.00;11347936,62
Prefeitura Municipal de Presidente Figueiredo - AM;1303536;AM;33703;Receitas Brutas Realizadas;1.1.1.2.00.00.00 - Impostos sobre o Patrimônio e a Renda;siconfi-cor_RO1.1.1.2.00.00.00;2867393,67
Prefeitura Municipal de Presidente Figueiredo - AM;1303536;AM;33703;Receitas Brutas Realizadas;1.1.1.2.02.00.00 - Imposto sobre a Propriedade Predial e Territorial Urbana ¿ IPTU;siconfi-cor_RO1.1.1.2.02.00.00;171428,24
Prefeitura Municipal de Presidente Figueiredo - AM;1303536;AM;33703;Receitas Brutas Realizadas;1.1.1.2.04.00.00 - Imposto sobre a Renda e Proventos de Qualquer Natureza ¿ IR;siconfi-cor_RO1.1.1.2.04.00.00;2634771,26
Prefeitura Municipal de Presidente Figueiredo - AM;1303536;AM;33703;Receitas Brutas Realizadas;1.1.1.2.04.31.00 - Retido nas Fontes - Trabalho;siconfi-cor_RO1.1.1.2.04.31.00;2152592,23
Prefeitura Municipal de Presidente Figueiredo - AM;1303536;AM;33703;Receitas Brutas Realizadas;1.1.1.2.04.34.00 - Retido nas Fontes - Outros Rendimentos;siconfi-cor_RO1.1.1.2.04.34.00;482179,03
Prefeitura Municipal de Presidente Figueiredo - AM;1303536;AM;33703;Receitas Brutas Realizadas;"1.1.1.2.08.00.00 - Imposto sobre Transmissão Inter Vivos"" de Bens Imóveis e de Direitos Reais sobre Imóveis ¿ ITBI""";siconfi-cor_RO1.1.1.2.08.00.00;61194,17
Prefeitura Municipal de Presidente Figueiredo - AM;1303536;AM;33703;Receitas Brutas Realizadas;1.1.1.3.00.00.00 - Impostos sobre a Produção e a Circulação;siconfi-cor_RO1.1.1.3.00.00.00;8480542,95
Prefeitura Municipal de Presidente Figueiredo - AM;1303536;AM;33703;Receitas Brutas Realizadas;1.1.1.3.05.00.00 - Imposto sobre Serviços de Qualquer Natureza ¿ ISSQN;siconfi-cor_RO1.1.1.3.05.00.00;8480542,95
Prefeitura Municipal de Presidente Figueiredo - AM;1303536;AM;33703;Receitas Brutas Realizadas;1.1.2.0.00.00.00 - Taxas;siconfi-cor_RO1.1.2.0.00.00.00;128418,06
Prefeitura Municipal de Presidente Figueiredo - AM;1303536;AM;33703;Receitas Brutas Realizadas;1.1.2.1.00.00.00 - Taxas pelo Exercício do Poder de Polícia;siconfi-cor_RO1.1.2.1.00.00.00;128418,06
Prefeitura Municipal de Presidente Figueiredo - AM;1303536;AM;33703;Receitas Brutas Realizadas;1.2.0.0.00.00.00 - Receitas de Contribuições;siconfi-cor_RO1.2.0.0.00.00.00;3474016,09
Prefeitura Municipal de Presidente Figueiredo - AM;1303536;AM;33703;Receitas Brutas Realizadas;1.2.1.0.00.00.00 - Contribuições Sociais;siconfi-cor_RO1.2.1.0.00.00.00;3474016,09
Prefeitura Municipal de Presidente Figueiredo - AM;1303536;AM;33703;Receitas Brutas Realizadas;1.2.1.0.29.00.00 - Contribuições para o Regime Próprio de Previdência do Servidor Público;siconfi-cor_RO1.2.1.0.29.00.00;3474016,09
Prefeitura Municipal de Presidente Figueiredo - AM;1303536;AM;33703;Receitas Brutas Realizadas;1.2.1.0.29.07.00 - Contribuição do Servidor Ativo Civil para o Regime Próprio;siconfi-cor_RO1.2.1.0.29.07.00;3474016,09
Prefeitura Municipal de Presidente Figueiredo - AM;1303536;AM;33703;Receitas Brutas Realizadas;1.3.0.0.00.00.00 - Receita Patrimonial;siconfi-cor_RO1.3.0.0.00.00.00;7361302,41
Prefeitura Municipal de Presidente Figueiredo - AM;1303536;AM;33703;Receitas Brutas Realizadas;1.3.2.0.00.00.00 - Receitas de Valores Mobiliários;siconfi-cor_RO1.3.2.0.00.00.00;7361302,41
Prefeitura Municipal de Presidente Figueiredo - AM;1303536;AM;33703;Receitas Brutas Realizadas;1.3.2.2.00.00.00 - Dividendos;siconfi-cor_RO1.3.2.2.00.00.00;61,53
Prefeitura Municipal de Presidente Figueiredo - AM;1303536;AM;33703;Receitas Brutas Realizadas;1.3.2.5.00.00.00 - Remuneração de Depósitos Bancários;siconfi-cor_RO1.3.2.5.00.00.00;669949,46
Prefeitura Municipal de Presidente Figueiredo - AM;1303536;AM;33703;Receitas Brutas Realizadas;1.3.2.8.00.00.00 - Remuneração dos Investimentos do Regime Próprio de Previdência do Servidor;siconfi-cor_RO1.3.2.8.00.00.00;6691291,42
Prefeitura Municipal de Presidente Figueiredo - AM;1303536;AM;33703;Receitas Brutas Realizadas;1.6.0.0.00.00.00 - Receita de Serviços;siconfi-cor_RO1.6.0.0.00.00.00;1661617,48
Prefeitura Municipal de Presidente Figueiredo - AM;1303536;AM;33703;Receitas Brutas Realizadas;1.6.0.0.13.00.00 - Serviços Administrativos;siconfi-cor_RO1.6.0.0.13.00.00;14151,11
Prefeitura Municipal de Presidente Figueiredo - AM;1303536;AM;33703;Receitas Brutas Realizadas;1.6.0.0.41.00.00 - Serviços de Captação, Adução, Tratamento, Reserva e Distribuição de Água;siconfi-cor_RO1.6.0.0.41.00.00;1612865
Prefeitura Municipal de Presidente Figueiredo - AM;1303536;AM;33703;Receitas Brutas Realizadas;1.6.0.0.48.00.00 - Serviços de Religamento de Água;siconfi-cor_RO1.6.0.0.48.00.00;2754
Prefeitura Municipal de Presidente Figueiredo - AM;1303536;AM;33703;Receitas Brutas Realizadas;1.6.0.0.99.00.00 - Outros Serviços;siconfi-cor_RO1.6.0.0.99.00.00;31847,37
Prefeitura Municipal de Presidente Figueiredo - AM;1303536;AM;33703;Receitas Brutas Realizadas;1.7.0.0.00.00.00 - Transferências Correntes;siconfi-cor_RO1.7.0.0.00.00.00;158761931,5
Prefeitura Municipal de Presidente Figueiredo - AM;1303536;AM;33703;Receitas Brutas Realizadas;1.7.2.0.00.00.00 - Transferências Intergovernamentais;siconfi-cor_RO1.7.2.0.00.00.00;158691931,5
Prefeitura Municipal de Presidente Figueiredo - AM;1303536;AM;33703;Receitas Brutas Realizadas;1.7.2.1.00.00.00 - Transferências da União;siconfi-cor_RO1.7.2.1.00.00.00;37303490,59
Prefeitura Municipal de Presidente Figueiredo - AM;1303536;AM;33703;Receitas Brutas Realizadas;1.7.2.1.01.00.00 - Participação na Receita da União;siconfi-cor_RO1.7.2.1.01.00.00;18367170,49
Prefeitura Municipal de Presidente Figueiredo - AM;1303536;AM;33703;Receitas Brutas Realizadas;1.7.2.1.01.02.00 - Cota-Parte do Fundo de Participação dos Municípios ¿ FPM;siconfi-cor_RO1.7.2.1.01.02.00;16816886,62
Prefeitura Municipal de Presidente Figueiredo - AM;1303536;AM;33703;Receitas Brutas Realizadas;1.7.2.1.01.03.00 - Cota-Parte do Fundo de Participação dos Municípios - 1% Cota Anual;siconfi-cor_RO1.7.2.1.01.03.00;746401,26
Prefeitura Municipal de Presidente Figueiredo - AM;1303536;AM;33703;Receitas Brutas Realizadas;1.7.2.1.01.04.00 - Cota-Parte do Fundo de Participação dos Municípios - 1% Cota entregue no mês de julho (67)(I);siconfi-cor_RO1.7.2.1.01.04.00;771814,3
Prefeitura Municipal de Presidente Figueiredo - AM;1303536;AM;33703;Receitas Brutas Realizadas;1.7.2.1.01.05.00 - Cota-Parte do Imposto Sobre a Propriedade Territorial Rural ¿ ITR;siconfi-cor_RO1.7.2.1.01.05.00;32068,31
Prefeitura Municipal de Presidente Figueiredo - AM;1303536;AM;33703;Receitas Brutas Realizadas;1.7.2.1.22.00.00 - Transferências da Compensação Financeira pela Exploração de Recursos Naturais;siconfi-cor_RO1.7.2.1.22.00.00;7628221,48
Prefeitura Municipal de Presidente Figueiredo - AM;1303536;AM;33703;Receitas Brutas Realizadas;1.7.2.1.22.11.00 - Cota-Parte da Compensação Financeira de Recursos Hídricos;siconfi-cor_RO1.7.2.1.22.11.00;1742504,36
Prefeitura Municipal de Presidente Figueiredo - AM;1303536;AM;33703;Receitas Brutas Realizadas;1.7.2.1.22.20.00 - Cota-Parte da Compensação Financeira de Recursos Minerais - CFEM;siconfi-cor_RO1.7.2.1.22.20.00;5689371,06
Prefeitura Municipal de Presidente Figueiredo - AM;1303536;AM;33703;Receitas Brutas Realizadas;1.7.2.1.22.70.00 - Cota-Parte do Fundo Especial do Petróleo ¿ FEP;siconfi-cor_RO1.7.2.1.22.70.00;196346,06
Prefeitura Municipal de Presidente Figueiredo - AM;1303536;AM;33703;Receitas Brutas Realizadas;1.7.2.1.33.00.00 - Transferências de Recursos do Sistema Único de Saúde - SUS - Repasses Fundo a Fundo;siconfi-cor_RO1.7.2.1.33.00.00;7686092,26
Prefeitura Municipal de Presidente Figueiredo - AM;1303536;AM;33703;Receitas Brutas Realizadas;1.7.2.1.34.00.00 - Transferências de Recursos do Fundo Nacional de Assistência Social ¿ FNAS;siconfi-cor_RO1.7.2.1.34.00.00;773166,73
Prefeitura Municipal de Presidente Figueiredo - AM;1303536;AM;33703;Receitas Brutas Realizadas;1.7.2.1.35.00.00 - Transferências de Recursos do Fundo Nacional do Desenvolvimento da Educação ¿ FNDE;siconfi-cor_RO1.7.2.1.35.00.00;2504098,93
Prefeitura Municipal de Presidente Figueiredo - AM;1303536;AM;33703;Receitas Brutas Realizadas;1.7.2.1.36.00.00 - Transferências Financeiras do ICMS ¿ Desoneração ¿ L.C. Nº 87/96;siconfi-cor_RO1.7.2.1.36.00.00;209322,96
Prefeitura Municipal de Presidente Figueiredo - AM;1303536;AM;33703;Receitas Brutas Realizadas;1.7.2.1.99.00.00 - Outras Transferências da União;siconfi-cor_RO1.7.2.1.99.00.00;135417,74
Prefeitura Municipal de Presidente Figueiredo - AM;1303536;AM;33703;Receitas Brutas Realizadas;1.7.2.2.00.00.00 - Transferências dos Estados;siconfi-cor_RO1.7.2.2.00.00.00;90264974,33
Prefeitura Municipal de Presidente Figueiredo - AM;1303536;AM;33703;Receitas Brutas Realizadas;1.7.2.2.01.00.00 - Participação na Receita dos Estados;siconfi-cor_RO1.7.2.2.01.00.00;88885567,29
Prefeitura Municipal de Presidente Figueiredo - AM;1303536;AM;33703;Receitas Brutas Realizadas;1.7.2.2.01.01.00 - Cota-Parte do ICMS;siconfi-cor_RO1.7.2.2.01.01.00;87316665,71
Prefeitura Municipal de Presidente Figueiredo - AM;1303536;AM;33703;Receitas Brutas Realizadas;1.7.2.2.01.02.00 - Cota-Parte do IPVA;siconfi-cor_RO1.7.2.2.01.02.00;1141618,08
Prefeitura Municipal de Presidente Figueiredo - AM;1303536;AM;33703;Receitas Brutas Realizadas;1.7.2.2.01.04.00 - Cota-Parte do IPI - Municípios;siconfi-cor_RO1.7.2.2.01.04.00;350239,71
Prefeitura Municipal de Presidente Figueiredo - AM;1303536;AM;33703;Receitas Brutas Realizadas;1.7.2.2.01.13.00 - Cota-Parte da Contribuição de Intervenção no Domínio Econômico;siconfi-cor_RO1.7.2.2.01.13.00;77043,79
Prefeitura Municipal de Presidente Figueiredo - AM;1303536;AM;33703;Receitas Brutas Realizadas;1.7.2.2.22.00.00 - Transferências da Cota-Parte da Compensação Financeira (25%);siconfi-cor_RO1.7.2.2.22.00.00;941674,4
Prefeitura Municipal de Presidente Figueiredo - AM;1303536;AM;33703;Receitas Brutas Realizadas;1.7.2.2.22.30.00 - Cota-Parte Royalties - Compensação Financeira pela Produção de Petróleo - Lei nº 7.990/89 artigo 9º;siconfi-cor_RO1.7.2.2.22.30.00;941674,4
Prefeitura Municipal de Presidente Figueiredo - AM;1303536;AM;33703;Receitas Brutas Realizadas;1.7.2.2.33.00.00 - Transferências de Recursos do Estado para Programas de Saúde - Repasse Fundo a Fundo;siconfi-cor_RO1.7.2.2.33.00.00;437732,64
Prefeitura Municipal de Presidente Figueiredo - AM;1303536;AM;33703;Receitas Brutas Realizadas;1.7.2.4.00.00.00 - Transferências Multigovernamentais;siconfi-cor_RO1.7.2.4.00.00.00;31123466,62
Prefeitura Municipal de Presidente Figueiredo - AM;1303536;AM;33703;Receitas Brutas Realizadas;1.7.2.4.01.00.00 - Transferências de Recursos do Fundo de Manutenção e Desenvolvimento do Ensino Fundamental e de Valorização do Magistério - FUNDEB;siconfi-cor_RO1.7.2.4.01.00.00;23858956,67
Prefeitura Municipal de Presidente Figueiredo - AM;1303536;AM;33703;Receitas Brutas Realizadas;1.7.2.4.02.00.00 - Transferências de Recursos da Complementação ao Fundo de Manutenção e Desenvolvimento do Ensino Fundamental e de Valorização do Magistério - FUNDEB;siconfi-cor_RO1.7.2.4.02.00.00;7264509,95
Prefeitura Municipal de Presidente Figueiredo - AM;1303536;AM;33703;Receitas Brutas Realizadas;1.7.3.0.00.00.00 - Transferências de Instituições Privadas;siconfi-cor_RO1.7.3.0.00.00.00;70000
Prefeitura Municipal de Presidente Figueiredo - AM;1303536;AM;33703;Receitas Brutas Realizadas;1.9.0.0.00.00.00 - Outras Receitas Correntes;siconfi-cor_RO1.9.0.0.00.00.00;588934,46
Prefeitura Municipal de Presidente Figueiredo - AM;1303536;AM;33703;Receitas Brutas Realizadas;1.9.1.0.00.00.00 - Multas e Juros de Mora;siconfi-cor_RO1.9.1.0.00.00.00;17297,53
Prefeitura Municipal de Presidente Figueiredo - AM;1303536;AM;33703;Receitas Brutas Realizadas;1.9.1.9.00.00.00 - Multas de Outras Origens;siconfi-cor_RO1.9.1.9.00.00.00;17297,53
Prefeitura Municipal de Presidente Figueiredo - AM;1303536;AM;33703;Receitas Brutas Realizadas;1.9.2.0.00.00.00 - Indenizações e Restituições;siconfi-cor_RO1.9.2.0.00.00.00;11557,29
Prefeitura Municipal de Presidente Figueiredo - AM;1303536;AM;33703;Receitas Brutas Realizadas;1.9.2.1.00.00.00 - Indenizações;siconfi-cor_RO1.9.2.1.00.00.00;11557,29
Prefeitura Municipal de Presidente Figueiredo - AM;1303536;AM;33703;Receitas Brutas Realizadas;1.9.3.0.00.00.00 - Receita da Dívida Ativa;siconfi-cor_RO1.9.3.0.00.00.00;222093,57
Prefeitura Municipal de Presidente Figueiredo - AM;1303536;AM;33703;Receitas Brutas Realizadas;1.9.3.1.00.00.00 - Receita da Dívida Ativa Tributária;siconfi-cor_RO1.9.3.1.00.00.00;146553,4
Prefeitura Municipal de Presidente Figueiredo - AM;1303536;AM;33703;Receitas Brutas Realizadas;1.9.3.1.11.00.00 - Receita da Dívida Ativa do Imposto sobre a Propriedade Predial e Territorial Urbana ¿ IPTU;siconfi-cor_RO1.9.3.1.11.00.00;127630,46
Prefeitura Municipal de Presidente Figueiredo - AM;1303536;AM;33703;Receitas Brutas Realizadas;1.9.3.1.13.00.00 - Receita da Dívida Ativa do Imposto sobre Serviços de Qualquer Natureza ¿ ISS;siconfi-cor_RO1.9.3.1.13.00.00;2901,74
Prefeitura Municipal de Presidente Figueiredo - AM;1303536;AM;33703;Receitas Brutas Realizadas;1.9.3.1.99.00.00 - Receita da Dívida Ativa de Outros Tributos;siconfi-cor_RO1.9.3.1.99.00.00;16021,2
Prefeitura Municipal de Presidente Figueiredo - AM;1303536;AM;33703;Receitas Brutas Realizadas;1.9.3.2.00.00.00 - Receita da Dívida Ativa Não Tributária;siconfi-cor_RO1.9.3.2.00.00.00;75540,17
Prefeitura Municipal de Presidente Figueiredo - AM;1303536;AM;33703;Receitas Brutas Realizadas;1.9.3.2.99.00.00 - Receita da Dívida Ativa Não Tributária de Outras Receitas;siconfi-cor_RO1.9.3.2.99.00.00;75540,17
Prefeitura Municipal de Presidente Figueiredo - AM;1303536;AM;33703;Receitas Brutas Realizadas;1.9.9.0.00.00.00 - Receitas Diversas;siconfi-cor_RO1.9.9.0.00.00.00;337986,07
Prefeitura Municipal de Presidente Figueiredo - AM;1303536;AM;33703;Receitas Brutas Realizadas;1.9.9.0.99.00.00 - Outras Receitas;siconfi-cor_RO1.9.9.0.99.00.00;337986,07
Prefeitura Municipal de Presidente Figueiredo - AM;1303536;AM;33703;Receitas Brutas Realizadas;2.0.0.0.00.00.00 - Receitas de Capital;siconfi-cor_RO2.0.0.0.00.00.00;842258,01
Prefeitura Municipal de Presidente Figueiredo - AM;1303536;AM;33703;Receitas Brutas Realizadas;2.4.0.0.00.00.00 - Transferências de Capital;siconfi-cor_RO2.4.0.0.00.00.00;842258,01
Prefeitura Municipal de Presidente Figueiredo - AM;1303536;AM;33703;Receitas Brutas Realizadas;2.4.2.0.00.00.00 - Transferências Intergovernamentais;siconfi-cor_RO2.4.2.0.00.00.00;200140
Prefeitura Municipal de Presidente Figueiredo - AM;1303536;AM;33703;Receitas Brutas Realizadas;2.4.2.1.00.00.00 - Transferências da União;siconfi-cor_RO2.4.2.1.00.00.00;200140
Prefeitura Municipal de Presidente Figueiredo - AM;1303536;AM;33703;Receitas Brutas Realizadas;2.4.2.1.01.00.00 - Participação na Receita da União;siconfi-cor_RO2.4.2.1.01.00.00;200140
Prefeitura Municipal de Presidente Figueiredo - AM;1303536;AM;33703;Receitas Brutas Realizadas;2.4.7.0.00.00.00 - Transferências de Convênios;siconfi-cor_RO2.4.7.0.00.00.00;642118,01
Prefeitura Municipal de Presidente Figueiredo - AM;1303536;AM;33703;Receitas Brutas Realizadas;2.4.7.1.00.00.00 - Transferências de Convênios da União e de suas Entidades;siconfi-cor_RO2.4.7.1.00.00.00;642118,01
Prefeitura Municipal de Presidente Figueiredo - AM;1303536;AM;33703;Receitas Brutas Realizadas;2.4.7.1.01.00.00 - Transferências de Convênios da União para o Sistema Único de Saúde - SUS;siconfi-cor_RO2.4.7.1.01.00.00;149986,76
Prefeitura Municipal de Presidente Figueiredo - AM;1303536;AM;33703;Receitas Brutas Realizadas;2.4.7.1.99.00.00 - Outras Transferências de Convênios da União;siconfi-cor_RO2.4.7.1.99.00.00;492131,25
Prefeitura Municipal de Presidente Figueiredo - AM;1303536;AM;33703;Receitas Brutas Realizadas;7.0.0.0.00.00.00 - Receitas Correntes Intraorçamentárias;siconfi-cor_RI7.0.0.0.00.00.00;5968465,08
Prefeitura Municipal de Presidente Figueiredo - AM;1303536;AM;33703;Receitas Brutas Realizadas;7.2.0.0.00.00.00 - Receitas de Contribuições Intraorçamentárias;siconfi-cor_RI7.2.0.0.00.00.00;5758826,09
Prefeitura Municipal de Presidente Figueiredo - AM;1303536;AM;33703;Receitas Brutas Realizadas;7.2.1.0.00.00.00 - Contribuições Sociais Intraorçamentárias;siconfi-cor_RI7.2.1.0.00.00.00;5758826,09
Prefeitura Municipal de Presidente Figueiredo - AM;1303536;AM;33703;Receitas Brutas Realizadas;7.2.1.0.29.00.00 - Contribuições para o Regime Próprio de Previdência do Servidor Público Intraorçamentárias;siconfi-cor_RI7.2.1.0.29.00.00;5758826,09
Prefeitura Municipal de Presidente Figueiredo - AM;1303536;AM;33703;Receitas Brutas Realizadas;7.2.1.0.29.01.00 - Contribuição Patronal de Servidor Ativo Civil para o Regime Próprio Intraorçamentária;siconfi-cor_RI7.2.1.0.29.01.00;5334819,49
Prefeitura Municipal de Presidente Figueiredo - AM;1303536;AM;33703;Receitas Brutas Realizadas;7.2.1.0.29.16.00 - Receita de Recolhimento da Contribuição Patronal, oriunda do Pagamento de Sentenças Judiciais Intraorçamentária;siconfi-cor_RI7.2.1.0.29.16.00;424006,6
Prefeitura Municipal de Presidente Figueiredo - AM;1303536;AM;33703;Receitas Brutas Realizadas;7.9.0.0.00.00.00 - Outras Receitas Correntes Intraorçamentárias;siconfi-cor_RI7.9.0.0.00.00.00;209638,99
Prefeitura Municipal de Presidente Figueiredo - AM;1303536;AM;33703;Receitas Brutas Realizadas;7.9.1.2.00.00.00 - Multas e Juros de Mora das Contribuições Intraorçamentárias;siconfi-cor_RI7.9.1.2.00.00.00;209638,99
Prefeitura Municipal de Presidente Figueiredo - AM;1303536;AM;33703;Receitas Brutas Realizadas;7.9.1.2.29.00.00 - Multas e Juros de Mora das Contribuições para o Regime Próprio de Previdência do Servidor Intraorçamentárias;siconfi-cor_RI7.9.1.2.29.00.00;209638,99
Prefeitura Municipal de Presidente Figueiredo - AM;1303536;AM;33703;Outras Deduções da Receita;Total Receitas;siconfi-cor_TotalReceitas;21173921,33
Prefeitura Municipal de Presidente Figueiredo - AM;1303536;AM;33703;Outras Deduções da Receita;1.0.0.0.00.00.00 - Receitas Correntes;siconfi-cor_RO1.0.0.0.00.00.00;21173921,33
Prefeitura Municipal de Presidente Figueiredo - AM;1303536;AM;33703;Outras Deduções da Receita;1.7.0.0.00.00.00 - Transferências Correntes;siconfi-cor_RO1.7.0.0.00.00.00;21173921,33
Prefeitura Municipal de Presidente Figueiredo - AM;1303536;AM;33703;Outras Deduções da Receita;1.7.2.0.00.00.00 - Transferências Intergovernamentais;siconfi-cor_RO1.7.2.0.00.00.00;21173921,33
Prefeitura Municipal de Presidente Figueiredo - AM;1303536;AM;33703;Outras Deduções da Receita;1.7.2.1.00.00.00 - Transferências da União;siconfi-cor_RO1.7.2.1.00.00.00;3411655,07
Prefeitura Municipal de Presidente Figueiredo - AM;1303536;AM;33703;Outras Deduções da Receita;1.7.2.1.01.00.00 - Participação na Receita da União;siconfi-cor_RO1.7.2.1.01.00.00;3369790,55
Prefeitura Municipal de Presidente Figueiredo - AM;1303536;AM;33703;Outras Deduções da Receita;1.7.2.1.01.02.00 - Cota-Parte do Fundo de Participação dos Municípios ¿ FPM;siconfi-cor_RO1.7.2.1.01.02.00;3363376,97
Prefeitura Municipal de Presidente Figueiredo - AM;1303536;AM;33703;Outras Deduções da Receita;1.7.2.1.01.05.00 - Cota-Parte do Imposto Sobre a Propriedade Territorial Rural ¿ ITR;siconfi-cor_RO1.7.2.1.01.05.00;6413,58
Prefeitura Municipal de Presidente Figueiredo - AM;1303536;AM;33703;Outras Deduções da Receita;1.7.2.1.36.00.00 - Transferências Financeiras do ICMS ¿ Desoneração ¿ L.C. Nº 87/96;siconfi-cor_RO1.7.2.1.36.00.00;41864,52
Prefeitura Municipal de Presidente Figueiredo - AM;1303536;AM;33703;Outras Deduções da Receita;1.7.2.2.00.00.00 - Transferências dos Estados;siconfi-cor_RO1.7.2.2.00.00.00;17762266,26
Prefeitura Municipal de Presidente Figueiredo - AM;1303536;AM;33703;Outras Deduções da Receita;1.7.2.2.01.00.00 - Participação na Receita dos Estados;siconfi-cor_RO1.7.2.2.01.00.00;17762266,26
Prefeitura Municipal de Presidente Figueiredo - AM;1303536;AM;33703;Outras Deduções da Receita;1.7.2.2.01.01.00 - Cota-Parte do ICMS;siconfi-cor_RO1.7.2.2.01.01.00;17463333,13
Prefeitura Municipal de Presidente Figueiredo - AM;1303536;AM;33703;Outras Deduções da Receita;1.7.2.2.01.02.00 - Cota-Parte do IPVA;siconfi-cor_RO1.7.2.2.01.02.00;228885,19
Prefeitura Municipal de Presidente Figueiredo - AM;1303536;AM;33703;Outras Deduções da Receita;1.7.2.2.01.04.00 - Cota-Parte do IPI - Municípios;siconfi-cor_RO1.7.2.2.01.04.00;70047,94
Prefeitura Municipal de Apuí - AM;1300144;AM;21031;Receitas Brutas Realizadas;Total Receitas;siconfi-cor_TotalReceitas;38939078,21
Prefeitura Municipal de Apuí - AM;1300144;AM;21031;Receitas Brutas Realizadas;1.0.0.0.00.00.00 - Receitas Correntes;siconfi-cor_RO1.0.0.0.00.00.00;38644806,97
Prefeitura Municipal de Apuí - AM;1300144;AM;21031;Receitas Brutas Realizadas;1.1.0.0.00.00.00 - Receita Tributária;siconfi-cor_RO1.1.0.0.00.00.00;1113340,84
Prefeitura Municipal de Apuí - AM;1300144;AM;21031;Receitas Brutas Realizadas;1.1.1.0.00.00.00 - Impostos;siconfi-cor_RO1.1.1.0.00.00.00;1011919,31
Prefeitura Municipal de Apuí - AM;1300144;AM;21031;Receitas Brutas Realizadas;1.1.1.2.00.00.00 - Impostos sobre o Patrimônio e a Renda;siconfi-cor_RO1.1.1.2.00.00.00;549081,12
Prefeitura Municipal de Apuí - AM;1300144;AM;21031;Receitas Brutas Realizadas;1.1.1.2.02.00.00 - Imposto sobre a Propriedade Predial e Territorial Urbana ¿ IPTU;siconfi-cor_RO1.1.1.2.02.00.00;644,58
Prefeitura Municipal de Apuí - AM;1300144;AM;21031;Receitas Brutas Realizadas;1.1.1.2.04.00.00 - Imposto sobre a Renda e Proventos de Qualquer Natureza ¿ IR;siconfi-cor_RO1.1.1.2.04.00.00;545436,54
Prefeitura Municipal de Apuí - AM;1300144;AM;21031;Receitas Brutas Realizadas;1.1.1.2.04.31.00 - Retido nas Fontes - Trabalho;siconfi-cor_RO1.1.1.2.04.31.00;195891,4
Prefeitura Municipal de Apuí - AM;1300144;AM;21031;Receitas Brutas Realizadas;1.1.1.2.04.34.00 - Retido nas Fontes - Outros Rendimentos;siconfi-cor_RO1.1.1.2.04.34.00;349545,14
Prefeitura Municipal de Apuí - AM;1300144;AM;21031;Receitas Brutas Realizadas;"1.1.1.2.08.00.00 - Imposto sobre Transmissão Inter Vivos"" de Bens Imóveis e de Direitos Reais sobre Imóveis ¿ ITBI""";siconfi-cor_RO1.1.1.2.08.00.00;3000
Prefeitura Municipal de Apuí - AM;1300144;AM;21031;Receitas Brutas Realizadas;1.1.1.3.00.00.00 - Impostos sobre a Produção e a Circulação;siconfi-cor_RO1.1.1.3.00.00.00;462838,19
Prefeitura Municipal de Apuí - AM;1300144;AM;21031;Receitas Brutas Realizadas;1.1.1.3.05.00.00 - Imposto sobre Serviços de Qualquer Natureza ¿ ISSQN;siconfi-cor_RO1.1.1.3.05.00.00;462838,19
Prefeitura Municipal de Apuí - AM;1300144;AM;21031;Receitas Brutas Realizadas;1.1.2.0.00.00.00 - Taxas;siconfi-cor_RO1.1.2.0.00.00.00;101421,53
Prefeitura Municipal de Apuí - AM;1300144;AM;21031;Receitas Brutas Realizadas;1.1.2.1.00.00.00 - Taxas pelo Exercício do Poder de Polícia;siconfi-cor_RO1.1.2.1.00.00.00;97330,18
Prefeitura Municipal de Apuí - AM;1300144;AM;21031;Receitas Brutas Realizadas;1.1.2.2.00.00.00 - Taxas pela Prestação de Serviços;siconfi-cor_RO1.1.2.2.00.00.00;4091,35
Prefeitura Municipal de Apuí - AM;1300144;AM;21031;Receitas Brutas Realizadas;1.1.2.2.90.00.00 - Taxa de Limpeza Pública;siconfi-cor_RO1.1.2.2.90.00.00;4091,35
Prefeitura Municipal de Apuí - AM;1300144;AM;21031;Receitas Brutas Realizadas;1.2.0.0.00.00.00 - Receitas de Contribuições;siconfi-cor_RO1.2.0.0.00.00.00;577191,25
Prefeitura Municipal de Apuí - AM;1300144;AM;21031;Receitas Brutas Realizadas;1.2.3.0.00.00.00 - Contribuição para Custeio do Serviço de Iluminação Pública;siconfi-cor_RO1.2.3.0.00.00.00;577191,25
Prefeitura Municipal de Apuí - AM;1300144;AM;21031;Receitas Brutas Realizadas;1.3.0.0.00.00.00 - Receita Patrimonial;siconfi-cor_RO1.3.0.0.00.00.00;439117,47
Prefeitura Municipal de Apuí - AM;1300144;AM;21031;Receitas Brutas Realizadas;1.3.1.0.00.00.00 - Receitas Imobiliárias;siconfi-cor_RO1.3.1.0.00.00.00;36648,26
Prefeitura Municipal de Apuí - AM;1300144;AM;21031;Receitas Brutas Realizadas;1.3.1.1.00.00.00 - Aluguéis;siconfi-cor_RO1.3.1.1.00.00.00;36648,26
Prefeitura Municipal de Apuí - AM;1300144;AM;21031;Receitas Brutas Realizadas;1.3.2.0.00.00.00 - Receitas de Valores Mobiliários;siconfi-cor_RO1.3.2.0.00.00.00;402469,21
Prefeitura Municipal de Apuí - AM;1300144;AM;21031;Receitas Brutas Realizadas;1.3.2.5.00.00.00 - Remuneração de Depósitos Bancários;siconfi-cor_RO1.3.2.5.00.00.00;402469,21
Prefeitura Municipal de Apuí - AM;1300144;AM;21031;Receitas Brutas Realizadas;1.7.0.0.00.00.00 - Transferências Correntes;siconfi-cor_RO1.7.0.0.00.00.00;36481086,81
Prefeitura Municipal de Apuí - AM;1300144;AM;21031;Receitas Brutas Realizadas;1.7.2.0.00.00.00 - Transferências Intergovernamentais;siconfi-cor_RO1.7.2.0.00.00.00;36481086,81
Prefeitura Municipal de Apuí - AM;1300144;AM;21031;Receitas Brutas Realizadas;1.7.2.1.00.00.00 - Transferências da União;siconfi-cor_RO1.7.2.1.00.00.00;18819418,06
Prefeitura Municipal de Apuí - AM;1300144;AM;21031;Receitas Brutas Realizadas;1.7.2.1.01.00.00 - Participação na Receita da União;siconfi-cor_RO1.7.2.1.01.00.00;13771719,41
Prefeitura Municipal de Apuí - AM;1300144;AM;21031;Receitas Brutas Realizadas;1.7.2.1.01.02.00 - Cota-Parte do Fundo de Participação dos Municípios ¿ FPM;siconfi-cor_RO1.7.2.1.01.02.00;12612664,95
Prefeitura Municipal de Apuí - AM;1300144;AM;21031;Receitas Brutas Realizadas;1.7.2.1.01.03.00 - Cota-Parte do Fundo de Participação dos Municípios - 1% Cota Anual;siconfi-cor_RO1.7.2.1.01.03.00;559800,94
Prefeitura Municipal de Apuí - AM;1300144;AM;21031;Receitas Brutas Realizadas;1.7.2.1.01.04.00 - Cota-Parte do Fundo de Participação dos Municípios - 1% Cota entregue no mês de julho (67)(I);siconfi-cor_RO1.7.2.1.01.04.00;578860,71
Prefeitura Municipal de Apuí - AM;1300144;AM;21031;Receitas Brutas Realizadas;1.7.2.1.01.05.00 - Cota-Parte do Imposto Sobre a Propriedade Territorial Rural ¿ ITR;siconfi-cor_RO1.7.2.1.01.05.00;20392,81
Prefeitura Municipal de Apuí - AM;1300144;AM;21031;Receitas Brutas Realizadas;1.7.2.1.22.00.00 - Transferências da Compensação Financeira pela Exploração de Recursos Naturais;siconfi-cor_RO1.7.2.1.22.00.00;147259,54
Prefeitura Municipal de Apuí - AM;1300144;AM;21031;Receitas Brutas Realizadas;1.7.2.1.22.70.00 - Cota-Parte do Fundo Especial do Petróleo ¿ FEP;siconfi-cor_RO1.7.2.1.22.70.00;147259,54
Prefeitura Municipal de Apuí - AM;1300144;AM;21031;Receitas Brutas Realizadas;1.7.2.1.33.00.00 - Transferências de Recursos do Sistema Único de Saúde - SUS - Repasses Fundo a Fundo;siconfi-cor_RO1.7.2.1.33.00.00;3918790,19
Prefeitura Municipal de Apuí - AM;1300144;AM;21031;Receitas Brutas Realizadas;1.7.2.1.34.00.00 - Transferências de Recursos do Fundo Nacional de Assistência Social ¿ FNAS;siconfi-cor_RO1.7.2.1.34.00.00;422285,19
Prefeitura Municipal de Apuí - AM;1300144;AM;21031;Receitas Brutas Realizadas;1.7.2.1.35.00.00 - Transferências de Recursos do Fundo Nacional do Desenvolvimento da Educação ¿ FNDE;siconfi-cor_RO1.7.2.1.35.00.00;525553,66
Prefeitura Municipal de Apuí - AM;1300144;AM;21031;Receitas Brutas Realizadas;1.7.2.1.36.00.00 - Transferências Financeiras do ICMS ¿ Desoneração ¿ L.C. Nº 87/96;siconfi-cor_RO1.7.2.1.36.00.00;20529,12
Prefeitura Municipal de Apuí - AM;1300144;AM;21031;Receitas Brutas Realizadas;1.7.2.1.99.00.00 - Outras Transferências da União;siconfi-cor_RO1.7.2.1.99.00.00;13280,95
Prefeitura Municipal de Apuí - AM;1300144;AM;21031;Receitas Brutas Realizadas;1.7.2.2.00.00.00 - Transferências dos Estados;siconfi-cor_RO1.7.2.2.00.00.00;9786074,9
Prefeitura Municipal de Apuí - AM;1300144;AM;21031;Receitas Brutas Realizadas;1.7.2.2.01.00.00 - Participação na Receita dos Estados;siconfi-cor_RO1.7.2.2.01.00.00;8992016,58
Prefeitura Municipal de Apuí - AM;1300144;AM;21031;Receitas Brutas Realizadas;1.7.2.2.01.01.00 - Cota-Parte do ICMS;siconfi-cor_RO1.7.2.2.01.01.00;8563490,7
Prefeitura Municipal de Apuí - AM;1300144;AM;21031;Receitas Brutas Realizadas;1.7.2.2.01.02.00 - Cota-Parte do IPVA;siconfi-cor_RO1.7.2.2.01.02.00;339664,57
Prefeitura Municipal de Apuí - AM;1300144;AM;21031;Receitas Brutas Realizadas;1.7.2.2.01.04.00 - Cota-Parte do IPI - Municípios;siconfi-cor_RO1.7.2.2.01.04.00;34349,4
Prefeitura Municipal de Apuí - AM;1300144;AM;21031;Receitas Brutas Realizadas;1.7.2.2.01.13.00 - Cota-Parte da Contribuição de Intervenção no Domínio Econômico;siconfi-cor_RO1.7.2.2.01.13.00;54511,91
Prefeitura Municipal de Apuí - AM;1300144;AM;21031;Receitas Brutas Realizadas;1.7.2.2.22.00.00 - Transferências da Cota-Parte da Compensação Financeira (25%);siconfi-cor_RO1.7.2.2.22.00.00;92353,74
Prefeitura Municipal de Apuí - AM;1300144;AM;21031;Receitas Brutas Realizadas;1.7.2.2.22.30.00 - Cota-Parte Royalties - Compensação Financeira pela Produção de Petróleo - Lei nº 7.990/89 artigo 9º;siconfi-cor_RO1.7.2.2.22.30.00;92353,74
Prefeitura Municipal de Apuí - AM;1300144;AM;21031;Receitas Brutas Realizadas;1.7.2.2.33.00.00 - Transferências de Recursos do Estado para Programas de Saúde - Repasse Fundo a Fundo;siconfi-cor_RO1.7.2.2.33.00.00;701704,58
Prefeitura Municipal de Apuí - AM;1300144;AM;21031;Receitas Brutas Realizadas;1.7.2.4.00.00.00 - Transferências Multigovernamentais;siconfi-cor_RO1.7.2.4.00.00.00;7875593,85
Prefeitura Municipal de Apuí - AM;1300144;AM;21031;Receitas Brutas Realizadas;1.7.2.4.01.00.00 - Transferências de Recursos do Fundo de Manutenção e Desenvolvimento do Ensino Fundamental e de Valorização do Magistério - FUNDEB;siconfi-cor_RO1.7.2.4.01.00.00;5962413,02
Prefeitura Municipal de Apuí - AM;1300144;AM;21031;Receitas Brutas Realizadas;1.7.2.4.02.00.00 - Transferências de Recursos da Complementação ao Fundo de Manutenção e Desenvolvimento do Ensino Fundamental e de Valorização do Magistério - FUNDEB;siconfi-cor_RO1.7.2.4.02.00.00;1913180,83
Prefeitura Municipal de Apuí - AM;1300144;AM;21031;Receitas Brutas Realizadas;1.9.0.0.00.00.00 - Outras Receitas Correntes;siconfi-cor_RO1.9.0.0.00.00.00;34070,6
Prefeitura Municipal de Apuí - AM;1300144;AM;21031;Receitas Brutas Realizadas;1.9.2.0.00.00.00 - Indenizações e Restituições;siconfi-cor_RO1.9.2.0.00.00.00;34070,6
Prefeitura Municipal de Apuí - AM;1300144;AM;21031;Receitas Brutas Realizadas;1.9.2.2.00.00.00 - Restituições;siconfi-cor_RO1.9.2.2.00.00.00;34070,6
Prefeitura Municipal de Apuí - AM;1300144;AM;21031;Receitas Brutas Realizadas;1.9.2.2.99.00.00 - Outras Restituições;siconfi-cor_RO1.9.2.2.99.00.00;34070,6
Prefeitura Municipal de Apuí - AM;1300144;AM;21031;Receitas Brutas Realizadas;2.0.0.0.00.00.00 - Receitas de Capital;siconfi-cor_RO2.0.0.0.00.00.00;294271,24
Prefeitura Municipal de Apuí - AM;1300144;AM;21031;Receitas Brutas Realizadas;2.4.0.0.00.00.00 - Transferências de Capital;siconfi-cor_RO2.4.0.0.00.00.00;294271,24
Prefeitura Municipal de Apuí - AM;1300144;AM;21031;Receitas Brutas Realizadas;2.4.2.0.00.00.00 - Transferências Intergovernamentais;siconfi-cor_RO2.4.2.0.00.00.00;294271,24
Prefeitura Municipal de Apuí - AM;1300144;AM;21031;Receitas Brutas Realizadas;2.4.2.1.00.00.00 - Transferências da União;siconfi-cor_RO2.4.2.1.00.00.00;294271,24
Prefeitura Municipal de Apuí - AM;1300144;AM;21031;Receitas Brutas Realizadas;2.4.2.1.01.00.00 - Participação na Receita da União;siconfi-cor_RO2.4.2.1.01.00.00;294271,24
Prefeitura Municipal de Apuí - AM;1300144;AM;21031;Outras Deduções da Receita;Total Receitas;siconfi-cor_TotalReceitas;4318162,91
Prefeitura Municipal de Apuí - AM;1300144;AM;21031;Outras Deduções da Receita;1.0.0.0.00.00.00 - Receitas Correntes;siconfi-cor_RO1.0.0.0.00.00.00;4318162,91
Prefeitura Municipal de Apuí - AM;1300144;AM;21031;Outras Deduções da Receita;1.7.0.0.00.00.00 - Transferências Correntes;siconfi-cor_RO1.7.0.0.00.00.00;4318162,91
Prefeitura Municipal de Apuí - AM;1300144;AM;21031;Outras Deduções da Receita;1.7.2.0.00.00.00 - Transferências Intergovernamentais;siconfi-cor_RO1.7.2.0.00.00.00;4318162,91
Prefeitura Municipal de Apuí - AM;1300144;AM;21031;Outras Deduções da Receita;1.7.2.1.00.00.00 - Transferências da União;siconfi-cor_RO1.7.2.1.00.00.00;2530716,89
Prefeitura Municipal de Apuí - AM;1300144;AM;21031;Outras Deduções da Receita;1.7.2.1.01.00.00 - Participação na Receita da União;siconfi-cor_RO1.7.2.1.01.00.00;2526611,09
Prefeitura Municipal de Apuí - AM;1300144;AM;21031;Outras Deduções da Receita;1.7.2.1.01.02.00 - Cota-Parte do Fundo de Participação dos Municípios ¿ FPM;siconfi-cor_RO1.7.2.1.01.02.00;2522532,65
Prefeitura Municipal de Apuí - AM;1300144;AM;21031;Outras Deduções da Receita;1.7.2.1.01.05.00 - Cota-Parte do Imposto Sobre a Propriedade Territorial Rural ¿ ITR;siconfi-cor_RO1.7.2.1.01.05.00;4078,44
Prefeitura Municipal de Apuí - AM;1300144;AM;21031;Outras Deduções da Receita;1.7.2.1.36.00.00 - Transferências Financeiras do ICMS ¿ Desoneração ¿ L.C. Nº 87/96;siconfi-cor_RO1.7.2.1.36.00.00;4105,8
Prefeitura Municipal de Apuí - AM;1300144;AM;21031;Outras Deduções da Receita;1.7.2.2.00.00.00 - Transferências dos Estados;siconfi-cor_RO1.7.2.2.00.00.00;1787446,02
Prefeitura Municipal de Apuí - AM;1300144;AM;21031;Outras Deduções da Receita;1.7.2.2.01.00.00 - Participação na Receita dos Estados;siconfi-cor_RO1.7.2.2.01.00.00;1787446,02
Prefeitura Municipal de Apuí - AM;1300144;AM;21031;Outras Deduções da Receita;1.7.2.2.01.01.00 - Cota-Parte do ICMS;siconfi-cor_RO1.7.2.2.01.01.00;1712698,15
Prefeitura Municipal de Apuí - AM;1300144;AM;21031;Outras Deduções da Receita;1.7.2.2.01.02.00 - Cota-Parte do IPVA;siconfi-cor_RO1.7.2.2.01.02.00;67878,02
Prefeitura Municipal de Apuí - AM;1300144;AM;21031;Outras Deduções da Receita;1.7.2.2.01.04.00 - Cota-Parte do IPI - Municípios;siconfi-cor_RO1.7.2.2.01.04.00;6869,85
Prefeitura Municipal de Tabatinga - AM;1304062;AM;62346;Receitas Brutas Realizadas;Total Receitas;siconfi-cor_TotalReceitas;111041914,2
Prefeitura Municipal de Tabatinga - AM;1304062;AM;62346;Receitas Brutas Realizadas;1.0.0.0.00.00.00 - Receitas Correntes;siconfi-cor_RO1.0.0.0.00.00.00;109475437,6
Prefeitura Municipal de Tabatinga - AM;1304062;AM;62346;Receitas Brutas Realizadas;1.1.0.0.00.00.00 - Receita Tributária;siconfi-cor_RO1.1.0.0.00.00.00;4766528,55
Prefeitura Municipal de Tabatinga - AM;1304062;AM;62346;Receitas Brutas Realizadas;1.1.1.0.00.00.00 - Impostos;siconfi-cor_RO1.1.1.0.00.00.00;4491648,69
Prefeitura Municipal de Tabatinga - AM;1304062;AM;62346;Receitas Brutas Realizadas;1.1.1.2.00.00.00 - Impostos sobre o Patrimônio e a Renda;siconfi-cor_RO1.1.1.2.00.00.00;1438857,62
Prefeitura Municipal de Tabatinga - AM;1304062;AM;62346;Receitas Brutas Realizadas;1.1.1.2.02.00.00 - Imposto sobre a Propriedade Predial e Territorial Urbana ¿ IPTU;siconfi-cor_RO1.1.1.2.02.00.00;45981,6
Prefeitura Municipal de Tabatinga - AM;1304062;AM;62346;Receitas Brutas Realizadas;1.1.1.2.04.00.00 - Imposto sobre a Renda e Proventos de Qualquer Natureza ¿ IR;siconfi-cor_RO1.1.1.2.04.00.00;1290892,02
Prefeitura Municipal de Tabatinga - AM;1304062;AM;62346;Receitas Brutas Realizadas;1.1.1.2.04.31.00 - Retido nas Fontes - Trabalho;siconfi-cor_RO1.1.1.2.04.31.00;1272061,48
Prefeitura Municipal de Tabatinga - AM;1304062;AM;62346;Receitas Brutas Realizadas;1.1.1.2.04.34.00 - Retido nas Fontes - Outros Rendimentos;siconfi-cor_RO1.1.1.2.04.34.00;18830,54
Prefeitura Municipal de Tabatinga - AM;1304062;AM;62346;Receitas Brutas Realizadas;"1.1.1.2.08.00.00 - Imposto sobre Transmissão Inter Vivos"" de Bens Imóveis e de Direitos Reais sobre Imóveis ¿ ITBI""";siconfi-cor_RO1.1.1.2.08.00.00;101984
Prefeitura Municipal de Tabatinga - AM;1304062;AM;62346;Receitas Brutas Realizadas;1.1.1.3.00.00.00 - Impostos sobre a Produção e a Circulação;siconfi-cor_RO1.1.1.3.00.00.00;3052791,07
Prefeitura Municipal de Tabatinga - AM;1304062;AM;62346;Receitas Brutas Realizadas;1.1.1.3.05.00.00 - Imposto sobre Serviços de Qualquer Natureza ¿ ISSQN;siconfi-cor_RO1.1.1.3.05.00.00;3052791,07
Prefeitura Municipal de Tabatinga - AM;1304062;AM;62346;Receitas Brutas Realizadas;1.1.2.0.00.00.00 - Taxas;siconfi-cor_RO1.1.2.0.00.00.00;274879,86
Prefeitura Municipal de Tabatinga - AM;1304062;AM;62346;Receitas Brutas Realizadas;1.1.2.1.00.00.00 - Taxas pelo Exercício do Poder de Polícia;siconfi-cor_RO1.1.2.1.00.00.00;273017,56
Prefeitura Municipal de Tabatinga - AM;1304062;AM;62346;Receitas Brutas Realizadas;1.1.2.2.00.00.00 - Taxas pela Prestação de Serviços;siconfi-cor_RO1.1.2.2.00.00.00;1862,3
Prefeitura Municipal de Tabatinga - AM;1304062;AM;62346;Receitas Brutas Realizadas;1.1.2.2.99.00.00 - Outras Taxas pela Prestação de Serviços;siconfi-cor_RO1.1.2.2.99.00.00;1862,3
Prefeitura Municipal de Tabatinga - AM;1304062;AM;62346;Receitas Brutas Realizadas;1.2.0.0.00.00.00 - Receitas de Contribuições;siconfi-cor_RO1.2.0.0.00.00.00;2138301,52
Prefeitura Municipal de Tabatinga - AM;1304062;AM;62346;Receitas Brutas Realizadas;1.2.3.0.00.00.00 - Contribuição para Custeio do Serviço de Iluminação Pública;siconfi-cor_RO1.2.3.0.00.00.00;2138301,52
Prefeitura Municipal de Tabatinga - AM;1304062;AM;62346;Receitas Brutas Realizadas;1.3.0.0.00.00.00 - Receita Patrimonial;siconfi-cor_RO1.3.0.0.00.00.00;550381,95
Prefeitura Municipal de Tabatinga - AM;1304062;AM;62346;Receitas Brutas Realizadas;1.3.2.0.00.00.00 - Receitas de Valores Mobiliários;siconfi-cor_RO1.3.2.0.00.00.00;550381,95
Prefeitura Municipal de Tabatinga - AM;1304062;AM;62346;Receitas Brutas Realizadas;1.3.2.5.00.00.00 - Remuneração de Depósitos Bancários;siconfi-cor_RO1.3.2.5.00.00.00;550381,95
Prefeitura Municipal de Tabatinga - AM;1304062;AM;62346;Receitas Brutas Realizadas;1.6.0.0.00.00.00 - Receita de Serviços;siconfi-cor_RO1.6.0.0.00.00.00;4500
Prefeitura Municipal de Tabatinga - AM;1304062;AM;62346;Receitas Brutas Realizadas;1.6.0.0.13.00.00 - Serviços Administrativos;siconfi-cor_RO1.6.0.0.13.00.00;4500
Prefeitura Municipal de Tabatinga - AM;1304062;AM;62346;Receitas Brutas Realizadas;1.7.0.0.00.00.00 - Transferências Correntes;siconfi-cor_RO1.7.0.0.00.00.00;101468876
Prefeitura Municipal de Tabatinga - AM;1304062;AM;62346;Receitas Brutas Realizadas;1.7.2.0.00.00.00 - Transferências Intergovernamentais;siconfi-cor_RO1.7.2.0.00.00.00;101468876
Prefeitura Municipal de Tabatinga - AM;1304062;AM;62346;Receitas Brutas Realizadas;1.7.2.1.00.00.00 - Transferências da União;siconfi-cor_RO1.7.2.1.00.00.00;40952995,53
Prefeitura Municipal de Tabatinga - AM;1304062;AM;62346;Receitas Brutas Realizadas;1.7.2.1.01.00.00 - Participação na Receita da União;siconfi-cor_RO1.7.2.1.01.00.00;27505075,26
Prefeitura Municipal de Tabatinga - AM;1304062;AM;62346;Receitas Brutas Realizadas;1.7.2.1.01.02.00 - Cota-Parte do Fundo de Participação dos Municípios ¿ FPM;siconfi-cor_RO1.7.2.1.01.02.00;25225329,95
Prefeitura Municipal de Tabatinga - AM;1304062;AM;62346;Receitas Brutas Realizadas;1.7.2.1.01.03.00 - Cota-Parte do Fundo de Participação dos Municípios - 1% Cota Anual;siconfi-cor_RO1.7.2.1.01.03.00;1119601,9
Prefeitura Municipal de Tabatinga - AM;1304062;AM;62346;Receitas Brutas Realizadas;1.7.2.1.01.04.00 - Cota-Parte do Fundo de Participação dos Municípios - 1% Cota entregue no mês de julho (67)(I);siconfi-cor_RO1.7.2.1.01.04.00;1157721,45
Prefeitura Municipal de Tabatinga - AM;1304062;AM;62346;Receitas Brutas Realizadas;1.7.2.1.01.05.00 - Cota-Parte do Imposto Sobre a Propriedade Territorial Rural ¿ ITR;siconfi-cor_RO1.7.2.1.01.05.00;2421,96
Prefeitura Municipal de Tabatinga - AM;1304062;AM;62346;Receitas Brutas Realizadas;1.7.2.1.22.00.00 - Transferências da Compensação Financeira pela Exploração de Recursos Naturais;siconfi-cor_RO1.7.2.1.22.00.00;295252,37
Prefeitura Municipal de Tabatinga - AM;1304062;AM;62346;Receitas Brutas Realizadas;1.7.2.1.22.20.00 - Cota-Parte da Compensação Financeira de Recursos Minerais - CFEM;siconfi-cor_RO1.7.2.1.22.20.00;733,27
Prefeitura Municipal de Tabatinga - AM;1304062;AM;62346;Receitas Brutas Realizadas;1.7.2.1.22.70.00 - Cota-Parte do Fundo Especial do Petróleo ¿ FEP;siconfi-cor_RO1.7.2.1.22.70.00;294519,1
Prefeitura Municipal de Tabatinga - AM;1304062;AM;62346;Receitas Brutas Realizadas;1.7.2.1.33.00.00 - Transferências de Recursos do Sistema Único de Saúde - SUS - Repasses Fundo a Fundo;siconfi-cor_RO1.7.2.1.33.00.00;8963518,29
Prefeitura Municipal de Tabatinga - AM;1304062;AM;62346;Receitas Brutas Realizadas;1.7.2.1.34.00.00 - Transferências de Recursos do Fundo Nacional de Assistência Social ¿ FNAS;siconfi-cor_RO1.7.2.1.34.00.00;1354358,81
Prefeitura Municipal de Tabatinga - AM;1304062;AM;62346;Receitas Brutas Realizadas;1.7.2.1.35.00.00 - Transferências de Recursos do Fundo Nacional do Desenvolvimento da Educação ¿ FNDE;siconfi-cor_RO1.7.2.1.35.00.00;2786989,57
Prefeitura Municipal de Tabatinga - AM;1304062;AM;62346;Receitas Brutas Realizadas;1.7.2.1.36.00.00 - Transferências Financeiras do ICMS ¿ Desoneração ¿ L.C. Nº 87/96;siconfi-cor_RO1.7.2.1.36.00.00;29024,4
Prefeitura Municipal de Tabatinga - AM;1304062;AM;62346;Receitas Brutas Realizadas;1.7.2.1.99.00.00 - Outras Transferências da União;siconfi-cor_RO1.7.2.1.99.00.00;18776,83
Prefeitura Municipal de Tabatinga - AM;1304062;AM;62346;Receitas Brutas Realizadas;1.7.2.2.00.00.00 - Transferências dos Estados;siconfi-cor_RO1.7.2.2.00.00.00;12847472,64
Prefeitura Municipal de Tabatinga - AM;1304062;AM;62346;Receitas Brutas Realizadas;1.7.2.2.01.00.00 - Participação na Receita dos Estados;siconfi-cor_RO1.7.2.2.01.00.00;12490061,92
Prefeitura Municipal de Tabatinga - AM;1304062;AM;62346;Receitas Brutas Realizadas;1.7.2.2.01.01.00 - Cota-Parte do ICMS;siconfi-cor_RO1.7.2.2.01.01.00;12107204,99
Prefeitura Municipal de Tabatinga - AM;1304062;AM;62346;Receitas Brutas Realizadas;1.7.2.2.01.02.00 - Cota-Parte do IPVA;siconfi-cor_RO1.7.2.2.01.02.00;211146,6
Prefeitura Municipal de Tabatinga - AM;1304062;AM;62346;Receitas Brutas Realizadas;1.7.2.2.01.04.00 - Cota-Parte do IPI - Municípios;siconfi-cor_RO1.7.2.2.01.04.00;48563,74
Prefeitura Municipal de Tabatinga - AM;1304062;AM;62346;Receitas Brutas Realizadas;1.7.2.2.01.13.00 - Cota-Parte da Contribuição de Intervenção no Domínio Econômico;siconfi-cor_RO1.7.2.2.01.13.00;123146,59
Prefeitura Municipal de Tabatinga - AM;1304062;AM;62346;Receitas Brutas Realizadas;1.7.2.2.22.00.00 - Transferências da Cota-Parte da Compensação Financeira (25%);siconfi-cor_RO1.7.2.2.22.00.00;130571,22
Prefeitura Municipal de Tabatinga - AM;1304062;AM;62346;Receitas Brutas Realizadas;1.7.2.2.22.30.00 - Cota-Parte Royalties - Compensação Financeira pela Produção de Petróleo - Lei nº 7.990/89 artigo 9º;siconfi-cor_RO1.7.2.2.22.30.00;130571,22
Prefeitura Municipal de Tabatinga - AM;1304062;AM;62346;Receitas Brutas Realizadas;1.7.2.2.33.00.00 - Transferências de Recursos do Estado para Programas de Saúde - Repasse Fundo a Fundo;siconfi-cor_RO1.7.2.2.33.00.00;226839,5
Prefeitura Municipal de Tabatinga - AM;1304062;AM;62346;Receitas Brutas Realizadas;1.7.2.4.00.00.00 - Transferências Multigovernamentais;siconfi-cor_RO1.7.2.4.00.00.00;47668407,81
Prefeitura Municipal de Tabatinga - AM;1304062;AM;62346;Receitas Brutas Realizadas;1.7.2.4.01.00.00 - Transferências de Recursos do Fundo de Manutenção e Desenvolvimento do Ensino Fundamental e de Valorização do Magistério - FUNDEB;siconfi-cor_RO1.7.2.4.01.00.00;36118969,26
Prefeitura Municipal de Tabatinga - AM;1304062;AM;62346;Receitas Brutas Realizadas;1.7.2.4.02.00.00 - Transferências de Recursos da Complementação ao Fundo de Manutenção e Desenvolvimento do Ensino Fundamental e de Valorização do Magistério - FUNDEB;siconfi-cor_RO1.7.2.4.02.00.00;11549438,55
Prefeitura Municipal de Tabatinga - AM;1304062;AM;62346;Receitas Brutas Realizadas;1.9.0.0.00.00.00 - Outras Receitas Correntes;siconfi-cor_RO1.9.0.0.00.00.00;546849,62
Prefeitura Municipal de Tabatinga - AM;1304062;AM;62346;Receitas Brutas Realizadas;1.9.1.0.00.00.00 - Multas e Juros de Mora;siconfi-cor_RO1.9.1.0.00.00.00;4056,46
Prefeitura Municipal de Tabatinga - AM;1304062;AM;62346;Receitas Brutas Realizadas;1.9.1.9.00.00.00 - Multas de Outras Origens;siconfi-cor_RO1.9.1.9.00.00.00;4056,46
Prefeitura Municipal de Tabatinga - AM;1304062;AM;62346;Receitas Brutas Realizadas;1.9.2.0.00.00.00 - Indenizações e Restituições;siconfi-cor_RO1.9.2.0.00.00.00;537454,8
Prefeitura Municipal de Tabatinga - AM;1304062;AM;62346;Receitas Brutas Realizadas;1.9.2.2.00.00.00 - Restituições;siconfi-cor_RO1.9.2.2.00.00.00;537454,8
Prefeitura Municipal de Tabatinga - AM;1304062;AM;62346;Receitas Brutas Realizadas;1.9.2.2.99.00.00 - Outras Restituições;siconfi-cor_RO1.9.2.2.99.00.00;537454,8
Prefeitura Municipal de Tabatinga - AM;1304062;AM;62346;Receitas Brutas Realizadas;1.9.9.0.00.00.00 - Receitas Diversas;siconfi-cor_RO1.9.9.0.00.00.00;5338,36
Prefeitura Municipal de Tabatinga - AM;1304062;AM;62346;Receitas Brutas Realizadas;1.9.9.0.99.00.00 - Outras Receitas;siconfi-cor_RO1.9.9.0.99.00.00;5338,36
Prefeitura Municipal de Tabatinga - AM;1304062;AM;62346;Receitas Brutas Realizadas;2.0.0.0.00.00.00 - Receitas de Capital;siconfi-cor_RO2.0.0.0.00.00.00;1566476,54
Prefeitura Municipal de Tabatinga - AM;1304062;AM;62346;Receitas Brutas Realizadas;2.4.0.0.00.00.00 - Transferências de Capital;siconfi-cor_RO2.4.0.0.00.00.00;1566476,54
Prefeitura Municipal de Tabatinga - AM;1304062;AM;62346;Receitas Brutas Realizadas;2.4.2.0.00.00.00 - Transferências Intergovernamentais;siconfi-cor_RO2.4.2.0.00.00.00;1007371,03
Prefeitura Municipal de Tabatinga - AM;1304062;AM;62346;Receitas Brutas Realizadas;2.4.2.1.00.00.00 - Transferências da União;siconfi-cor_RO2.4.2.1.00.00.00;1007371,03
Prefeitura Municipal de Tabatinga - AM;1304062;AM;62346;Receitas Brutas Realizadas;2.4.2.1.01.00.00 - Participação na Receita da União;siconfi-cor_RO2.4.2.1.01.00.00;395400
Prefeitura Municipal de Tabatinga - AM;1304062;AM;62346;Receitas Brutas Realizadas;2.4.2.1.02.00.00 - Transferências de Recursos Destinados a Programas de Educação;siconfi-cor_RO2.4.2.1.02.00.00;611971,03
Prefeitura Municipal de Tabatinga - AM;1304062;AM;62346;Receitas Brutas Realizadas;2.4.7.0.00.00.00 - Transferências de Convênios;siconfi-cor_RO2.4.7.0.00.00.00;559105,51
Prefeitura Municipal de Tabatinga - AM;1304062;AM;62346;Receitas Brutas Realizadas;2.4.7.1.00.00.00 - Transferências de Convênios da União e de suas Entidades;siconfi-cor_RO2.4.7.1.00.00.00;559105,51
Prefeitura Municipal de Tabatinga - AM;1304062;AM;62346;Receitas Brutas Realizadas;2.4.7.1.05.00.00 - Transferências de Convênios da União Destinadas a Programas de Infraestrutura em Transporte;siconfi-cor_RO2.4.7.1.05.00.00;359105,51
Prefeitura Municipal de Tabatinga - AM;1304062;AM;62346;Receitas Brutas Realizadas;2.4.7.1.99.00.00 - Outras Transferências de Convênios da União;siconfi-cor_RO2.4.7.1.99.00.00;200000
Prefeitura Municipal de Tabatinga - AM;1304062;AM;62346;Outras Deduções da Receita;Total Receitas;siconfi-cor_TotalReceitas;7524802,44
Prefeitura Municipal de Tabatinga - AM;1304062;AM;62346;Outras Deduções da Receita;1.0.0.0.00.00.00 - Receitas Correntes;siconfi-cor_RO1.0.0.0.00.00.00;7524802,44
Prefeitura Municipal de Tabatinga - AM;1304062;AM;62346;Outras Deduções da Receita;1.7.0.0.00.00.00 - Transferências Correntes;siconfi-cor_RO1.7.0.0.00.00.00;7524802,44
Prefeitura Municipal de Tabatinga - AM;1304062;AM;62346;Outras Deduções da Receita;1.7.2.0.00.00.00 - Transferências Intergovernamentais;siconfi-cor_RO1.7.2.0.00.00.00;7524802,44
Prefeitura Municipal de Tabatinga - AM;1304062;AM;62346;Outras Deduções da Receita;1.7.2.1.00.00.00 - Transferências da União;siconfi-cor_RO1.7.2.1.00.00.00;5051354,9
Prefeitura Municipal de Tabatinga - AM;1304062;AM;62346;Outras Deduções da Receita;1.7.2.1.01.00.00 - Participação na Receita da União;siconfi-cor_RO1.7.2.1.01.00.00;5045550,02
Prefeitura Municipal de Tabatinga - AM;1304062;AM;62346;Outras Deduções da Receita;1.7.2.1.01.02.00 - Cota-Parte do Fundo de Participação dos Municípios ¿ FPM;siconfi-cor_RO1.7.2.1.01.02.00;5045065,68
Prefeitura Municipal de Tabatinga - AM;1304062;AM;62346;Outras Deduções da Receita;1.7.2.1.01.05.00 - Cota-Parte do Imposto Sobre a Propriedade Territorial Rural ¿ ITR;siconfi-cor_RO1.7.2.1.01.05.00;484,34
Prefeitura Municipal de Tabatinga - AM;1304062;AM;62346;Outras Deduções da Receita;1.7.2.1.36.00.00 - Transferências Financeiras do ICMS ¿ Desoneração ¿ L.C. Nº 87/96;siconfi-cor_RO1.7.2.1.36.00.00;5804,88
Prefeitura Municipal de Tabatinga - AM;1304062;AM;62346;Outras Deduções da Receita;1.7.2.2.00.00.00 - Transferências dos Estados;siconfi-cor_RO1.7.2.2.00.00.00;2473447,54
Prefeitura Municipal de Tabatinga - AM;1304062;AM;62346;Outras Deduções da Receita;1.7.2.2.01.00.00 - Participação na Receita dos Estados;siconfi-cor_RO1.7.2.2.01.00.00;2473447,54
Prefeitura Municipal de Tabatinga - AM;1304062;AM;62346;Outras Deduções da Receita;1.7.2.2.01.01.00 - Cota-Parte do ICMS;siconfi-cor_RO1.7.2.2.01.01.00;2421440,99
Prefeitura Municipal de Tabatinga - AM;1304062;AM;62346;Outras Deduções da Receita;1.7.2.2.01.02.00 - Cota-Parte do IPVA;siconfi-cor_RO1.7.2.2.01.02.00;42293,77
Prefeitura Municipal de Tabatinga - AM;1304062;AM;62346;Outras Deduções da Receita;1.7.2.2.01.04.00 - Cota-Parte do IPI - Municípios;siconfi-cor_RO1.7.2.2.01.04.00;9712,78
Prefeitura Municipal de Nhamundá - AM;1303007;AM;20633;Receitas Brutas Realizadas;Total Receitas;siconfi-cor_TotalReceitas;44772089,39
Prefeitura Municipal de Nhamundá - AM;1303007;AM;20633;Receitas Brutas Realizadas;1.0.0.0.00.00.00 - Receitas Correntes;siconfi-cor_RO1.0.0.0.00.00.00;43540489,39
Prefeitura Municipal de Nhamundá - AM;1303007;AM;20633;Receitas Brutas Realizadas;1.1.0.0.00.00.00 - Receita Tributária;siconfi-cor_RO1.1.0.0.00.00.00;1003208,49
Prefeitura Municipal de Nhamundá - AM;1303007;AM;20633;Receitas Brutas Realizadas;1.1.1.0.00.00.00 - Impostos;siconfi-cor_RO1.1.1.0.00.00.00;556080,16
Prefeitura Municipal de Nhamundá - AM;1303007;AM;20633;Receitas Brutas Realizadas;1.1.1.2.00.00.00 - Impostos sobre o Patrimônio e a Renda;siconfi-cor_RO1.1.1.2.00.00.00;268015,21
Prefeitura Municipal de Nhamundá - AM;1303007;AM;20633;Receitas Brutas Realizadas;1.1.1.2.02.00.00 - Imposto sobre a Propriedade Predial e Territorial Urbana ¿ IPTU;siconfi-cor_RO1.1.1.2.02.00.00;1000
Prefeitura Municipal de Nhamundá - AM;1303007;AM;20633;Receitas Brutas Realizadas;1.1.1.2.04.00.00 - Imposto sobre a Renda e Proventos de Qualquer Natureza ¿ IR;siconfi-cor_RO1.1.1.2.04.00.00;266515,21
Prefeitura Municipal de Nhamundá - AM;1303007;AM;20633;Receitas Brutas Realizadas;1.1.1.2.04.31.00 - Retido nas Fontes - Trabalho;siconfi-cor_RO1.1.1.2.04.31.00;235081,32
Prefeitura Municipal de Nhamundá - AM;1303007;AM;20633;Receitas Brutas Realizadas;1.1.1.2.04.34.00 - Retido nas Fontes - Outros Rendimentos;siconfi-cor_RO1.1.1.2.04.34.00;31433,89
Prefeitura Municipal de Nhamundá - AM;1303007;AM;20633;Receitas Brutas Realizadas;"1.1.1.2.08.00.00 - Imposto sobre Transmissão Inter Vivos"" de Bens Imóveis e de Direitos Reais sobre Imóveis ¿ ITBI""";siconfi-cor_RO1.1.1.2.08.00.00;500
Prefeitura Municipal de Nhamundá - AM;1303007;AM;20633;Receitas Brutas Realizadas;1.1.1.3.00.00.00 - Impostos sobre a Produção e a Circulação;siconfi-cor_RO1.1.1.3.00.00.00;288064,95
Prefeitura Municipal de Nhamundá - AM;1303007;AM;20633;Receitas Brutas Realizadas;1.1.1.3.05.00.00 - Imposto sobre Serviços de Qualquer Natureza ¿ ISSQN;siconfi-cor_RO1.1.1.3.05.00.00;288064,95
Prefeitura Municipal de Nhamundá - AM;1303007;AM;20633;Receitas Brutas Realizadas;1.1.2.0.00.00.00 - Taxas;siconfi-cor_RO1.1.2.0.00.00.00;914,08
Prefeitura Municipal de Nhamundá - AM;1303007;AM;20633;Receitas Brutas Realizadas;1.1.2.1.00.00.00 - Taxas pelo Exercício do Poder de Polícia;siconfi-cor_RO1.1.2.1.00.00.00;643,1
Prefeitura Municipal de Nhamundá - AM;1303007;AM;20633;Receitas Brutas Realizadas;1.1.2.2.00.00.00 - Taxas pela Prestação de Serviços;siconfi-cor_RO1.1.2.2.00.00.00;270,98
Prefeitura Municipal de Nhamundá - AM;1303007;AM;20633;Receitas Brutas Realizadas;1.1.2.2.99.00.00 - Outras Taxas pela Prestação de Serviços;siconfi-cor_RO1.1.2.2.99.00.00;270,98
Prefeitura Municipal de Nhamundá - AM;1303007;AM;20633;Receitas Brutas Realizadas;1.1.3.0.00.00.00 - Contribuição de Melhoria;siconfi-cor_RO1.1.3.0.00.00.00;446214,25
Prefeitura Municipal de Nhamundá - AM;1303007;AM;20633;Receitas Brutas Realizadas;1.1.3.0.02.00.00 - Contribuição de Melhoria para Expansão da Rede de Iluminação Pública na Cidade;siconfi-cor_RO1.1.3.0.02.00.00;446214,25
Prefeitura Municipal de Nhamundá - AM;1303007;AM;20633;Receitas Brutas Realizadas;1.2.0.0.00.00.00 - Receitas de Contribuições;siconfi-cor_RO1.2.0.0.00.00.00;1011486,38
Prefeitura Municipal de Nhamundá - AM;1303007;AM;20633;Receitas Brutas Realizadas;1.2.1.0.00.00.00 - Contribuições Sociais;siconfi-cor_RO1.2.1.0.00.00.00;1011486,38
Prefeitura Municipal de Nhamundá - AM;1303007;AM;20633;Receitas Brutas Realizadas;1.2.1.0.29.00.00 - Contribuições para o Regime Próprio de Previdência do Servidor Público;siconfi-cor_RO1.2.1.0.29.00.00;849256,21
Prefeitura Municipal de Nhamundá - AM;1303007;AM;20633;Receitas Brutas Realizadas;1.2.1.0.29.07.00 - Contribuição do Servidor Ativo Civil para o Regime Próprio;siconfi-cor_RO1.2.1.0.29.07.00;846396,6
Prefeitura Municipal de Nhamundá - AM;1303007;AM;20633;Receitas Brutas Realizadas;1.2.1.0.29.09.00 - Contribuições do Servidor Inativo Civil para o Regime Próprio;siconfi-cor_RO1.2.1.0.29.09.00;2859,61
Prefeitura Municipal de Nhamundá - AM;1303007;AM;20633;Receitas Brutas Realizadas;1.2.1.0.99.00.00 - Outras Contribuições Sociais;siconfi-cor_RO1.2.1.0.99.00.00;162230,17
Prefeitura Municipal de Nhamundá - AM;1303007;AM;20633;Receitas Brutas Realizadas;1.3.0.0.00.00.00 - Receita Patrimonial;siconfi-cor_RO1.3.0.0.00.00.00;630037,61
Prefeitura Municipal de Nhamundá - AM;1303007;AM;20633;Receitas Brutas Realizadas;1.3.2.0.00.00.00 - Receitas de Valores Mobiliários;siconfi-cor_RO1.3.2.0.00.00.00;630037,61
Prefeitura Municipal de Nhamundá - AM;1303007;AM;20633;Receitas Brutas Realizadas;1.3.2.5.00.00.00 - Remuneração de Depósitos Bancários;siconfi-cor_RO1.3.2.5.00.00.00;630037,61
Prefeitura Municipal de Nhamundá - AM;1303007;AM;20633;Receitas Brutas Realizadas;1.6.0.0.00.00.00 - Receita de Serviços;siconfi-cor_RO1.6.0.0.00.00.00;62334,95
Prefeitura Municipal de Nhamundá - AM;1303007;AM;20633;Receitas Brutas Realizadas;1.6.0.0.26.00.00 - Serviços de Fornecimento de Água;siconfi-cor_RO1.6.0.0.26.00.00;62334,95
Prefeitura Municipal de Nhamundá - AM;1303007;AM;20633;Receitas Brutas Realizadas;1.7.0.0.00.00.00 - Transferências Correntes;siconfi-cor_RO1.7.0.0.00.00.00;40817712,86
Prefeitura Municipal de Nhamundá - AM;1303007;AM;20633;Receitas Brutas Realizadas;1.7.2.0.00.00.00 - Transferências Intergovernamentais;siconfi-cor_RO1.7.2.0.00.00.00;40817712,86
Prefeitura Municipal de Nhamundá - AM;1303007;AM;20633;Receitas Brutas Realizadas;1.7.2.1.00.00.00 - Transferências da União;siconfi-cor_RO1.7.2.1.00.00.00;18524082,74
Prefeitura Municipal de Nhamundá - AM;1303007;AM;20633;Receitas Brutas Realizadas;1.7.2.1.01.00.00 - Participação na Receita da União;siconfi-cor_RO1.7.2.1.01.00.00;13755866,29
Prefeitura Municipal de Nhamundá - AM;1303007;AM;20633;Receitas Brutas Realizadas;1.7.2.1.01.02.00 - Cota-Parte do Fundo de Participação dos Municípios ¿ FPM;siconfi-cor_RO1.7.2.1.01.02.00;12612664,95
Prefeitura Municipal de Nhamundá - AM;1303007;AM;20633;Receitas Brutas Realizadas;1.7.2.1.01.03.00 - Cota-Parte do Fundo de Participação dos Municípios - 1% Cota Anual;siconfi-cor_RO1.7.2.1.01.03.00;559800,94
Prefeitura Municipal de Nhamundá - AM;1303007;AM;20633;Receitas Brutas Realizadas;1.7.2.1.01.04.00 - Cota-Parte do Fundo de Participação dos Municípios - 1% Cota entregue no mês de julho (67)(I);siconfi-cor_RO1.7.2.1.01.04.00;578860,71
Prefeitura Municipal de Nhamundá - AM;1303007;AM;20633;Receitas Brutas Realizadas;1.7.2.1.01.05.00 - Cota-Parte do Imposto Sobre a Propriedade Territorial Rural ¿ ITR;siconfi-cor_RO1.7.2.1.01.05.00;4539,69
Prefeitura Municipal de Nhamundá - AM;1303007;AM;20633;Receitas Brutas Realizadas;1.7.2.1.22.00.00 - Transferências da Compensação Financeira pela Exploração de Recursos Naturais;siconfi-cor_RO1.7.2.1.22.00.00;147259,54
Prefeitura Municipal de Nhamundá - AM;1303007;AM;20633;Receitas Brutas Realizadas;1.7.2.1.22.70.00 - Cota-Parte do Fundo Especial do Petróleo ¿ FEP;siconfi-cor_RO1.7.2.1.22.70.00;147259,54
Prefeitura Municipal de Nhamundá - AM;1303007;AM;20633;Receitas Brutas Realizadas;1.7.2.1.33.00.00 - Transferências de Recursos do Sistema Único de Saúde - SUS - Repasses Fundo a Fundo;siconfi-cor_RO1.7.2.1.33.00.00;2876128,52
Prefeitura Municipal de Nhamundá - AM;1303007;AM;20633;Receitas Brutas Realizadas;1.7.2.1.34.00.00 - Transferências de Recursos do Fundo Nacional de Assistência Social ¿ FNAS;siconfi-cor_RO1.7.2.1.34.00.00;691735,79
Prefeitura Municipal de Nhamundá - AM;1303007;AM;20633;Receitas Brutas Realizadas;1.7.2.1.35.00.00 - Transferências de Recursos do Fundo Nacional do Desenvolvimento da Educação ¿ FNDE;siconfi-cor_RO1.7.2.1.35.00.00;1019897,54
Prefeitura Municipal de Nhamundá - AM;1303007;AM;20633;Receitas Brutas Realizadas;1.7.2.1.36.00.00 - Transferências Financeiras do ICMS ¿ Desoneração ¿ L.C. Nº 87/96;siconfi-cor_RO1.7.2.1.36.00.00;20155,68
Prefeitura Municipal de Nhamundá - AM;1303007;AM;20633;Receitas Brutas Realizadas;1.7.2.1.99.00.00 - Outras Transferências da União;siconfi-cor_RO1.7.2.1.99.00.00;13039,38
Prefeitura Municipal de Nhamundá - AM;1303007;AM;20633;Receitas Brutas Realizadas;1.7.2.2.00.00.00 - Transferências dos Estados;siconfi-cor_RO1.7.2.2.00.00.00;8734515,91
Prefeitura Municipal de Nhamundá - AM;1303007;AM;20633;Receitas Brutas Realizadas;1.7.2.2.01.00.00 - Participação na Receita dos Estados;siconfi-cor_RO1.7.2.2.01.00.00;8510492,5
Prefeitura Municipal de Nhamundá - AM;1303007;AM;20633;Receitas Brutas Realizadas;1.7.2.2.01.01.00 - Cota-Parte do ICMS;siconfi-cor_RO1.7.2.2.01.01.00;8407723,1
Prefeitura Municipal de Nhamundá - AM;1303007;AM;20633;Receitas Brutas Realizadas;1.7.2.2.01.02.00 - Cota-Parte do IPVA;siconfi-cor_RO1.7.2.2.01.02.00;14822,58
Prefeitura Municipal de Nhamundá - AM;1303007;AM;20633;Receitas Brutas Realizadas;1.7.2.2.01.04.00 - Cota-Parte do IPI - Municípios;siconfi-cor_RO1.7.2.2.01.04.00;33724,61
Prefeitura Municipal de Nhamundá - AM;1303007;AM;20633;Receitas Brutas Realizadas;1.7.2.2.01.13.00 - Cota-Parte da Contribuição de Intervenção no Domínio Econômico;siconfi-cor_RO1.7.2.2.01.13.00;54222,21
Prefeitura Municipal de Nhamundá - AM;1303007;AM;20633;Receitas Brutas Realizadas;1.7.2.2.22.00.00 - Transferências da Cota-Parte da Compensação Financeira (25%);siconfi-cor_RO1.7.2.2.22.00.00;90673,83
Prefeitura Municipal de Nhamundá - AM;1303007;AM;20633;Receitas Brutas Realizadas;1.7.2.2.22.30.00 - Cota-Parte Royalties - Compensação Financeira pela Produção de Petróleo - Lei nº 7.990/89 artigo 9º;siconfi-cor_RO1.7.2.2.22.30.00;90673,83
Prefeitura Municipal de Nhamundá - AM;1303007;AM;20633;Receitas Brutas Realizadas;1.7.2.2.33.00.00 - Transferências de Recursos do Estado para Programas de Saúde - Repasse Fundo a Fundo;siconfi-cor_RO1.7.2.2.33.00.00;133349,58
Prefeitura Municipal de Nhamundá - AM;1303007;AM;20633;Receitas Brutas Realizadas;1.7.2.4.00.00.00 - Transferências Multigovernamentais;siconfi-cor_RO1.7.2.4.00.00.00;13559114,21
Prefeitura Municipal de Nhamundá - AM;1303007;AM;20633;Receitas Brutas Realizadas;1.7.2.4.01.00.00 - Transferências de Recursos do Fundo de Manutenção e Desenvolvimento do Ensino Fundamental e de Valorização do Magistério - FUNDEB;siconfi-cor_RO1.7.2.4.01.00.00;10562286,3
Prefeitura Municipal de Nhamundá - AM;1303007;AM;20633;Receitas Brutas Realizadas;1.7.2.4.02.00.00 - Transferências de Recursos da Complementação ao Fundo de Manutenção e Desenvolvimento do Ensino Fundamental e de Valorização do Magistério - FUNDEB;siconfi-cor_RO1.7.2.4.02.00.00;2996827,91
Prefeitura Municipal de Nhamundá - AM;1303007;AM;20633;Receitas Brutas Realizadas;1.9.0.0.00.00.00 - Outras Receitas Correntes;siconfi-cor_RO1.9.0.0.00.00.00;15709,1
Prefeitura Municipal de Nhamundá - AM;1303007;AM;20633;Receitas Brutas Realizadas;1.9.9.0.00.00.00 - Receitas Diversas;siconfi-cor_RO1.9.9.0.00.00.00;15709,1
Prefeitura Municipal de Nhamundá - AM;1303007;AM;20633;Receitas Brutas Realizadas;1.9.9.0.99.00.00 - Outras Receitas;siconfi-cor_RO1.9.9.0.99.00.00;15709,1
Prefeitura Municipal de Nhamundá - AM;1303007;AM;20633;Receitas Brutas Realizadas;2.0.0.0.00.00.00 - Receitas de Capital;siconfi-cor_RO2.0.0.0.00.00.00;1231600
Prefeitura Municipal de Nhamundá - AM;1303007;AM;20633;Receitas Brutas Realizadas;2.4.0.0.00.00.00 - Transferências de Capital;siconfi-cor_RO2.4.0.0.00.00.00;1231600
Prefeitura Municipal de Nhamundá - AM;1303007;AM;20633;Receitas Brutas Realizadas;2.4.2.0.00.00.00 - Transferências Intergovernamentais;siconfi-cor_RO2.4.2.0.00.00.00;1231600
Prefeitura Municipal de Nhamundá - AM;1303007;AM;20633;Receitas Brutas Realizadas;2.4.2.3.00.00.00 - Transferências dos Municípios;siconfi-cor_RO2.4.2.3.00.00.00;1231600
Prefeitura Municipal de Nhamundá - AM;1303007;AM;20633;Receitas Brutas Realizadas;2.4.2.3.01.00.00 - Transferências de Recursos Destinados a Programas de Saúde;siconfi-cor_RO2.4.2.3.01.00.00;1231600
Prefeitura Municipal de Nhamundá - AM;1303007;AM;20633;Deduções - FUNDEB;Total Receitas;siconfi-cor_TotalReceitas;4218725,31
Prefeitura Municipal de Nhamundá - AM;1303007;AM;20633;Deduções - FUNDEB;1.0.0.0.00.00.00 - Receitas Correntes;siconfi-cor_RO1.0.0.0.00.00.00;4218725,31
Prefeitura Municipal de Nhamundá - AM;1303007;AM;20633;Deduções - FUNDEB;1.7.0.0.00.00.00 - Transferências Correntes;siconfi-cor_RO1.7.0.0.00.00.00;4218725,31
Prefeitura Municipal de Nhamundá - AM;1303007;AM;20633;Deduções - FUNDEB;1.7.2.0.00.00.00 - Transferências Intergovernamentais;siconfi-cor_RO1.7.2.0.00.00.00;4218725,31
Prefeitura Municipal de Nhamundá - AM;1303007;AM;20633;Deduções - FUNDEB;1.7.2.1.00.00.00 - Transferências da União;siconfi-cor_RO1.7.2.1.00.00.00;2527471,54
Prefeitura Municipal de Nhamundá - AM;1303007;AM;20633;Deduções - FUNDEB;1.7.2.1.01.00.00 - Participação na Receita da União;siconfi-cor_RO1.7.2.1.01.00.00;2523440,5
Prefeitura Municipal de Nhamundá - AM;1303007;AM;20633;Deduções - FUNDEB;1.7.2.1.01.02.00 - Cota-Parte do Fundo de Participação dos Municípios ¿ FPM;siconfi-cor_RO1.7.2.1.01.02.00;2522532,65
Prefeitura Municipal de Nhamundá - AM;1303007;AM;20633;Deduções - FUNDEB;1.7.2.1.01.05.00 - Cota-Parte do Imposto Sobre a Propriedade Territorial Rural ¿ ITR;siconfi-cor_RO1.7.2.1.01.05.00;907,85
Prefeitura Municipal de Nhamundá - AM;1303007;AM;20633;Deduções - FUNDEB;1.7.2.1.36.00.00 - Transferências Financeiras do ICMS ¿ Desoneração ¿ L.C. Nº 87/96;siconfi-cor_RO1.7.2.1.36.00.00;4031,04
Prefeitura Municipal de Nhamundá - AM;1303007;AM;20633;Deduções - FUNDEB;1.7.2.2.00.00.00 - Transferências dos Estados;siconfi-cor_RO1.7.2.2.00.00.00;1691253,77
Prefeitura Municipal de Nhamundá - AM;1303007;AM;20633;Deduções - FUNDEB;1.7.2.2.01.00.00 - Participação na Receita dos Estados;siconfi-cor_RO1.7.2.2.01.00.00;1691253,77
Prefeitura Municipal de Nhamundá - AM;1303007;AM;20633;Deduções - FUNDEB;1.7.2.2.01.01.00 - Cota-Parte do ICMS;siconfi-cor_RO1.7.2.2.01.01.00;1681544,57
Prefeitura Municipal de Nhamundá - AM;1303007;AM;20633;Deduções - FUNDEB;1.7.2.2.01.02.00 - Cota-Parte do IPVA;siconfi-cor_RO1.7.2.2.01.02.00;2964,31
Prefeitura Municipal de Nhamundá - AM;1303007;AM;20633;Deduções - FUNDEB;1.7.2.2.01.04.00 - Cota-Parte do IPI - Municípios;siconfi-cor_RO1.7.2.2.01.04.00;6744,89
Prefeitura Municipal de Canutama - AM;1300904;AM;15312;Receitas Brutas Realizadas;Total Receitas;siconfi-cor_TotalReceitas;34237334,88
Prefeitura Municipal de Canutama - AM;1300904;AM;15312;Receitas Brutas Realizadas;1.0.0.0.00.00.00 - Receitas Correntes;siconfi-cor_RO1.0.0.0.00.00.00;33378335,08
Prefeitura Municipal de Canutama - AM;1300904;AM;15312;Receitas Brutas Realizadas;1.1.0.0.00.00.00 - Receita Tributária;siconfi-cor_RO1.1.0.0.00.00.00;691149,59
Prefeitura Municipal de Canutama - AM;1300904;AM;15312;Receitas Brutas Realizadas;1.1.1.0.00.00.00 - Impostos;siconfi-cor_RO1.1.1.0.00.00.00;689299,59
Prefeitura Municipal de Canutama - AM;1300904;AM;15312;Receitas Brutas Realizadas;1.1.1.2.00.00.00 - Impostos sobre o Patrimônio e a Renda;siconfi-cor_RO1.1.1.2.00.00.00;313144,05
Prefeitura Municipal de Canutama - AM;1300904;AM;15312;Receitas Brutas Realizadas;1.1.1.2.02.00.00 - Imposto sobre a Propriedade Predial e Territorial Urbana ¿ IPTU;siconfi-cor_RO1.1.1.2.02.00.00;809
Prefeitura Municipal de Canutama - AM;1300904;AM;15312;Receitas Brutas Realizadas;1.1.1.2.04.00.00 - Imposto sobre a Renda e Proventos de Qualquer Natureza ¿ IR;siconfi-cor_RO1.1.1.2.04.00.00;243918,3
Prefeitura Municipal de Canutama - AM;1300904;AM;15312;Receitas Brutas Realizadas;1.1.1.2.04.31.00 - Retido nas Fontes - Trabalho;siconfi-cor_RO1.1.1.2.04.31.00;243918,3
Prefeitura Municipal de Canutama - AM;1300904;AM;15312;Receitas Brutas Realizadas;"1.1.1.2.08.00.00 - Imposto sobre Transmissão Inter Vivos"" de Bens Imóveis e de Direitos Reais sobre Imóveis ¿ ITBI""";siconfi-cor_RO1.1.1.2.08.00.00;68416,75
Prefeitura Municipal de Canutama - AM;1300904;AM;15312;Receitas Brutas Realizadas;1.1.1.3.00.00.00 - Impostos sobre a Produção e a Circulação;siconfi-cor_RO1.1.1.3.00.00.00;376155,54
Prefeitura Municipal de Canutama - AM;1300904;AM;15312;Receitas Brutas Realizadas;1.1.1.3.05.00.00 - Imposto sobre Serviços de Qualquer Natureza ¿ ISSQN;siconfi-cor_RO1.1.1.3.05.00.00;376155,54
Prefeitura Municipal de Canutama - AM;1300904;AM;15312;Receitas Brutas Realizadas;1.1.2.0.00.00.00 - Taxas;siconfi-cor_RO1.1.2.0.00.00.00;1850
Prefeitura Municipal de Canutama - AM;1300904;AM;15312;Receitas Brutas Realizadas;1.1.2.1.00.00.00 - Taxas pelo Exercício do Poder de Polícia;siconfi-cor_RO1.1.2.1.00.00.00;1754
Prefeitura Municipal de Canutama - AM;1300904;AM;15312;Receitas Brutas Realizadas;1.1.2.2.00.00.00 - Taxas pela Prestação de Serviços;siconfi-cor_RO1.1.2.2.00.00.00;96
Prefeitura Municipal de Canutama - AM;1300904;AM;15312;Receitas Brutas Realizadas;1.1.2.2.90.00.00 - Taxa de Limpeza Pública;siconfi-cor_RO1.1.2.2.90.00.00;36
Prefeitura Municipal de Canutama - AM;1300904;AM;15312;Receitas Brutas Realizadas;1.1.2.2.99.00.00 - Outras Taxas pela Prestação de Serviços;siconfi-cor_RO1.1.2.2.99.00.00;60
Prefeitura Municipal de Canutama - AM;1300904;AM;15312;Receitas Brutas Realizadas;1.2.0.0.00.00.00 - Receitas de Contribuições;siconfi-cor_RO1.2.0.0.00.00.00;1207377,24
Prefeitura Municipal de Canutama - AM;1300904;AM;15312;Receitas Brutas Realizadas;1.2.1.0.00.00.00 - Contribuições Sociais;siconfi-cor_RO1.2.1.0.00.00.00;1207377,24
Prefeitura Municipal de Canutama - AM;1300904;AM;15312;Receitas Brutas Realizadas;1.2.1.0.29.00.00 - Contribuições para o Regime Próprio de Previdência do Servidor Público;siconfi-cor_RO1.2.1.0.29.00.00;1207377,24
Prefeitura Municipal de Canutama - AM;1300904;AM;15312;Receitas Brutas Realizadas;1.2.1.0.29.01.00 - Contribuição Patronal de Servidor Ativo Civil para o Regime Próprio;siconfi-cor_RO1.2.1.0.29.01.00;575186,38
Prefeitura Municipal de Canutama - AM;1300904;AM;15312;Receitas Brutas Realizadas;1.2.1.0.29.07.00 - Contribuição do Servidor Ativo Civil para o Regime Próprio;siconfi-cor_RO1.2.1.0.29.07.00;632190,86
Prefeitura Municipal de Canutama - AM;1300904;AM;15312;Receitas Brutas Realizadas;1.3.0.0.00.00.00 - Receita Patrimonial;siconfi-cor_RO1.3.0.0.00.00.00;73974,11
Prefeitura Municipal de Canutama - AM;1300904;AM;15312;Receitas Brutas Realizadas;1.3.2.0.00.00.00 - Receitas de Valores Mobiliários;siconfi-cor_RO1.3.2.0.00.00.00;73974,11
Prefeitura Municipal de Canutama - AM;1300904;AM;15312;Receitas Brutas Realizadas;1.3.2.5.00.00.00 - Remuneração de Depósitos Bancários;siconfi-cor_RO1.3.2.5.00.00.00;73772
Prefeitura Municipal de Canutama - AM;1300904;AM;15312;Receitas Brutas Realizadas;1.3.2.8.00.00.00 - Remuneração dos Investimentos do Regime Próprio de Previdência do Servidor;siconfi-cor_RO1.3.2.8.00.00.00;202,11
Prefeitura Municipal de Canutama - AM;1300904;AM;15312;Receitas Brutas Realizadas;1.6.0.0.00.00.00 - Receita de Serviços;siconfi-cor_RO1.6.0.0.00.00.00;152392,54
Prefeitura Municipal de Canutama - AM;1300904;AM;15312;Receitas Brutas Realizadas;1.6.0.0.41.00.00 - Serviços de Captação, Adução, Tratamento, Reserva e Distribuição de Água;siconfi-cor_RO1.6.0.0.41.00.00;152392,54
Prefeitura Municipal de Canutama - AM;1300904;AM;15312;Receitas Brutas Realizadas;1.7.0.0.00.00.00 - Transferências Correntes;siconfi-cor_RO1.7.0.0.00.00.00;31220877,44
Prefeitura Municipal de Canutama - AM;1300904;AM;15312;Receitas Brutas Realizadas;1.7.2.0.00.00.00 - Transferências Intergovernamentais;siconfi-cor_RO1.7.2.0.00.00.00;31220877,44
Prefeitura Municipal de Canutama - AM;1300904;AM;15312;Receitas Brutas Realizadas;1.7.2.1.00.00.00 - Transferências da União;siconfi-cor_RO1.7.2.1.00.00.00;14755641,39
Prefeitura Municipal de Canutama - AM;1300904;AM;15312;Receitas Brutas Realizadas;1.7.2.1.01.00.00 - Participação na Receita da União;siconfi-cor_RO1.7.2.1.01.00.00;11474645,29
Prefeitura Municipal de Canutama - AM;1300904;AM;15312;Receitas Brutas Realizadas;1.7.2.1.01.02.00 - Cota-Parte do Fundo de Participação dos Municípios ¿ FPM;siconfi-cor_RO1.7.2.1.01.02.00;10510554,16
Prefeitura Municipal de Canutama - AM;1300904;AM;15312;Receitas Brutas Realizadas;1.7.2.1.01.03.00 - Cota-Parte do Fundo de Participação dos Municípios - 1% Cota Anual;siconfi-cor_RO1.7.2.1.01.03.00;466500,78
Prefeitura Municipal de Canutama - AM;1300904;AM;15312;Receitas Brutas Realizadas;1.7.2.1.01.04.00 - Cota-Parte do Fundo de Participação dos Municípios - 1% Cota entregue no mês de julho (67)(I);siconfi-cor_RO1.7.2.1.01.04.00;482383,93
Prefeitura Municipal de Canutama - AM;1300904;AM;15312;Receitas Brutas Realizadas;1.7.2.1.01.05.00 - Cota-Parte do Imposto Sobre a Propriedade Territorial Rural ¿ ITR;siconfi-cor_RO1.7.2.1.01.05.00;15206,42
Prefeitura Municipal de Canutama - AM;1300904;AM;15312;Receitas Brutas Realizadas;1.7.2.1.22.00.00 - Transferências da Compensação Financeira pela Exploração de Recursos Naturais;siconfi-cor_RO1.7.2.1.22.00.00;122716,29
Prefeitura Municipal de Canutama - AM;1300904;AM;15312;Receitas Brutas Realizadas;1.7.2.1.22.70.00 - Cota-Parte do Fundo Especial do Petróleo ¿ FEP;siconfi-cor_RO1.7.2.1.22.70.00;122716,29
Prefeitura Municipal de Canutama - AM;1300904;AM;15312;Receitas Brutas Realizadas;1.7.2.1.33.00.00 - Transferências de Recursos do Sistema Único de Saúde - SUS - Repasses Fundo a Fundo;siconfi-cor_RO1.7.2.1.33.00.00;2140650,54
Prefeitura Municipal de Canutama - AM;1300904;AM;15312;Receitas Brutas Realizadas;1.7.2.1.34.00.00 - Transferências de Recursos do Fundo Nacional de Assistência Social ¿ FNAS;siconfi-cor_RO1.7.2.1.34.00.00;462148,82
Prefeitura Municipal de Canutama - AM;1300904;AM;15312;Receitas Brutas Realizadas;1.7.2.1.35.00.00 - Transferências de Recursos do Fundo Nacional do Desenvolvimento da Educação ¿ FNDE;siconfi-cor_RO1.7.2.1.35.00.00;520909,7
Prefeitura Municipal de Canutama - AM;1300904;AM;15312;Receitas Brutas Realizadas;1.7.2.1.36.00.00 - Transferências Financeiras do ICMS ¿ Desoneração ¿ L.C. Nº 87/96;siconfi-cor_RO1.7.2.1.36.00.00;20991
Prefeitura Municipal de Canutama - AM;1300904;AM;15312;Receitas Brutas Realizadas;1.7.2.1.99.00.00 - Outras Transferências da União;siconfi-cor_RO1.7.2.1.99.00.00;13579,75
Prefeitura Municipal de Canutama - AM;1300904;AM;15312;Receitas Brutas Realizadas;1.7.2.2.00.00.00 - Transferências dos Estados;siconfi-cor_RO1.7.2.2.00.00.00;9220788,9
Prefeitura Municipal de Canutama - AM;1300904;AM;15312;Receitas Brutas Realizadas;1.7.2.2.01.00.00 - Participação na Receita dos Estados;siconfi-cor_RO1.7.2.2.01.00.00;8843007,84
Prefeitura Municipal de Canutama - AM;1300904;AM;15312;Receitas Brutas Realizadas;1.7.2.2.01.01.00 - Cota-Parte do ICMS;siconfi-cor_RO1.7.2.2.01.01.00;8756150,79
Prefeitura Municipal de Canutama - AM;1300904;AM;15312;Receitas Brutas Realizadas;1.7.2.2.01.02.00 - Cota-Parte do IPVA;siconfi-cor_RO1.7.2.2.01.02.00;8015,99
Prefeitura Municipal de Canutama - AM;1300904;AM;15312;Receitas Brutas Realizadas;1.7.2.2.01.04.00 - Cota-Parte do IPI - Municípios;siconfi-cor_RO1.7.2.2.01.04.00;35122,16
Prefeitura Municipal de Canutama - AM;1300904;AM;15312;Receitas Brutas Realizadas;1.7.2.2.01.13.00 - Cota-Parte da Contribuição de Intervenção no Domínio Econômico;siconfi-cor_RO1.7.2.2.01.13.00;43718,9
Prefeitura Municipal de Canutama - AM;1300904;AM;15312;Receitas Brutas Realizadas;1.7.2.2.22.00.00 - Transferências da Cota-Parte da Compensação Financeira (25%);siconfi-cor_RO1.7.2.2.22.00.00;94431,48
Prefeitura Municipal de Canutama - AM;1300904;AM;15312;Receitas Brutas Realizadas;1.7.2.2.22.30.00 - Cota-Parte Royalties - Compensação Financeira pela Produção de Petróleo - Lei nº 7.990/89 artigo 9º;siconfi-cor_RO1.7.2.2.22.30.00;94431,48
Prefeitura Municipal de Canutama - AM;1300904;AM;15312;Receitas Brutas Realizadas;1.7.2.2.33.00.00 - Transferências de Recursos do Estado para Programas de Saúde - Repasse Fundo a Fundo;siconfi-cor_RO1.7.2.2.33.00.00;283349,58
Prefeitura Municipal de Canutama - AM;1300904;AM;15312;Receitas Brutas Realizadas;1.7.2.4.00.00.00 - Transferências Multigovernamentais;siconfi-cor_RO1.7.2.4.00.00.00;7244447,15
Prefeitura Municipal de Canutama - AM;1300904;AM;15312;Receitas Brutas Realizadas;1.7.2.4.01.00.00 - Transferências de Recursos do Fundo de Manutenção e Desenvolvimento do Ensino Fundamental e de Valorização do Magistério - FUNDEB;siconfi-cor_RO1.7.2.4.01.00.00;5651693,73
Prefeitura Municipal de Canutama - AM;1300904;AM;15312;Receitas Brutas Realizadas;1.7.2.4.02.00.00 - Transferências de Recursos da Complementação ao Fundo de Manutenção e Desenvolvimento do Ensino Fundamental e de Valorização do Magistério - FUNDEB;siconfi-cor_RO1.7.2.4.02.00.00;1592753,42
Prefeitura Municipal de Canutama - AM;1300904;AM;15312;Receitas Brutas Realizadas;1.9.0.0.00.00.00 - Outras Receitas Correntes;siconfi-cor_RO1.9.0.0.00.00.00;32564,16
Prefeitura Municipal de Canutama - AM;1300904;AM;15312;Receitas Brutas Realizadas;1.9.9.0.00.00.00 - Receitas Diversas;siconfi-cor_RO1.9.9.0.00.00.00;32564,16
Prefeitura Municipal de Canutama - AM;1300904;AM;15312;Receitas Brutas Realizadas;1.9.9.0.99.00.00 - Outras Receitas;siconfi-cor_RO1.9.9.0.99.00.00;32564,16
Prefeitura Municipal de Canutama - AM;1300904;AM;15312;Receitas Brutas Realizadas;2.0.0.0.00.00.00 - Receitas de Capital;siconfi-cor_RO2.0.0.0.00.00.00;858999,8
Prefeitura Municipal de Canutama - AM;1300904;AM;15312;Receitas Brutas Realizadas;2.4.0.0.00.00.00 - Transferências de Capital;siconfi-cor_RO2.4.0.0.00.00.00;858999,8
Prefeitura Municipal de Canutama - AM;1300904;AM;15312;Receitas Brutas Realizadas;2.4.2.0.00.00.00 - Transferências Intergovernamentais;siconfi-cor_RO2.4.2.0.00.00.00;107893,57
Prefeitura Municipal de Canutama - AM;1300904;AM;15312;Receitas Brutas Realizadas;2.4.2.1.00.00.00 - Transferências da União;siconfi-cor_RO2.4.2.1.00.00.00;107893,57
Prefeitura Municipal de Canutama - AM;1300904;AM;15312;Receitas Brutas Realizadas;2.4.2.1.02.00.00 - Transferências de Recursos Destinados a Programas de Educação;siconfi-cor_RO2.4.2.1.02.00.00;107863,56
Prefeitura Municipal de Canutama - AM;1300904;AM;15312;Receitas Brutas Realizadas;2.4.2.1.99.00.00 - Outras Transferências da União;siconfi-cor_RO2.4.2.1.99.00.00;30,01
Prefeitura Municipal de Canutama - AM;1300904;AM;15312;Receitas Brutas Realizadas;2.4.7.0.00.00.00 - Transferências de Convênios;siconfi-cor_RO2.4.7.0.00.00.00;751106,23
Prefeitura Municipal de Canutama - AM;1300904;AM;15312;Receitas Brutas Realizadas;2.4.7.1.00.00.00 - Transferências de Convênios da União e de suas Entidades;siconfi-cor_RO2.4.7.1.00.00.00;387059
Prefeitura Municipal de Canutama - AM;1300904;AM;15312;Receitas Brutas Realizadas;2.4.7.1.05.00.00 - Transferências de Convênios da União Destinadas a Programas de Infraestrutura em Transporte;siconfi-cor_RO2.4.7.1.05.00.00;387059
Prefeitura Municipal de Canutama - AM;1300904;AM;15312;Receitas Brutas Realizadas;2.4.7.2.00.00.00 - Transferências de Convênios dos Estados e do Distrito Federal e de suas Entidades;siconfi-cor_RO2.4.7.2.00.00.00;364047,23
Prefeitura Municipal de Canutama - AM;1300904;AM;15312;Receitas Brutas Realizadas;2.4.7.2.99.00.00 - Outras Transferências de Convênios dos Estados;siconfi-cor_RO2.4.7.2.99.00.00;364047,23
Prefeitura Municipal de Canutama - AM;1300904;AM;15312;Deduções - FUNDEB;Total Receitas;siconfi-cor_TotalReceitas;3869207,54
Prefeitura Municipal de Canutama - AM;1300904;AM;15312;Deduções - FUNDEB;1.0.0.0.00.00.00 - Receitas Correntes;siconfi-cor_RO1.0.0.0.00.00.00;3869207,54
Prefeitura Municipal de Canutama - AM;1300904;AM;15312;Deduções - FUNDEB;1.7.0.0.00.00.00 - Transferências Correntes;siconfi-cor_RO1.7.0.0.00.00.00;3869207,54
Prefeitura Municipal de Canutama - AM;1300904;AM;15312;Deduções - FUNDEB;1.7.2.0.00.00.00 - Transferências Intergovernamentais;siconfi-cor_RO1.7.2.0.00.00.00;3869207,54
Prefeitura Municipal de Canutama - AM;1300904;AM;15312;Deduções - FUNDEB;1.7.2.1.00.00.00 - Transferências da União;siconfi-cor_RO1.7.2.1.00.00.00;2109349,9
Prefeitura Municipal de Canutama - AM;1300904;AM;15312;Deduções - FUNDEB;1.7.2.1.01.00.00 - Participação na Receita da União;siconfi-cor_RO1.7.2.1.01.00.00;2105151,7
Prefeitura Municipal de Canutama - AM;1300904;AM;15312;Deduções - FUNDEB;1.7.2.1.01.02.00 - Cota-Parte do Fundo de Participação dos Municípios ¿ FPM;siconfi-cor_RO1.7.2.1.01.02.00;2102110,51
Prefeitura Municipal de Canutama - AM;1300904;AM;15312;Deduções - FUNDEB;1.7.2.1.01.05.00 - Cota-Parte do Imposto Sobre a Propriedade Territorial Rural ¿ ITR;siconfi-cor_RO1.7.2.1.01.05.00;3041,19
Prefeitura Municipal de Canutama - AM;1300904;AM;15312;Deduções - FUNDEB;1.7.2.1.36.00.00 - Transferências Financeiras do ICMS ¿ Desoneração ¿ L.C. Nº 87/96;siconfi-cor_RO1.7.2.1.36.00.00;4198,2
Prefeitura Municipal de Canutama - AM;1300904;AM;15312;Deduções - FUNDEB;1.7.2.2.00.00.00 - Transferências dos Estados;siconfi-cor_RO1.7.2.2.00.00.00;1759857,64
Prefeitura Municipal de Canutama - AM;1300904;AM;15312;Deduções - FUNDEB;1.7.2.2.01.00.00 - Participação na Receita dos Estados;siconfi-cor_RO1.7.2.2.01.00.00;1759857,64
Prefeitura Municipal de Canutama - AM;1300904;AM;15312;Deduções - FUNDEB;1.7.2.2.01.01.00 - Cota-Parte do ICMS;siconfi-cor_RO1.7.2.2.01.01.00;1751362,25
Prefeitura Municipal de Canutama - AM;1300904;AM;15312;Deduções - FUNDEB;1.7.2.2.01.02.00 - Cota-Parte do IPVA;siconfi-cor_RO1.7.2.2.01.02.00;1470,95
Prefeitura Municipal de Canutama - AM;1300904;AM;15312;Deduções - FUNDEB;1.7.2.2.01.04.00 - Cota-Parte do IPI - Municípios;siconfi-cor_RO1.7.2.2.01.04.00;7024,44
Prefeitura Municipal de Manaquiri - AM;1302553;AM;29327;Receitas Brutas Realizadas;Total Receitas;siconfi-cor_TotalReceitas;48651463,2
Prefeitura Municipal de Manaquiri - AM;1302553;AM;29327;Receitas Brutas Realizadas;1.0.0.0.00.00.00 - Receitas Correntes;siconfi-cor_RO1.0.0.0.00.00.00;47252935,44
Prefeitura Municipal de Manaquiri - AM;1302553;AM;29327;Receitas Brutas Realizadas;1.1.0.0.00.00.00 - Receita Tributária;siconfi-cor_RO1.1.0.0.00.00.00;1203092,99
Prefeitura Municipal de Manaquiri - AM;1302553;AM;29327;Receitas Brutas Realizadas;1.1.1.0.00.00.00 - Impostos;siconfi-cor_RO1.1.1.0.00.00.00;1198472,89
Prefeitura Municipal de Manaquiri - AM;1302553;AM;29327;Receitas Brutas Realizadas;1.1.1.2.00.00.00 - Impostos sobre o Patrimônio e a Renda;siconfi-cor_RO1.1.1.2.00.00.00;404519,33
Prefeitura Municipal de Manaquiri - AM;1302553;AM;29327;Receitas Brutas Realizadas;1.1.1.2.02.00.00 - Imposto sobre a Propriedade Predial e Territorial Urbana ¿ IPTU;siconfi-cor_RO1.1.1.2.02.00.00;9766,48
Prefeitura Municipal de Manaquiri - AM;1302553;AM;29327;Receitas Brutas Realizadas;1.1.1.2.04.00.00 - Imposto sobre a Renda e Proventos de Qualquer Natureza ¿ IR;siconfi-cor_RO1.1.1.2.04.00.00;394752,85
Prefeitura Municipal de Manaquiri - AM;1302553;AM;29327;Receitas Brutas Realizadas;1.1.1.2.04.31.00 - Retido nas Fontes - Trabalho;siconfi-cor_RO1.1.1.2.04.31.00;276718,73
Prefeitura Municipal de Manaquiri - AM;1302553;AM;29327;Receitas Brutas Realizadas;1.1.1.2.04.34.00 - Retido nas Fontes - Outros Rendimentos;siconfi-cor_RO1.1.1.2.04.34.00;118034,12
Prefeitura Municipal de Manaquiri - AM;1302553;AM;29327;Receitas Brutas Realizadas;1.1.1.3.00.00.00 - Impostos sobre a Produção e a Circulação;siconfi-cor_RO1.1.1.3.00.00.00;793953,56
Prefeitura Municipal de Manaquiri - AM;1302553;AM;29327;Receitas Brutas Realizadas;1.1.1.3.05.00.00 - Imposto sobre Serviços de Qualquer Natureza ¿ ISSQN;siconfi-cor_RO1.1.1.3.05.00.00;793953,56
Prefeitura Municipal de Manaquiri - AM;1302553;AM;29327;Receitas Brutas Realizadas;1.1.2.0.00.00.00 - Taxas;siconfi-cor_RO1.1.2.0.00.00.00;4620,1
Prefeitura Municipal de Manaquiri - AM;1302553;AM;29327;Receitas Brutas Realizadas;1.1.2.1.00.00.00 - Taxas pelo Exercício do Poder de Polícia;siconfi-cor_RO1.1.2.1.00.00.00;3961,57
Prefeitura Municipal de Manaquiri - AM;1302553;AM;29327;Receitas Brutas Realizadas;1.1.2.2.00.00.00 - Taxas pela Prestação de Serviços;siconfi-cor_RO1.1.2.2.00.00.00;658,53
Prefeitura Municipal de Manaquiri - AM;1302553;AM;29327;Receitas Brutas Realizadas;1.1.2.2.99.00.00 - Outras Taxas pela Prestação de Serviços;siconfi-cor_RO1.1.2.2.99.00.00;658,53
Prefeitura Municipal de Manaquiri - AM;1302553;AM;29327;Receitas Brutas Realizadas;1.2.0.0.00.00.00 - Receitas de Contribuições;siconfi-cor_RO1.2.0.0.00.00.00;898506,11
Prefeitura Municipal de Manaquiri - AM;1302553;AM;29327;Receitas Brutas Realizadas;1.2.1.0.00.00.00 - Contribuições Sociais;siconfi-cor_RO1.2.1.0.00.00.00;898506,11
Prefeitura Municipal de Manaquiri - AM;1302553;AM;29327;Receitas Brutas Realizadas;1.2.1.0.29.00.00 - Contribuições para o Regime Próprio de Previdência do Servidor Público;siconfi-cor_RO1.2.1.0.29.00.00;898506,11
Prefeitura Municipal de Manaquiri - AM;1302553;AM;29327;Receitas Brutas Realizadas;1.2.1.0.29.07.00 - Contribuição do Servidor Ativo Civil para o Regime Próprio;siconfi-cor_RO1.2.1.0.29.07.00;898506,11
Prefeitura Municipal de Manaquiri - AM;1302553;AM;29327;Receitas Brutas Realizadas;1.3.0.0.00.00.00 - Receita Patrimonial;siconfi-cor_RO1.3.0.0.00.00.00;712304,94
Prefeitura Municipal de Manaquiri - AM;1302553;AM;29327;Receitas Brutas Realizadas;1.3.2.0.00.00.00 - Receitas de Valores Mobiliários;siconfi-cor_RO1.3.2.0.00.00.00;712304,94
Prefeitura Municipal de Manaquiri - AM;1302553;AM;29327;Receitas Brutas Realizadas;1.3.2.5.00.00.00 - Remuneração de Depósitos Bancários;siconfi-cor_RO1.3.2.5.00.00.00;253007,21
Prefeitura Municipal de Manaquiri - AM;1302553;AM;29327;Receitas Brutas Realizadas;1.3.2.8.00.00.00 - Remuneração dos Investimentos do Regime Próprio de Previdência do Servidor;siconfi-cor_RO1.3.2.8.00.00.00;459297,73
Prefeitura Municipal de Manaquiri - AM;1302553;AM;29327;Receitas Brutas Realizadas;1.6.0.0.00.00.00 - Receita de Serviços;siconfi-cor_RO1.6.0.0.00.00.00;1526,1
Prefeitura Municipal de Manaquiri - AM;1302553;AM;29327;Receitas Brutas Realizadas;1.6.0.0.13.00.00 - Serviços Administrativos;siconfi-cor_RO1.6.0.0.13.00.00;520
Prefeitura Municipal de Manaquiri - AM;1302553;AM;29327;Receitas Brutas Realizadas;1.6.0.0.99.00.00 - Outros Serviços;siconfi-cor_RO1.6.0.0.99.00.00;1006,1
Prefeitura Municipal de Manaquiri - AM;1302553;AM;29327;Receitas Brutas Realizadas;1.7.0.0.00.00.00 - Transferências Correntes;siconfi-cor_RO1.7.0.0.00.00.00;44433302,73
Prefeitura Municipal de Manaquiri - AM;1302553;AM;29327;Receitas Brutas Realizadas;1.7.2.0.00.00.00 - Transferências Intergovernamentais;siconfi-cor_RO1.7.2.0.00.00.00;44433302,73
Prefeitura Municipal de Manaquiri - AM;1302553;AM;29327;Receitas Brutas Realizadas;1.7.2.1.00.00.00 - Transferências da União;siconfi-cor_RO1.7.2.1.00.00.00;22109124,75
Prefeitura Municipal de Manaquiri - AM;1302553;AM;29327;Receitas Brutas Realizadas;1.7.2.1.01.00.00 - Participação na Receita da União;siconfi-cor_RO1.7.2.1.01.00.00;16046040,99
Prefeitura Municipal de Manaquiri - AM;1302553;AM;29327;Receitas Brutas Realizadas;1.7.2.1.01.02.00 - Cota-Parte do Fundo de Participação dos Municípios ¿ FPM;siconfi-cor_RO1.7.2.1.01.02.00;14714775,83
Prefeitura Municipal de Manaquiri - AM;1302553;AM;29327;Receitas Brutas Realizadas;1.7.2.1.01.03.00 - Cota-Parte do Fundo de Participação dos Municípios - 1% Cota Anual;siconfi-cor_RO1.7.2.1.01.03.00;653101,1
Prefeitura Municipal de Manaquiri - AM;1302553;AM;29327;Receitas Brutas Realizadas;1.7.2.1.01.04.00 - Cota-Parte do Fundo de Participação dos Municípios - 1% Cota entregue no mês de julho (67)(I);siconfi-cor_RO1.7.2.1.01.04.00;675337,51
Prefeitura Municipal de Manaquiri - AM;1302553;AM;29327;Receitas Brutas Realizadas;1.7.2.1.01.05.00 - Cota-Parte do Imposto Sobre a Propriedade Territorial Rural ¿ ITR;siconfi-cor_RO1.7.2.1.01.05.00;2826,55
Prefeitura Municipal de Manaquiri - AM;1302553;AM;29327;Receitas Brutas Realizadas;1.7.2.1.22.00.00 - Transferências da Compensação Financeira pela Exploração de Recursos Naturais;siconfi-cor_RO1.7.2.1.22.00.00;193145,36
Prefeitura Municipal de Manaquiri - AM;1302553;AM;29327;Receitas Brutas Realizadas;1.7.2.1.22.40.00 - Cota-Parte Royalties pelo Excedente da Produção do Petróleo - Lei nº 9.478/97 artigo 49 I e II;siconfi-cor_RO1.7.2.1.22.40.00;21342,55
Prefeitura Municipal de Manaquiri - AM;1302553;AM;29327;Receitas Brutas Realizadas;1.7.2.1.22.70.00 - Cota-Parte do Fundo Especial do Petróleo ¿ FEP;siconfi-cor_RO1.7.2.1.22.70.00;171802,81
Prefeitura Municipal de Manaquiri - AM;1302553;AM;29327;Receitas Brutas Realizadas;1.7.2.1.33.00.00 - Transferências de Recursos do Sistema Único de Saúde - SUS - Repasses Fundo a Fundo;siconfi-cor_RO1.7.2.1.33.00.00;3794416,7
Prefeitura Municipal de Manaquiri - AM;1302553;AM;29327;Receitas Brutas Realizadas;1.7.2.1.34.00.00 - Transferências de Recursos do Fundo Nacional de Assistência Social ¿ FNAS;siconfi-cor_RO1.7.2.1.34.00.00;619186,25
Prefeitura Municipal de Manaquiri - AM;1302553;AM;29327;Receitas Brutas Realizadas;1.7.2.1.35.00.00 - Transferências de Recursos do Fundo Nacional do Desenvolvimento da Educação ¿ FNDE;siconfi-cor_RO1.7.2.1.35.00.00;1428100,78
Prefeitura Municipal de Manaquiri - AM;1302553;AM;29327;Receitas Brutas Realizadas;1.7.2.1.36.00.00 - Transferências Financeiras do ICMS ¿ Desoneração ¿ L.C. Nº 87/96;siconfi-cor_RO1.7.2.1.36.00.00;17143,8
Prefeitura Municipal de Manaquiri - AM;1302553;AM;29327;Receitas Brutas Realizadas;1.7.2.1.99.00.00 - Outras Transferências da União;siconfi-cor_RO1.7.2.1.99.00.00;11090,87
Prefeitura Municipal de Manaquiri - AM;1302553;AM;29327;Receitas Brutas Realizadas;1.7.2.2.00.00.00 - Transferências dos Estados;siconfi-cor_RO1.7.2.2.00.00.00;7591469,21
Prefeitura Municipal de Manaquiri - AM;1302553;AM;29327;Receitas Brutas Realizadas;1.7.2.2.01.00.00 - Participação na Receita dos Estados;siconfi-cor_RO1.7.2.2.01.00.00;7305995,44
Prefeitura Municipal de Manaquiri - AM;1302553;AM;29327;Receitas Brutas Realizadas;1.7.2.2.01.01.00 - Cota-Parte do ICMS;siconfi-cor_RO1.7.2.2.01.01.00;7151334,09
Prefeitura Municipal de Manaquiri - AM;1302553;AM;29327;Receitas Brutas Realizadas;1.7.2.2.01.02.00 - Cota-Parte do IPVA;siconfi-cor_RO1.7.2.2.01.02.00;58718,82
Prefeitura Municipal de Manaquiri - AM;1302553;AM;29327;Receitas Brutas Realizadas;1.7.2.2.01.04.00 - Cota-Parte do IPI - Municípios;siconfi-cor_RO1.7.2.2.01.04.00;28685,04
Prefeitura Municipal de Manaquiri - AM;1302553;AM;29327;Receitas Brutas Realizadas;1.7.2.2.01.13.00 - Cota-Parte da Contribuição de Intervenção no Domínio Econômico;siconfi-cor_RO1.7.2.2.01.13.00;67257,49
Prefeitura Municipal de Manaquiri - AM;1302553;AM;29327;Receitas Brutas Realizadas;1.7.2.2.22.00.00 - Transferências da Cota-Parte da Compensação Financeira (25%);siconfi-cor_RO1.7.2.2.22.00.00;77124,19
Prefeitura Municipal de Manaquiri - AM;1302553;AM;29327;Receitas Brutas Realizadas;1.7.2.2.22.30.00 - Cota-Parte Royalties - Compensação Financeira pela Produção de Petróleo - Lei nº 7.990/89 artigo 9º;siconfi-cor_RO1.7.2.2.22.30.00;77124,19
Prefeitura Municipal de Manaquiri - AM;1302553;AM;29327;Receitas Brutas Realizadas;1.7.2.2.33.00.00 - Transferências de Recursos do Estado para Programas de Saúde - Repasse Fundo a Fundo;siconfi-cor_RO1.7.2.2.33.00.00;208349,58
Prefeitura Municipal de Manaquiri - AM;1302553;AM;29327;Receitas Brutas Realizadas;1.7.2.4.00.00.00 - Transferências Multigovernamentais;siconfi-cor_RO1.7.2.4.00.00.00;14732708,77
Prefeitura Municipal de Manaquiri - AM;1302553;AM;29327;Receitas Brutas Realizadas;1.7.2.4.01.00.00 - Transferências de Recursos do Fundo de Manutenção e Desenvolvimento do Ensino Fundamental e de Valorização do Magistério - FUNDEB;siconfi-cor_RO1.7.2.4.01.00.00;11190597,29
Prefeitura Municipal de Manaquiri - AM;1302553;AM;29327;Receitas Brutas Realizadas;1.7.2.4.02.00.00 - Transferências de Recursos da Complementação ao Fundo de Manutenção e Desenvolvimento do Ensino Fundamental e de Valorização do Magistério - FUNDEB;siconfi-cor_RO1.7.2.4.02.00.00;3542111,48
Prefeitura Municipal de Manaquiri - AM;1302553;AM;29327;Receitas Brutas Realizadas;1.9.0.0.00.00.00 - Outras Receitas Correntes;siconfi-cor_RO1.9.0.0.00.00.00;4202,57
Prefeitura Municipal de Manaquiri - AM;1302553;AM;29327;Receitas Brutas Realizadas;1.9.3.0.00.00.00 - Receita da Dívida Ativa;siconfi-cor_RO1.9.3.0.00.00.00;1417,82
Prefeitura Municipal de Manaquiri - AM;1302553;AM;29327;Receitas Brutas Realizadas;1.9.3.1.00.00.00 - Receita da Dívida Ativa Tributária;siconfi-cor_RO1.9.3.1.00.00.00;1417,82
Prefeitura Municipal de Manaquiri - AM;1302553;AM;29327;Receitas Brutas Realizadas;1.9.3.1.11.00.00 - Receita da Dívida Ativa do Imposto sobre a Propriedade Predial e Territorial Urbana ¿ IPTU;siconfi-cor_RO1.9.3.1.11.00.00;1417,82
Prefeitura Municipal de Manaquiri - AM;1302553;AM;29327;Receitas Brutas Realizadas;1.9.9.0.00.00.00 - Receitas Diversas;siconfi-cor_RO1.9.9.0.00.00.00;2784,75
Prefeitura Municipal de Manaquiri - AM;1302553;AM;29327;Receitas Brutas Realizadas;1.9.9.0.99.00.00 - Outras Receitas;siconfi-cor_RO1.9.9.0.99.00.00;2784,75
Prefeitura Municipal de Manaquiri - AM;1302553;AM;29327;Receitas Brutas Realizadas;7.0.0.0.00.00.00 - Receitas Correntes Intraorçamentárias;siconfi-cor_RI7.0.0.0.00.00.00;1398527,76
Prefeitura Municipal de Manaquiri - AM;1302553;AM;29327;Receitas Brutas Realizadas;7.2.0.0.00.00.00 - Receitas de Contribuições Intraorçamentárias;siconfi-cor_RI7.2.0.0.00.00.00;1398527,76
Prefeitura Municipal de Manaquiri - AM;1302553;AM;29327;Receitas Brutas Realizadas;7.2.1.0.00.00.00 - Contribuições Sociais Intraorçamentárias;siconfi-cor_RI7.2.1.0.00.00.00;1398527,76
Prefeitura Municipal de Manaquiri - AM;1302553;AM;29327;Receitas Brutas Realizadas;7.2.1.0.29.00.00 - Contribuições para o Regime Próprio de Previdência do Servidor Público Intraorçamentárias;siconfi-cor_RI7.2.1.0.29.00.00;1398527,76
Prefeitura Municipal de Manaquiri - AM;1302553;AM;29327;Receitas Brutas Realizadas;7.2.1.0.29.01.00 - Contribuição Patronal de Servidor Ativo Civil para o Regime Próprio Intraorçamentária;siconfi-cor_RI7.2.1.0.29.01.00;1398527,76
Prefeitura Municipal de Manaquiri - AM;1302553;AM;29327;Outras Deduções da Receita;Total Receitas;siconfi-cor_TotalReceitas;4394695,74
Prefeitura Municipal de Manaquiri - AM;1302553;AM;29327;Outras Deduções da Receita;1.0.0.0.00.00.00 - Receitas Correntes;siconfi-cor_RO1.0.0.0.00.00.00;4394695,74
Prefeitura Municipal de Manaquiri - AM;1302553;AM;29327;Outras Deduções da Receita;1.7.0.0.00.00.00 - Transferências Correntes;siconfi-cor_RO1.7.0.0.00.00.00;4394695,74
Prefeitura Municipal de Manaquiri - AM;1302553;AM;29327;Outras Deduções da Receita;1.7.2.0.00.00.00 - Transferências Intergovernamentais;siconfi-cor_RO1.7.2.0.00.00.00;4394695,74
Prefeitura Municipal de Manaquiri - AM;1302553;AM;29327;Outras Deduções da Receita;1.7.2.1.00.00.00 - Transferências da União;siconfi-cor_RO1.7.2.1.00.00.00;2946948,9
Prefeitura Municipal de Manaquiri - AM;1302553;AM;29327;Outras Deduções da Receita;1.7.2.1.01.00.00 - Participação na Receita da União;siconfi-cor_RO1.7.2.1.01.00.00;2943520,14
Prefeitura Municipal de Manaquiri - AM;1302553;AM;29327;Outras Deduções da Receita;1.7.2.1.01.02.00 - Cota-Parte do Fundo de Participação dos Municípios ¿ FPM;siconfi-cor_RO1.7.2.1.01.02.00;2942954,86
Prefeitura Municipal de Manaquiri - AM;1302553;AM;29327;Outras Deduções da Receita;1.7.2.1.01.05.00 - Cota-Parte do Imposto Sobre a Propriedade Territorial Rural ¿ ITR;siconfi-cor_RO1.7.2.1.01.05.00;565,28
Prefeitura Municipal de Manaquiri - AM;1302553;AM;29327;Outras Deduções da Receita;1.7.2.1.36.00.00 - Transferências Financeiras do ICMS ¿ Desoneração ¿ L.C. Nº 87/96;siconfi-cor_RO1.7.2.1.36.00.00;3428,76
Prefeitura Municipal de Manaquiri - AM;1302553;AM;29327;Outras Deduções da Receita;1.7.2.2.00.00.00 - Transferências dos Estados;siconfi-cor_RO1.7.2.2.00.00.00;1447746,84
Prefeitura Municipal de Manaquiri - AM;1302553;AM;29327;Outras Deduções da Receita;1.7.2.2.01.00.00 - Participação na Receita dos Estados;siconfi-cor_RO1.7.2.2.01.00.00;1447746,84
Prefeitura Municipal de Manaquiri - AM;1302553;AM;29327;Outras Deduções da Receita;1.7.2.2.01.01.00 - Cota-Parte do ICMS;siconfi-cor_RO1.7.2.2.01.01.00;1430266,8
Prefeitura Municipal de Manaquiri - AM;1302553;AM;29327;Outras Deduções da Receita;1.7.2.2.01.02.00 - Cota-Parte do IPVA;siconfi-cor_RO1.7.2.2.01.02.00;11743,04
Prefeitura Municipal de Manaquiri - AM;1302553;AM;29327;Outras Deduções da Receita;1.7.2.2.01.04.00 - Cota-Parte do IPI - Municípios;siconfi-cor_RO1.7.2.2.01.04.00;5737
Prefeitura Municipal de Benjamin Constant - AM;1300607;AM;40417;Receitas Brutas Realizadas;Total Receitas;siconfi-cor_TotalReceitas;94229920,65
Prefeitura Municipal de Benjamin Constant - AM;1300607;AM;40417;Receitas Brutas Realizadas;1.0.0.0.00.00.00 - Receitas Correntes;siconfi-cor_RO1.0.0.0.00.00.00;90053168,37
Prefeitura Municipal de Benjamin Constant - AM;1300607;AM;40417;Receitas Brutas Realizadas;1.1.0.0.00.00.00 - Receita Tributária;siconfi-cor_RO1.1.0.0.00.00.00;1867205,11
Prefeitura Municipal de Benjamin Constant - AM;1300607;AM;40417;Receitas Brutas Realizadas;1.1.1.0.00.00.00 - Impostos;siconfi-cor_RO1.1.1.0.00.00.00;1794014,83
Prefeitura Municipal de Benjamin Constant - AM;1300607;AM;40417;Receitas Brutas Realizadas;1.1.1.2.00.00.00 - Impostos sobre o Patrimônio e a Renda;siconfi-cor_RO1.1.1.2.00.00.00;983255,36
Prefeitura Municipal de Benjamin Constant - AM;1300607;AM;40417;Receitas Brutas Realizadas;1.1.1.2.02.00.00 - Imposto sobre a Propriedade Predial e Territorial Urbana ¿ IPTU;siconfi-cor_RO1.1.1.2.02.00.00;692
Prefeitura Municipal de Benjamin Constant - AM;1300607;AM;40417;Receitas Brutas Realizadas;1.1.1.2.04.00.00 - Imposto sobre a Renda e Proventos de Qualquer Natureza ¿ IR;siconfi-cor_RO1.1.1.2.04.00.00;971622,27
Prefeitura Municipal de Benjamin Constant - AM;1300607;AM;40417;Receitas Brutas Realizadas;1.1.1.2.04.31.00 - Retido nas Fontes - Trabalho;siconfi-cor_RO1.1.1.2.04.31.00;603689,55
Prefeitura Municipal de Benjamin Constant - AM;1300607;AM;40417;Receitas Brutas Realizadas;1.1.1.2.04.34.00 - Retido nas Fontes - Outros Rendimentos;siconfi-cor_RO1.1.1.2.04.34.00;367932,72
Prefeitura Municipal de Benjamin Constant - AM;1300607;AM;40417;Receitas Brutas Realizadas;"1.1.1.2.08.00.00 - Imposto sobre Transmissão Inter Vivos"" de Bens Imóveis e de Direitos Reais sobre Imóveis ¿ ITBI""";siconfi-cor_RO1.1.1.2.08.00.00;10941,09
Prefeitura Municipal de Benjamin Constant - AM;1300607;AM;40417;Receitas Brutas Realizadas;1.1.1.3.00.00.00 - Impostos sobre a Produção e a Circulação;siconfi-cor_RO1.1.1.3.00.00.00;810759,47
Prefeitura Municipal de Benjamin Constant - AM;1300607;AM;40417;Receitas Brutas Realizadas;1.1.1.3.05.00.00 - Imposto sobre Serviços de Qualquer Natureza ¿ ISSQN;siconfi-cor_RO1.1.1.3.05.00.00;810759,47
Prefeitura Municipal de Benjamin Constant - AM;1300607;AM;40417;Receitas Brutas Realizadas;1.1.2.0.00.00.00 - Taxas;siconfi-cor_RO1.1.2.0.00.00.00;73190,28
Prefeitura Municipal de Benjamin Constant - AM;1300607;AM;40417;Receitas Brutas Realizadas;1.1.2.1.00.00.00 - Taxas pelo Exercício do Poder de Polícia;siconfi-cor_RO1.1.2.1.00.00.00;71980,43
Prefeitura Municipal de Benjamin Constant - AM;1300607;AM;40417;Receitas Brutas Realizadas;1.1.2.2.00.00.00 - Taxas pela Prestação de Serviços;siconfi-cor_RO1.1.2.2.00.00.00;1209,85
Prefeitura Municipal de Benjamin Constant - AM;1300607;AM;40417;Receitas Brutas Realizadas;1.1.2.2.99.00.00 - Outras Taxas pela Prestação de Serviços;siconfi-cor_RO1.1.2.2.99.00.00;1209,85
Prefeitura Municipal de Benjamin Constant - AM;1300607;AM;40417;Receitas Brutas Realizadas;1.2.0.0.00.00.00 - Receitas de Contribuições;siconfi-cor_RO1.2.0.0.00.00.00;2959167,1
Prefeitura Municipal de Benjamin Constant - AM;1300607;AM;40417;Receitas Brutas Realizadas;1.2.1.0.00.00.00 - Contribuições Sociais;siconfi-cor_RO1.2.1.0.00.00.00;2320369,39
Prefeitura Municipal de Benjamin Constant - AM;1300607;AM;40417;Receitas Brutas Realizadas;1.2.1.0.29.00.00 - Contribuições para o Regime Próprio de Previdência do Servidor Público;siconfi-cor_RO1.2.1.0.29.00.00;2320369,39
Prefeitura Municipal de Benjamin Constant - AM;1300607;AM;40417;Receitas Brutas Realizadas;1.2.1.0.29.07.00 - Contribuição do Servidor Ativo Civil para o Regime Próprio;siconfi-cor_RO1.2.1.0.29.07.00;2320369,39
Prefeitura Municipal de Benjamin Constant - AM;1300607;AM;40417;Receitas Brutas Realizadas;1.2.3.0.00.00.00 - Contribuição para Custeio do Serviço de Iluminação Pública;siconfi-cor_RO1.2.3.0.00.00.00;638797,71
Prefeitura Municipal de Benjamin Constant - AM;1300607;AM;40417;Receitas Brutas Realizadas;1.3.0.0.00.00.00 - Receita Patrimonial;siconfi-cor_RO1.3.0.0.00.00.00;4050099,46
Prefeitura Municipal de Benjamin Constant - AM;1300607;AM;40417;Receitas Brutas Realizadas;1.3.2.0.00.00.00 - Receitas de Valores Mobiliários;siconfi-cor_RO1.3.2.0.00.00.00;4050099,46
Prefeitura Municipal de Benjamin Constant - AM;1300607;AM;40417;Receitas Brutas Realizadas;1.3.2.5.00.00.00 - Remuneração de Depósitos Bancários;siconfi-cor_RO1.3.2.5.00.00.00;397729,71
Prefeitura Municipal de Benjamin Constant - AM;1300607;AM;40417;Receitas Brutas Realizadas;1.3.2.8.00.00.00 - Remuneração dos Investimentos do Regime Próprio de Previdência do Servidor;siconfi-cor_RO1.3.2.8.00.00.00;3652369,75
Prefeitura Municipal de Benjamin Constant - AM;1300607;AM;40417;Receitas Brutas Realizadas;1.6.0.0.00.00.00 - Receita de Serviços;siconfi-cor_RO1.6.0.0.00.00.00;9320
Prefeitura Municipal de Benjamin Constant - AM;1300607;AM;40417;Receitas Brutas Realizadas;1.6.0.0.13.00.00 - Serviços Administrativos;siconfi-cor_RO1.6.0.0.13.00.00;9320
Prefeitura Municipal de Benjamin Constant - AM;1300607;AM;40417;Receitas Brutas Realizadas;1.7.0.0.00.00.00 - Transferências Correntes;siconfi-cor_RO1.7.0.0.00.00.00;80985260,4
Prefeitura Municipal de Benjamin Constant - AM;1300607;AM;40417;Receitas Brutas Realizadas;1.7.2.0.00.00.00 - Transferências Intergovernamentais;siconfi-cor_RO1.7.2.0.00.00.00;80985260,4
Prefeitura Municipal de Benjamin Constant - AM;1300607;AM;40417;Receitas Brutas Realizadas;1.7.2.1.00.00.00 - Transferências da União;siconfi-cor_RO1.7.2.1.00.00.00;32898959,25
Prefeitura Municipal de Benjamin Constant - AM;1300607;AM;40417;Receitas Brutas Realizadas;1.7.2.1.01.00.00 - Participação na Receita da União;siconfi-cor_RO1.7.2.1.01.00.00;20627004,94
Prefeitura Municipal de Benjamin Constant - AM;1300607;AM;40417;Receitas Brutas Realizadas;1.7.2.1.01.02.00 - Cota-Parte do Fundo de Participação dos Municípios ¿ FPM;siconfi-cor_RO1.7.2.1.01.02.00;18918997,44
Prefeitura Municipal de Benjamin Constant - AM;1300607;AM;40417;Receitas Brutas Realizadas;1.7.2.1.01.03.00 - Cota-Parte do Fundo de Participação dos Municípios - 1% Cota Anual;siconfi-cor_RO1.7.2.1.01.03.00;839701,42
Prefeitura Municipal de Benjamin Constant - AM;1300607;AM;40417;Receitas Brutas Realizadas;1.7.2.1.01.04.00 - Cota-Parte do Fundo de Participação dos Municípios - 1% Cota entregue no mês de julho (67)(I);siconfi-cor_RO1.7.2.1.01.04.00;868291,08
Prefeitura Municipal de Benjamin Constant - AM;1300607;AM;40417;Receitas Brutas Realizadas;1.7.2.1.01.05.00 - Cota-Parte do Imposto Sobre a Propriedade Territorial Rural ¿ ITR;siconfi-cor_RO1.7.2.1.01.05.00;15
Prefeitura Municipal de Benjamin Constant - AM;1300607;AM;40417;Receitas Brutas Realizadas;1.7.2.1.22.00.00 - Transferências da Compensação Financeira pela Exploração de Recursos Naturais;siconfi-cor_RO1.7.2.1.22.00.00;220889,31
Prefeitura Municipal de Benjamin Constant - AM;1300607;AM;40417;Receitas Brutas Realizadas;1.7.2.1.22.70.00 - Cota-Parte do Fundo Especial do Petróleo ¿ FEP;siconfi-cor_RO1.7.2.1.22.70.00;220889,31
Prefeitura Municipal de Benjamin Constant - AM;1300607;AM;40417;Receitas Brutas Realizadas;1.7.2.1.33.00.00 - Transferências de Recursos do Sistema Único de Saúde - SUS - Repasses Fundo a Fundo;siconfi-cor_RO1.7.2.1.33.00.00;8766328,48
Prefeitura Municipal de Benjamin Constant - AM;1300607;AM;40417;Receitas Brutas Realizadas;1.7.2.1.34.00.00 - Transferências de Recursos do Fundo Nacional de Assistência Social ¿ FNAS;siconfi-cor_RO1.7.2.1.34.00.00;1034747,75
Prefeitura Municipal de Benjamin Constant - AM;1300607;AM;40417;Receitas Brutas Realizadas;1.7.2.1.35.00.00 - Transferências de Recursos do Fundo Nacional do Desenvolvimento da Educação ¿ FNDE;siconfi-cor_RO1.7.2.1.35.00.00;2207181,74
Prefeitura Municipal de Benjamin Constant - AM;1300607;AM;40417;Receitas Brutas Realizadas;1.7.2.1.36.00.00 - Transferências Financeiras do ICMS ¿ Desoneração ¿ L.C. Nº 87/96;siconfi-cor_RO1.7.2.1.36.00.00;25992
Prefeitura Municipal de Benjamin Constant - AM;1300607;AM;40417;Receitas Brutas Realizadas;1.7.2.1.99.00.00 - Outras Transferências da União;siconfi-cor_RO1.7.2.1.99.00.00;16815,03
Prefeitura Municipal de Benjamin Constant - AM;1300607;AM;40417;Receitas Brutas Realizadas;1.7.2.2.00.00.00 - Transferências dos Estados;siconfi-cor_RO1.7.2.2.00.00.00;11687889,54
Prefeitura Municipal de Benjamin Constant - AM;1300607;AM;40417;Receitas Brutas Realizadas;1.7.2.2.01.00.00 - Participação na Receita dos Estados;siconfi-cor_RO1.7.2.2.01.00.00;11004448,8
Prefeitura Municipal de Benjamin Constant - AM;1300607;AM;40417;Receitas Brutas Realizadas;1.7.2.2.01.01.00 - Cota-Parte do ICMS;siconfi-cor_RO1.7.2.2.01.01.00;10842248,55
Prefeitura Municipal de Benjamin Constant - AM;1300607;AM;40417;Receitas Brutas Realizadas;1.7.2.2.01.02.00 - Cota-Parte do IPVA;siconfi-cor_RO1.7.2.2.01.02.00;30060,35
Prefeitura Municipal de Benjamin Constant - AM;1300607;AM;40417;Receitas Brutas Realizadas;1.7.2.2.01.04.00 - Cota-Parte do IPI - Municípios;siconfi-cor_RO1.7.2.2.01.04.00;43489,82
Prefeitura Municipal de Benjamin Constant - AM;1300607;AM;40417;Receitas Brutas Realizadas;1.7.2.2.01.13.00 - Cota-Parte da Contribuição de Intervenção no Domínio Econômico;siconfi-cor_RO1.7.2.2.01.13.00;88650,08
Prefeitura Municipal de Benjamin Constant - AM;1300607;AM;40417;Receitas Brutas Realizadas;1.7.2.2.22.00.00 - Transferências da Cota-Parte da Compensação Financeira (25%);siconfi-cor_RO1.7.2.2.22.00.00;116929,2
Prefeitura Municipal de Benjamin Constant - AM;1300607;AM;40417;Receitas Brutas Realizadas;1.7.2.2.22.30.00 - Cota-Parte Royalties - Compensação Financeira pela Produção de Petróleo - Lei nº 7.990/89 artigo 9º;siconfi-cor_RO1.7.2.2.22.30.00;116929,2
Prefeitura Municipal de Benjamin Constant - AM;1300607;AM;40417;Receitas Brutas Realizadas;1.7.2.2.33.00.00 - Transferências de Recursos do Estado para Programas de Saúde - Repasse Fundo a Fundo;siconfi-cor_RO1.7.2.2.33.00.00;566511,54
Prefeitura Municipal de Benjamin Constant - AM;1300607;AM;40417;Receitas Brutas Realizadas;1.7.2.4.00.00.00 - Transferências Multigovernamentais;siconfi-cor_RO1.7.2.4.00.00.00;36398411,61
Prefeitura Municipal de Benjamin Constant - AM;1300607;AM;40417;Receitas Brutas Realizadas;1.7.2.4.01.00.00 - Transferências de Recursos do Fundo de Manutenção e Desenvolvimento do Ensino Fundamental e de Valorização do Magistério - FUNDEB;siconfi-cor_RO1.7.2.4.01.00.00;27586495,78
Prefeitura Municipal de Benjamin Constant - AM;1300607;AM;40417;Receitas Brutas Realizadas;1.7.2.4.02.00.00 - Transferências de Recursos da Complementação ao Fundo de Manutenção e Desenvolvimento do Ensino Fundamental e de Valorização do Magistério - FUNDEB;siconfi-cor_RO1.7.2.4.02.00.00;8811915,83
Prefeitura Municipal de Benjamin Constant - AM;1300607;AM;40417;Receitas Brutas Realizadas;1.9.0.0.00.00.00 - Outras Receitas Correntes;siconfi-cor_RO1.9.0.0.00.00.00;182116,3
Prefeitura Municipal de Benjamin Constant - AM;1300607;AM;40417;Receitas Brutas Realizadas;1.9.2.0.00.00.00 - Indenizações e Restituições;siconfi-cor_RO1.9.2.0.00.00.00;141844,65
Prefeitura Municipal de Benjamin Constant - AM;1300607;AM;40417;Receitas Brutas Realizadas;1.9.2.2.00.00.00 - Restituições;siconfi-cor_RO1.9.2.2.00.00.00;141844,65
Prefeitura Municipal de Benjamin Constant - AM;1300607;AM;40417;Receitas Brutas Realizadas;1.9.2.2.99.00.00 - Outras Restituições;siconfi-cor_RO1.9.2.2.99.00.00;141844,65
Prefeitura Municipal de Benjamin Constant - AM;1300607;AM;40417;Receitas Brutas Realizadas;1.9.9.0.00.00.00 - Receitas Diversas;siconfi-cor_RO1.9.9.0.00.00.00;40271,65
Prefeitura Municipal de Benjamin Constant - AM;1300607;AM;40417;Receitas Brutas Realizadas;1.9.9.0.99.00.00 - Outras Receitas;siconfi-cor_RO1.9.9.0.99.00.00;40271,65
Prefeitura Municipal de Benjamin Constant - AM;1300607;AM;40417;Receitas Brutas Realizadas;2.0.0.0.00.00.00 - Receitas de Capital;siconfi-cor_RO2.0.0.0.00.00.00;168448,72
Prefeitura Municipal de Benjamin Constant - AM;1300607;AM;40417;Receitas Brutas Realizadas;2.4.0.0.00.00.00 - Transferências de Capital;siconfi-cor_RO2.4.0.0.00.00.00;168448,72
Prefeitura Municipal de Benjamin Constant - AM;1300607;AM;40417;Receitas Brutas Realizadas;2.4.2.0.00.00.00 - Transferências Intergovernamentais;siconfi-cor_RO2.4.2.0.00.00.00;127080
Prefeitura Municipal de Benjamin Constant - AM;1300607;AM;40417;Receitas Brutas Realizadas;2.4.2.1.00.00.00 - Transferências da União;siconfi-cor_RO2.4.2.1.00.00.00;127080
Prefeitura Municipal de Benjamin Constant - AM;1300607;AM;40417;Receitas Brutas Realizadas;2.4.2.1.01.00.00 - Participação na Receita da União;siconfi-cor_RO2.4.2.1.01.00.00;127080
Prefeitura Municipal de Benjamin Constant - AM;1300607;AM;40417;Receitas Brutas Realizadas;2.4.7.0.00.00.00 - Transferências de Convênios;siconfi-cor_RO2.4.7.0.00.00.00;41368,72
Prefeitura Municipal de Benjamin Constant - AM;1300607;AM;40417;Receitas Brutas Realizadas;2.4.7.1.00.00.00 - Transferências de Convênios da União e de suas Entidades;siconfi-cor_RO2.4.7.1.00.00.00;41368,72
Prefeitura Municipal de Benjamin Constant - AM;1300607;AM;40417;Receitas Brutas Realizadas;2.4.7.1.99.00.00 - Outras Transferências de Convênios da União;siconfi-cor_RO2.4.7.1.99.00.00;41368,72
Prefeitura Municipal de Benjamin Constant - AM;1300607;AM;40417;Receitas Brutas Realizadas;7.0.0.0.00.00.00 - Receitas Correntes Intraorçamentárias;siconfi-cor_RI7.0.0.0.00.00.00;4008303,56
Prefeitura Municipal de Benjamin Constant - AM;1300607;AM;40417;Receitas Brutas Realizadas;7.2.0.0.00.00.00 - Receitas de Contribuições Intraorçamentárias;siconfi-cor_RI7.2.0.0.00.00.00;3999672,92
Prefeitura Municipal de Benjamin Constant - AM;1300607;AM;40417;Receitas Brutas Realizadas;7.2.1.0.00.00.00 - Contribuições Sociais Intraorçamentárias;siconfi-cor_RI7.2.1.0.00.00.00;3999672,92
Prefeitura Municipal de Benjamin Constant - AM;1300607;AM;40417;Receitas Brutas Realizadas;7.2.1.0.29.00.00 - Contribuições para o Regime Próprio de Previdência do Servidor Público Intraorçamentárias;siconfi-cor_RI7.2.1.0.29.00.00;3999672,92
Prefeitura Municipal de Benjamin Constant - AM;1300607;AM;40417;Receitas Brutas Realizadas;7.2.1.0.29.01.00 - Contribuição Patronal de Servidor Ativo Civil para o Regime Próprio Intraorçamentária;siconfi-cor_RI7.2.1.0.29.01.00;3571833,07
Prefeitura Municipal de Benjamin Constant - AM;1300607;AM;40417;Receitas Brutas Realizadas;7.2.1.0.29.99.00 - Outras Contribuições para o Regime Próprio de Previdência do Servidor Público Intraorçamentárias;siconfi-cor_RI7.2.1.0.29.99.00;427839,85
Prefeitura Municipal de Benjamin Constant - AM;1300607;AM;40417;Receitas Brutas Realizadas;7.9.0.0.00.00.00 - Outras Receitas Correntes Intraorçamentárias;siconfi-cor_RI7.9.0.0.00.00.00;8630,64
Prefeitura Municipal de Benjamin Constant - AM;1300607;AM;40417;Receitas Brutas Realizadas;7.9.1.2.00.00.00 - Multas e Juros de Mora das Contribuições Intraorçamentárias;siconfi-cor_RI7.9.1.2.00.00.00;8630,64
Prefeitura Municipal de Benjamin Constant - AM;1300607;AM;40417;Receitas Brutas Realizadas;7.9.1.2.29.00.00 - Multas e Juros de Mora das Contribuições para o Regime Próprio de Previdência do Servidor Intraorçamentárias;siconfi-cor_RI7.9.1.2.29.00.00;8630,64
Prefeitura Municipal de Benjamin Constant - AM;1300607;AM;40417;Outras Deduções da Receita;Total Receitas;siconfi-cor_TotalReceitas;5972159,78
Prefeitura Municipal de Benjamin Constant - AM;1300607;AM;40417;Outras Deduções da Receita;1.0.0.0.00.00.00 - Receitas Correntes;siconfi-cor_RO1.0.0.0.00.00.00;5972159,78
Prefeitura Municipal de Benjamin Constant - AM;1300607;AM;40417;Outras Deduções da Receita;1.7.0.0.00.00.00 - Transferências Correntes;siconfi-cor_RO1.7.0.0.00.00.00;5972159,78
Prefeitura Municipal de Benjamin Constant - AM;1300607;AM;40417;Outras Deduções da Receita;1.7.2.0.00.00.00 - Transferências Intergovernamentais;siconfi-cor_RO1.7.2.0.00.00.00;5972159,78
Prefeitura Municipal de Benjamin Constant - AM;1300607;AM;40417;Outras Deduções da Receita;1.7.2.1.00.00.00 - Transferências da União;siconfi-cor_RO1.7.2.1.00.00.00;3789000,51
Prefeitura Municipal de Benjamin Constant - AM;1300607;AM;40417;Outras Deduções da Receita;1.7.2.1.01.00.00 - Participação na Receita da União;siconfi-cor_RO1.7.2.1.01.00.00;3783802,11
Prefeitura Municipal de Benjamin Constant - AM;1300607;AM;40417;Outras Deduções da Receita;1.7.2.1.01.02.00 - Cota-Parte do Fundo de Participação dos Municípios ¿ FPM;siconfi-cor_RO1.7.2.1.01.02.00;3783799,11
Prefeitura Municipal de Benjamin Constant - AM;1300607;AM;40417;Outras Deduções da Receita;1.7.2.1.01.05.00 - Cota-Parte do Imposto Sobre a Propriedade Territorial Rural ¿ ITR;siconfi-cor_RO1.7.2.1.01.05.00;3
Prefeitura Municipal de Benjamin Constant - AM;1300607;AM;40417;Outras Deduções da Receita;1.7.2.1.36.00.00 - Transferências Financeiras do ICMS ¿ Desoneração ¿ L.C. Nº 87/96;siconfi-cor_RO1.7.2.1.36.00.00;5198,4
Prefeitura Municipal de Benjamin Constant - AM;1300607;AM;40417;Outras Deduções da Receita;1.7.2.2.00.00.00 - Transferências dos Estados;siconfi-cor_RO1.7.2.2.00.00.00;2183159,27
Prefeitura Municipal de Benjamin Constant - AM;1300607;AM;40417;Outras Deduções da Receita;1.7.2.2.01.00.00 - Participação na Receita dos Estados;siconfi-cor_RO1.7.2.2.01.00.00;2183159,27
Prefeitura Municipal de Benjamin Constant - AM;1300607;AM;40417;Outras Deduções da Receita;1.7.2.2.01.01.00 - Cota-Parte do ICMS;siconfi-cor_RO1.7.2.2.01.01.00;2168449,71
Prefeitura Municipal de Benjamin Constant - AM;1300607;AM;40417;Outras Deduções da Receita;1.7.2.2.01.02.00 - Cota-Parte do IPVA;siconfi-cor_RO1.7.2.2.01.02.00;6011,6
Prefeitura Municipal de Benjamin Constant - AM;1300607;AM;40417;Outras Deduções da Receita;1.7.2.2.01.04.00 - Cota-Parte do IPI - Municípios;siconfi-cor_RO1.7.2.2.01.04.00;8697,96
Prefeitura Municipal de Juruá - AM;1302207;AM;13581;Receitas Brutas Realizadas;Total Receitas;siconfi-cor_TotalReceitas;32668015,95
Prefeitura Municipal de Juruá - AM;1302207;AM;13581;Receitas Brutas Realizadas;1.0.0.0.00.00.00 - Receitas Correntes;siconfi-cor_RO1.0.0.0.00.00.00;32127504,13
Prefeitura Municipal de Juruá - AM;1302207;AM;13581;Receitas Brutas Realizadas;1.1.0.0.00.00.00 - Receita Tributária;siconfi-cor_RO1.1.0.0.00.00.00;633412,94
Prefeitura Municipal de Juruá - AM;1302207;AM;13581;Receitas Brutas Realizadas;1.1.1.0.00.00.00 - Impostos;siconfi-cor_RO1.1.1.0.00.00.00;633412,94
Prefeitura Municipal de Juruá - AM;1302207;AM;13581;Receitas Brutas Realizadas;1.1.1.2.00.00.00 - Impostos sobre o Patrimônio e a Renda;siconfi-cor_RO1.1.1.2.00.00.00;376581,15
Prefeitura Municipal de Juruá - AM;1302207;AM;13581;Receitas Brutas Realizadas;1.1.1.2.02.00.00 - Imposto sobre a Propriedade Predial e Territorial Urbana ¿ IPTU;siconfi-cor_RO1.1.1.2.02.00.00;9581,75
Prefeitura Municipal de Juruá - AM;1302207;AM;13581;Receitas Brutas Realizadas;1.1.1.2.04.00.00 - Imposto sobre a Renda e Proventos de Qualquer Natureza ¿ IR;siconfi-cor_RO1.1.1.2.04.00.00;366999,4
Prefeitura Municipal de Juruá - AM;1302207;AM;13581;Receitas Brutas Realizadas;1.1.1.2.04.31.00 - Retido nas Fontes - Trabalho;siconfi-cor_RO1.1.1.2.04.31.00;141693,27
Prefeitura Municipal de Juruá - AM;1302207;AM;13581;Receitas Brutas Realizadas;1.1.1.2.04.34.00 - Retido nas Fontes - Outros Rendimentos;siconfi-cor_RO1.1.1.2.04.34.00;225306,13
Prefeitura Municipal de Juruá - AM;1302207;AM;13581;Receitas Brutas Realizadas;1.1.1.3.00.00.00 - Impostos sobre a Produção e a Circulação;siconfi-cor_RO1.1.1.3.00.00.00;256831,79
Prefeitura Municipal de Juruá - AM;1302207;AM;13581;Receitas Brutas Realizadas;1.1.1.3.05.00.00 - Imposto sobre Serviços de Qualquer Natureza ¿ ISSQN;siconfi-cor_RO1.1.1.3.05.00.00;256831,79
Prefeitura Municipal de Juruá - AM;1302207;AM;13581;Receitas Brutas Realizadas;1.2.0.0.00.00.00 - Receitas de Contribuições;siconfi-cor_RO1.2.0.0.00.00.00;127998,87
Prefeitura Municipal de Juruá - AM;1302207;AM;13581;Receitas Brutas Realizadas;1.2.2.0.00.00.00 - Contribuições de Intervenção no Domínio Econômico;siconfi-cor_RO1.2.2.0.00.00.00;127998,87
Prefeitura Municipal de Juruá - AM;1302207;AM;13581;Receitas Brutas Realizadas;1.2.2.0.99.00.00 - Outras Contribuições Econômicas;siconfi-cor_RO1.2.2.0.99.00.00;127998,87
Prefeitura Municipal de Juruá - AM;1302207;AM;13581;Receitas Brutas Realizadas;1.3.0.0.00.00.00 - Receita Patrimonial;siconfi-cor_RO1.3.0.0.00.00.00;88733,37
Prefeitura Municipal de Juruá - AM;1302207;AM;13581;Receitas Brutas Realizadas;1.3.2.0.00.00.00 - Receitas de Valores Mobiliários;siconfi-cor_RO1.3.2.0.00.00.00;88733,37
Prefeitura Municipal de Juruá - AM;1302207;AM;13581;Receitas Brutas Realizadas;1.3.2.5.00.00.00 - Remuneração de Depósitos Bancários;siconfi-cor_RO1.3.2.5.00.00.00;88733,37
Prefeitura Municipal de Juruá - AM;1302207;AM;13581;Receitas Brutas Realizadas;1.7.0.0.00.00.00 - Transferências Correntes;siconfi-cor_RO1.7.0.0.00.00.00;30850776,32
Prefeitura Municipal de Juruá - AM;1302207;AM;13581;Receitas Brutas Realizadas;1.7.2.0.00.00.00 - Transferências Intergovernamentais;siconfi-cor_RO1.7.2.0.00.00.00;30850776,32
Prefeitura Municipal de Juruá - AM;1302207;AM;13581;Receitas Brutas Realizadas;1.7.2.1.00.00.00 - Transferências da União;siconfi-cor_RO1.7.2.1.00.00.00;12768194,26
Prefeitura Municipal de Juruá - AM;1302207;AM;13581;Receitas Brutas Realizadas;1.7.2.1.01.00.00 - Participação na Receita da União;siconfi-cor_RO1.7.2.1.01.00.00;9229882,6
Prefeitura Municipal de Juruá - AM;1302207;AM;13581;Receitas Brutas Realizadas;1.7.2.1.01.02.00 - Cota-Parte do Fundo de Participação dos Municípios ¿ FPM;siconfi-cor_RO1.7.2.1.01.02.00;8408443,31
Prefeitura Municipal de Juruá - AM;1302207;AM;13581;Receitas Brutas Realizadas;1.7.2.1.01.03.00 - Cota-Parte do Fundo de Participação dos Municípios - 1% Cota Anual;siconfi-cor_RO1.7.2.1.01.03.00;373200,64
Prefeitura Municipal de Juruá - AM;1302207;AM;13581;Receitas Brutas Realizadas;1.7.2.1.01.04.00 - Cota-Parte do Fundo de Participação dos Municípios - 1% Cota entregue no mês de julho (67)(I);siconfi-cor_RO1.7.2.1.01.04.00;385907,14
Prefeitura Municipal de Juruá - AM;1302207;AM;13581;Receitas Brutas Realizadas;1.7.2.1.01.05.00 - Cota-Parte do Imposto Sobre a Propriedade Territorial Rural ¿ ITR;siconfi-cor_RO1.7.2.1.01.05.00;62331,51
Prefeitura Municipal de Juruá - AM;1302207;AM;13581;Receitas Brutas Realizadas;1.7.2.1.22.00.00 - Transferências da Compensação Financeira pela Exploração de Recursos Naturais;siconfi-cor_RO1.7.2.1.22.00.00;98173,03
Prefeitura Municipal de Juruá - AM;1302207;AM;13581;Receitas Brutas Realizadas;1.7.2.1.22.70.00 - Cota-Parte do Fundo Especial do Petróleo ¿ FEP;siconfi-cor_RO1.7.2.1.22.70.00;98173,03
Prefeitura Municipal de Juruá - AM;1302207;AM;13581;Receitas Brutas Realizadas;1.7.2.1.33.00.00 - Transferências de Recursos do Sistema Único de Saúde - SUS - Repasses Fundo a Fundo;siconfi-cor_RO1.7.2.1.33.00.00;2090608,05
Prefeitura Municipal de Juruá - AM;1302207;AM;13581;Receitas Brutas Realizadas;1.7.2.1.34.00.00 - Transferências de Recursos do Fundo Nacional de Assistência Social ¿ FNAS;siconfi-cor_RO1.7.2.1.34.00.00;645215,66
Prefeitura Municipal de Juruá - AM;1302207;AM;13581;Receitas Brutas Realizadas;1.7.2.1.35.00.00 - Transferências de Recursos do Fundo Nacional do Desenvolvimento da Educação ¿ FNDE;siconfi-cor_RO1.7.2.1.35.00.00;675303,38
Prefeitura Municipal de Juruá - AM;1302207;AM;13581;Receitas Brutas Realizadas;1.7.2.1.36.00.00 - Transferências Financeiras do ICMS ¿ Desoneração ¿ L.C. Nº 87/96;siconfi-cor_RO1.7.2.1.36.00.00;17615,52
Prefeitura Municipal de Juruá - AM;1302207;AM;13581;Receitas Brutas Realizadas;1.7.2.1.99.00.00 - Outras Transferências da União;siconfi-cor_RO1.7.2.1.99.00.00;11396,02
Prefeitura Municipal de Juruá - AM;1302207;AM;13581;Receitas Brutas Realizadas;1.7.2.2.00.00.00 - Transferências dos Estados;siconfi-cor_RO1.7.2.2.00.00.00;7748469,91
Prefeitura Municipal de Juruá - AM;1302207;AM;13581;Receitas Brutas Realizadas;1.7.2.2.01.00.00 - Participação na Receita dos Estados;siconfi-cor_RO1.7.2.2.01.00.00;7419874,18
Prefeitura Municipal de Juruá - AM;1302207;AM;13581;Receitas Brutas Realizadas;1.7.2.2.01.01.00 - Cota-Parte do ICMS;siconfi-cor_RO1.7.2.2.01.01.00;7348093,22
Prefeitura Municipal de Juruá - AM;1302207;AM;13581;Receitas Brutas Realizadas;1.7.2.2.01.02.00 - Cota-Parte do IPVA;siconfi-cor_RO1.7.2.2.01.02.00;6336,67
Prefeitura Municipal de Juruá - AM;1302207;AM;13581;Receitas Brutas Realizadas;1.7.2.2.01.04.00 - Cota-Parte do IPI - Municípios;siconfi-cor_RO1.7.2.2.01.04.00;29474,27
Prefeitura Municipal de Juruá - AM;1302207;AM;13581;Receitas Brutas Realizadas;1.7.2.2.01.13.00 - Cota-Parte da Contribuição de Intervenção no Domínio Econômico;siconfi-cor_RO1.7.2.2.01.13.00;35970,02
Prefeitura Municipal de Juruá - AM;1302207;AM;13581;Receitas Brutas Realizadas;1.7.2.2.22.00.00 - Transferências da Cota-Parte da Compensação Financeira (25%);siconfi-cor_RO1.7.2.2.22.00.00;79246,15
Prefeitura Municipal de Juruá - AM;1302207;AM;13581;Receitas Brutas Realizadas;1.7.2.2.22.30.00 - Cota-Parte Royalties - Compensação Financeira pela Produção de Petróleo - Lei nº 7.990/89 artigo 9º;siconfi-cor_RO1.7.2.2.22.30.00;79246,15
Prefeitura Municipal de Juruá - AM;1302207;AM;13581;Receitas Brutas Realizadas;1.7.2.2.33.00.00 - Transferências de Recursos do Estado para Programas de Saúde - Repasse Fundo a Fundo;siconfi-cor_RO1.7.2.2.33.00.00;249349,58
Prefeitura Municipal de Juruá - AM;1302207;AM;13581;Receitas Brutas Realizadas;1.7.2.4.00.00.00 - Transferências Multigovernamentais;siconfi-cor_RO1.7.2.4.00.00.00;10334112,15
Prefeitura Municipal de Juruá - AM;1302207;AM;13581;Receitas Brutas Realizadas;1.7.2.4.01.00.00 - Transferências de Recursos do Fundo de Manutenção e Desenvolvimento do Ensino Fundamental e de Valorização do Magistério - FUNDEB;siconfi-cor_RO1.7.2.4.01.00.00;7910840,23
Prefeitura Municipal de Juruá - AM;1302207;AM;13581;Receitas Brutas Realizadas;1.7.2.4.02.00.00 - Transferências de Recursos da Complementação ao Fundo de Manutenção e Desenvolvimento do Ensino Fundamental e de Valorização do Magistério - FUNDEB;siconfi-cor_RO1.7.2.4.02.00.00;2423271,92
Prefeitura Municipal de Juruá - AM;1302207;AM;13581;Receitas Brutas Realizadas;1.9.0.0.00.00.00 - Outras Receitas Correntes;siconfi-cor_RO1.9.0.0.00.00.00;426582,63
Prefeitura Municipal de Juruá - AM;1302207;AM;13581;Receitas Brutas Realizadas;1.9.9.0.00.00.00 - Receitas Diversas;siconfi-cor_RO1.9.9.0.00.00.00;426582,63
Prefeitura Municipal de Juruá - AM;1302207;AM;13581;Receitas Brutas Realizadas;1.9.9.0.99.00.00 - Outras Receitas;siconfi-cor_RO1.9.9.0.99.00.00;426582,63
Prefeitura Municipal de Juruá - AM;1302207;AM;13581;Receitas Brutas Realizadas;2.0.0.0.00.00.00 - Receitas de Capital;siconfi-cor_RO2.0.0.0.00.00.00;540511,82
Prefeitura Municipal de Juruá - AM;1302207;AM;13581;Receitas Brutas Realizadas;2.4.0.0.00.00.00 - Transferências de Capital;siconfi-cor_RO2.4.0.0.00.00.00;540511,82
Prefeitura Municipal de Juruá - AM;1302207;AM;13581;Receitas Brutas Realizadas;2.4.2.0.00.00.00 - Transferências Intergovernamentais;siconfi-cor_RO2.4.2.0.00.00.00;40511,82
Prefeitura Municipal de Juruá - AM;1302207;AM;13581;Receitas Brutas Realizadas;2.4.2.1.00.00.00 - Transferências da União;siconfi-cor_RO2.4.2.1.00.00.00;40511,82
Prefeitura Municipal de Juruá - AM;1302207;AM;13581;Receitas Brutas Realizadas;2.4.2.1.02.00.00 - Transferências de Recursos Destinados a Programas de Educação;siconfi-cor_RO2.4.2.1.02.00.00;40511,82
Prefeitura Municipal de Juruá - AM;1302207;AM;13581;Receitas Brutas Realizadas;2.4.7.0.00.00.00 - Transferências de Convênios;siconfi-cor_RO2.4.7.0.00.00.00;500000
Prefeitura Municipal de Juruá - AM;1302207;AM;13581;Receitas Brutas Realizadas;2.4.7.1.00.00.00 - Transferências de Convênios da União e de suas Entidades;siconfi-cor_RO2.4.7.1.00.00.00;500000
Prefeitura Municipal de Juruá - AM;1302207;AM;13581;Receitas Brutas Realizadas;2.4.7.1.99.00.00 - Outras Transferências de Convênios da União;siconfi-cor_RO2.4.7.1.99.00.00;500000
Prefeitura Municipal de Juruá - AM;1302207;AM;13581;Deduções - Transferências Constitucionais;Total Receitas;siconfi-cor_TotalReceitas;-3174458,31
Prefeitura Municipal de Juruá - AM;1302207;AM;13581;Deduções - Transferências Constitucionais;1.0.0.0.00.00.00 - Receitas Correntes;siconfi-cor_RO1.0.0.0.00.00.00;-3174458,31
Prefeitura Municipal de Juruá - AM;1302207;AM;13581;Deduções - Transferências Constitucionais;1.7.0.0.00.00.00 - Transferências Correntes;siconfi-cor_RO1.7.0.0.00.00.00;-3174458,31
Prefeitura Municipal de Juruá - AM;1302207;AM;13581;Deduções - Transferências Constitucionais;1.7.2.0.00.00.00 - Transferências Intergovernamentais;siconfi-cor_RO1.7.2.0.00.00.00;-3174458,31
Prefeitura Municipal de Juruá - AM;1302207;AM;13581;Deduções - Transferências Constitucionais;1.7.2.1.00.00.00 - Transferências da União;siconfi-cor_RO1.7.2.1.00.00.00;-1697677,67
Prefeitura Municipal de Juruá - AM;1302207;AM;13581;Deduções - Transferências Constitucionais;1.7.2.1.01.00.00 - Participação na Receita da União;siconfi-cor_RO1.7.2.1.01.00.00;-1694154,59
Prefeitura Municipal de Juruá - AM;1302207;AM;13581;Deduções - Transferências Constitucionais;1.7.2.1.01.02.00 - Cota-Parte do Fundo de Participação dos Municípios ¿ FPM;siconfi-cor_RO1.7.2.1.01.02.00;-1681688,32
Prefeitura Municipal de Juruá - AM;1302207;AM;13581;Deduções - Transferências Constitucionais;1.7.2.1.01.05.00 - Cota-Parte do Imposto Sobre a Propriedade Territorial Rural ¿ ITR;siconfi-cor_RO1.7.2.1.01.05.00;-12466,27
Prefeitura Municipal de Juruá - AM;1302207;AM;13581;Deduções - Transferências Constitucionais;1.7.2.1.36.00.00 - Transferências Financeiras do ICMS ¿ Desoneração ¿ L.C. Nº 87/96;siconfi-cor_RO1.7.2.1.36.00.00;-3523,08
Prefeitura Municipal de Juruá - AM;1302207;AM;13581;Deduções - Transferências Constitucionais;1.7.2.2.00.00.00 - Transferências dos Estados;siconfi-cor_RO1.7.2.2.00.00.00;-1476780,64
Prefeitura Municipal de Juruá - AM;1302207;AM;13581;Deduções - Transferências Constitucionais;1.7.2.2.01.00.00 - Participação na Receita dos Estados;siconfi-cor_RO1.7.2.2.01.00.00;-1476780,64
Prefeitura Municipal de Juruá - AM;1302207;AM;13581;Deduções - Transferências Constitucionais;1.7.2.2.01.01.00 - Cota-Parte do ICMS;siconfi-cor_RO1.7.2.2.01.01.00;-1469618,63
Prefeitura Municipal de Juruá - AM;1302207;AM;13581;Deduções - Transferências Constitucionais;1.7.2.2.01.02.00 - Cota-Parte do IPVA;siconfi-cor_RO1.7.2.2.01.02.00;-1267,16
Prefeitura Municipal de Juruá - AM;1302207;AM;13581;Deduções - Transferências Constitucionais;1.7.2.2.01.04.00 - Cota-Parte do IPI - Municípios;siconfi-cor_RO1.7.2.2.01.04.00;-5894,85
Prefeitura Municipal de Manicoré - AM;1302702;AM;53890;Receitas Brutas Realizadas;Total Receitas;siconfi-cor_TotalReceitas;94783838,16
Prefeitura Municipal de Manicoré - AM;1302702;AM;53890;Receitas Brutas Realizadas;1.0.0.0.00.00.00 - Receitas Correntes;siconfi-cor_RO1.0.0.0.00.00.00;91586976,1
Prefeitura Municipal de Manicoré - AM;1302702;AM;53890;Receitas Brutas Realizadas;1.1.0.0.00.00.00 - Receita Tributária;siconfi-cor_RO1.1.0.0.00.00.00;2962663,29
Prefeitura Municipal de Manicoré - AM;1302702;AM;53890;Receitas Brutas Realizadas;1.1.1.0.00.00.00 - Impostos;siconfi-cor_RO1.1.1.0.00.00.00;2788041,72
Prefeitura Municipal de Manicoré - AM;1302702;AM;53890;Receitas Brutas Realizadas;1.1.1.2.00.00.00 - Impostos sobre o Patrimônio e a Renda;siconfi-cor_RO1.1.1.2.00.00.00;765885,59
Prefeitura Municipal de Manicoré - AM;1302702;AM;53890;Receitas Brutas Realizadas;1.1.1.2.02.00.00 - Imposto sobre a Propriedade Predial e Territorial Urbana ¿ IPTU;siconfi-cor_RO1.1.1.2.02.00.00;10829,05
Prefeitura Municipal de Manicoré - AM;1302702;AM;53890;Receitas Brutas Realizadas;1.1.1.2.04.00.00 - Imposto sobre a Renda e Proventos de Qualquer Natureza ¿ IR;siconfi-cor_RO1.1.1.2.04.00.00;752656,54
Prefeitura Municipal de Manicoré - AM;1302702;AM;53890;Receitas Brutas Realizadas;1.1.1.2.04.31.00 - Retido nas Fontes - Trabalho;siconfi-cor_RO1.1.1.2.04.31.00;537260,07
Prefeitura Municipal de Manicoré - AM;1302702;AM;53890;Receitas Brutas Realizadas;1.1.1.2.04.34.00 - Retido nas Fontes - Outros Rendimentos;siconfi-cor_RO1.1.1.2.04.34.00;215396,47
Prefeitura Municipal de Manicoré - AM;1302702;AM;53890;Receitas Brutas Realizadas;"1.1.1.2.08.00.00 - Imposto sobre Transmissão Inter Vivos"" de Bens Imóveis e de Direitos Reais sobre Imóveis ¿ ITBI""";siconfi-cor_RO1.1.1.2.08.00.00;2400
Prefeitura Municipal de Manicoré - AM;1302702;AM;53890;Receitas Brutas Realizadas;1.1.1.3.00.00.00 - Impostos sobre a Produção e a Circulação;siconfi-cor_RO1.1.1.3.00.00.00;2022156,13
Prefeitura Municipal de Manicoré - AM;1302702;AM;53890;Receitas Brutas Realizadas;1.1.1.3.05.00.00 - Imposto sobre Serviços de Qualquer Natureza ¿ ISSQN;siconfi-cor_RO1.1.1.3.05.00.00;2022156,13
Prefeitura Municipal de Manicoré - AM;1302702;AM;53890;Receitas Brutas Realizadas;1.1.2.0.00.00.00 - Taxas;siconfi-cor_RO1.1.2.0.00.00.00;24427,94
Prefeitura Municipal de Manicoré - AM;1302702;AM;53890;Receitas Brutas Realizadas;1.1.2.1.00.00.00 - Taxas pelo Exercício do Poder de Polícia;siconfi-cor_RO1.1.2.1.00.00.00;13780,52
Prefeitura Municipal de Manicoré - AM;1302702;AM;53890;Receitas Brutas Realizadas;1.1.2.2.00.00.00 - Taxas pela Prestação de Serviços;siconfi-cor_RO1.1.2.2.00.00.00;10647,42
Prefeitura Municipal de Manicoré - AM;1302702;AM;53890;Receitas Brutas Realizadas;1.1.2.2.99.00.00 - Outras Taxas pela Prestação de Serviços;siconfi-cor_RO1.1.2.2.99.00.00;10647,42
Prefeitura Municipal de Manicoré - AM;1302702;AM;53890;Receitas Brutas Realizadas;1.1.3.0.00.00.00 - Contribuição de Melhoria;siconfi-cor_RO1.1.3.0.00.00.00;150193,63
Prefeitura Municipal de Manicoré - AM;1302702;AM;53890;Receitas Brutas Realizadas;1.1.3.0.02.00.00 - Contribuição de Melhoria para Expansão da Rede de Iluminação Pública na Cidade;siconfi-cor_RO1.1.3.0.02.00.00;150193,63
Prefeitura Municipal de Manicoré - AM;1302702;AM;53890;Receitas Brutas Realizadas;1.2.0.0.00.00.00 - Receitas de Contribuições;siconfi-cor_RO1.2.0.0.00.00.00;2085128,53
Prefeitura Municipal de Manicoré - AM;1302702;AM;53890;Receitas Brutas Realizadas;1.2.1.0.00.00.00 - Contribuições Sociais;siconfi-cor_RO1.2.1.0.00.00.00;2085128,53
Prefeitura Municipal de Manicoré - AM;1302702;AM;53890;Receitas Brutas Realizadas;1.2.1.0.29.00.00 - Contribuições para o Regime Próprio de Previdência do Servidor Público;siconfi-cor_RO1.2.1.0.29.00.00;2085128,53
Prefeitura Municipal de Manicoré - AM;1302702;AM;53890;Receitas Brutas Realizadas;1.2.1.0.29.07.00 - Contribuição do Servidor Ativo Civil para o Regime Próprio;siconfi-cor_RO1.2.1.0.29.07.00;2085128,53
Prefeitura Municipal de Manicoré - AM;1302702;AM;53890;Receitas Brutas Realizadas;1.3.0.0.00.00.00 - Receita Patrimonial;siconfi-cor_RO1.3.0.0.00.00.00;532403,77
Prefeitura Municipal de Manicoré - AM;1302702;AM;53890;Receitas Brutas Realizadas;1.3.2.0.00.00.00 - Receitas de Valores Mobiliários;siconfi-cor_RO1.3.2.0.00.00.00;532403,77
Prefeitura Municipal de Manicoré - AM;1302702;AM;53890;Receitas Brutas Realizadas;1.3.2.2.00.00.00 - Dividendos;siconfi-cor_RO1.3.2.2.00.00.00;258,21
Prefeitura Municipal de Manicoré - AM;1302702;AM;53890;Receitas Brutas Realizadas;1.3.2.5.00.00.00 - Remuneração de Depósitos Bancários;siconfi-cor_RO1.3.2.5.00.00.00;532145,56
Prefeitura Municipal de Manicoré - AM;1302702;AM;53890;Receitas Brutas Realizadas;1.4.0.0.00.00.00 - Receita Agropecuária;siconfi-cor_RO1.4.0.0.00.00.00;1871
Prefeitura Municipal de Manicoré - AM;1302702;AM;53890;Receitas Brutas Realizadas;1.4.2.0.00.00.00 - Receita da Produção Animal e Derivados;siconfi-cor_RO1.4.2.0.00.00.00;1871
Prefeitura Municipal de Manicoré - AM;1302702;AM;53890;Receitas Brutas Realizadas;1.6.0.0.00.00.00 - Receita de Serviços;siconfi-cor_RO1.6.0.0.00.00.00;80701,87
Prefeitura Municipal de Manicoré - AM;1302702;AM;53890;Receitas Brutas Realizadas;1.6.0.0.26.00.00 - Serviços de Fornecimento de Água;siconfi-cor_RO1.6.0.0.26.00.00;80701,87
Prefeitura Municipal de Manicoré - AM;1302702;AM;53890;Receitas Brutas Realizadas;1.7.0.0.00.00.00 - Transferências Correntes;siconfi-cor_RO1.7.0.0.00.00.00;85834020,03
Prefeitura Municipal de Manicoré - AM;1302702;AM;53890;Receitas Brutas Realizadas;1.7.2.0.00.00.00 - Transferências Intergovernamentais;siconfi-cor_RO1.7.2.0.00.00.00;85834020,03
Prefeitura Municipal de Manicoré - AM;1302702;AM;53890;Receitas Brutas Realizadas;1.7.2.1.00.00.00 - Transferências da União;siconfi-cor_RO1.7.2.1.00.00.00;36284485,65
Prefeitura Municipal de Manicoré - AM;1302702;AM;53890;Receitas Brutas Realizadas;1.7.2.1.01.00.00 - Participação na Receita da União;siconfi-cor_RO1.7.2.1.01.00.00;25225622,56
Prefeitura Municipal de Manicoré - AM;1302702;AM;53890;Receitas Brutas Realizadas;1.7.2.1.01.02.00 - Cota-Parte do Fundo de Participação dos Municípios ¿ FPM;siconfi-cor_RO1.7.2.1.01.02.00;23123694,88
Prefeitura Municipal de Manicoré - AM;1302702;AM;53890;Receitas Brutas Realizadas;1.7.2.1.01.03.00 - Cota-Parte do Fundo de Participação dos Municípios - 1% Cota Anual;siconfi-cor_RO1.7.2.1.01.03.00;1026301,74
Prefeitura Municipal de Manicoré - AM;1302702;AM;53890;Receitas Brutas Realizadas;1.7.2.1.01.04.00 - Cota-Parte do Fundo de Participação dos Municípios - 1% Cota entregue no mês de julho (67)(I);siconfi-cor_RO1.7.2.1.01.04.00;1061244,65
Prefeitura Municipal de Manicoré - AM;1302702;AM;53890;Receitas Brutas Realizadas;1.7.2.1.01.05.00 - Cota-Parte do Imposto Sobre a Propriedade Territorial Rural ¿ ITR;siconfi-cor_RO1.7.2.1.01.05.00;14381,29
Prefeitura Municipal de Manicoré - AM;1302702;AM;53890;Receitas Brutas Realizadas;1.7.2.1.22.00.00 - Transferências da Compensação Financeira pela Exploração de Recursos Naturais;siconfi-cor_RO1.7.2.1.22.00.00;269975,83
Prefeitura Municipal de Manicoré - AM;1302702;AM;53890;Receitas Brutas Realizadas;1.7.2.1.22.70.00 - Cota-Parte do Fundo Especial do Petróleo ¿ FEP;siconfi-cor_RO1.7.2.1.22.70.00;269975,83
Prefeitura Municipal de Manicoré - AM;1302702;AM;53890;Receitas Brutas Realizadas;1.7.2.1.33.00.00 - Transferências de Recursos do Sistema Único de Saúde - SUS - Repasses Fundo a Fundo;siconfi-cor_RO1.7.2.1.33.00.00;7104637,99
Prefeitura Municipal de Manicoré - AM;1302702;AM;53890;Receitas Brutas Realizadas;1.7.2.1.34.00.00 - Transferências de Recursos do Fundo Nacional de Assistência Social ¿ FNAS;siconfi-cor_RO1.7.2.1.34.00.00;1079901,63
Prefeitura Municipal de Manicoré - AM;1302702;AM;53890;Receitas Brutas Realizadas;1.7.2.1.35.00.00 - Transferências de Recursos do Fundo Nacional do Desenvolvimento da Educação ¿ FNDE;siconfi-cor_RO1.7.2.1.35.00.00;2550438,38
Prefeitura Municipal de Manicoré - AM;1302702;AM;53890;Receitas Brutas Realizadas;1.7.2.1.36.00.00 - Transferências Financeiras do ICMS ¿ Desoneração ¿ L.C. Nº 87/96;siconfi-cor_RO1.7.2.1.36.00.00;32733,12
Prefeitura Municipal de Manicoré - AM;1302702;AM;53890;Receitas Brutas Realizadas;1.7.2.1.99.00.00 - Outras Transferências da União;siconfi-cor_RO1.7.2.1.99.00.00;21176,14
Prefeitura Municipal de Manicoré - AM;1302702;AM;53890;Receitas Brutas Realizadas;1.7.2.2.00.00.00 - Transferências dos Estados;siconfi-cor_RO1.7.2.2.00.00.00;14771421,17
Prefeitura Municipal de Manicoré - AM;1302702;AM;53890;Receitas Brutas Realizadas;1.7.2.2.01.00.00 - Participação na Receita dos Estados;siconfi-cor_RO1.7.2.2.01.00.00;13980155,97
Prefeitura Municipal de Manicoré - AM;1302702;AM;53890;Receitas Brutas Realizadas;1.7.2.2.01.01.00 - Cota-Parte do ICMS;siconfi-cor_RO1.7.2.2.01.01.00;13654264,72
Prefeitura Municipal de Manicoré - AM;1302702;AM;53890;Receitas Brutas Realizadas;1.7.2.2.01.02.00 - Cota-Parte do IPVA;siconfi-cor_RO1.7.2.2.01.02.00;159186,72
Prefeitura Municipal de Manicoré - AM;1302702;AM;53890;Receitas Brutas Realizadas;1.7.2.2.01.04.00 - Cota-Parte do IPI - Municípios;siconfi-cor_RO1.7.2.2.01.04.00;54769,23
Prefeitura Municipal de Manicoré - AM;1302702;AM;53890;Receitas Brutas Realizadas;1.7.2.2.01.13.00 - Cota-Parte da Contribuição de Intervenção no Domínio Econômico;siconfi-cor_RO1.7.2.2.01.13.00;111935,3
Prefeitura Municipal de Manicoré - AM;1302702;AM;53890;Receitas Brutas Realizadas;1.7.2.2.22.00.00 - Transferências da Cota-Parte da Compensação Financeira (25%);siconfi-cor_RO1.7.2.2.22.00.00;147255,62
Prefeitura Municipal de Manicoré - AM;1302702;AM;53890;Receitas Brutas Realizadas;1.7.2.2.22.30.00 - Cota-Parte Royalties - Compensação Financeira pela Produção de Petróleo - Lei nº 7.990/89 artigo 9º;siconfi-cor_RO1.7.2.2.22.30.00;147255,62
Prefeitura Municipal de Manicoré - AM;1302702;AM;53890;Receitas Brutas Realizadas;1.7.2.2.33.00.00 - Transferências de Recursos do Estado para Programas de Saúde - Repasse Fundo a Fundo;siconfi-cor_RO1.7.2.2.33.00.00;644009,58
Prefeitura Municipal de Manicoré - AM;1302702;AM;53890;Receitas Brutas Realizadas;1.7.2.4.00.00.00 - Transferências Multigovernamentais;siconfi-cor_RO1.7.2.4.00.00.00;34778113,21
Prefeitura Municipal de Manicoré - AM;1302702;AM;53890;Receitas Brutas Realizadas;1.7.2.4.01.00.00 - Transferências de Recursos do Fundo de Manutenção e Desenvolvimento do Ensino Fundamental e de Valorização do Magistério - FUNDEB;siconfi-cor_RO1.7.2.4.01.00.00;26983859,06
Prefeitura Municipal de Manicoré - AM;1302702;AM;53890;Receitas Brutas Realizadas;1.7.2.4.02.00.00 - Transferências de Recursos da Complementação ao Fundo de Manutenção e Desenvolvimento do Ensino Fundamental e de Valorização do Magistério - FUNDEB;siconfi-cor_RO1.7.2.4.02.00.00;7794254,15
Prefeitura Municipal de Manicoré - AM;1302702;AM;53890;Receitas Brutas Realizadas;1.9.0.0.00.00.00 - Outras Receitas Correntes;siconfi-cor_RO1.9.0.0.00.00.00;90187,61
Prefeitura Municipal de Manicoré - AM;1302702;AM;53890;Receitas Brutas Realizadas;1.9.9.0.00.00.00 - Receitas Diversas;siconfi-cor_RO1.9.9.0.00.00.00;90187,61
Prefeitura Municipal de Manicoré - AM;1302702;AM;53890;Receitas Brutas Realizadas;1.9.9.0.99.00.00 - Outras Receitas;siconfi-cor_RO1.9.9.0.99.00.00;90187,61
Prefeitura Municipal de Manicoré - AM;1302702;AM;53890;Receitas Brutas Realizadas;2.0.0.0.00.00.00 - Receitas de Capital;siconfi-cor_RO2.0.0.0.00.00.00;1252940,97
Prefeitura Municipal de Manicoré - AM;1302702;AM;53890;Receitas Brutas Realizadas;2.4.0.0.00.00.00 - Transferências de Capital;siconfi-cor_RO2.4.0.0.00.00.00;1252940,97
Prefeitura Municipal de Manicoré - AM;1302702;AM;53890;Receitas Brutas Realizadas;2.4.2.0.00.00.00 - Transferências Intergovernamentais;siconfi-cor_RO2.4.2.0.00.00.00;204800
Prefeitura Municipal de Manicoré - AM;1302702;AM;53890;Receitas Brutas Realizadas;2.4.2.1.00.00.00 - Transferências da União;siconfi-cor_RO2.4.2.1.00.00.00;204800
Prefeitura Municipal de Manicoré - AM;1302702;AM;53890;Receitas Brutas Realizadas;2.4.2.1.99.00.00 - Outras Transferências da União;siconfi-cor_RO2.4.2.1.99.00.00;204800
Prefeitura Municipal de Manicoré - AM;1302702;AM;53890;Receitas Brutas Realizadas;2.4.7.0.00.00.00 - Transferências de Convênios;siconfi-cor_RO2.4.7.0.00.00.00;1048140,97
Prefeitura Municipal de Manicoré - AM;1302702;AM;53890;Receitas Brutas Realizadas;2.4.7.2.00.00.00 - Transferências de Convênios dos Estados e do Distrito Federal e de suas Entidades;siconfi-cor_RO2.4.7.2.00.00.00;1048140,97
Prefeitura Municipal de Manicoré - AM;1302702;AM;53890;Receitas Brutas Realizadas;2.4.7.2.99.00.00 - Outras Transferências de Convênios dos Estados;siconfi-cor_RO2.4.7.2.99.00.00;1048140,97
Prefeitura Municipal de Manicoré - AM;1302702;AM;53890;Receitas Brutas Realizadas;7.0.0.0.00.00.00 - Receitas Correntes Intraorçamentárias;siconfi-cor_RI7.0.0.0.00.00.00;1943921,09
Prefeitura Municipal de Manicoré - AM;1302702;AM;53890;Receitas Brutas Realizadas;7.2.0.0.00.00.00 - Receitas de Contribuições Intraorçamentárias;siconfi-cor_RI7.2.0.0.00.00.00;1943921,09
Prefeitura Municipal de Manicoré - AM;1302702;AM;53890;Receitas Brutas Realizadas;7.2.1.0.00.00.00 - Contribuições Sociais Intraorçamentárias;siconfi-cor_RI7.2.1.0.00.00.00;1943921,09
Prefeitura Municipal de Manicoré - AM;1302702;AM;53890;Receitas Brutas Realizadas;7.2.1.0.29.00.00 - Contribuições para o Regime Próprio de Previdência do Servidor Público Intraorçamentárias;siconfi-cor_RI7.2.1.0.29.00.00;1943921,09
Prefeitura Municipal de Manicoré - AM;1302702;AM;53890;Receitas Brutas Realizadas;7.2.1.0.29.01.00 - Contribuição Patronal de Servidor Ativo Civil para o Regime Próprio Intraorçamentária;siconfi-cor_RI7.2.1.0.29.01.00;1932376,62
Prefeitura Municipal de Manicoré - AM;1302702;AM;53890;Receitas Brutas Realizadas;7.2.1.0.29.99.00 - Outras Contribuições para o Regime Próprio de Previdência do Servidor Público Intraorçamentárias;siconfi-cor_RI7.2.1.0.29.99.00;11544,47
Prefeitura Municipal de Manicoré - AM;1302702;AM;53890;Deduções - FUNDEB;Total Receitas;siconfi-cor_TotalReceitas;7407709,61
Prefeitura Municipal de Manicoré - AM;1302702;AM;53890;Deduções - FUNDEB;1.0.0.0.00.00.00 - Receitas Correntes;siconfi-cor_RO1.0.0.0.00.00.00;7407709,61
Prefeitura Municipal de Manicoré - AM;1302702;AM;53890;Deduções - FUNDEB;1.7.0.0.00.00.00 - Transferências Correntes;siconfi-cor_RO1.7.0.0.00.00.00;7407709,61
Prefeitura Municipal de Manicoré - AM;1302702;AM;53890;Deduções - FUNDEB;1.7.2.0.00.00.00 - Transferências Intergovernamentais;siconfi-cor_RO1.7.2.0.00.00.00;7407709,61
Prefeitura Municipal de Manicoré - AM;1302702;AM;53890;Deduções - FUNDEB;1.7.2.1.00.00.00 - Transferências da União;siconfi-cor_RO1.7.2.1.00.00.00;4634066,24
Prefeitura Municipal de Manicoré - AM;1302702;AM;53890;Deduções - FUNDEB;1.7.2.1.01.00.00 - Participação na Receita da União;siconfi-cor_RO1.7.2.1.01.00.00;4627519,64
Prefeitura Municipal de Manicoré - AM;1302702;AM;53890;Deduções - FUNDEB;1.7.2.1.01.02.00 - Cota-Parte do Fundo de Participação dos Municípios ¿ FPM;siconfi-cor_RO1.7.2.1.01.02.00;4624643,48
Prefeitura Municipal de Manicoré - AM;1302702;AM;53890;Deduções - FUNDEB;1.7.2.1.01.05.00 - Cota-Parte do Imposto Sobre a Propriedade Territorial Rural ¿ ITR;siconfi-cor_RO1.7.2.1.01.05.00;2876,16
Prefeitura Municipal de Manicoré - AM;1302702;AM;53890;Deduções - FUNDEB;1.7.2.1.36.00.00 - Transferências Financeiras do ICMS ¿ Desoneração ¿ L.C. Nº 87/96;siconfi-cor_RO1.7.2.1.36.00.00;6546,6
Prefeitura Municipal de Manicoré - AM;1302702;AM;53890;Deduções - FUNDEB;1.7.2.2.00.00.00 - Transferências dos Estados;siconfi-cor_RO1.7.2.2.00.00.00;2773643,37
Prefeitura Municipal de Manicoré - AM;1302702;AM;53890;Deduções - FUNDEB;1.7.2.2.01.00.00 - Participação na Receita dos Estados;siconfi-cor_RO1.7.2.2.01.00.00;2773643,37
Prefeitura Municipal de Manicoré - AM;1302702;AM;53890;Deduções - FUNDEB;1.7.2.2.01.01.00 - Cota-Parte do ICMS;siconfi-cor_RO1.7.2.2.01.01.00;2730853
Prefeitura Municipal de Manicoré - AM;1302702;AM;53890;Deduções - FUNDEB;1.7.2.2.01.02.00 - Cota-Parte do IPVA;siconfi-cor_RO1.7.2.2.01.02.00;31836,52
Prefeitura Municipal de Manicoré - AM;1302702;AM;53890;Deduções - FUNDEB;1.7.2.2.01.04.00 - Cota-Parte do IPI - Municípios;siconfi-cor_RO1.7.2.2.01.04.00;10953,85
Prefeitura Municipal de Borba - AM;1300805;AM;39885;Receitas Brutas Realizadas;Total Receitas;siconfi-cor_TotalReceitas;82838844,07
Prefeitura Municipal de Borba - AM;1300805;AM;39885;Receitas Brutas Realizadas;1.0.0.0.00.00.00 - Receitas Correntes;siconfi-cor_RO1.0.0.0.00.00.00;78342373,95
Prefeitura Municipal de Borba - AM;1300805;AM;39885;Receitas Brutas Realizadas;1.1.0.0.00.00.00 - Receita Tributária;siconfi-cor_RO1.1.0.0.00.00.00;1921742,21
Prefeitura Municipal de Borba - AM;1300805;AM;39885;Receitas Brutas Realizadas;1.1.1.0.00.00.00 - Impostos;siconfi-cor_RO1.1.1.0.00.00.00;1908325,19
Prefeitura Municipal de Borba - AM;1300805;AM;39885;Receitas Brutas Realizadas;1.1.1.2.00.00.00 - Impostos sobre o Patrimônio e a Renda;siconfi-cor_RO1.1.1.2.00.00.00;1232799,96
Prefeitura Municipal de Borba - AM;1300805;AM;39885;Receitas Brutas Realizadas;1.1.1.2.02.00.00 - Imposto sobre a Propriedade Predial e Territorial Urbana ¿ IPTU;siconfi-cor_RO1.1.1.2.02.00.00;19269,35
Prefeitura Municipal de Borba - AM;1300805;AM;39885;Receitas Brutas Realizadas;1.1.1.2.04.00.00 - Imposto sobre a Renda e Proventos de Qualquer Natureza ¿ IR;siconfi-cor_RO1.1.1.2.04.00.00;1209882,33
Prefeitura Municipal de Borba - AM;1300805;AM;39885;Receitas Brutas Realizadas;1.1.1.2.04.31.00 - Retido nas Fontes - Trabalho;siconfi-cor_RO1.1.1.2.04.31.00;1016591,12
Prefeitura Municipal de Borba - AM;1300805;AM;39885;Receitas Brutas Realizadas;1.1.1.2.04.34.00 - Retido nas Fontes - Outros Rendimentos;siconfi-cor_RO1.1.1.2.04.34.00;193291,21
Prefeitura Municipal de Borba - AM;1300805;AM;39885;Receitas Brutas Realizadas;"1.1.1.2.08.00.00 - Imposto sobre Transmissão Inter Vivos"" de Bens Imóveis e de Direitos Reais sobre Imóveis ¿ ITBI""";siconfi-cor_RO1.1.1.2.08.00.00;3648,28
Prefeitura Municipal de Borba - AM;1300805;AM;39885;Receitas Brutas Realizadas;1.1.1.3.00.00.00 - Impostos sobre a Produção e a Circulação;siconfi-cor_RO1.1.1.3.00.00.00;675525,23
Prefeitura Municipal de Borba - AM;1300805;AM;39885;Receitas Brutas Realizadas;1.1.1.3.05.00.00 - Imposto sobre Serviços de Qualquer Natureza ¿ ISSQN;siconfi-cor_RO1.1.1.3.05.00.00;675525,23
Prefeitura Municipal de Borba - AM;1300805;AM;39885;Receitas Brutas Realizadas;1.1.2.0.00.00.00 - Taxas;siconfi-cor_RO1.1.2.0.00.00.00;13417,02
Prefeitura Municipal de Borba - AM;1300805;AM;39885;Receitas Brutas Realizadas;1.1.2.1.00.00.00 - Taxas pelo Exercício do Poder de Polícia;siconfi-cor_RO1.1.2.1.00.00.00;7109,51
Prefeitura Municipal de Borba - AM;1300805;AM;39885;Receitas Brutas Realizadas;1.1.2.2.00.00.00 - Taxas pela Prestação de Serviços;siconfi-cor_RO1.1.2.2.00.00.00;6307,51
Prefeitura Municipal de Borba - AM;1300805;AM;39885;Receitas Brutas Realizadas;1.1.2.2.99.00.00 - Outras Taxas pela Prestação de Serviços;siconfi-cor_RO1.1.2.2.99.00.00;6307,51
Prefeitura Municipal de Borba - AM;1300805;AM;39885;Receitas Brutas Realizadas;1.2.0.0.00.00.00 - Receitas de Contribuições;siconfi-cor_RO1.2.0.0.00.00.00;1211394,38
Prefeitura Municipal de Borba - AM;1300805;AM;39885;Receitas Brutas Realizadas;1.2.1.0.00.00.00 - Contribuições Sociais;siconfi-cor_RO1.2.1.0.00.00.00;1114478,7
Prefeitura Municipal de Borba - AM;1300805;AM;39885;Receitas Brutas Realizadas;1.2.1.0.29.00.00 - Contribuições para o Regime Próprio de Previdência do Servidor Público;siconfi-cor_RO1.2.1.0.29.00.00;1114478,7
Prefeitura Municipal de Borba - AM;1300805;AM;39885;Receitas Brutas Realizadas;1.2.1.0.29.07.00 - Contribuição do Servidor Ativo Civil para o Regime Próprio;siconfi-cor_RO1.2.1.0.29.07.00;1114478,7
Prefeitura Municipal de Borba - AM;1300805;AM;39885;Receitas Brutas Realizadas;1.2.3.0.00.00.00 - Contribuição para Custeio do Serviço de Iluminação Pública;siconfi-cor_RO1.2.3.0.00.00.00;96915,68
Prefeitura Municipal de Borba - AM;1300805;AM;39885;Receitas Brutas Realizadas;1.3.0.0.00.00.00 - Receita Patrimonial;siconfi-cor_RO1.3.0.0.00.00.00;983187,94
Prefeitura Municipal de Borba - AM;1300805;AM;39885;Receitas Brutas Realizadas;1.3.2.0.00.00.00 - Receitas de Valores Mobiliários;siconfi-cor_RO1.3.2.0.00.00.00;983187,94
Prefeitura Municipal de Borba - AM;1300805;AM;39885;Receitas Brutas Realizadas;1.3.2.5.00.00.00 - Remuneração de Depósitos Bancários;siconfi-cor_RO1.3.2.5.00.00.00;378650,49
Prefeitura Municipal de Borba - AM;1300805;AM;39885;Receitas Brutas Realizadas;1.3.2.8.00.00.00 - Remuneração dos Investimentos do Regime Próprio de Previdência do Servidor;siconfi-cor_RO1.3.2.8.00.00.00;604537,45
Prefeitura Municipal de Borba - AM;1300805;AM;39885;Receitas Brutas Realizadas;1.6.0.0.00.00.00 - Receita de Serviços;siconfi-cor_RO1.6.0.0.00.00.00;186897,98
Prefeitura Municipal de Borba - AM;1300805;AM;39885;Receitas Brutas Realizadas;1.6.0.0.13.00.00 - Serviços Administrativos;siconfi-cor_RO1.6.0.0.13.00.00;6900
Prefeitura Municipal de Borba - AM;1300805;AM;39885;Receitas Brutas Realizadas;1.6.0.0.41.00.00 - Serviços de Captação, Adução, Tratamento, Reserva e Distribuição de Água;siconfi-cor_RO1.6.0.0.41.00.00;179742,87
Prefeitura Municipal de Borba - AM;1300805;AM;39885;Receitas Brutas Realizadas;1.6.0.0.46.00.00 - Serviços de Cemitério;siconfi-cor_RO1.6.0.0.46.00.00;255,11
Prefeitura Municipal de Borba - AM;1300805;AM;39885;Receitas Brutas Realizadas;1.7.0.0.00.00.00 - Transferências Correntes;siconfi-cor_RO1.7.0.0.00.00.00;73422546,23
Prefeitura Municipal de Borba - AM;1300805;AM;39885;Receitas Brutas Realizadas;1.7.2.0.00.00.00 - Transferências Intergovernamentais;siconfi-cor_RO1.7.2.0.00.00.00;73422546,23
Prefeitura Municipal de Borba - AM;1300805;AM;39885;Receitas Brutas Realizadas;1.7.2.1.00.00.00 - Transferências da União;siconfi-cor_RO1.7.2.1.00.00.00;32711183,02
Prefeitura Municipal de Borba - AM;1300805;AM;39885;Receitas Brutas Realizadas;1.7.2.1.01.00.00 - Participação na Receita da União;siconfi-cor_RO1.7.2.1.01.00.00;20636877,84
Prefeitura Municipal de Borba - AM;1300805;AM;39885;Receitas Brutas Realizadas;1.7.2.1.01.02.00 - Cota-Parte do Fundo de Participação dos Municípios ¿ FPM;siconfi-cor_RO1.7.2.1.01.02.00;18918997,44
Prefeitura Municipal de Borba - AM;1300805;AM;39885;Receitas Brutas Realizadas;1.7.2.1.01.03.00 - Cota-Parte do Fundo de Participação dos Municípios - 1% Cota Anual;siconfi-cor_RO1.7.2.1.01.03.00;839701,42
Prefeitura Municipal de Borba - AM;1300805;AM;39885;Receitas Brutas Realizadas;1.7.2.1.01.04.00 - Cota-Parte do Fundo de Participação dos Municípios - 1% Cota entregue no mês de julho (67)(I);siconfi-cor_RO1.7.2.1.01.04.00;868291,08
Prefeitura Municipal de Borba - AM;1300805;AM;39885;Receitas Brutas Realizadas;1.7.2.1.01.05.00 - Cota-Parte do Imposto Sobre a Propriedade Territorial Rural ¿ ITR;siconfi-cor_RO1.7.2.1.01.05.00;3789,98
Prefeitura Municipal de Borba - AM;1300805;AM;39885;Receitas Brutas Realizadas;1.7.2.1.01.32.00 - Cota-Parte do Imposto Sobre Operações de Crédito Câmbio e Seguro ou Relativas a Títulos ou Valores Mobiliários ¿ Comercialização do Ouro;siconfi-cor_RO1.7.2.1.01.32.00;6097,92
Prefeitura Municipal de Borba - AM;1300805;AM;39885;Receitas Brutas Realizadas;1.7.2.1.22.00.00 - Transferências da Compensação Financeira pela Exploração de Recursos Naturais;siconfi-cor_RO1.7.2.1.22.00.00;332125,63
Prefeitura Municipal de Borba - AM;1300805;AM;39885;Receitas Brutas Realizadas;1.7.2.1.22.20.00 - Cota-Parte da Compensação Financeira de Recursos Minerais - CFEM;siconfi-cor_RO1.7.2.1.22.20.00;111236,32
Prefeitura Municipal de Borba - AM;1300805;AM;39885;Receitas Brutas Realizadas;1.7.2.1.22.70.00 - Cota-Parte do Fundo Especial do Petróleo ¿ FEP;siconfi-cor_RO1.7.2.1.22.70.00;220889,31
Prefeitura Municipal de Borba - AM;1300805;AM;39885;Receitas Brutas Realizadas;1.7.2.1.33.00.00 - Transferências de Recursos do Sistema Único de Saúde - SUS - Repasses Fundo a Fundo;siconfi-cor_RO1.7.2.1.33.00.00;9097746,21
Prefeitura Municipal de Borba - AM;1300805;AM;39885;Receitas Brutas Realizadas;1.7.2.1.34.00.00 - Transferências de Recursos do Fundo Nacional de Assistência Social ¿ FNAS;siconfi-cor_RO1.7.2.1.34.00.00;783624,77
Prefeitura Municipal de Borba - AM;1300805;AM;39885;Receitas Brutas Realizadas;1.7.2.1.35.00.00 - Transferências de Recursos do Fundo Nacional do Desenvolvimento da Educação ¿ FNDE;siconfi-cor_RO1.7.2.1.35.00.00;1819521,47
Prefeitura Municipal de Borba - AM;1300805;AM;39885;Receitas Brutas Realizadas;1.7.2.1.36.00.00 - Transferências Financeiras do ICMS ¿ Desoneração ¿ L.C. Nº 87/96;siconfi-cor_RO1.7.2.1.36.00.00;25069,08
Prefeitura Municipal de Borba - AM;1300805;AM;39885;Receitas Brutas Realizadas;1.7.2.1.99.00.00 - Outras Transferências da União;siconfi-cor_RO1.7.2.1.99.00.00;16218,02
Prefeitura Municipal de Borba - AM;1300805;AM;39885;Receitas Brutas Realizadas;1.7.2.2.00.00.00 - Transferências dos Estados;siconfi-cor_RO1.7.2.2.00.00.00;11431804,01
Prefeitura Municipal de Borba - AM;1300805;AM;39885;Receitas Brutas Realizadas;1.7.2.2.01.00.00 - Participação na Receita dos Estados;siconfi-cor_RO1.7.2.2.01.00.00;10635518,35
Prefeitura Municipal de Borba - AM;1300805;AM;39885;Receitas Brutas Realizadas;1.7.2.2.01.01.00 - Cota-Parte do ICMS;siconfi-cor_RO1.7.2.2.01.01.00;10457297,6
Prefeitura Municipal de Borba - AM;1300805;AM;39885;Receitas Brutas Realizadas;1.7.2.2.01.02.00 - Cota-Parte do IPVA;siconfi-cor_RO1.7.2.2.01.02.00;47971,65
Prefeitura Municipal de Borba - AM;1300805;AM;39885;Receitas Brutas Realizadas;1.7.2.2.01.04.00 - Cota-Parte do IPI - Municípios;siconfi-cor_RO1.7.2.2.01.04.00;41945,72
Prefeitura Municipal de Borba - AM;1300805;AM;39885;Receitas Brutas Realizadas;1.7.2.2.01.13.00 - Cota-Parte da Contribuição de Intervenção no Domínio Econômico;siconfi-cor_RO1.7.2.2.01.13.00;88303,38
Prefeitura Municipal de Borba - AM;1300805;AM;39885;Receitas Brutas Realizadas;1.7.2.2.22.00.00 - Transferências da Cota-Parte da Compensação Financeira (25%);siconfi-cor_RO1.7.2.2.22.00.00;112777,66
Prefeitura Municipal de Borba - AM;1300805;AM;39885;Receitas Brutas Realizadas;1.7.2.2.22.30.00 - Cota-Parte Royalties - Compensação Financeira pela Produção de Petróleo - Lei nº 7.990/89 artigo 9º;siconfi-cor_RO1.7.2.2.22.30.00;112777,66
Prefeitura Municipal de Borba - AM;1300805;AM;39885;Receitas Brutas Realizadas;1.7.2.2.33.00.00 - Transferências de Recursos do Estado para Programas de Saúde - Repasse Fundo a Fundo;siconfi-cor_RO1.7.2.2.33.00.00;683508
Prefeitura Municipal de Borba - AM;1300805;AM;39885;Receitas Brutas Realizadas;1.7.2.4.00.00.00 - Transferências Multigovernamentais;siconfi-cor_RO1.7.2.4.00.00.00;29279559,2
Prefeitura Municipal de Borba - AM;1300805;AM;39885;Receitas Brutas Realizadas;1.7.2.4.01.00.00 - Transferências de Recursos do Fundo de Manutenção e Desenvolvimento do Ensino Fundamental e de Valorização do Magistério - FUNDEB;siconfi-cor_RO1.7.2.4.01.00.00;23210144,03
Prefeitura Municipal de Borba - AM;1300805;AM;39885;Receitas Brutas Realizadas;1.7.2.4.02.00.00 - Transferências de Recursos da Complementação ao Fundo de Manutenção e Desenvolvimento do Ensino Fundamental e de Valorização do Magistério - FUNDEB;siconfi-cor_RO1.7.2.4.02.00.00;6069415,17
Prefeitura Municipal de Borba - AM;1300805;AM;39885;Receitas Brutas Realizadas;1.9.0.0.00.00.00 - Outras Receitas Correntes;siconfi-cor_RO1.9.0.0.00.00.00;616605,21
Prefeitura Municipal de Borba - AM;1300805;AM;39885;Receitas Brutas Realizadas;1.9.9.0.00.00.00 - Receitas Diversas;siconfi-cor_RO1.9.9.0.00.00.00;616605,21
Prefeitura Municipal de Borba - AM;1300805;AM;39885;Receitas Brutas Realizadas;1.9.9.0.99.00.00 - Outras Receitas;siconfi-cor_RO1.9.9.0.99.00.00;616605,21
Prefeitura Municipal de Borba - AM;1300805;AM;39885;Receitas Brutas Realizadas;2.0.0.0.00.00.00 - Receitas de Capital;siconfi-cor_RO2.0.0.0.00.00.00;3062137,93
Prefeitura Municipal de Borba - AM;1300805;AM;39885;Receitas Brutas Realizadas;2.4.0.0.00.00.00 - Transferências de Capital;siconfi-cor_RO2.4.0.0.00.00.00;3062137,93
Prefeitura Municipal de Borba - AM;1300805;AM;39885;Receitas Brutas Realizadas;2.4.2.0.00.00.00 - Transferências Intergovernamentais;siconfi-cor_RO2.4.2.0.00.00.00;2062137,93
Prefeitura Municipal de Borba - AM;1300805;AM;39885;Receitas Brutas Realizadas;2.4.2.1.00.00.00 - Transferências da União;siconfi-cor_RO2.4.2.1.00.00.00;81600
Prefeitura Municipal de Borba - AM;1300805;AM;39885;Receitas Brutas Realizadas;2.4.2.1.99.00.00 - Outras Transferências da União;siconfi-cor_RO2.4.2.1.99.00.00;81600
Prefeitura Municipal de Borba - AM;1300805;AM;39885;Receitas Brutas Realizadas;2.4.2.2.00.00.00 - Transferências dos Estados;siconfi-cor_RO2.4.2.2.00.00.00;1980537,93
Prefeitura Municipal de Borba - AM;1300805;AM;39885;Receitas Brutas Realizadas;2.4.2.2.99.00.00 - Outras Transferências dos Estados;siconfi-cor_RO2.4.2.2.99.00.00;1980537,93
Prefeitura Municipal de Borba - AM;1300805;AM;39885;Receitas Brutas Realizadas;2.4.7.0.00.00.00 - Transferências de Convênios;siconfi-cor_RO2.4.7.0.00.00.00;1000000
Prefeitura Municipal de Borba - AM;1300805;AM;39885;Receitas Brutas Realizadas;2.4.7.1.00.00.00 - Transferências de Convênios da União e de suas Entidades;siconfi-cor_RO2.4.7.1.00.00.00;1000000
Prefeitura Municipal de Borba - AM;1300805;AM;39885;Receitas Brutas Realizadas;2.4.7.1.99.00.00 - Outras Transferências de Convênios da União;siconfi-cor_RO2.4.7.1.99.00.00;1000000
Prefeitura Municipal de Borba - AM;1300805;AM;39885;Receitas Brutas Realizadas;7.0.0.0.00.00.00 - Receitas Correntes Intraorçamentárias;siconfi-cor_RI7.0.0.0.00.00.00;1434332,19
Prefeitura Municipal de Borba - AM;1300805;AM;39885;Receitas Brutas Realizadas;7.2.0.0.00.00.00 - Receitas de Contribuições Intraorçamentárias;siconfi-cor_RI7.2.0.0.00.00.00;1154991,06
Prefeitura Municipal de Borba - AM;1300805;AM;39885;Receitas Brutas Realizadas;7.2.1.0.00.00.00 - Contribuições Sociais Intraorçamentárias;siconfi-cor_RI7.2.1.0.00.00.00;1154991,06
Prefeitura Municipal de Borba - AM;1300805;AM;39885;Receitas Brutas Realizadas;7.2.1.0.29.00.00 - Contribuições para o Regime Próprio de Previdência do Servidor Público Intraorçamentárias;siconfi-cor_RI7.2.1.0.29.00.00;1154991,06
Prefeitura Municipal de Borba - AM;1300805;AM;39885;Receitas Brutas Realizadas;7.2.1.0.29.01.00 - Contribuição Patronal de Servidor Ativo Civil para o Regime Próprio Intraorçamentária;siconfi-cor_RI7.2.1.0.29.01.00;1154991,06
Prefeitura Municipal de Borba - AM;1300805;AM;39885;Receitas Brutas Realizadas;7.9.0.0.00.00.00 - Outras Receitas Correntes Intraorçamentárias;siconfi-cor_RI7.9.0.0.00.00.00;279341,13
Prefeitura Municipal de Borba - AM;1300805;AM;39885;Receitas Brutas Realizadas;7.9.1.2.00.00.00 - Multas e Juros de Mora das Contribuições Intraorçamentárias;siconfi-cor_RI7.9.1.2.00.00.00;279341,13
Prefeitura Municipal de Borba - AM;1300805;AM;39885;Receitas Brutas Realizadas;7.9.1.2.99.00.00 - Outras Multas e Juros de Mora de Contribuições Intraorçamentárias;siconfi-cor_RI7.9.1.2.99.00.00;279341,13
Prefeitura Municipal de Borba - AM;1300805;AM;39885;Deduções - FUNDEB;Total Receitas;siconfi-cor_TotalReceitas;5899012,35
Prefeitura Municipal de Borba - AM;1300805;AM;39885;Deduções - FUNDEB;1.0.0.0.00.00.00 - Receitas Correntes;siconfi-cor_RO1.0.0.0.00.00.00;5899012,35
Prefeitura Municipal de Borba - AM;1300805;AM;39885;Deduções - FUNDEB;1.7.0.0.00.00.00 - Transferências Correntes;siconfi-cor_RO1.7.0.0.00.00.00;5899012,35
Prefeitura Municipal de Borba - AM;1300805;AM;39885;Deduções - FUNDEB;1.7.2.0.00.00.00 - Transferências Intergovernamentais;siconfi-cor_RO1.7.2.0.00.00.00;5899012,35
Prefeitura Municipal de Borba - AM;1300805;AM;39885;Deduções - FUNDEB;1.7.2.1.00.00.00 - Transferências da União;siconfi-cor_RO1.7.2.1.00.00.00;3789570,77
Prefeitura Municipal de Borba - AM;1300805;AM;39885;Deduções - FUNDEB;1.7.2.1.01.00.00 - Participação na Receita da União;siconfi-cor_RO1.7.2.1.01.00.00;3784557,05
Prefeitura Municipal de Borba - AM;1300805;AM;39885;Deduções - FUNDEB;1.7.2.1.01.02.00 - Cota-Parte do Fundo de Participação dos Municípios ¿ FPM;siconfi-cor_RO1.7.2.1.01.02.00;3783799,11
Prefeitura Municipal de Borba - AM;1300805;AM;39885;Deduções - FUNDEB;1.7.2.1.01.05.00 - Cota-Parte do Imposto Sobre a Propriedade Territorial Rural ¿ ITR;siconfi-cor_RO1.7.2.1.01.05.00;757,94
Prefeitura Municipal de Borba - AM;1300805;AM;39885;Deduções - FUNDEB;1.7.2.1.36.00.00 - Transferências Financeiras do ICMS ¿ Desoneração ¿ L.C. Nº 87/96;siconfi-cor_RO1.7.2.1.36.00.00;5013,72
Prefeitura Municipal de Borba - AM;1300805;AM;39885;Deduções - FUNDEB;1.7.2.2.00.00.00 - Transferências dos Estados;siconfi-cor_RO1.7.2.2.00.00.00;2109441,58
Prefeitura Municipal de Borba - AM;1300805;AM;39885;Deduções - FUNDEB;1.7.2.2.01.00.00 - Participação na Receita dos Estados;siconfi-cor_RO1.7.2.2.01.00.00;2109441,58
Prefeitura Municipal de Borba - AM;1300805;AM;39885;Deduções - FUNDEB;1.7.2.2.01.01.00 - Cota-Parte do ICMS;siconfi-cor_RO1.7.2.2.01.01.00;2091459,53
Prefeitura Municipal de Borba - AM;1300805;AM;39885;Deduções - FUNDEB;1.7.2.2.01.02.00 - Cota-Parte do IPVA;siconfi-cor_RO1.7.2.2.01.02.00;9593,88
Prefeitura Municipal de Borba - AM;1300805;AM;39885;Deduções - FUNDEB;1.7.2.2.01.04.00 - Cota-Parte do IPI - Municípios;siconfi-cor_RO1.7.2.2.01.04.00;8388,17
Prefeitura Municipal de Coari - AM;1301209;AM;83929;Receitas Brutas Realizadas;Total Receitas;siconfi-cor_TotalReceitas;252725423,2
Prefeitura Municipal de Coari - AM;1301209;AM;83929;Receitas Brutas Realizadas;1.0.0.0.00.00.00 - Receitas Correntes;siconfi-cor_RO1.0.0.0.00.00.00;252652553,2
Prefeitura Municipal de Coari - AM;1301209;AM;83929;Receitas Brutas Realizadas;1.1.0.0.00.00.00 - Receita Tributária;siconfi-cor_RO1.1.0.0.00.00.00;27661327,57
Prefeitura Municipal de Coari - AM;1301209;AM;83929;Receitas Brutas Realizadas;1.1.1.0.00.00.00 - Impostos;siconfi-cor_RO1.1.1.0.00.00.00;27432571,95
Prefeitura Municipal de Coari - AM;1301209;AM;83929;Receitas Brutas Realizadas;1.1.1.2.00.00.00 - Impostos sobre o Patrimônio e a Renda;siconfi-cor_RO1.1.1.2.00.00.00;4516131,59
Prefeitura Municipal de Coari - AM;1301209;AM;83929;Receitas Brutas Realizadas;1.1.1.2.02.00.00 - Imposto sobre a Propriedade Predial e Territorial Urbana ¿ IPTU;siconfi-cor_RO1.1.1.2.02.00.00;344671,1
Prefeitura Municipal de Coari - AM;1301209;AM;83929;Receitas Brutas Realizadas;1.1.1.2.04.00.00 - Imposto sobre a Renda e Proventos de Qualquer Natureza ¿ IR;siconfi-cor_RO1.1.1.2.04.00.00;4034318,73
Prefeitura Municipal de Coari - AM;1301209;AM;83929;Receitas Brutas Realizadas;1.1.1.2.04.31.00 - Retido nas Fontes - Trabalho;siconfi-cor_RO1.1.1.2.04.31.00;1465258,04
Prefeitura Municipal de Coari - AM;1301209;AM;83929;Receitas Brutas Realizadas;1.1.1.2.04.34.00 - Retido nas Fontes - Outros Rendimentos;siconfi-cor_RO1.1.1.2.04.34.00;2569060,69
Prefeitura Municipal de Coari - AM;1301209;AM;83929;Receitas Brutas Realizadas;"1.1.1.2.08.00.00 - Imposto sobre Transmissão Inter Vivos"" de Bens Imóveis e de Direitos Reais sobre Imóveis ¿ ITBI""";siconfi-cor_RO1.1.1.2.08.00.00;137141,76
Prefeitura Municipal de Coari - AM;1301209;AM;83929;Receitas Brutas Realizadas;1.1.1.3.00.00.00 - Impostos sobre a Produção e a Circulação;siconfi-cor_RO1.1.1.3.00.00.00;22916440,36
Prefeitura Municipal de Coari - AM;1301209;AM;83929;Receitas Brutas Realizadas;1.1.1.3.05.00.00 - Imposto sobre Serviços de Qualquer Natureza ¿ ISSQN;siconfi-cor_RO1.1.1.3.05.00.00;22916440,36
Prefeitura Municipal de Coari - AM;1301209;AM;83929;Receitas Brutas Realizadas;1.1.2.0.00.00.00 - Taxas;siconfi-cor_RO1.1.2.0.00.00.00;188362,5
Prefeitura Municipal de Coari - AM;1301209;AM;83929;Receitas Brutas Realizadas;1.1.2.1.00.00.00 - Taxas pelo Exercício do Poder de Polícia;siconfi-cor_RO1.1.2.1.00.00.00;152840,48
Prefeitura Municipal de Coari - AM;1301209;AM;83929;Receitas Brutas Realizadas;1.1.2.2.00.00.00 - Taxas pela Prestação de Serviços;siconfi-cor_RO1.1.2.2.00.00.00;35522,02
Prefeitura Municipal de Coari - AM;1301209;AM;83929;Receitas Brutas Realizadas;1.1.2.2.99.00.00 - Outras Taxas pela Prestação de Serviços;siconfi-cor_RO1.1.2.2.99.00.00;35522,02
Prefeitura Municipal de Coari - AM;1301209;AM;83929;Receitas Brutas Realizadas;1.1.3.0.00.00.00 - Contribuição de Melhoria;siconfi-cor_RO1.1.3.0.00.00.00;40393,12
Prefeitura Municipal de Coari - AM;1301209;AM;83929;Receitas Brutas Realizadas;1.1.3.0.02.00.00 - Contribuição de Melhoria para Expansão da Rede de Iluminação Pública na Cidade;siconfi-cor_RO1.1.3.0.02.00.00;40393,12
Prefeitura Municipal de Coari - AM;1301209;AM;83929;Receitas Brutas Realizadas;1.2.0.0.00.00.00 - Receitas de Contribuições;siconfi-cor_RO1.2.0.0.00.00.00;7182834,87
Prefeitura Municipal de Coari - AM;1301209;AM;83929;Receitas Brutas Realizadas;1.2.1.0.00.00.00 - Contribuições Sociais;siconfi-cor_RO1.2.1.0.00.00.00;7182834,87
Prefeitura Municipal de Coari - AM;1301209;AM;83929;Receitas Brutas Realizadas;1.2.1.0.29.00.00 - Contribuições para o Regime Próprio de Previdência do Servidor Público;siconfi-cor_RO1.2.1.0.29.00.00;7013162,74
Prefeitura Municipal de Coari - AM;1301209;AM;83929;Receitas Brutas Realizadas;1.2.1.0.29.01.00 - Contribuição Patronal de Servidor Ativo Civil para o Regime Próprio;siconfi-cor_RO1.2.1.0.29.01.00;3131924,65
Prefeitura Municipal de Coari - AM;1301209;AM;83929;Receitas Brutas Realizadas;1.2.1.0.29.07.00 - Contribuição do Servidor Ativo Civil para o Regime Próprio;siconfi-cor_RO1.2.1.0.29.07.00;3881238,09
Prefeitura Municipal de Coari - AM;1301209;AM;83929;Receitas Brutas Realizadas;1.2.1.0.99.00.00 - Outras Contribuições Sociais;siconfi-cor_RO1.2.1.0.99.00.00;169672,13
Prefeitura Municipal de Coari - AM;1301209;AM;83929;Receitas Brutas Realizadas;1.3.0.0.00.00.00 - Receita Patrimonial;siconfi-cor_RO1.3.0.0.00.00.00;919270,02
Prefeitura Municipal de Coari - AM;1301209;AM;83929;Receitas Brutas Realizadas;1.3.2.0.00.00.00 - Receitas de Valores Mobiliários;siconfi-cor_RO1.3.2.0.00.00.00;919270,02
Prefeitura Municipal de Coari - AM;1301209;AM;83929;Receitas Brutas Realizadas;1.3.2.5.00.00.00 - Remuneração de Depósitos Bancários;siconfi-cor_RO1.3.2.5.00.00.00;919270,02
Prefeitura Municipal de Coari - AM;1301209;AM;83929;Receitas Brutas Realizadas;1.6.0.0.00.00.00 - Receita de Serviços;siconfi-cor_RO1.6.0.0.00.00.00;497668,2
Prefeitura Municipal de Coari - AM;1301209;AM;83929;Receitas Brutas Realizadas;1.6.0.0.13.00.00 - Serviços Administrativos;siconfi-cor_RO1.6.0.0.13.00.00;9568,48
Prefeitura Municipal de Coari - AM;1301209;AM;83929;Receitas Brutas Realizadas;1.6.0.0.26.00.00 - Serviços de Fornecimento de Água;siconfi-cor_RO1.6.0.0.26.00.00;488099,72
Prefeitura Municipal de Coari - AM;1301209;AM;83929;Receitas Brutas Realizadas;1.7.0.0.00.00.00 - Transferências Correntes;siconfi-cor_RO1.7.0.0.00.00.00;216391216
Prefeitura Municipal de Coari - AM;1301209;AM;83929;Receitas Brutas Realizadas;1.7.2.0.00.00.00 - Transferências Intergovernamentais;siconfi-cor_RO1.7.2.0.00.00.00;216391216
Prefeitura Municipal de Coari - AM;1301209;AM;83929;Receitas Brutas Realizadas;1.7.2.1.00.00.00 - Transferências da União;siconfi-cor_RO1.7.2.1.00.00.00;112355248,4
Prefeitura Municipal de Coari - AM;1301209;AM;83929;Receitas Brutas Realizadas;1.7.2.1.01.00.00 - Participação na Receita da União;siconfi-cor_RO1.7.2.1.01.00.00;32100419,95
Prefeitura Municipal de Coari - AM;1301209;AM;83929;Receitas Brutas Realizadas;1.7.2.1.01.02.00 - Cota-Parte do Fundo de Participação dos Municípios ¿ FPM;siconfi-cor_RO1.7.2.1.01.02.00;29429551,56
Prefeitura Municipal de Coari - AM;1301209;AM;83929;Receitas Brutas Realizadas;1.7.2.1.01.03.00 - Cota-Parte do Fundo de Participação dos Municípios - 1% Cota Anual;siconfi-cor_RO1.7.2.1.01.03.00;1306202,21
Prefeitura Municipal de Coari - AM;1301209;AM;83929;Receitas Brutas Realizadas;1.7.2.1.01.04.00 - Cota-Parte do Fundo de Participação dos Municípios - 1% Cota entregue no mês de julho (67)(I);siconfi-cor_RO1.7.2.1.01.04.00;1350675,01
Prefeitura Municipal de Coari - AM;1301209;AM;83929;Receitas Brutas Realizadas;1.7.2.1.01.05.00 - Cota-Parte do Imposto Sobre a Propriedade Territorial Rural ¿ ITR;siconfi-cor_RO1.7.2.1.01.05.00;13991,17
Prefeitura Municipal de Coari - AM;1301209;AM;83929;Receitas Brutas Realizadas;1.7.2.1.22.00.00 - Transferências da Compensação Financeira pela Exploração de Recursos Naturais;siconfi-cor_RO1.7.2.1.22.00.00;58593981,27
Prefeitura Municipal de Coari - AM;1301209;AM;83929;Receitas Brutas Realizadas;1.7.2.1.22.20.00 - Cota-Parte da Compensação Financeira de Recursos Minerais - CFEM;siconfi-cor_RO1.7.2.1.22.20.00;1432,16
Prefeitura Municipal de Coari - AM;1301209;AM;83929;Receitas Brutas Realizadas;1.7.2.1.22.30.00 - Cota-Parte Royalties ¿ Compensação Financeira pela Produção de Petróleo ¿ Lei nº 7.990/89;siconfi-cor_RO1.7.2.1.22.30.00;25209094,19
Prefeitura Municipal de Coari - AM;1301209;AM;83929;Receitas Brutas Realizadas;1.7.2.1.22.40.00 - Cota-Parte Royalties pelo Excedente da Produção do Petróleo - Lei nº 9.478/97 artigo 49 I e II;siconfi-cor_RO1.7.2.1.22.40.00;26797971,97
Prefeitura Municipal de Coari - AM;1301209;AM;83929;Receitas Brutas Realizadas;1.7.2.1.22.50.00 - Cota-Parte Royalties pela Participação Especial - Lei nº 9.478/97 artigo 50;siconfi-cor_RO1.7.2.1.22.50.00;6241877,34
Prefeitura Municipal de Coari - AM;1301209;AM;83929;Receitas Brutas Realizadas;1.7.2.1.22.70.00 - Cota-Parte do Fundo Especial do Petróleo ¿ FEP;siconfi-cor_RO1.7.2.1.22.70.00;343605,61
Prefeitura Municipal de Coari - AM;1301209;AM;83929;Receitas Brutas Realizadas;1.7.2.1.33.00.00 - Transferências de Recursos do Sistema Único de Saúde - SUS - Repasses Fundo a Fundo;siconfi-cor_RO1.7.2.1.33.00.00;16888931,46
Prefeitura Municipal de Coari - AM;1301209;AM;83929;Receitas Brutas Realizadas;1.7.2.1.34.00.00 - Transferências de Recursos do Fundo Nacional de Assistência Social ¿ FNAS;siconfi-cor_RO1.7.2.1.34.00.00;1346241,92
Prefeitura Municipal de Coari - AM;1301209;AM;83929;Receitas Brutas Realizadas;1.7.2.1.35.00.00 - Transferências de Recursos do Fundo Nacional do Desenvolvimento da Educação ¿ FNDE;siconfi-cor_RO1.7.2.1.35.00.00;3300124,06
Prefeitura Municipal de Coari - AM;1301209;AM;83929;Receitas Brutas Realizadas;1.7.2.1.36.00.00 - Transferências Financeiras do ICMS ¿ Desoneração ¿ L.C. Nº 87/96;siconfi-cor_RO1.7.2.1.36.00.00;125549,76
Prefeitura Municipal de Coari - AM;1301209;AM;83929;Receitas Brutas Realizadas;1.7.2.2.00.00.00 - Transferências dos Estados;siconfi-cor_RO1.7.2.2.00.00.00;54139556,84
Prefeitura Municipal de Coari - AM;1301209;AM;83929;Receitas Brutas Realizadas;1.7.2.2.01.00.00 - Participação na Receita dos Estados;siconfi-cor_RO1.7.2.2.01.00.00;53137987,96
Prefeitura Municipal de Coari - AM;1301209;AM;83929;Receitas Brutas Realizadas;1.7.2.2.01.01.00 - Cota-Parte do ICMS;siconfi-cor_RO1.7.2.2.01.01.00;52371627,03
Prefeitura Municipal de Coari - AM;1301209;AM;83929;Receitas Brutas Realizadas;1.7.2.2.01.02.00 - Cota-Parte do IPVA;siconfi-cor_RO1.7.2.2.01.02.00;401751,77
Prefeitura Municipal de Coari - AM;1301209;AM;83929;Receitas Brutas Realizadas;1.7.2.2.01.04.00 - Cota-Parte do IPI - Municípios;siconfi-cor_RO1.7.2.2.01.04.00;210070,19
Prefeitura Municipal de Coari - AM;1301209;AM;83929;Receitas Brutas Realizadas;1.7.2.2.01.13.00 - Cota-Parte da Contribuição de Intervenção no Domínio Econômico;siconfi-cor_RO1.7.2.2.01.13.00;154538,97
Prefeitura Municipal de Coari - AM;1301209;AM;83929;Receitas Brutas Realizadas;1.7.2.2.22.00.00 - Transferências da Cota-Parte da Compensação Financeira (25%);siconfi-cor_RO1.7.2.2.22.00.00;562008,8
Prefeitura Municipal de Coari - AM;1301209;AM;83929;Receitas Brutas Realizadas;1.7.2.2.22.30.00 - Cota-Parte Royalties - Compensação Financeira pela Produção de Petróleo - Lei nº 7.990/89 artigo 9º;siconfi-cor_RO1.7.2.2.22.30.00;562008,8
Prefeitura Municipal de Coari - AM;1301209;AM;83929;Receitas Brutas Realizadas;1.7.2.2.33.00.00 - Transferências de Recursos do Estado para Programas de Saúde - Repasse Fundo a Fundo;siconfi-cor_RO1.7.2.2.33.00.00;439560,08
Prefeitura Municipal de Coari - AM;1301209;AM;83929;Receitas Brutas Realizadas;1.7.2.4.00.00.00 - Transferências Multigovernamentais;siconfi-cor_RO1.7.2.4.00.00.00;49896410,77
Prefeitura Municipal de Coari - AM;1301209;AM;83929;Receitas Brutas Realizadas;1.7.2.4.01.00.00 - Transferências de Recursos do Fundo de Manutenção e Desenvolvimento do Ensino Fundamental e de Valorização do Magistério - FUNDEB;siconfi-cor_RO1.7.2.4.01.00.00;38912864,77
Prefeitura Municipal de Coari - AM;1301209;AM;83929;Receitas Brutas Realizadas;1.7.2.4.02.00.00 - Transferências de Recursos da Complementação ao Fundo de Manutenção e Desenvolvimento do Ensino Fundamental e de Valorização do Magistério - FUNDEB;siconfi-cor_RO1.7.2.4.02.00.00;10983546
Prefeitura Municipal de Coari - AM;1301209;AM;83929;Receitas Brutas Realizadas;1.9.0.0.00.00.00 - Outras Receitas Correntes;siconfi-cor_RO1.9.0.0.00.00.00;236,48
Prefeitura Municipal de Coari - AM;1301209;AM;83929;Receitas Brutas Realizadas;1.9.1.0.00.00.00 - Multas e Juros de Mora;siconfi-cor_RO1.9.1.0.00.00.00;236,48
Prefeitura Municipal de Coari - AM;1301209;AM;83929;Receitas Brutas Realizadas;1.9.1.2.00.00.00 - Multas e Juros de Mora das Contribuições;siconfi-cor_RO1.9.1.2.00.00.00;236,48
Prefeitura Municipal de Coari - AM;1301209;AM;83929;Receitas Brutas Realizadas;1.9.1.2.01.00.00 - Multas e Juros de Mora da Contribuição para o Financiamento da Seguridade Social;siconfi-cor_RO1.9.1.2.01.00.00;236,48
Prefeitura Municipal de Coari - AM;1301209;AM;83929;Receitas Brutas Realizadas;2.0.0.0.00.00.00 - Receitas de Capital;siconfi-cor_RO2.0.0.0.00.00.00;72870
Prefeitura Municipal de Coari - AM;1301209;AM;83929;Receitas Brutas Realizadas;2.4.0.0.00.00.00 - Transferências de Capital;siconfi-cor_RO2.4.0.0.00.00.00;72870
Prefeitura Municipal de Coari - AM;1301209;AM;83929;Receitas Brutas Realizadas;2.4.2.0.00.00.00 - Transferências Intergovernamentais;siconfi-cor_RO2.4.2.0.00.00.00;72870
Prefeitura Municipal de Coari - AM;1301209;AM;83929;Receitas Brutas Realizadas;2.4.2.1.00.00.00 - Transferências da União;siconfi-cor_RO2.4.2.1.00.00.00;72870
Prefeitura Municipal de Coari - AM;1301209;AM;83929;Receitas Brutas Realizadas;2.4.2.1.99.00.00 - Outras Transferências da União;siconfi-cor_RO2.4.2.1.99.00.00;72870
Prefeitura Municipal de Coari - AM;1301209;AM;83929;Deduções - FUNDEB;Total Receitas;siconfi-cor_TotalReceitas;16510506,95
Prefeitura Municipal de Coari - AM;1301209;AM;83929;Deduções - FUNDEB;1.0.0.0.00.00.00 - Receitas Correntes;siconfi-cor_RO1.0.0.0.00.00.00;16510506,95
Prefeitura Municipal de Coari - AM;1301209;AM;83929;Deduções - FUNDEB;1.7.0.0.00.00.00 - Transferências Correntes;siconfi-cor_RO1.7.0.0.00.00.00;16510506,95
Prefeitura Municipal de Coari - AM;1301209;AM;83929;Deduções - FUNDEB;1.7.2.0.00.00.00 - Transferências Intergovernamentais;siconfi-cor_RO1.7.2.0.00.00.00;16510506,95
Prefeitura Municipal de Coari - AM;1301209;AM;83929;Deduções - FUNDEB;1.7.2.1.00.00.00 - Transferências da União;siconfi-cor_RO1.7.2.1.00.00.00;5913818,09
Prefeitura Municipal de Coari - AM;1301209;AM;83929;Deduções - FUNDEB;1.7.2.1.01.00.00 - Participação na Receita da União;siconfi-cor_RO1.7.2.1.01.00.00;5888708,21
Prefeitura Municipal de Coari - AM;1301209;AM;83929;Deduções - FUNDEB;1.7.2.1.01.02.00 - Cota-Parte do Fundo de Participação dos Municípios ¿ FPM;siconfi-cor_RO1.7.2.1.01.02.00;5885910,02
Prefeitura Municipal de Coari - AM;1301209;AM;83929;Deduções - FUNDEB;1.7.2.1.01.05.00 - Cota-Parte do Imposto Sobre a Propriedade Territorial Rural ¿ ITR;siconfi-cor_RO1.7.2.1.01.05.00;2798,19
Prefeitura Municipal de Coari - AM;1301209;AM;83929;Deduções - FUNDEB;1.7.2.1.36.00.00 - Transferências Financeiras do ICMS ¿ Desoneração ¿ L.C. Nº 87/96;siconfi-cor_RO1.7.2.1.36.00.00;25109,88
Prefeitura Municipal de Coari - AM;1301209;AM;83929;Deduções - FUNDEB;1.7.2.2.00.00.00 - Transferências dos Estados;siconfi-cor_RO1.7.2.2.00.00.00;10596688,86
Prefeitura Municipal de Coari - AM;1301209;AM;83929;Deduções - FUNDEB;1.7.2.2.01.00.00 - Participação na Receita dos Estados;siconfi-cor_RO1.7.2.2.01.00.00;10596688,86
Prefeitura Municipal de Coari - AM;1301209;AM;83929;Deduções - FUNDEB;1.7.2.2.01.01.00 - Cota-Parte do ICMS;siconfi-cor_RO1.7.2.2.01.01.00;10474325,41
Prefeitura Municipal de Coari - AM;1301209;AM;83929;Deduções - FUNDEB;1.7.2.2.01.02.00 - Cota-Parte do IPVA;siconfi-cor_RO1.7.2.2.01.02.00;80349,4
Prefeitura Municipal de Coari - AM;1301209;AM;83929;Deduções - FUNDEB;1.7.2.2.01.04.00 - Cota-Parte do IPI - Municípios;siconfi-cor_RO1.7.2.2.01.04.00;42014,05
Prefeitura Municipal de Beruri - AM;1300631;AM;18579;Receitas Brutas Realizadas;Total Receitas;siconfi-cor_TotalReceitas;49151432,39
Prefeitura Municipal de Beruri - AM;1300631;AM;18579;Receitas Brutas Realizadas;1.0.0.0.00.00.00 - Receitas Correntes;siconfi-cor_RO1.0.0.0.00.00.00;47918753,28
Prefeitura Municipal de Beruri - AM;1300631;AM;18579;Receitas Brutas Realizadas;1.1.0.0.00.00.00 - Receita Tributária;siconfi-cor_RO1.1.0.0.00.00.00;690052,38
Prefeitura Municipal de Beruri - AM;1300631;AM;18579;Receitas Brutas Realizadas;1.1.1.0.00.00.00 - Impostos;siconfi-cor_RO1.1.1.0.00.00.00;683517,08
Prefeitura Municipal de Beruri - AM;1300631;AM;18579;Receitas Brutas Realizadas;1.1.1.2.00.00.00 - Impostos sobre o Patrimônio e a Renda;siconfi-cor_RO1.1.1.2.00.00.00;560292,86
Prefeitura Municipal de Beruri - AM;1300631;AM;18579;Receitas Brutas Realizadas;1.1.1.2.02.00.00 - Imposto sobre a Propriedade Predial e Territorial Urbana ¿ IPTU;siconfi-cor_RO1.1.1.2.02.00.00;14
Prefeitura Municipal de Beruri - AM;1300631;AM;18579;Receitas Brutas Realizadas;1.1.1.2.04.00.00 - Imposto sobre a Renda e Proventos de Qualquer Natureza ¿ IR;siconfi-cor_RO1.1.1.2.04.00.00;557018,86
Prefeitura Municipal de Beruri - AM;1300631;AM;18579;Receitas Brutas Realizadas;1.1.1.2.04.31.00 - Retido nas Fontes - Trabalho;siconfi-cor_RO1.1.1.2.04.31.00;555401,1
Prefeitura Municipal de Beruri - AM;1300631;AM;18579;Receitas Brutas Realizadas;1.1.1.2.04.34.00 - Retido nas Fontes - Outros Rendimentos;siconfi-cor_RO1.1.1.2.04.34.00;1617,76
Prefeitura Municipal de Beruri - AM;1300631;AM;18579;Receitas Brutas Realizadas;"1.1.1.2.08.00.00 - Imposto sobre Transmissão Inter Vivos"" de Bens Imóveis e de Direitos Reais sobre Imóveis ¿ ITBI""";siconfi-cor_RO1.1.1.2.08.00.00;3260
Prefeitura Municipal de Beruri - AM;1300631;AM;18579;Receitas Brutas Realizadas;1.1.1.3.00.00.00 - Impostos sobre a Produção e a Circulação;siconfi-cor_RO1.1.1.3.00.00.00;123224,22
Prefeitura Municipal de Beruri - AM;1300631;AM;18579;Receitas Brutas Realizadas;1.1.1.3.05.00.00 - Imposto sobre Serviços de Qualquer Natureza ¿ ISSQN;siconfi-cor_RO1.1.1.3.05.00.00;123224,22
Prefeitura Municipal de Beruri - AM;1300631;AM;18579;Receitas Brutas Realizadas;1.1.2.0.00.00.00 - Taxas;siconfi-cor_RO1.1.2.0.00.00.00;6535,3
Prefeitura Municipal de Beruri - AM;1300631;AM;18579;Receitas Brutas Realizadas;1.1.2.1.00.00.00 - Taxas pelo Exercício do Poder de Polícia;siconfi-cor_RO1.1.2.1.00.00.00;6535,3
Prefeitura Municipal de Beruri - AM;1300631;AM;18579;Receitas Brutas Realizadas;1.2.0.0.00.00.00 - Receitas de Contribuições;siconfi-cor_RO1.2.0.0.00.00.00;1245110,94
Prefeitura Municipal de Beruri - AM;1300631;AM;18579;Receitas Brutas Realizadas;1.2.1.0.00.00.00 - Contribuições Sociais;siconfi-cor_RO1.2.1.0.00.00.00;1139944,1
Prefeitura Municipal de Beruri - AM;1300631;AM;18579;Receitas Brutas Realizadas;1.2.1.0.29.00.00 - Contribuições para o Regime Próprio de Previdência do Servidor Público;siconfi-cor_RO1.2.1.0.29.00.00;1139944,1
Prefeitura Municipal de Beruri - AM;1300631;AM;18579;Receitas Brutas Realizadas;1.2.1.0.29.07.00 - Contribuição do Servidor Ativo Civil para o Regime Próprio;siconfi-cor_RO1.2.1.0.29.07.00;1139944,1
Prefeitura Municipal de Beruri - AM;1300631;AM;18579;Receitas Brutas Realizadas;1.2.3.0.00.00.00 - Contribuição para Custeio do Serviço de Iluminação Pública;siconfi-cor_RO1.2.3.0.00.00.00;105166,84
Prefeitura Municipal de Beruri - AM;1300631;AM;18579;Receitas Brutas Realizadas;1.3.0.0.00.00.00 - Receita Patrimonial;siconfi-cor_RO1.3.0.0.00.00.00;435006,16
Prefeitura Municipal de Beruri - AM;1300631;AM;18579;Receitas Brutas Realizadas;1.3.2.0.00.00.00 - Receitas de Valores Mobiliários;siconfi-cor_RO1.3.2.0.00.00.00;435006,16
Prefeitura Municipal de Beruri - AM;1300631;AM;18579;Receitas Brutas Realizadas;1.3.2.5.00.00.00 - Remuneração de Depósitos Bancários;siconfi-cor_RO1.3.2.5.00.00.00;214739,35
Prefeitura Municipal de Beruri - AM;1300631;AM;18579;Receitas Brutas Realizadas;1.3.2.8.00.00.00 - Remuneração dos Investimentos do Regime Próprio de Previdência do Servidor;siconfi-cor_RO1.3.2.8.00.00.00;220266,81
Prefeitura Municipal de Beruri - AM;1300631;AM;18579;Receitas Brutas Realizadas;1.6.0.0.00.00.00 - Receita de Serviços;siconfi-cor_RO1.6.0.0.00.00.00;1160
Prefeitura Municipal de Beruri - AM;1300631;AM;18579;Receitas Brutas Realizadas;1.6.0.0.13.00.00 - Serviços Administrativos;siconfi-cor_RO1.6.0.0.13.00.00;1160
Prefeitura Municipal de Beruri - AM;1300631;AM;18579;Receitas Brutas Realizadas;1.7.0.0.00.00.00 - Transferências Correntes;siconfi-cor_RO1.7.0.0.00.00.00;45547423,8
Prefeitura Municipal de Beruri - AM;1300631;AM;18579;Receitas Brutas Realizadas;1.7.2.0.00.00.00 - Transferências Intergovernamentais;siconfi-cor_RO1.7.2.0.00.00.00;45547423,8
Prefeitura Municipal de Beruri - AM;1300631;AM;18579;Receitas Brutas Realizadas;1.7.2.1.00.00.00 - Transferências da União;siconfi-cor_RO1.7.2.1.00.00.00;18051878,66
Prefeitura Municipal de Beruri - AM;1300631;AM;18579;Receitas Brutas Realizadas;1.7.2.1.01.00.00 - Participação na Receita da União;siconfi-cor_RO1.7.2.1.01.00.00;13752211,94
Prefeitura Municipal de Beruri - AM;1300631;AM;18579;Receitas Brutas Realizadas;1.7.2.1.01.02.00 - Cota-Parte do Fundo de Participação dos Municípios ¿ FPM;siconfi-cor_RO1.7.2.1.01.02.00;12612664,95
Prefeitura Municipal de Beruri - AM;1300631;AM;18579;Receitas Brutas Realizadas;1.7.2.1.01.03.00 - Cota-Parte do Fundo de Participação dos Municípios - 1% Cota Anual;siconfi-cor_RO1.7.2.1.01.03.00;559800,94
Prefeitura Municipal de Beruri - AM;1300631;AM;18579;Receitas Brutas Realizadas;1.7.2.1.01.04.00 - Cota-Parte do Fundo de Participação dos Municípios - 1% Cota entregue no mês de julho (67)(I);siconfi-cor_RO1.7.2.1.01.04.00;578860,71
Prefeitura Municipal de Beruri - AM;1300631;AM;18579;Receitas Brutas Realizadas;1.7.2.1.01.05.00 - Cota-Parte do Imposto Sobre a Propriedade Territorial Rural ¿ ITR;siconfi-cor_RO1.7.2.1.01.05.00;885,34
Prefeitura Municipal de Beruri - AM;1300631;AM;18579;Receitas Brutas Realizadas;1.7.2.1.22.00.00 - Transferências da Compensação Financeira pela Exploração de Recursos Naturais;siconfi-cor_RO1.7.2.1.22.00.00;168602,09
Prefeitura Municipal de Beruri - AM;1300631;AM;18579;Receitas Brutas Realizadas;1.7.2.1.22.40.00 - Cota-Parte Royalties pelo Excedente da Produção do Petróleo - Lei nº 9.478/97 artigo 49 I e II;siconfi-cor_RO1.7.2.1.22.40.00;21342,55
Prefeitura Municipal de Beruri - AM;1300631;AM;18579;Receitas Brutas Realizadas;1.7.2.1.22.70.00 - Cota-Parte do Fundo Especial do Petróleo ¿ FEP;siconfi-cor_RO1.7.2.1.22.70.00;147259,54
Prefeitura Municipal de Beruri - AM;1300631;AM;18579;Receitas Brutas Realizadas;1.7.2.1.33.00.00 - Transferências de Recursos do Sistema Único de Saúde - SUS - Repasses Fundo a Fundo;siconfi-cor_RO1.7.2.1.33.00.00;2364270,07
Prefeitura Municipal de Beruri - AM;1300631;AM;18579;Receitas Brutas Realizadas;1.7.2.1.34.00.00 - Transferências de Recursos do Fundo Nacional de Assistência Social ¿ FNAS;siconfi-cor_RO1.7.2.1.34.00.00;522721,13
Prefeitura Municipal de Beruri - AM;1300631;AM;18579;Receitas Brutas Realizadas;1.7.2.1.35.00.00 - Transferências de Recursos do Fundo Nacional do Desenvolvimento da Educação ¿ FNDE;siconfi-cor_RO1.7.2.1.35.00.00;1214681,62
Prefeitura Municipal de Beruri - AM;1300631;AM;18579;Receitas Brutas Realizadas;1.7.2.1.36.00.00 - Transferências Financeiras do ICMS ¿ Desoneração ¿ L.C. Nº 87/96;siconfi-cor_RO1.7.2.1.36.00.00;17846,4
Prefeitura Municipal de Beruri - AM;1300631;AM;18579;Receitas Brutas Realizadas;1.7.2.1.99.00.00 - Outras Transferências da União;siconfi-cor_RO1.7.2.1.99.00.00;11545,41
Prefeitura Municipal de Beruri - AM;1300631;AM;18579;Receitas Brutas Realizadas;1.7.2.2.00.00.00 - Transferências dos Estados;siconfi-cor_RO1.7.2.2.00.00.00;7859768,44
Prefeitura Municipal de Beruri - AM;1300631;AM;18579;Receitas Brutas Realizadas;1.7.2.2.01.00.00 - Participação na Receita dos Estados;siconfi-cor_RO1.7.2.2.01.00.00;7546133,81
Prefeitura Municipal de Beruri - AM;1300631;AM;18579;Receitas Brutas Realizadas;1.7.2.2.01.01.00 - Cota-Parte do ICMS;siconfi-cor_RO1.7.2.2.01.01.00;7444423,15
Prefeitura Municipal de Beruri - AM;1300631;AM;18579;Receitas Brutas Realizadas;1.7.2.2.01.02.00 - Cota-Parte do IPVA;siconfi-cor_RO1.7.2.2.01.02.00;19266,17
Prefeitura Municipal de Beruri - AM;1300631;AM;18579;Receitas Brutas Realizadas;1.7.2.2.01.04.00 - Cota-Parte do IPI - Municípios;siconfi-cor_RO1.7.2.2.01.04.00;29860,67
Prefeitura Municipal de Beruri - AM;1300631;AM;18579;Receitas Brutas Realizadas;1.7.2.2.01.13.00 - Cota-Parte da Contribuição de Intervenção no Domínio Econômico;siconfi-cor_RO1.7.2.2.01.13.00;52583,82
Prefeitura Municipal de Beruri - AM;1300631;AM;18579;Receitas Brutas Realizadas;1.7.2.2.22.00.00 - Transferências da Cota-Parte da Compensação Financeira (25%);siconfi-cor_RO1.7.2.2.22.00.00;80285,05
Prefeitura Municipal de Beruri - AM;1300631;AM;18579;Receitas Brutas Realizadas;1.7.2.2.22.30.00 - Cota-Parte Royalties - Compensação Financeira pela Produção de Petróleo - Lei nº 7.990/89 artigo 9º;siconfi-cor_RO1.7.2.2.22.30.00;80285,05
Prefeitura Municipal de Beruri - AM;1300631;AM;18579;Receitas Brutas Realizadas;1.7.2.2.33.00.00 - Transferências de Recursos do Estado para Programas de Saúde - Repasse Fundo a Fundo;siconfi-cor_RO1.7.2.2.33.00.00;233349,58
Prefeitura Municipal de Beruri - AM;1300631;AM;18579;Receitas Brutas Realizadas;1.7.2.4.00.00.00 - Transferências Multigovernamentais;siconfi-cor_RO1.7.2.4.00.00.00;19635776,7
Prefeitura Municipal de Beruri - AM;1300631;AM;18579;Receitas Brutas Realizadas;1.7.2.4.01.00.00 - Transferências de Recursos do Fundo de Manutenção e Desenvolvimento do Ensino Fundamental e de Valorização do Magistério - FUNDEB;siconfi-cor_RO1.7.2.4.01.00.00;14890059,51
Prefeitura Municipal de Beruri - AM;1300631;AM;18579;Receitas Brutas Realizadas;1.7.2.4.02.00.00 - Transferências de Recursos da Complementação ao Fundo de Manutenção e Desenvolvimento do Ensino Fundamental e de Valorização do Magistério - FUNDEB;siconfi-cor_RO1.7.2.4.02.00.00;4745717,19
Prefeitura Municipal de Beruri - AM;1300631;AM;18579;Receitas Brutas Realizadas;7.0.0.0.00.00.00 - Receitas Correntes Intraorçamentárias;siconfi-cor_RI7.0.0.0.00.00.00;1232679,11
Prefeitura Municipal de Beruri - AM;1300631;AM;18579;Receitas Brutas Realizadas;7.2.0.0.00.00.00 - Receitas de Contribuições Intraorçamentárias;siconfi-cor_RI7.2.0.0.00.00.00;1232679,11
Prefeitura Municipal de Beruri - AM;1300631;AM;18579;Receitas Brutas Realizadas;7.2.1.0.00.00.00 - Contribuições Sociais Intraorçamentárias;siconfi-cor_RI7.2.1.0.00.00.00;1232679,11
Prefeitura Municipal de Beruri - AM;1300631;AM;18579;Receitas Brutas Realizadas;7.2.1.0.29.00.00 - Contribuições para o Regime Próprio de Previdência do Servidor Público Intraorçamentárias;siconfi-cor_RI7.2.1.0.29.00.00;1232679,11
Prefeitura Municipal de Beruri - AM;1300631;AM;18579;Receitas Brutas Realizadas;7.2.1.0.29.01.00 - Contribuição Patronal de Servidor Ativo Civil para o Regime Próprio Intraorçamentária;siconfi-cor_RI7.2.1.0.29.01.00;1232679,11
Prefeitura Municipal de Beruri - AM;1300631;AM;18579;Outras Deduções da Receita;Total Receitas;siconfi-cor_TotalReceitas;4024988,73
Prefeitura Municipal de Beruri - AM;1300631;AM;18579;Outras Deduções da Receita;1.0.0.0.00.00.00 - Receitas Correntes;siconfi-cor_RO1.0.0.0.00.00.00;4024988,73
Prefeitura Municipal de Beruri - AM;1300631;AM;18579;Outras Deduções da Receita;1.7.0.0.00.00.00 - Transferências Correntes;siconfi-cor_RO1.7.0.0.00.00.00;4024988,73
Prefeitura Municipal de Beruri - AM;1300631;AM;18579;Outras Deduções da Receita;1.7.2.0.00.00.00 - Transferências Intergovernamentais;siconfi-cor_RO1.7.2.0.00.00.00;4024988,73
Prefeitura Municipal de Beruri - AM;1300631;AM;18579;Outras Deduções da Receita;1.7.2.1.00.00.00 - Transferências da União;siconfi-cor_RO1.7.2.1.00.00.00;2526278,96
Prefeitura Municipal de Beruri - AM;1300631;AM;18579;Outras Deduções da Receita;1.7.2.1.01.00.00 - Participação na Receita da União;siconfi-cor_RO1.7.2.1.01.00.00;2522709,68
Prefeitura Municipal de Beruri - AM;1300631;AM;18579;Outras Deduções da Receita;1.7.2.1.01.02.00 - Cota-Parte do Fundo de Participação dos Municípios ¿ FPM;siconfi-cor_RO1.7.2.1.01.02.00;2522532,65
Prefeitura Municipal de Beruri - AM;1300631;AM;18579;Outras Deduções da Receita;1.7.2.1.01.05.00 - Cota-Parte do Imposto Sobre a Propriedade Territorial Rural ¿ ITR;siconfi-cor_RO1.7.2.1.01.05.00;177,03
Prefeitura Municipal de Beruri - AM;1300631;AM;18579;Outras Deduções da Receita;1.7.2.1.36.00.00 - Transferências Financeiras do ICMS ¿ Desoneração ¿ L.C. Nº 87/96;siconfi-cor_RO1.7.2.1.36.00.00;3569,28
Prefeitura Municipal de Beruri - AM;1300631;AM;18579;Outras Deduções da Receita;1.7.2.2.00.00.00 - Transferências dos Estados;siconfi-cor_RO1.7.2.2.00.00.00;1498709,77
Prefeitura Municipal de Beruri - AM;1300631;AM;18579;Outras Deduções da Receita;1.7.2.2.01.00.00 - Participação na Receita dos Estados;siconfi-cor_RO1.7.2.2.01.00.00;1498709,77
Prefeitura Municipal de Beruri - AM;1300631;AM;18579;Outras Deduções da Receita;1.7.2.2.01.01.00 - Cota-Parte do ICMS;siconfi-cor_RO1.7.2.2.01.01.00;1488884,63
Prefeitura Municipal de Beruri - AM;1300631;AM;18579;Outras Deduções da Receita;1.7.2.2.01.02.00 - Cota-Parte do IPVA;siconfi-cor_RO1.7.2.2.01.02.00;3853
Prefeitura Municipal de Beruri - AM;1300631;AM;18579;Outras Deduções da Receita;1.7.2.2.01.04.00 - Cota-Parte do IPI - Municípios;siconfi-cor_RO1.7.2.2.01.04.00;5972,14
Prefeitura Municipal de Manacapuru - AM;1302504;AM;95330;Receitas Brutas Realizadas;Total Receitas;siconfi-cor_TotalReceitas;169816256,7
Prefeitura Municipal de Manacapuru - AM;1302504;AM;95330;Receitas Brutas Realizadas;1.0.0.0.00.00.00 - Receitas Correntes;siconfi-cor_RO1.0.0.0.00.00.00;167025427,6
Prefeitura Municipal de Manacapuru - AM;1302504;AM;95330;Receitas Brutas Realizadas;1.1.0.0.00.00.00 - Receita Tributária;siconfi-cor_RO1.1.0.0.00.00.00;6768324,44
Prefeitura Municipal de Manacapuru - AM;1302504;AM;95330;Receitas Brutas Realizadas;1.1.1.0.00.00.00 - Impostos;siconfi-cor_RO1.1.1.0.00.00.00;5188539,55
Prefeitura Municipal de Manacapuru - AM;1302504;AM;95330;Receitas Brutas Realizadas;1.1.1.2.00.00.00 - Impostos sobre o Patrimônio e a Renda;siconfi-cor_RO1.1.1.2.00.00.00;2750386,41
Prefeitura Municipal de Manacapuru - AM;1302504;AM;95330;Receitas Brutas Realizadas;1.1.1.2.02.00.00 - Imposto sobre a Propriedade Predial e Territorial Urbana ¿ IPTU;siconfi-cor_RO1.1.1.2.02.00.00;250090,42
Prefeitura Municipal de Manacapuru - AM;1302504;AM;95330;Receitas Brutas Realizadas;1.1.1.2.04.00.00 - Imposto sobre a Renda e Proventos de Qualquer Natureza ¿ IR;siconfi-cor_RO1.1.1.2.04.00.00;2432164
Prefeitura Municipal de Manacapuru - AM;1302504;AM;95330;Receitas Brutas Realizadas;1.1.1.2.04.31.00 - Retido nas Fontes - Trabalho;siconfi-cor_RO1.1.1.2.04.31.00;1934985,14
Prefeitura Municipal de Manacapuru - AM;1302504;AM;95330;Receitas Brutas Realizadas;1.1.1.2.04.34.00 - Retido nas Fontes - Outros Rendimentos;siconfi-cor_RO1.1.1.2.04.34.00;497178,86
Prefeitura Municipal de Manacapuru - AM;1302504;AM;95330;Receitas Brutas Realizadas;"1.1.1.2.08.00.00 - Imposto sobre Transmissão Inter Vivos"" de Bens Imóveis e de Direitos Reais sobre Imóveis ¿ ITBI""";siconfi-cor_RO1.1.1.2.08.00.00;68131,99
Prefeitura Municipal de Manacapuru - AM;1302504;AM;95330;Receitas Brutas Realizadas;1.1.1.3.00.00.00 - Impostos sobre a Produção e a Circulação;siconfi-cor_RO1.1.1.3.00.00.00;2438153,14
Prefeitura Municipal de Manacapuru - AM;1302504;AM;95330;Receitas Brutas Realizadas;1.1.1.3.05.00.00 - Imposto sobre Serviços de Qualquer Natureza ¿ ISSQN;siconfi-cor_RO1.1.1.3.05.00.00;2438153,14
Prefeitura Municipal de Manacapuru - AM;1302504;AM;95330;Receitas Brutas Realizadas;1.1.2.0.00.00.00 - Taxas;siconfi-cor_RO1.1.2.0.00.00.00;774017,26
Prefeitura Municipal de Manacapuru - AM;1302504;AM;95330;Receitas Brutas Realizadas;1.1.2.1.00.00.00 - Taxas pelo Exercício do Poder de Polícia;siconfi-cor_RO1.1.2.1.00.00.00;327052,23
Prefeitura Municipal de Manacapuru - AM;1302504;AM;95330;Receitas Brutas Realizadas;1.1.2.2.00.00.00 - Taxas pela Prestação de Serviços;siconfi-cor_RO1.1.2.2.00.00.00;446965,03
Prefeitura Municipal de Manacapuru - AM;1302504;AM;95330;Receitas Brutas Realizadas;1.1.2.2.28.00.00 - Taxa de Cemitérios;siconfi-cor_RO1.1.2.2.28.00.00;25583,26
Prefeitura Municipal de Manacapuru - AM;1302504;AM;95330;Receitas Brutas Realizadas;1.1.2.2.90.00.00 - Taxa de Limpeza Pública;siconfi-cor_RO1.1.2.2.90.00.00;38188,71
Prefeitura Municipal de Manacapuru - AM;1302504;AM;95330;Receitas Brutas Realizadas;1.1.2.2.99.00.00 - Outras Taxas pela Prestação de Serviços;siconfi-cor_RO1.1.2.2.99.00.00;383193,06
Prefeitura Municipal de Manacapuru - AM;1302504;AM;95330;Receitas Brutas Realizadas;1.1.3.0.00.00.00 - Contribuição de Melhoria;siconfi-cor_RO1.1.3.0.00.00.00;805767,63
Prefeitura Municipal de Manacapuru - AM;1302504;AM;95330;Receitas Brutas Realizadas;1.1.3.0.02.00.00 - Contribuição de Melhoria para Expansão da Rede de Iluminação Pública na Cidade;siconfi-cor_RO1.1.3.0.02.00.00;805767,63
Prefeitura Municipal de Manacapuru - AM;1302504;AM;95330;Receitas Brutas Realizadas;1.3.0.0.00.00.00 - Receita Patrimonial;siconfi-cor_RO1.3.0.0.00.00.00;1413823,63
Prefeitura Municipal de Manacapuru - AM;1302504;AM;95330;Receitas Brutas Realizadas;1.3.1.0.00.00.00 - Receitas Imobiliárias;siconfi-cor_RO1.3.1.0.00.00.00;4700
Prefeitura Municipal de Manacapuru - AM;1302504;AM;95330;Receitas Brutas Realizadas;1.3.1.1.00.00.00 - Aluguéis;siconfi-cor_RO1.3.1.1.00.00.00;4700
Prefeitura Municipal de Manacapuru - AM;1302504;AM;95330;Receitas Brutas Realizadas;1.3.2.0.00.00.00 - Receitas de Valores Mobiliários;siconfi-cor_RO1.3.2.0.00.00.00;1409123,63
Prefeitura Municipal de Manacapuru - AM;1302504;AM;95330;Receitas Brutas Realizadas;1.3.2.5.00.00.00 - Remuneração de Depósitos Bancários;siconfi-cor_RO1.3.2.5.00.00.00;1409123,63
Prefeitura Municipal de Manacapuru - AM;1302504;AM;95330;Receitas Brutas Realizadas;1.6.0.0.00.00.00 - Receita de Serviços;siconfi-cor_RO1.6.0.0.00.00.00;2448132,29
Prefeitura Municipal de Manacapuru - AM;1302504;AM;95330;Receitas Brutas Realizadas;1.6.0.0.13.00.00 - Serviços Administrativos;siconfi-cor_RO1.6.0.0.13.00.00;31181,82
Prefeitura Municipal de Manacapuru - AM;1302504;AM;95330;Receitas Brutas Realizadas;1.6.0.0.41.00.00 - Serviços de Captação, Adução, Tratamento, Reserva e Distribuição de Água;siconfi-cor_RO1.6.0.0.41.00.00;2375599,94
Prefeitura Municipal de Manacapuru - AM;1302504;AM;95330;Receitas Brutas Realizadas;1.6.0.0.48.00.00 - Serviços de Religamento de Água;siconfi-cor_RO1.6.0.0.48.00.00;20185,89
Prefeitura Municipal de Manacapuru - AM;1302504;AM;95330;Receitas Brutas Realizadas;1.6.0.0.99.00.00 - Outros Serviços;siconfi-cor_RO1.6.0.0.99.00.00;21164,64
Prefeitura Municipal de Manacapuru - AM;1302504;AM;95330;Receitas Brutas Realizadas;1.7.0.0.00.00.00 - Transferências Correntes;siconfi-cor_RO1.7.0.0.00.00.00;154302405,9
Prefeitura Municipal de Manacapuru - AM;1302504;AM;95330;Receitas Brutas Realizadas;1.7.2.0.00.00.00 - Transferências Intergovernamentais;siconfi-cor_RO1.7.2.0.00.00.00;154173093,4
Prefeitura Municipal de Manacapuru - AM;1302504;AM;95330;Receitas Brutas Realizadas;1.7.2.1.00.00.00 - Transferências da União;siconfi-cor_RO1.7.2.1.00.00.00;67491818,91
Prefeitura Municipal de Manacapuru - AM;1302504;AM;95330;Receitas Brutas Realizadas;1.7.2.1.01.00.00 - Participação na Receita da União;siconfi-cor_RO1.7.2.1.01.00.00;34387864,85
Prefeitura Municipal de Manacapuru - AM;1302504;AM;95330;Receitas Brutas Realizadas;1.7.2.1.01.02.00 - Cota-Parte do Fundo de Participação dos Municípios ¿ FPM;siconfi-cor_RO1.7.2.1.01.02.00;31531662,42
Prefeitura Municipal de Manacapuru - AM;1302504;AM;95330;Receitas Brutas Realizadas;1.7.2.1.01.03.00 - Cota-Parte do Fundo de Participação dos Municípios - 1% Cota Anual;siconfi-cor_RO1.7.2.1.01.03.00;1399502,36
Prefeitura Municipal de Manacapuru - AM;1302504;AM;95330;Receitas Brutas Realizadas;1.7.2.1.01.04.00 - Cota-Parte do Fundo de Participação dos Municípios - 1% Cota entregue no mês de julho (67)(I);siconfi-cor_RO1.7.2.1.01.04.00;1447151,81
Prefeitura Municipal de Manacapuru - AM;1302504;AM;95330;Receitas Brutas Realizadas;1.7.2.1.01.05.00 - Cota-Parte do Imposto Sobre a Propriedade Territorial Rural ¿ ITR;siconfi-cor_RO1.7.2.1.01.05.00;9548,26
Prefeitura Municipal de Manacapuru - AM;1302504;AM;95330;Receitas Brutas Realizadas;1.7.2.1.22.00.00 - Transferências da Compensação Financeira pela Exploração de Recursos Naturais;siconfi-cor_RO1.7.2.1.22.00.00;4450884,45
Prefeitura Municipal de Manacapuru - AM;1302504;AM;95330;Receitas Brutas Realizadas;1.7.2.1.22.20.00 - Cota-Parte da Compensação Financeira de Recursos Minerais - CFEM;siconfi-cor_RO1.7.2.1.22.20.00;7005,38
Prefeitura Municipal de Manacapuru - AM;1302504;AM;95330;Receitas Brutas Realizadas;1.7.2.1.22.40.00 - Cota-Parte Royalties pelo Excedente da Produção do Petróleo - Lei nº 9.478/97 artigo 49 I e II;siconfi-cor_RO1.7.2.1.22.40.00;4075730,21
Prefeitura Municipal de Manacapuru - AM;1302504;AM;95330;Receitas Brutas Realizadas;1.7.2.1.22.70.00 - Cota-Parte do Fundo Especial do Petróleo ¿ FEP;siconfi-cor_RO1.7.2.1.22.70.00;368148,86
Prefeitura Municipal de Manacapuru - AM;1302504;AM;95330;Receitas Brutas Realizadas;1.7.2.1.33.00.00 - Transferências de Recursos do Sistema Único de Saúde - SUS - Repasses Fundo a Fundo;siconfi-cor_RO1.7.2.1.33.00.00;21507098,73
Prefeitura Municipal de Manacapuru - AM;1302504;AM;95330;Receitas Brutas Realizadas;1.7.2.1.34.00.00 - Transferências de Recursos do Fundo Nacional de Assistência Social ¿ FNAS;siconfi-cor_RO1.7.2.1.34.00.00;2140207,97
Prefeitura Municipal de Manacapuru - AM;1302504;AM;95330;Receitas Brutas Realizadas;1.7.2.1.35.00.00 - Transferências de Recursos do Fundo Nacional do Desenvolvimento da Educação ¿ FNDE;siconfi-cor_RO1.7.2.1.35.00.00;4897078,44
Prefeitura Municipal de Manacapuru - AM;1302504;AM;95330;Receitas Brutas Realizadas;1.7.2.1.36.00.00 - Transferências Financeiras do ICMS ¿ Desoneração ¿ L.C. Nº 87/96;siconfi-cor_RO1.7.2.1.36.00.00;65992,08
Prefeitura Municipal de Manacapuru - AM;1302504;AM;95330;Receitas Brutas Realizadas;1.7.2.1.99.00.00 - Outras Transferências da União;siconfi-cor_RO1.7.2.1.99.00.00;42692,39
Prefeitura Municipal de Manacapuru - AM;1302504;AM;95330;Receitas Brutas Realizadas;1.7.2.2.00.00.00 - Transferências dos Estados;siconfi-cor_RO1.7.2.2.00.00.00;29395906,55
Prefeitura Municipal de Manacapuru - AM;1302504;AM;95330;Receitas Brutas Realizadas;1.7.2.2.01.00.00 - Participação na Receita dos Estados;siconfi-cor_RO1.7.2.2.01.00.00;29099030,18
Prefeitura Municipal de Manacapuru - AM;1302504;AM;95330;Receitas Brutas Realizadas;1.7.2.2.01.01.00 - Cota-Parte do ICMS;siconfi-cor_RO1.7.2.2.01.01.00;27527833,79
Prefeitura Municipal de Manacapuru - AM;1302504;AM;95330;Receitas Brutas Realizadas;1.7.2.2.01.02.00 - Cota-Parte do IPVA;siconfi-cor_RO1.7.2.2.01.02.00;1291011,59
Prefeitura Municipal de Manacapuru - AM;1302504;AM;95330;Receitas Brutas Realizadas;1.7.2.2.01.04.00 - Cota-Parte do IPI - Municípios;siconfi-cor_RO1.7.2.2.01.04.00;110418,12
Prefeitura Municipal de Manacapuru - AM;1302504;AM;95330;Receitas Brutas Realizadas;1.7.2.2.01.13.00 - Cota-Parte da Contribuição de Intervenção no Domínio Econômico;siconfi-cor_RO1.7.2.2.01.13.00;169766,68
Prefeitura Municipal de Manacapuru - AM;1302504;AM;95330;Receitas Brutas Realizadas;1.7.2.2.22.00.00 - Transferências da Cota-Parte da Compensação Financeira (25%);siconfi-cor_RO1.7.2.2.22.00.00;296876,37
Prefeitura Municipal de Manacapuru - AM;1302504;AM;95330;Receitas Brutas Realizadas;1.7.2.2.22.30.00 - Cota-Parte Royalties - Compensação Financeira pela Produção de Petróleo - Lei nº 7.990/89 artigo 9º;siconfi-cor_RO1.7.2.2.22.30.00;296876,37
Prefeitura Municipal de Manacapuru - AM;1302504;AM;95330;Receitas Brutas Realizadas;1.7.2.4.00.00.00 - Transferências Multigovernamentais;siconfi-cor_RO1.7.2.4.00.00.00;57285367,98
Prefeitura Municipal de Manacapuru - AM;1302504;AM;95330;Receitas Brutas Realizadas;1.7.2.4.01.00.00 - Transferências de Recursos do Fundo de Manutenção e Desenvolvimento do Ensino Fundamental e de Valorização do Magistério - FUNDEB;siconfi-cor_RO1.7.2.4.01.00.00;43420846,76
Prefeitura Municipal de Manacapuru - AM;1302504;AM;95330;Receitas Brutas Realizadas;1.7.2.4.02.00.00 - Transferências de Recursos da Complementação ao Fundo de Manutenção e Desenvolvimento do Ensino Fundamental e de Valorização do Magistério - FUNDEB;siconfi-cor_RO1.7.2.4.02.00.00;13864521,22
Prefeitura Municipal de Manacapuru - AM;1302504;AM;95330;Receitas Brutas Realizadas;1.7.3.0.00.00.00 - Transferências de Instituições Privadas;siconfi-cor_RO1.7.3.0.00.00.00;5000
Prefeitura Municipal de Manacapuru - AM;1302504;AM;95330;Receitas Brutas Realizadas;1.7.6.0.00.00.00 - Transferências de Convênios;siconfi-cor_RO1.7.6.0.00.00.00;124312,5
Prefeitura Municipal de Manacapuru - AM;1302504;AM;95330;Receitas Brutas Realizadas;1.7.6.1.00.00.00 - Transferências de Convênios da União e de Suas Entidades;siconfi-cor_RO1.7.6.1.00.00.00;124312,5
Prefeitura Municipal de Manacapuru - AM;1302504;AM;95330;Receitas Brutas Realizadas;1.7.6.1.99.00.00 - Outras Transferências de Convênios da União;siconfi-cor_RO1.7.6.1.99.00.00;124312,5
Prefeitura Municipal de Manacapuru - AM;1302504;AM;95330;Receitas Brutas Realizadas;1.9.0.0.00.00.00 - Outras Receitas Correntes;siconfi-cor_RO1.9.0.0.00.00.00;2092741,31
Prefeitura Municipal de Manacapuru - AM;1302504;AM;95330;Receitas Brutas Realizadas;1.9.1.0.00.00.00 - Multas e Juros de Mora;siconfi-cor_RO1.9.1.0.00.00.00;438991,82
Prefeitura Municipal de Manacapuru - AM;1302504;AM;95330;Receitas Brutas Realizadas;1.9.1.2.00.00.00 - Multas e Juros de Mora das Contribuições;siconfi-cor_RO1.9.1.2.00.00.00;377956,72
Prefeitura Municipal de Manacapuru - AM;1302504;AM;95330;Receitas Brutas Realizadas;1.9.1.2.99.00.00 - Multas e Juros de Mora de Outras Contribuições;siconfi-cor_RO1.9.1.2.99.00.00;377956,72
Prefeitura Municipal de Manacapuru - AM;1302504;AM;95330;Receitas Brutas Realizadas;1.9.1.8.00.00.00 - Multas e Juros de Mora de Outras Receitas;siconfi-cor_RO1.9.1.8.00.00.00;61035,1
Prefeitura Municipal de Manacapuru - AM;1302504;AM;95330;Receitas Brutas Realizadas;1.9.1.8.99.00.00 - Outras Multas e Juros de Mora;siconfi-cor_RO1.9.1.8.99.00.00;61035,1
Prefeitura Municipal de Manacapuru - AM;1302504;AM;95330;Receitas Brutas Realizadas;1.9.3.0.00.00.00 - Receita da Dívida Ativa;siconfi-cor_RO1.9.3.0.00.00.00;1482414,53
Prefeitura Municipal de Manacapuru - AM;1302504;AM;95330;Receitas Brutas Realizadas;1.9.3.1.00.00.00 - Receita da Dívida Ativa Tributária;siconfi-cor_RO1.9.3.1.00.00.00;1482414,53
Prefeitura Municipal de Manacapuru - AM;1302504;AM;95330;Receitas Brutas Realizadas;1.9.3.1.99.00.00 - Receita da Dívida Ativa de Outros Tributos;siconfi-cor_RO1.9.3.1.99.00.00;1482414,53
Prefeitura Municipal de Manacapuru - AM;1302504;AM;95330;Receitas Brutas Realizadas;1.9.9.0.00.00.00 - Receitas Diversas;siconfi-cor_RO1.9.9.0.00.00.00;171334,96
Prefeitura Municipal de Manacapuru - AM;1302504;AM;95330;Receitas Brutas Realizadas;1.9.9.0.99.00.00 - Outras Receitas;siconfi-cor_RO1.9.9.0.99.00.00;171334,96
Prefeitura Municipal de Manacapuru - AM;1302504;AM;95330;Receitas Brutas Realizadas;2.0.0.0.00.00.00 - Receitas de Capital;siconfi-cor_RO2.0.0.0.00.00.00;2790829,05
Prefeitura Municipal de Manacapuru - AM;1302504;AM;95330;Receitas Brutas Realizadas;2.4.0.0.00.00.00 - Transferências de Capital;siconfi-cor_RO2.4.0.0.00.00.00;2790829,05
Prefeitura Municipal de Manacapuru - AM;1302504;AM;95330;Receitas Brutas Realizadas;2.4.2.0.00.00.00 - Transferências Intergovernamentais;siconfi-cor_RO2.4.2.0.00.00.00;2790829,05
Prefeitura Municipal de Manacapuru - AM;1302504;AM;95330;Receitas Brutas Realizadas;2.4.2.1.00.00.00 - Transferências da União;siconfi-cor_RO2.4.2.1.00.00.00;2790829,05
Prefeitura Municipal de Manacapuru - AM;1302504;AM;95330;Receitas Brutas Realizadas;2.4.2.1.02.00.00 - Transferências de Recursos Destinados a Programas de Educação;siconfi-cor_RO2.4.2.1.02.00.00;1046919,05
Prefeitura Municipal de Manacapuru - AM;1302504;AM;95330;Receitas Brutas Realizadas;2.4.2.1.99.00.00 - Outras Transferências da União;siconfi-cor_RO2.4.2.1.99.00.00;1743910
Prefeitura Municipal de Manacapuru - AM;1302504;AM;95330;Deduções - FUNDEB;Total Receitas;siconfi-cor_TotalReceitas;12107291,66
Prefeitura Municipal de Manacapuru - AM;1302504;AM;95330;Deduções - FUNDEB;1.0.0.0.00.00.00 - Receitas Correntes;siconfi-cor_RO1.0.0.0.00.00.00;12107291,66
Prefeitura Municipal de Manacapuru - AM;1302504;AM;95330;Deduções - FUNDEB;1.7.0.0.00.00.00 - Transferências Correntes;siconfi-cor_RO1.7.0.0.00.00.00;12107291,66
Prefeitura Municipal de Manacapuru - AM;1302504;AM;95330;Deduções - FUNDEB;1.7.2.0.00.00.00 - Transferências Intergovernamentais;siconfi-cor_RO1.7.2.0.00.00.00;12107291,66
Prefeitura Municipal de Manacapuru - AM;1302504;AM;95330;Deduções - FUNDEB;1.7.2.1.00.00.00 - Transferências da União;siconfi-cor_RO1.7.2.1.00.00.00;6321440,04
Prefeitura Municipal de Manacapuru - AM;1302504;AM;95330;Deduções - FUNDEB;1.7.2.1.01.00.00 - Participação na Receita da União;siconfi-cor_RO1.7.2.1.01.00.00;6308241,72
Prefeitura Municipal de Manacapuru - AM;1302504;AM;95330;Deduções - FUNDEB;1.7.2.1.01.02.00 - Cota-Parte do Fundo de Participação dos Municípios ¿ FPM;siconfi-cor_RO1.7.2.1.01.02.00;6306332,19
Prefeitura Municipal de Manacapuru - AM;1302504;AM;95330;Deduções - FUNDEB;1.7.2.1.01.05.00 - Cota-Parte do Imposto Sobre a Propriedade Territorial Rural ¿ ITR;siconfi-cor_RO1.7.2.1.01.05.00;1909,53
Prefeitura Municipal de Manacapuru - AM;1302504;AM;95330;Deduções - FUNDEB;1.7.2.1.36.00.00 - Transferências Financeiras do ICMS ¿ Desoneração ¿ L.C. Nº 87/96;siconfi-cor_RO1.7.2.1.36.00.00;13198,32
Prefeitura Municipal de Manacapuru - AM;1302504;AM;95330;Deduções - FUNDEB;1.7.2.2.00.00.00 - Transferências dos Estados;siconfi-cor_RO1.7.2.2.00.00.00;5785851,62
Prefeitura Municipal de Manacapuru - AM;1302504;AM;95330;Deduções - FUNDEB;1.7.2.2.01.00.00 - Participação na Receita dos Estados;siconfi-cor_RO1.7.2.2.01.00.00;5785851,62
Prefeitura Municipal de Manacapuru - AM;1302504;AM;95330;Deduções - FUNDEB;1.7.2.2.01.01.00 - Cota-Parte do ICMS;siconfi-cor_RO1.7.2.2.01.01.00;5505566,7
Prefeitura Municipal de Manacapuru - AM;1302504;AM;95330;Deduções - FUNDEB;1.7.2.2.01.02.00 - Cota-Parte do IPVA;siconfi-cor_RO1.7.2.2.01.02.00;258201,3
Prefeitura Municipal de Manacapuru - AM;1302504;AM;95330;Deduções - FUNDEB;1.7.2.2.01.04.00 - Cota-Parte do IPI - Municípios;siconfi-cor_RO1.7.2.2.01.04.00;22083,62
Prefeitura Municipal de Tonantins - AM;1304237;AM;18632;Receitas Brutas Realizadas;Total Receitas;siconfi-cor_TotalReceitas;44853671,32
Prefeitura Municipal de Tonantins - AM;1304237;AM;18632;Receitas Brutas Realizadas;1.0.0.0.00.00.00 - Receitas Correntes;siconfi-cor_RO1.0.0.0.00.00.00;44853671,32
Prefeitura Municipal de Tonantins - AM;1304237;AM;18632;Receitas Brutas Realizadas;1.1.0.0.00.00.00 - Receita Tributária;siconfi-cor_RO1.1.0.0.00.00.00;601098,44
Prefeitura Municipal de Tonantins - AM;1304237;AM;18632;Receitas Brutas Realizadas;1.1.1.0.00.00.00 - Impostos;siconfi-cor_RO1.1.1.0.00.00.00;550023,4
Prefeitura Municipal de Tonantins - AM;1304237;AM;18632;Receitas Brutas Realizadas;1.1.1.2.00.00.00 - Impostos sobre o Patrimônio e a Renda;siconfi-cor_RO1.1.1.2.00.00.00;419512,97
Prefeitura Municipal de Tonantins - AM;1304237;AM;18632;Receitas Brutas Realizadas;1.1.1.2.02.00.00 - Imposto sobre a Propriedade Predial e Territorial Urbana ¿ IPTU;siconfi-cor_RO1.1.1.2.02.00.00;24484,1
Prefeitura Municipal de Tonantins - AM;1304237;AM;18632;Receitas Brutas Realizadas;1.1.1.2.04.00.00 - Imposto sobre a Renda e Proventos de Qualquer Natureza ¿ IR;siconfi-cor_RO1.1.1.2.04.00.00;395028,87
Prefeitura Municipal de Tonantins - AM;1304237;AM;18632;Receitas Brutas Realizadas;1.1.1.2.04.31.00 - Retido nas Fontes - Trabalho;siconfi-cor_RO1.1.1.2.04.31.00;360907,82
Prefeitura Municipal de Tonantins - AM;1304237;AM;18632;Receitas Brutas Realizadas;1.1.1.2.04.34.00 - Retido nas Fontes - Outros Rendimentos;siconfi-cor_RO1.1.1.2.04.34.00;34121,05
Prefeitura Municipal de Tonantins - AM;1304237;AM;18632;Receitas Brutas Realizadas;1.1.1.3.00.00.00 - Impostos sobre a Produção e a Circulação;siconfi-cor_RO1.1.1.3.00.00.00;130510,43
Prefeitura Municipal de Tonantins - AM;1304237;AM;18632;Receitas Brutas Realizadas;1.1.1.3.05.00.00 - Imposto sobre Serviços de Qualquer Natureza ¿ ISSQN;siconfi-cor_RO1.1.1.3.05.00.00;130510,43
Prefeitura Municipal de Tonantins - AM;1304237;AM;18632;Receitas Brutas Realizadas;1.1.3.0.00.00.00 - Contribuição de Melhoria;siconfi-cor_RO1.1.3.0.00.00.00;51075,04
Prefeitura Municipal de Tonantins - AM;1304237;AM;18632;Receitas Brutas Realizadas;1.1.3.0.02.00.00 - Contribuição de Melhoria para Expansão da Rede de Iluminação Pública na Cidade;siconfi-cor_RO1.1.3.0.02.00.00;51075,04
Prefeitura Municipal de Tonantins - AM;1304237;AM;18632;Receitas Brutas Realizadas;1.3.0.0.00.00.00 - Receita Patrimonial;siconfi-cor_RO1.3.0.0.00.00.00;122485,41
Prefeitura Municipal de Tonantins - AM;1304237;AM;18632;Receitas Brutas Realizadas;1.3.2.0.00.00.00 - Receitas de Valores Mobiliários;siconfi-cor_RO1.3.2.0.00.00.00;122485,41
Prefeitura Municipal de Tonantins - AM;1304237;AM;18632;Receitas Brutas Realizadas;1.3.2.5.00.00.00 - Remuneração de Depósitos Bancários;siconfi-cor_RO1.3.2.5.00.00.00;122485,41
Prefeitura Municipal de Tonantins - AM;1304237;AM;18632;Receitas Brutas Realizadas;1.7.0.0.00.00.00 - Transferências Correntes;siconfi-cor_RO1.7.0.0.00.00.00;43770342,84
Prefeitura Municipal de Tonantins - AM;1304237;AM;18632;Receitas Brutas Realizadas;1.7.2.0.00.00.00 - Transferências Intergovernamentais;siconfi-cor_RO1.7.2.0.00.00.00;43569176,15
Prefeitura Municipal de Tonantins - AM;1304237;AM;18632;Receitas Brutas Realizadas;1.7.2.1.00.00.00 - Transferências da União;siconfi-cor_RO1.7.2.1.00.00.00;20494964,88
Prefeitura Municipal de Tonantins - AM;1304237;AM;18632;Receitas Brutas Realizadas;1.7.2.1.01.00.00 - Participação na Receita da União;siconfi-cor_RO1.7.2.1.01.00.00;13871079,3
Prefeitura Municipal de Tonantins - AM;1304237;AM;18632;Receitas Brutas Realizadas;1.7.2.1.01.02.00 - Cota-Parte do Fundo de Participação dos Municípios ¿ FPM;siconfi-cor_RO1.7.2.1.01.02.00;12732404,85
Prefeitura Municipal de Tonantins - AM;1304237;AM;18632;Receitas Brutas Realizadas;1.7.2.1.01.03.00 - Cota-Parte do Fundo de Participação dos Municípios - 1% Cota Anual;siconfi-cor_RO1.7.2.1.01.03.00;559800,94
Prefeitura Municipal de Tonantins - AM;1304237;AM;18632;Receitas Brutas Realizadas;1.7.2.1.01.04.00 - Cota-Parte do Fundo de Participação dos Municípios - 1% Cota entregue no mês de julho (67)(I);siconfi-cor_RO1.7.2.1.01.04.00;578860,71
Prefeitura Municipal de Tonantins - AM;1304237;AM;18632;Receitas Brutas Realizadas;1.7.2.1.01.05.00 - Cota-Parte do Imposto Sobre a Propriedade Territorial Rural ¿ ITR;siconfi-cor_RO1.7.2.1.01.05.00;12,8
Prefeitura Municipal de Tonantins - AM;1304237;AM;18632;Receitas Brutas Realizadas;1.7.2.1.22.00.00 - Transferências da Compensação Financeira pela Exploração de Recursos Naturais;siconfi-cor_RO1.7.2.1.22.00.00;135670,46
Prefeitura Municipal de Tonantins - AM;1304237;AM;18632;Receitas Brutas Realizadas;1.7.2.1.22.70.00 - Cota-Parte do Fundo Especial do Petróleo ¿ FEP;siconfi-cor_RO1.7.2.1.22.70.00;135670,46
Prefeitura Municipal de Tonantins - AM;1304237;AM;18632;Receitas Brutas Realizadas;1.7.2.1.33.00.00 - Transferências de Recursos do Sistema Único de Saúde - SUS - Repasses Fundo a Fundo;siconfi-cor_RO1.7.2.1.33.00.00;4586361,53
Prefeitura Municipal de Tonantins - AM;1304237;AM;18632;Receitas Brutas Realizadas;1.7.2.1.34.00.00 - Transferências de Recursos do Fundo Nacional de Assistência Social ¿ FNAS;siconfi-cor_RO1.7.2.1.34.00.00;486240,53
Prefeitura Municipal de Tonantins - AM;1304237;AM;18632;Receitas Brutas Realizadas;1.7.2.1.35.00.00 - Transferências de Recursos do Fundo Nacional do Desenvolvimento da Educação ¿ FNDE;siconfi-cor_RO1.7.2.1.35.00.00;1388042
Prefeitura Municipal de Tonantins - AM;1304237;AM;18632;Receitas Brutas Realizadas;1.7.2.1.36.00.00 - Transferências Financeiras do ICMS ¿ Desoneração ¿ L.C. Nº 87/96;siconfi-cor_RO1.7.2.1.36.00.00;16740,84
Prefeitura Municipal de Tonantins - AM;1304237;AM;18632;Receitas Brutas Realizadas;1.7.2.1.99.00.00 - Outras Transferências da União;siconfi-cor_RO1.7.2.1.99.00.00;10830,22
Prefeitura Municipal de Tonantins - AM;1304237;AM;18632;Receitas Brutas Realizadas;1.7.2.2.00.00.00 - Transferências dos Estados;siconfi-cor_RO1.7.2.2.00.00.00;7275641,06
Prefeitura Municipal de Tonantins - AM;1304237;AM;18632;Receitas Brutas Realizadas;1.7.2.2.01.00.00 - Participação na Receita dos Estados;siconfi-cor_RO1.7.2.2.01.00.00;6949175,2
Prefeitura Municipal de Tonantins - AM;1304237;AM;18632;Receitas Brutas Realizadas;1.7.2.2.01.01.00 - Cota-Parte do ICMS;siconfi-cor_RO1.7.2.2.01.01.00;6863529,22
Prefeitura Municipal de Tonantins - AM;1304237;AM;18632;Receitas Brutas Realizadas;1.7.2.2.01.02.00 - Cota-Parte do IPVA;siconfi-cor_RO1.7.2.2.01.02.00;4957,05
Prefeitura Municipal de Tonantins - AM;1304237;AM;18632;Receitas Brutas Realizadas;1.7.2.2.01.04.00 - Cota-Parte do IPI - Municípios;siconfi-cor_RO1.7.2.2.01.04.00;28010,89
Prefeitura Municipal de Tonantins - AM;1304237;AM;18632;Receitas Brutas Realizadas;1.7.2.2.01.13.00 - Cota-Parte da Contribuição de Intervenção no Domínio Econômico;siconfi-cor_RO1.7.2.2.01.13.00;52678,04
Prefeitura Municipal de Tonantins - AM;1304237;AM;18632;Receitas Brutas Realizadas;1.7.2.2.22.00.00 - Transferências da Cota-Parte da Compensação Financeira (25%);siconfi-cor_RO1.7.2.2.22.00.00;86900,78
Prefeitura Municipal de Tonantins - AM;1304237;AM;18632;Receitas Brutas Realizadas;1.7.2.2.22.30.00 - Cota-Parte Royalties - Compensação Financeira pela Produção de Petróleo - Lei nº 7.990/89 artigo 9º;siconfi-cor_RO1.7.2.2.22.30.00;86900,78
Prefeitura Municipal de Tonantins - AM;1304237;AM;18632;Receitas Brutas Realizadas;1.7.2.2.33.00.00 - Transferências de Recursos do Estado para Programas de Saúde - Repasse Fundo a Fundo;siconfi-cor_RO1.7.2.2.33.00.00;239565,08
Prefeitura Municipal de Tonantins - AM;1304237;AM;18632;Receitas Brutas Realizadas;1.7.2.4.00.00.00 - Transferências Multigovernamentais;siconfi-cor_RO1.7.2.4.00.00.00;15798570,21
Prefeitura Municipal de Tonantins - AM;1304237;AM;18632;Receitas Brutas Realizadas;1.7.2.4.01.00.00 - Transferências de Recursos do Fundo de Manutenção e Desenvolvimento do Ensino Fundamental e de Valorização do Magistério - FUNDEB;siconfi-cor_RO1.7.2.4.01.00.00;12341824,77
Prefeitura Municipal de Tonantins - AM;1304237;AM;18632;Receitas Brutas Realizadas;1.7.2.4.02.00.00 - Transferências de Recursos da Complementação ao Fundo de Manutenção e Desenvolvimento do Ensino Fundamental e de Valorização do Magistério - FUNDEB;siconfi-cor_RO1.7.2.4.02.00.00;3456745,44
Prefeitura Municipal de Tonantins - AM;1304237;AM;18632;Receitas Brutas Realizadas;1.7.6.0.00.00.00 - Transferências de Convênios;siconfi-cor_RO1.7.6.0.00.00.00;201166,69
Prefeitura Municipal de Tonantins - AM;1304237;AM;18632;Receitas Brutas Realizadas;1.7.6.2.00.00.00 - Transferências de Convênios dos Estados e do Distrito Federal e de Suas Entidades;siconfi-cor_RO1.7.6.2.00.00.00;201166,69
Prefeitura Municipal de Tonantins - AM;1304237;AM;18632;Receitas Brutas Realizadas;1.7.6.2.02.00.00 - Transferências de Convênios dos Estados Destinadas a Programas de Educação;siconfi-cor_RO1.7.6.2.02.00.00;161166,69
Prefeitura Municipal de Tonantins - AM;1304237;AM;18632;Receitas Brutas Realizadas;1.7.6.2.99.00.00 - Outras Transferências de Convênios dos Estados;siconfi-cor_RO1.7.6.2.99.00.00;40000
Prefeitura Municipal de Tonantins - AM;1304237;AM;18632;Receitas Brutas Realizadas;1.9.0.0.00.00.00 - Outras Receitas Correntes;siconfi-cor_RO1.9.0.0.00.00.00;359744,63
Prefeitura Municipal de Tonantins - AM;1304237;AM;18632;Receitas Brutas Realizadas;1.9.2.0.00.00.00 - Indenizações e Restituições;siconfi-cor_RO1.9.2.0.00.00.00;337933,5
Prefeitura Municipal de Tonantins - AM;1304237;AM;18632;Receitas Brutas Realizadas;1.9.2.2.00.00.00 - Restituições;siconfi-cor_RO1.9.2.2.00.00.00;337933,5
Prefeitura Municipal de Tonantins - AM;1304237;AM;18632;Receitas Brutas Realizadas;1.9.2.2.99.00.00 - Outras Restituições;siconfi-cor_RO1.9.2.2.99.00.00;337933,5
Prefeitura Municipal de Tonantins - AM;1304237;AM;18632;Receitas Brutas Realizadas;1.9.9.0.00.00.00 - Receitas Diversas;siconfi-cor_RO1.9.9.0.00.00.00;21811,13
Prefeitura Municipal de Tonantins - AM;1304237;AM;18632;Receitas Brutas Realizadas;1.9.9.0.99.00.00 - Outras Receitas;siconfi-cor_RO1.9.9.0.99.00.00;21811,13
Prefeitura Municipal de Tonantins - AM;1304237;AM;18632;Deduções - FUNDEB;Total Receitas;siconfi-cor_TotalReceitas;3929224,32
Prefeitura Municipal de Tonantins - AM;1304237;AM;18632;Deduções - FUNDEB;1.0.0.0.00.00.00 - Receitas Correntes;siconfi-cor_RO1.0.0.0.00.00.00;3929224,32
Prefeitura Municipal de Tonantins - AM;1304237;AM;18632;Deduções - FUNDEB;1.7.0.0.00.00.00 - Transferências Correntes;siconfi-cor_RO1.7.0.0.00.00.00;3929224,32
Prefeitura Municipal de Tonantins - AM;1304237;AM;18632;Deduções - FUNDEB;1.7.2.0.00.00.00 - Transferências Intergovernamentais;siconfi-cor_RO1.7.2.0.00.00.00;3929224,32
Prefeitura Municipal de Tonantins - AM;1304237;AM;18632;Deduções - FUNDEB;1.7.2.1.00.00.00 - Transferências da União;siconfi-cor_RO1.7.2.1.00.00.00;2525883,33
Prefeitura Municipal de Tonantins - AM;1304237;AM;18632;Deduções - FUNDEB;1.7.2.1.01.00.00 - Participação na Receita da União;siconfi-cor_RO1.7.2.1.01.00.00;2522535,21
Prefeitura Municipal de Tonantins - AM;1304237;AM;18632;Deduções - FUNDEB;1.7.2.1.01.02.00 - Cota-Parte do Fundo de Participação dos Municípios ¿ FPM;siconfi-cor_RO1.7.2.1.01.02.00;2522532,65
Prefeitura Municipal de Tonantins - AM;1304237;AM;18632;Deduções - FUNDEB;1.7.2.1.01.05.00 - Cota-Parte do Imposto Sobre a Propriedade Territorial Rural ¿ ITR;siconfi-cor_RO1.7.2.1.01.05.00;2,56
Prefeitura Municipal de Tonantins - AM;1304237;AM;18632;Deduções - FUNDEB;1.7.2.1.36.00.00 - Transferências Financeiras do ICMS ¿ Desoneração ¿ L.C. Nº 87/96;siconfi-cor_RO1.7.2.1.36.00.00;3348,12
Prefeitura Municipal de Tonantins - AM;1304237;AM;18632;Deduções - FUNDEB;1.7.2.2.00.00.00 - Transferências dos Estados;siconfi-cor_RO1.7.2.2.00.00.00;1403340,99
Prefeitura Municipal de Tonantins - AM;1304237;AM;18632;Deduções - FUNDEB;1.7.2.2.01.00.00 - Participação na Receita dos Estados;siconfi-cor_RO1.7.2.2.01.00.00;1403340,99
Prefeitura Municipal de Tonantins - AM;1304237;AM;18632;Deduções - FUNDEB;1.7.2.2.01.01.00 - Cota-Parte do ICMS;siconfi-cor_RO1.7.2.2.01.01.00;1396748,09
Prefeitura Municipal de Tonantins - AM;1304237;AM;18632;Deduções - FUNDEB;1.7.2.2.01.02.00 - Cota-Parte do IPVA;siconfi-cor_RO1.7.2.2.01.02.00;1085,03
Prefeitura Municipal de Tonantins - AM;1304237;AM;18632;Deduções - FUNDEB;1.7.2.2.01.04.00 - Cota-Parte do IPI - Municípios;siconfi-cor_RO1.7.2.2.01.04.00;5507,87
Prefeitura Municipal de Pauini - AM;1303502;AM;19488;Receitas Brutas Realizadas;Total Receitas;siconfi-cor_TotalReceitas;39496362,08
Prefeitura Municipal de Pauini - AM;1303502;AM;19488;Receitas Brutas Realizadas;1.0.0.0.00.00.00 - Receitas Correntes;siconfi-cor_RO1.0.0.0.00.00.00;39496362,08
Prefeitura Municipal de Pauini - AM;1303502;AM;19488;Receitas Brutas Realizadas;1.1.0.0.00.00.00 - Receita Tributária;siconfi-cor_RO1.1.0.0.00.00.00;776288,93
Prefeitura Municipal de Pauini - AM;1303502;AM;19488;Receitas Brutas Realizadas;1.1.1.0.00.00.00 - Impostos;siconfi-cor_RO1.1.1.0.00.00.00;776282,26
Prefeitura Municipal de Pauini - AM;1303502;AM;19488;Receitas Brutas Realizadas;1.1.1.2.00.00.00 - Impostos sobre o Patrimônio e a Renda;siconfi-cor_RO1.1.1.2.00.00.00;638617,27
Prefeitura Municipal de Pauini - AM;1303502;AM;19488;Receitas Brutas Realizadas;1.1.1.2.02.00.00 - Imposto sobre a Propriedade Predial e Territorial Urbana ¿ IPTU;siconfi-cor_RO1.1.1.2.02.00.00;1508,71
Prefeitura Municipal de Pauini - AM;1303502;AM;19488;Receitas Brutas Realizadas;1.1.1.2.04.00.00 - Imposto sobre a Renda e Proventos de Qualquer Natureza ¿ IR;siconfi-cor_RO1.1.1.2.04.00.00;637108,56
Prefeitura Municipal de Pauini - AM;1303502;AM;19488;Receitas Brutas Realizadas;1.1.1.2.04.31.00 - Retido nas Fontes - Trabalho;siconfi-cor_RO1.1.1.2.04.31.00;630438,29
Prefeitura Municipal de Pauini - AM;1303502;AM;19488;Receitas Brutas Realizadas;1.1.1.2.04.34.00 - Retido nas Fontes - Outros Rendimentos;siconfi-cor_RO1.1.1.2.04.34.00;6670,27
Prefeitura Municipal de Pauini - AM;1303502;AM;19488;Receitas Brutas Realizadas;1.1.1.3.00.00.00 - Impostos sobre a Produção e a Circulação;siconfi-cor_RO1.1.1.3.00.00.00;137664,99
Prefeitura Municipal de Pauini - AM;1303502;AM;19488;Receitas Brutas Realizadas;1.1.1.3.05.00.00 - Imposto sobre Serviços de Qualquer Natureza ¿ ISSQN;siconfi-cor_RO1.1.1.3.05.00.00;137664,99
Prefeitura Municipal de Pauini - AM;1303502;AM;19488;Receitas Brutas Realizadas;1.1.2.0.00.00.00 - Taxas;siconfi-cor_RO1.1.2.0.00.00.00;6,67
Prefeitura Municipal de Pauini - AM;1303502;AM;19488;Receitas Brutas Realizadas;1.1.2.1.00.00.00 - Taxas pelo Exercício do Poder de Polícia;siconfi-cor_RO1.1.2.1.00.00.00;6,67
Prefeitura Municipal de Pauini - AM;1303502;AM;19488;Receitas Brutas Realizadas;1.3.0.0.00.00.00 - Receita Patrimonial;siconfi-cor_RO1.3.0.0.00.00.00;123499,83
Prefeitura Municipal de Pauini - AM;1303502;AM;19488;Receitas Brutas Realizadas;1.3.2.0.00.00.00 - Receitas de Valores Mobiliários;siconfi-cor_RO1.3.2.0.00.00.00;123499,83
Prefeitura Municipal de Pauini - AM;1303502;AM;19488;Receitas Brutas Realizadas;1.3.2.5.00.00.00 - Remuneração de Depósitos Bancários;siconfi-cor_RO1.3.2.5.00.00.00;123499,83
Prefeitura Municipal de Pauini - AM;1303502;AM;19488;Receitas Brutas Realizadas;1.7.0.0.00.00.00 - Transferências Correntes;siconfi-cor_RO1.7.0.0.00.00.00;38257188,77
Prefeitura Municipal de Pauini - AM;1303502;AM;19488;Receitas Brutas Realizadas;1.7.2.0.00.00.00 - Transferências Intergovernamentais;siconfi-cor_RO1.7.2.0.00.00.00;38257188,77
Prefeitura Municipal de Pauini - AM;1303502;AM;19488;Receitas Brutas Realizadas;1.7.2.1.00.00.00 - Transferências da União;siconfi-cor_RO1.7.2.1.00.00.00;17452839,62
Prefeitura Municipal de Pauini - AM;1303502;AM;19488;Receitas Brutas Realizadas;1.7.2.1.01.00.00 - Participação na Receita da União;siconfi-cor_RO1.7.2.1.01.00.00;13756758,74
Prefeitura Municipal de Pauini - AM;1303502;AM;19488;Receitas Brutas Realizadas;1.7.2.1.01.02.00 - Cota-Parte do Fundo de Participação dos Municípios ¿ FPM;siconfi-cor_RO1.7.2.1.01.02.00;12612664,95
Prefeitura Municipal de Pauini - AM;1303502;AM;19488;Receitas Brutas Realizadas;1.7.2.1.01.03.00 - Cota-Parte do Fundo de Participação dos Municípios - 1% Cota Anual;siconfi-cor_RO1.7.2.1.01.03.00;559800,94
Prefeitura Municipal de Pauini - AM;1303502;AM;19488;Receitas Brutas Realizadas;1.7.2.1.01.04.00 - Cota-Parte do Fundo de Participação dos Municípios - 1% Cota entregue no mês de julho (67)(I);siconfi-cor_RO1.7.2.1.01.04.00;578860,71
Prefeitura Municipal de Pauini - AM;1303502;AM;19488;Receitas Brutas Realizadas;1.7.2.1.01.05.00 - Cota-Parte do Imposto Sobre a Propriedade Territorial Rural ¿ ITR;siconfi-cor_RO1.7.2.1.01.05.00;5432,14
Prefeitura Municipal de Pauini - AM;1303502;AM;19488;Receitas Brutas Realizadas;1.7.2.1.22.00.00 - Transferências da Compensação Financeira pela Exploração de Recursos Naturais;siconfi-cor_RO1.7.2.1.22.00.00;147259,54
Prefeitura Municipal de Pauini - AM;1303502;AM;19488;Receitas Brutas Realizadas;1.7.2.1.22.70.00 - Cota-Parte do Fundo Especial do Petróleo ¿ FEP;siconfi-cor_RO1.7.2.1.22.70.00;147259,54
Prefeitura Municipal de Pauini - AM;1303502;AM;19488;Receitas Brutas Realizadas;1.7.2.1.33.00.00 - Transferências de Recursos do Sistema Único de Saúde - SUS - Repasses Fundo a Fundo;siconfi-cor_RO1.7.2.1.33.00.00;2630363
Prefeitura Municipal de Pauini - AM;1303502;AM;19488;Receitas Brutas Realizadas;1.7.2.1.34.00.00 - Transferências de Recursos do Fundo Nacional de Assistência Social ¿ FNAS;siconfi-cor_RO1.7.2.1.34.00.00;352366,24
Prefeitura Municipal de Pauini - AM;1303502;AM;19488;Receitas Brutas Realizadas;1.7.2.1.35.00.00 - Transferências de Recursos do Fundo Nacional do Desenvolvimento da Educação ¿ FNDE;siconfi-cor_RO1.7.2.1.35.00.00;529482,18
Prefeitura Municipal de Pauini - AM;1303502;AM;19488;Receitas Brutas Realizadas;1.7.2.1.36.00.00 - Transferências Financeiras do ICMS ¿ Desoneração ¿ L.C. Nº 87/96;siconfi-cor_RO1.7.2.1.36.00.00;22229,16
Prefeitura Municipal de Pauini - AM;1303502;AM;19488;Receitas Brutas Realizadas;1.7.2.1.99.00.00 - Outras Transferências da União;siconfi-cor_RO1.7.2.1.99.00.00;14380,76
Prefeitura Municipal de Pauini - AM;1303502;AM;19488;Receitas Brutas Realizadas;1.7.2.2.00.00.00 - Transferências dos Estados;siconfi-cor_RO1.7.2.2.00.00.00;9475942,52
Prefeitura Municipal de Pauini - AM;1303502;AM;19488;Receitas Brutas Realizadas;1.7.2.2.01.00.00 - Participação na Receita dos Estados;siconfi-cor_RO1.7.2.2.01.00.00;9375940,86
Prefeitura Municipal de Pauini - AM;1303502;AM;19488;Receitas Brutas Realizadas;1.7.2.2.01.01.00 - Cota-Parte do ICMS;siconfi-cor_RO1.7.2.2.01.01.00;9272643,55
Prefeitura Municipal de Pauini - AM;1303502;AM;19488;Receitas Brutas Realizadas;1.7.2.2.01.02.00 - Cota-Parte do IPVA;siconfi-cor_RO1.7.2.2.01.02.00;12744,97
Prefeitura Municipal de Pauini - AM;1303502;AM;19488;Receitas Brutas Realizadas;1.7.2.2.01.04.00 - Cota-Parte do IPI - Municípios;siconfi-cor_RO1.7.2.2.01.04.00;37193,9
Prefeitura Municipal de Pauini - AM;1303502;AM;19488;Receitas Brutas Realizadas;1.7.2.2.01.13.00 - Cota-Parte da Contribuição de Intervenção no Domínio Econômico;siconfi-cor_RO1.7.2.2.01.13.00;53358,44
Prefeitura Municipal de Pauini - AM;1303502;AM;19488;Receitas Brutas Realizadas;1.7.2.2.22.00.00 - Transferências da Cota-Parte da Compensação Financeira (25%);siconfi-cor_RO1.7.2.2.22.00.00;100001,66
Prefeitura Municipal de Pauini - AM;1303502;AM;19488;Receitas Brutas Realizadas;1.7.2.2.22.30.00 - Cota-Parte Royalties - Compensação Financeira pela Produção de Petróleo - Lei nº 7.990/89 artigo 9º;siconfi-cor_RO1.7.2.2.22.30.00;100001,66
Prefeitura Municipal de Pauini - AM;1303502;AM;19488;Receitas Brutas Realizadas;1.7.2.4.00.00.00 - Transferências Multigovernamentais;siconfi-cor_RO1.7.2.4.00.00.00;11328406,63
Prefeitura Municipal de Pauini - AM;1303502;AM;19488;Receitas Brutas Realizadas;1.7.2.4.01.00.00 - Transferências de Recursos do Fundo de Manutenção e Desenvolvimento do Ensino Fundamental e de Valorização do Magistério - FUNDEB;siconfi-cor_RO1.7.2.4.01.00.00;8913163,49
Prefeitura Municipal de Pauini - AM;1303502;AM;19488;Receitas Brutas Realizadas;1.7.2.4.02.00.00 - Transferências de Recursos da Complementação ao Fundo de Manutenção e Desenvolvimento do Ensino Fundamental e de Valorização do Magistério - FUNDEB;siconfi-cor_RO1.7.2.4.02.00.00;2415243,14
Prefeitura Municipal de Pauini - AM;1303502;AM;19488;Receitas Brutas Realizadas;1.9.0.0.00.00.00 - Outras Receitas Correntes;siconfi-cor_RO1.9.0.0.00.00.00;339384,55
Prefeitura Municipal de Pauini - AM;1303502;AM;19488;Receitas Brutas Realizadas;1.9.9.0.00.00.00 - Receitas Diversas;siconfi-cor_RO1.9.9.0.00.00.00;339384,55
Prefeitura Municipal de Pauini - AM;1303502;AM;19488;Receitas Brutas Realizadas;1.9.9.0.99.00.00 - Outras Receitas;siconfi-cor_RO1.9.9.0.99.00.00;339384,55
Prefeitura Municipal de Pauini - AM;1303502;AM;19488;Deduções - FUNDEB;Total Receitas;siconfi-cor_TotalReceitas;4392581,1
Prefeitura Municipal de Pauini - AM;1303502;AM;19488;Deduções - FUNDEB;1.0.0.0.00.00.00 - Receitas Correntes;siconfi-cor_RO1.0.0.0.00.00.00;4392581,1
Prefeitura Municipal de Pauini - AM;1303502;AM;19488;Deduções - FUNDEB;1.7.0.0.00.00.00 - Transferências Correntes;siconfi-cor_RO1.7.0.0.00.00.00;4392581,1
Prefeitura Municipal de Pauini - AM;1303502;AM;19488;Deduções - FUNDEB;1.7.2.0.00.00.00 - Transferências Intergovernamentais;siconfi-cor_RO1.7.2.0.00.00.00;4392581,1
Prefeitura Municipal de Pauini - AM;1303502;AM;19488;Deduções - FUNDEB;1.7.2.1.00.00.00 - Transferências da União;siconfi-cor_RO1.7.2.1.00.00.00;2528064,82
Prefeitura Municipal de Pauini - AM;1303502;AM;19488;Deduções - FUNDEB;1.7.2.1.01.00.00 - Participação na Receita da União;siconfi-cor_RO1.7.2.1.01.00.00;2523619,06
Prefeitura Municipal de Pauini - AM;1303502;AM;19488;Deduções - FUNDEB;1.7.2.1.01.02.00 - Cota-Parte do Fundo de Participação dos Municípios ¿ FPM;siconfi-cor_RO1.7.2.1.01.02.00;2522532,65
Prefeitura Municipal de Pauini - AM;1303502;AM;19488;Deduções - FUNDEB;1.7.2.1.01.05.00 - Cota-Parte do Imposto Sobre a Propriedade Territorial Rural ¿ ITR;siconfi-cor_RO1.7.2.1.01.05.00;1086,41
Prefeitura Municipal de Pauini - AM;1303502;AM;19488;Deduções - FUNDEB;1.7.2.1.36.00.00 - Transferências Financeiras do ICMS ¿ Desoneração ¿ L.C. Nº 87/96;siconfi-cor_RO1.7.2.1.36.00.00;4445,76
Prefeitura Municipal de Pauini - AM;1303502;AM;19488;Deduções - FUNDEB;1.7.2.2.00.00.00 - Transferências dos Estados;siconfi-cor_RO1.7.2.2.00.00.00;1864516,28
Prefeitura Municipal de Pauini - AM;1303502;AM;19488;Deduções - FUNDEB;1.7.2.2.01.00.00 - Participação na Receita dos Estados;siconfi-cor_RO1.7.2.2.01.00.00;1864516,28
Prefeitura Municipal de Pauini - AM;1303502;AM;19488;Deduções - FUNDEB;1.7.2.2.01.01.00 - Cota-Parte do ICMS;siconfi-cor_RO1.7.2.2.01.01.00;1854528,68
Prefeitura Municipal de Pauini - AM;1303502;AM;19488;Deduções - FUNDEB;1.7.2.2.01.02.00 - Cota-Parte do IPVA;siconfi-cor_RO1.7.2.2.01.02.00;2548,83
Prefeitura Municipal de Pauini - AM;1303502;AM;19488;Deduções - FUNDEB;1.7.2.2.01.04.00 - Cota-Parte do IPI - Municípios;siconfi-cor_RO1.7.2.2.01.04.00;7438,77
Prefeitura Municipal de Barcelos - AM;1300409;AM;27589;Receitas Brutas Realizadas;Total Receitas;siconfi-cor_TotalReceitas;45272182,38
Prefeitura Municipal de Barcelos - AM;1300409;AM;27589;Receitas Brutas Realizadas;1.0.0.0.00.00.00 - Receitas Correntes;siconfi-cor_RO1.0.0.0.00.00.00;45007452,53
Prefeitura Municipal de Barcelos - AM;1300409;AM;27589;Receitas Brutas Realizadas;1.1.0.0.00.00.00 - Receita Tributária;siconfi-cor_RO1.1.0.0.00.00.00;799359,12
Prefeitura Municipal de Barcelos - AM;1300409;AM;27589;Receitas Brutas Realizadas;1.1.1.0.00.00.00 - Impostos;siconfi-cor_RO1.1.1.0.00.00.00;695963,31
Prefeitura Municipal de Barcelos - AM;1300409;AM;27589;Receitas Brutas Realizadas;1.1.1.2.00.00.00 - Impostos sobre o Patrimônio e a Renda;siconfi-cor_RO1.1.1.2.00.00.00;384306,68
Prefeitura Municipal de Barcelos - AM;1300409;AM;27589;Receitas Brutas Realizadas;1.1.1.2.02.00.00 - Imposto sobre a Propriedade Predial e Territorial Urbana ¿ IPTU;siconfi-cor_RO1.1.1.2.02.00.00;5833,56
Prefeitura Municipal de Barcelos - AM;1300409;AM;27589;Receitas Brutas Realizadas;1.1.1.2.04.00.00 - Imposto sobre a Renda e Proventos de Qualquer Natureza ¿ IR;siconfi-cor_RO1.1.1.2.04.00.00;373675,08
Prefeitura Municipal de Barcelos - AM;1300409;AM;27589;Receitas Brutas Realizadas;1.1.1.2.04.34.00 - Retido nas Fontes - Outros Rendimentos;siconfi-cor_RO1.1.1.2.04.34.00;373675,08
Prefeitura Municipal de Barcelos - AM;1300409;AM;27589;Receitas Brutas Realizadas;"1.1.1.2.08.00.00 - Imposto sobre Transmissão Inter Vivos"" de Bens Imóveis e de Direitos Reais sobre Imóveis ¿ ITBI""";siconfi-cor_RO1.1.1.2.08.00.00;4798,04
Prefeitura Municipal de Barcelos - AM;1300409;AM;27589;Receitas Brutas Realizadas;1.1.1.3.00.00.00 - Impostos sobre a Produção e a Circulação;siconfi-cor_RO1.1.1.3.00.00.00;311656,63
Prefeitura Municipal de Barcelos - AM;1300409;AM;27589;Receitas Brutas Realizadas;1.1.1.3.05.00.00 - Imposto sobre Serviços de Qualquer Natureza ¿ ISSQN;siconfi-cor_RO1.1.1.3.05.00.00;311656,63
Prefeitura Municipal de Barcelos - AM;1300409;AM;27589;Receitas Brutas Realizadas;1.1.3.0.00.00.00 - Contribuição de Melhoria;siconfi-cor_RO1.1.3.0.00.00.00;103395,81
Prefeitura Municipal de Barcelos - AM;1300409;AM;27589;Receitas Brutas Realizadas;1.1.3.0.02.00.00 - Contribuição de Melhoria para Expansão da Rede de Iluminação Pública na Cidade;siconfi-cor_RO1.1.3.0.02.00.00;103395,81
Prefeitura Municipal de Barcelos - AM;1300409;AM;27589;Receitas Brutas Realizadas;1.2.0.0.00.00.00 - Receitas de Contribuições;siconfi-cor_RO1.2.0.0.00.00.00;954266,7
Prefeitura Municipal de Barcelos - AM;1300409;AM;27589;Receitas Brutas Realizadas;1.2.1.0.00.00.00 - Contribuições Sociais;siconfi-cor_RO1.2.1.0.00.00.00;954266,7
Prefeitura Municipal de Barcelos - AM;1300409;AM;27589;Receitas Brutas Realizadas;1.2.1.0.29.00.00 - Contribuições para o Regime Próprio de Previdência do Servidor Público;siconfi-cor_RO1.2.1.0.29.00.00;954266,7
Prefeitura Municipal de Barcelos - AM;1300409;AM;27589;Receitas Brutas Realizadas;1.2.1.0.29.01.00 - Contribuição Patronal de Servidor Ativo Civil para o Regime Próprio;siconfi-cor_RO1.2.1.0.29.01.00;24365,01
Prefeitura Municipal de Barcelos - AM;1300409;AM;27589;Receitas Brutas Realizadas;1.2.1.0.29.07.00 - Contribuição do Servidor Ativo Civil para o Regime Próprio;siconfi-cor_RO1.2.1.0.29.07.00;929901,69
Prefeitura Municipal de Barcelos - AM;1300409;AM;27589;Receitas Brutas Realizadas;1.3.0.0.00.00.00 - Receita Patrimonial;siconfi-cor_RO1.3.0.0.00.00.00;38084,5
Prefeitura Municipal de Barcelos - AM;1300409;AM;27589;Receitas Brutas Realizadas;1.3.2.0.00.00.00 - Receitas de Valores Mobiliários;siconfi-cor_RO1.3.2.0.00.00.00;38084,5
Prefeitura Municipal de Barcelos - AM;1300409;AM;27589;Receitas Brutas Realizadas;1.3.2.5.00.00.00 - Remuneração de Depósitos Bancários;siconfi-cor_RO1.3.2.5.00.00.00;38084,5
Prefeitura Municipal de Barcelos - AM;1300409;AM;27589;Receitas Brutas Realizadas;1.6.0.0.00.00.00 - Receita de Serviços;siconfi-cor_RO1.6.0.0.00.00.00;630,41
Prefeitura Municipal de Barcelos - AM;1300409;AM;27589;Receitas Brutas Realizadas;1.6.0.0.41.00.00 - Serviços de Captação, Adução, Tratamento, Reserva e Distribuição de Água;siconfi-cor_RO1.6.0.0.41.00.00;630,41
Prefeitura Municipal de Barcelos - AM;1300409;AM;27589;Receitas Brutas Realizadas;1.7.0.0.00.00.00 - Transferências Correntes;siconfi-cor_RO1.7.0.0.00.00.00;43079355,99
Prefeitura Municipal de Barcelos - AM;1300409;AM;27589;Receitas Brutas Realizadas;1.7.2.0.00.00.00 - Transferências Intergovernamentais;siconfi-cor_RO1.7.2.0.00.00.00;43079355,99
Prefeitura Municipal de Barcelos - AM;1300409;AM;27589;Receitas Brutas Realizadas;1.7.2.1.00.00.00 - Transferências da União;siconfi-cor_RO1.7.2.1.00.00.00;20757614,62
Prefeitura Municipal de Barcelos - AM;1300409;AM;27589;Receitas Brutas Realizadas;1.7.2.1.01.00.00 - Participação na Receita da União;siconfi-cor_RO1.7.2.1.01.00.00;16048338,49
Prefeitura Municipal de Barcelos - AM;1300409;AM;27589;Receitas Brutas Realizadas;1.7.2.1.01.02.00 - Cota-Parte do Fundo de Participação dos Municípios ¿ FPM;siconfi-cor_RO1.7.2.1.01.02.00;14714775,83
Prefeitura Municipal de Barcelos - AM;1300409;AM;27589;Receitas Brutas Realizadas;1.7.2.1.01.03.00 - Cota-Parte do Fundo de Participação dos Municípios - 1% Cota Anual;siconfi-cor_RO1.7.2.1.01.03.00;675337,51
Prefeitura Municipal de Barcelos - AM;1300409;AM;27589;Receitas Brutas Realizadas;1.7.2.1.01.04.00 - Cota-Parte do Fundo de Participação dos Municípios - 1% Cota entregue no mês de julho (67)(I);siconfi-cor_RO1.7.2.1.01.04.00;653101,1
Prefeitura Municipal de Barcelos - AM;1300409;AM;27589;Receitas Brutas Realizadas;1.7.2.1.01.05.00 - Cota-Parte do Imposto Sobre a Propriedade Territorial Rural ¿ ITR;siconfi-cor_RO1.7.2.1.01.05.00;5124,05
Prefeitura Municipal de Barcelos - AM;1300409;AM;27589;Receitas Brutas Realizadas;1.7.2.1.22.00.00 - Transferências da Compensação Financeira pela Exploração de Recursos Naturais;siconfi-cor_RO1.7.2.1.22.00.00;208456,35
Prefeitura Municipal de Barcelos - AM;1300409;AM;27589;Receitas Brutas Realizadas;1.7.2.1.22.20.00 - Cota-Parte da Compensação Financeira de Recursos Minerais - CFEM;siconfi-cor_RO1.7.2.1.22.20.00;36653,54
Prefeitura Municipal de Barcelos - AM;1300409;AM;27589;Receitas Brutas Realizadas;1.7.2.1.22.70.00 - Cota-Parte do Fundo Especial do Petróleo ¿ FEP;siconfi-cor_RO1.7.2.1.22.70.00;171802,81
Prefeitura Municipal de Barcelos - AM;1300409;AM;27589;Receitas Brutas Realizadas;1.7.2.1.33.00.00 - Transferências de Recursos do Sistema Único de Saúde - SUS - Repasses Fundo a Fundo;siconfi-cor_RO1.7.2.1.33.00.00;3045357,36
Prefeitura Municipal de Barcelos - AM;1300409;AM;27589;Receitas Brutas Realizadas;1.7.2.1.34.00.00 - Transferências de Recursos do Fundo Nacional de Assistência Social ¿ FNAS;siconfi-cor_RO1.7.2.1.34.00.00;799642,28
Prefeitura Municipal de Barcelos - AM;1300409;AM;27589;Receitas Brutas Realizadas;1.7.2.1.35.00.00 - Transferências de Recursos do Fundo Nacional do Desenvolvimento da Educação ¿ FNDE;siconfi-cor_RO1.7.2.1.35.00.00;606151,09
Prefeitura Municipal de Barcelos - AM;1300409;AM;27589;Receitas Brutas Realizadas;1.7.2.1.36.00.00 - Transferências Financeiras do ICMS ¿ Desoneração ¿ L.C. Nº 87/96;siconfi-cor_RO1.7.2.1.36.00.00;30158,52
Prefeitura Municipal de Barcelos - AM;1300409;AM;27589;Receitas Brutas Realizadas;1.7.2.1.99.00.00 - Outras Transferências da União;siconfi-cor_RO1.7.2.1.99.00.00;19510,53
Prefeitura Municipal de Barcelos - AM;1300409;AM;27589;Receitas Brutas Realizadas;1.7.2.2.00.00.00 - Transferências dos Estados;siconfi-cor_RO1.7.2.2.00.00.00;13016546,29
Prefeitura Municipal de Barcelos - AM;1300409;AM;27589;Receitas Brutas Realizadas;1.7.2.2.01.00.00 - Participação na Receita dos Estados;siconfi-cor_RO1.7.2.2.01.00.00;12747523,47
Prefeitura Municipal de Barcelos - AM;1300409;AM;27589;Receitas Brutas Realizadas;1.7.2.2.01.01.00 - Cota-Parte do ICMS;siconfi-cor_RO1.7.2.2.01.01.00;12580287,68
Prefeitura Municipal de Barcelos - AM;1300409;AM;27589;Receitas Brutas Realizadas;1.7.2.2.01.02.00 - Cota-Parte do IPVA;siconfi-cor_RO1.7.2.2.01.02.00;50722,8
Prefeitura Municipal de Barcelos - AM;1300409;AM;27589;Receitas Brutas Realizadas;1.7.2.2.01.04.00 - Cota-Parte do IPI - Municípios;siconfi-cor_RO1.7.2.2.01.04.00;50461,32
Prefeitura Municipal de Barcelos - AM;1300409;AM;27589;Receitas Brutas Realizadas;1.7.2.2.01.13.00 - Cota-Parte da Contribuição de Intervenção no Domínio Econômico;siconfi-cor_RO1.7.2.2.01.13.00;66051,67
Prefeitura Municipal de Barcelos - AM;1300409;AM;27589;Receitas Brutas Realizadas;1.7.2.2.22.00.00 - Transferências da Cota-Parte da Compensação Financeira (25%);siconfi-cor_RO1.7.2.2.22.00.00;135673,24
Prefeitura Municipal de Barcelos - AM;1300409;AM;27589;Receitas Brutas Realizadas;1.7.2.2.22.30.00 - Cota-Parte Royalties - Compensação Financeira pela Produção de Petróleo - Lei nº 7.990/89 artigo 9º;siconfi-cor_RO1.7.2.2.22.30.00;135673,24
Prefeitura Municipal de Barcelos - AM;1300409;AM;27589;Receitas Brutas Realizadas;1.7.2.2.33.00.00 - Transferências de Recursos do Estado para Programas de Saúde - Repasse Fundo a Fundo;siconfi-cor_RO1.7.2.2.33.00.00;133349,58
Prefeitura Municipal de Barcelos - AM;1300409;AM;27589;Receitas Brutas Realizadas;1.7.2.4.00.00.00 - Transferências Multigovernamentais;siconfi-cor_RO1.7.2.4.00.00.00;9305195,08
Prefeitura Municipal de Barcelos - AM;1300409;AM;27589;Receitas Brutas Realizadas;1.7.2.4.01.00.00 - Transferências de Recursos do Fundo de Manutenção e Desenvolvimento do Ensino Fundamental e de Valorização do Magistério - FUNDEB;siconfi-cor_RO1.7.2.4.01.00.00;7137436,45
Prefeitura Municipal de Barcelos - AM;1300409;AM;27589;Receitas Brutas Realizadas;1.7.2.4.02.00.00 - Transferências de Recursos da Complementação ao Fundo de Manutenção e Desenvolvimento do Ensino Fundamental e de Valorização do Magistério - FUNDEB;siconfi-cor_RO1.7.2.4.02.00.00;2167758,63
Prefeitura Municipal de Barcelos - AM;1300409;AM;27589;Receitas Brutas Realizadas;1.9.0.0.00.00.00 - Outras Receitas Correntes;siconfi-cor_RO1.9.0.0.00.00.00;135755,81
Prefeitura Municipal de Barcelos - AM;1300409;AM;27589;Receitas Brutas Realizadas;1.9.9.0.00.00.00 - Receitas Diversas;siconfi-cor_RO1.9.9.0.00.00.00;135755,81
Prefeitura Municipal de Barcelos - AM;1300409;AM;27589;Receitas Brutas Realizadas;1.9.9.0.99.00.00 - Outras Receitas;siconfi-cor_RO1.9.9.0.99.00.00;135755,81
Prefeitura Municipal de Barcelos - AM;1300409;AM;27589;Receitas Brutas Realizadas;2.0.0.0.00.00.00 - Receitas de Capital;siconfi-cor_RO2.0.0.0.00.00.00;264729,85
Prefeitura Municipal de Barcelos - AM;1300409;AM;27589;Receitas Brutas Realizadas;2.4.0.0.00.00.00 - Transferências de Capital;siconfi-cor_RO2.4.0.0.00.00.00;264729,85
Prefeitura Municipal de Barcelos - AM;1300409;AM;27589;Receitas Brutas Realizadas;2.4.2.0.00.00.00 - Transferências Intergovernamentais;siconfi-cor_RO2.4.2.0.00.00.00;264729,85
Prefeitura Municipal de Barcelos - AM;1300409;AM;27589;Receitas Brutas Realizadas;2.4.2.1.00.00.00 - Transferências da União;siconfi-cor_RO2.4.2.1.00.00.00;264729,85
Prefeitura Municipal de Barcelos - AM;1300409;AM;27589;Receitas Brutas Realizadas;2.4.2.1.02.00.00 - Transferências de Recursos Destinados a Programas de Educação;siconfi-cor_RO2.4.2.1.02.00.00;264729,85
Prefeitura Municipal de Barcelos - AM;1300409;AM;27589;Deduções - FUNDEB;Total Receitas;siconfi-cor_TotalReceitas;5486305,07
Prefeitura Municipal de Barcelos - AM;1300409;AM;27589;Deduções - FUNDEB;1.0.0.0.00.00.00 - Receitas Correntes;siconfi-cor_RO1.0.0.0.00.00.00;5486305,07
Prefeitura Municipal de Barcelos - AM;1300409;AM;27589;Deduções - FUNDEB;1.7.0.0.00.00.00 - Transferências Correntes;siconfi-cor_RO1.7.0.0.00.00.00;5486305,07
Prefeitura Municipal de Barcelos - AM;1300409;AM;27589;Deduções - FUNDEB;1.7.2.0.00.00.00 - Transferências Intergovernamentais;siconfi-cor_RO1.7.2.0.00.00.00;5486305,07
Prefeitura Municipal de Barcelos - AM;1300409;AM;27589;Deduções - FUNDEB;1.7.2.1.00.00.00 - Transferências da União;siconfi-cor_RO1.7.2.1.00.00.00;2950011,34
Prefeitura Municipal de Barcelos - AM;1300409;AM;27589;Deduções - FUNDEB;1.7.2.1.01.00.00 - Participação na Receita da União;siconfi-cor_RO1.7.2.1.01.00.00;2943979,66
Prefeitura Municipal de Barcelos - AM;1300409;AM;27589;Deduções - FUNDEB;1.7.2.1.01.02.00 - Cota-Parte do Fundo de Participação dos Municípios ¿ FPM;siconfi-cor_RO1.7.2.1.01.02.00;2942954,86
Prefeitura Municipal de Barcelos - AM;1300409;AM;27589;Deduções - FUNDEB;1.7.2.1.01.05.00 - Cota-Parte do Imposto Sobre a Propriedade Territorial Rural ¿ ITR;siconfi-cor_RO1.7.2.1.01.05.00;1024,8
Prefeitura Municipal de Barcelos - AM;1300409;AM;27589;Deduções - FUNDEB;1.7.2.1.36.00.00 - Transferências Financeiras do ICMS ¿ Desoneração ¿ L.C. Nº 87/96;siconfi-cor_RO1.7.2.1.36.00.00;6031,68
Prefeitura Municipal de Barcelos - AM;1300409;AM;27589;Deduções - FUNDEB;1.7.2.2.00.00.00 - Transferências dos Estados;siconfi-cor_RO1.7.2.2.00.00.00;2536293,73
Prefeitura Municipal de Barcelos - AM;1300409;AM;27589;Deduções - FUNDEB;1.7.2.2.01.00.00 - Participação na Receita dos Estados;siconfi-cor_RO1.7.2.2.01.00.00;2536293,73
Prefeitura Municipal de Barcelos - AM;1300409;AM;27589;Deduções - FUNDEB;1.7.2.2.01.01.00 - Cota-Parte do ICMS;siconfi-cor_RO1.7.2.2.01.01.00;2516057,52
Prefeitura Municipal de Barcelos - AM;1300409;AM;27589;Deduções - FUNDEB;1.7.2.2.01.02.00 - Cota-Parte do IPVA;siconfi-cor_RO1.7.2.2.01.02.00;10143,95
Prefeitura Municipal de Barcelos - AM;1300409;AM;27589;Deduções - FUNDEB;1.7.2.2.01.04.00 - Cota-Parte do IPI - Municípios;siconfi-cor_RO1.7.2.2.01.04.00;10092,26
Prefeitura Municipal de Parintins - AM;1303403;AM;112716;Receitas Brutas Realizadas;Total Receitas;siconfi-cor_TotalReceitas;182766412,9
Prefeitura Municipal de Parintins - AM;1303403;AM;112716;Receitas Brutas Realizadas;1.0.0.0.00.00.00 - Receitas Correntes;siconfi-cor_RO1.0.0.0.00.00.00;182238216,4
Prefeitura Municipal de Parintins - AM;1303403;AM;112716;Receitas Brutas Realizadas;1.1.0.0.00.00.00 - Receita Tributária;siconfi-cor_RO1.1.0.0.00.00.00;11149610,02
Prefeitura Municipal de Parintins - AM;1303403;AM;112716;Receitas Brutas Realizadas;1.1.1.0.00.00.00 - Impostos;siconfi-cor_RO1.1.1.0.00.00.00;6700314,31
Prefeitura Municipal de Parintins - AM;1303403;AM;112716;Receitas Brutas Realizadas;1.1.1.2.00.00.00 - Impostos sobre o Patrimônio e a Renda;siconfi-cor_RO1.1.1.2.00.00.00;3536054,77
Prefeitura Municipal de Parintins - AM;1303403;AM;112716;Receitas Brutas Realizadas;1.1.1.2.02.00.00 - Imposto sobre a Propriedade Predial e Territorial Urbana ¿ IPTU;siconfi-cor_RO1.1.1.2.02.00.00;563498,62
Prefeitura Municipal de Parintins - AM;1303403;AM;112716;Receitas Brutas Realizadas;1.1.1.2.04.00.00 - Imposto sobre a Renda e Proventos de Qualquer Natureza ¿ IR;siconfi-cor_RO1.1.1.2.04.00.00;2536412,12
Prefeitura Municipal de Parintins - AM;1303403;AM;112716;Receitas Brutas Realizadas;1.1.1.2.04.31.00 - Retido nas Fontes - Trabalho;siconfi-cor_RO1.1.1.2.04.31.00;2144056,66
Prefeitura Municipal de Parintins - AM;1303403;AM;112716;Receitas Brutas Realizadas;1.1.1.2.04.34.00 - Retido nas Fontes - Outros Rendimentos;siconfi-cor_RO1.1.1.2.04.34.00;392355,46
Prefeitura Municipal de Parintins - AM;1303403;AM;112716;Receitas Brutas Realizadas;"1.1.1.2.08.00.00 - Imposto sobre Transmissão Inter Vivos"" de Bens Imóveis e de Direitos Reais sobre Imóveis ¿ ITBI""";siconfi-cor_RO1.1.1.2.08.00.00;436144,03
Prefeitura Municipal de Parintins - AM;1303403;AM;112716;Receitas Brutas Realizadas;1.1.1.3.00.00.00 - Impostos sobre a Produção e a Circulação;siconfi-cor_RO1.1.1.3.00.00.00;3164259,54
Prefeitura Municipal de Parintins - AM;1303403;AM;112716;Receitas Brutas Realizadas;1.1.1.3.05.00.00 - Imposto sobre Serviços de Qualquer Natureza ¿ ISSQN;siconfi-cor_RO1.1.1.3.05.00.00;3164259,54
Prefeitura Municipal de Parintins - AM;1303403;AM;112716;Receitas Brutas Realizadas;1.1.2.0.00.00.00 - Taxas;siconfi-cor_RO1.1.2.0.00.00.00;2434344,54
Prefeitura Municipal de Parintins - AM;1303403;AM;112716;Receitas Brutas Realizadas;1.1.2.1.00.00.00 - Taxas pelo Exercício do Poder de Polícia;siconfi-cor_RO1.1.2.1.00.00.00;682240,38
Prefeitura Municipal de Parintins - AM;1303403;AM;112716;Receitas Brutas Realizadas;1.1.2.2.00.00.00 - Taxas pela Prestação de Serviços;siconfi-cor_RO1.1.2.2.00.00.00;1752104,16
Prefeitura Municipal de Parintins - AM;1303403;AM;112716;Receitas Brutas Realizadas;1.1.2.2.28.00.00 - Taxa de Cemitérios;siconfi-cor_RO1.1.2.2.28.00.00;22530,01
Prefeitura Municipal de Parintins - AM;1303403;AM;112716;Receitas Brutas Realizadas;1.1.2.2.99.00.00 - Outras Taxas pela Prestação de Serviços;siconfi-cor_RO1.1.2.2.99.00.00;1729574,15
Prefeitura Municipal de Parintins - AM;1303403;AM;112716;Receitas Brutas Realizadas;1.1.3.0.00.00.00 - Contribuição de Melhoria;siconfi-cor_RO1.1.3.0.00.00.00;2014951,17
Prefeitura Municipal de Parintins - AM;1303403;AM;112716;Receitas Brutas Realizadas;1.1.3.0.02.00.00 - Contribuição de Melhoria para Expansão da Rede de Iluminação Pública na Cidade;siconfi-cor_RO1.1.3.0.02.00.00;2014951,17
Prefeitura Municipal de Parintins - AM;1303403;AM;112716;Receitas Brutas Realizadas;1.3.0.0.00.00.00 - Receita Patrimonial;siconfi-cor_RO1.3.0.0.00.00.00;918464,15
Prefeitura Municipal de Parintins - AM;1303403;AM;112716;Receitas Brutas Realizadas;1.3.1.0.00.00.00 - Receitas Imobiliárias;siconfi-cor_RO1.3.1.0.00.00.00;38484,43
Prefeitura Municipal de Parintins - AM;1303403;AM;112716;Receitas Brutas Realizadas;1.3.1.9.00.00.00 - Outras Receitas Imobiliárias;siconfi-cor_RO1.3.1.9.00.00.00;38484,43
Prefeitura Municipal de Parintins - AM;1303403;AM;112716;Receitas Brutas Realizadas;1.3.2.0.00.00.00 - Receitas de Valores Mobiliários;siconfi-cor_RO1.3.2.0.00.00.00;798040,17
Prefeitura Municipal de Parintins - AM;1303403;AM;112716;Receitas Brutas Realizadas;1.3.2.5.00.00.00 - Remuneração de Depósitos Bancários;siconfi-cor_RO1.3.2.5.00.00.00;798040,17
Prefeitura Municipal de Parintins - AM;1303403;AM;112716;Receitas Brutas Realizadas;1.3.3.0.00.00.00 - Receitas de Concessões e Permissões;siconfi-cor_RO1.3.3.0.00.00.00;81939,55
Prefeitura Municipal de Parintins - AM;1303403;AM;112716;Receitas Brutas Realizadas;1.6.0.0.00.00.00 - Receita de Serviços;siconfi-cor_RO1.6.0.0.00.00.00;4321226,21
Prefeitura Municipal de Parintins - AM;1303403;AM;112716;Receitas Brutas Realizadas;1.6.0.0.13.00.00 - Serviços Administrativos;siconfi-cor_RO1.6.0.0.13.00.00;2090,35
Prefeitura Municipal de Parintins - AM;1303403;AM;112716;Receitas Brutas Realizadas;1.6.0.0.41.00.00 - Serviços de Captação, Adução, Tratamento, Reserva e Distribuição de Água;siconfi-cor_RO1.6.0.0.41.00.00;4295362,47
Prefeitura Municipal de Parintins - AM;1303403;AM;112716;Receitas Brutas Realizadas;1.6.0.0.48.00.00 - Serviços de Religamento de Água;siconfi-cor_RO1.6.0.0.48.00.00;22520,28
Prefeitura Municipal de Parintins - AM;1303403;AM;112716;Receitas Brutas Realizadas;1.6.0.0.99.00.00 - Outros Serviços;siconfi-cor_RO1.6.0.0.99.00.00;1253,11
Prefeitura Municipal de Parintins - AM;1303403;AM;112716;Receitas Brutas Realizadas;1.7.0.0.00.00.00 - Transferências Correntes;siconfi-cor_RO1.7.0.0.00.00.00;164321961,7
Prefeitura Municipal de Parintins - AM;1303403;AM;112716;Receitas Brutas Realizadas;1.7.2.0.00.00.00 - Transferências Intergovernamentais;siconfi-cor_RO1.7.2.0.00.00.00;164171961,7
Prefeitura Municipal de Parintins - AM;1303403;AM;112716;Receitas Brutas Realizadas;1.7.2.1.00.00.00 - Transferências da União;siconfi-cor_RO1.7.2.1.00.00.00;66638799,49
Prefeitura Municipal de Parintins - AM;1303403;AM;112716;Receitas Brutas Realizadas;1.7.2.1.01.00.00 - Participação na Receita da União;siconfi-cor_RO1.7.2.1.01.00.00;36676062,04
Prefeitura Municipal de Parintins - AM;1303403;AM;112716;Receitas Brutas Realizadas;1.7.2.1.01.02.00 - Cota-Parte do Fundo de Participação dos Municípios ¿ FPM;siconfi-cor_RO1.7.2.1.01.02.00;33633773,28
Prefeitura Municipal de Parintins - AM;1303403;AM;112716;Receitas Brutas Realizadas;1.7.2.1.01.03.00 - Cota-Parte do Fundo de Participação dos Municípios - 1% Cota Anual;siconfi-cor_RO1.7.2.1.01.03.00;1492802,52
Prefeitura Municipal de Parintins - AM;1303403;AM;112716;Receitas Brutas Realizadas;1.7.2.1.01.04.00 - Cota-Parte do Fundo de Participação dos Municípios - 1% Cota entregue no mês de julho (67)(I);siconfi-cor_RO1.7.2.1.01.04.00;1543628,59
Prefeitura Municipal de Parintins - AM;1303403;AM;112716;Receitas Brutas Realizadas;1.7.2.1.01.05.00 - Cota-Parte do Imposto Sobre a Propriedade Territorial Rural ¿ ITR;siconfi-cor_RO1.7.2.1.01.05.00;5857,65
Prefeitura Municipal de Parintins - AM;1303403;AM;112716;Receitas Brutas Realizadas;1.7.2.1.22.00.00 - Transferências da Compensação Financeira pela Exploração de Recursos Naturais;siconfi-cor_RO1.7.2.1.22.00.00;479237,96
Prefeitura Municipal de Parintins - AM;1303403;AM;112716;Receitas Brutas Realizadas;1.7.2.1.22.20.00 - Cota-Parte da Compensação Financeira de Recursos Minerais - CFEM;siconfi-cor_RO1.7.2.1.22.20.00;3411,91
Prefeitura Municipal de Parintins - AM;1303403;AM;112716;Receitas Brutas Realizadas;1.7.2.1.22.40.00 - Cota-Parte Royalties pelo Excedente da Produção do Petróleo - Lei nº 9.478/97 artigo 49 I e II;siconfi-cor_RO1.7.2.1.22.40.00;83133,93
Prefeitura Municipal de Parintins - AM;1303403;AM;112716;Receitas Brutas Realizadas;1.7.2.1.22.70.00 - Cota-Parte do Fundo Especial do Petróleo ¿ FEP;siconfi-cor_RO1.7.2.1.22.70.00;392692,12
Prefeitura Municipal de Parintins - AM;1303403;AM;112716;Receitas Brutas Realizadas;1.7.2.1.33.00.00 - Transferências de Recursos do Sistema Único de Saúde - SUS - Repasses Fundo a Fundo;siconfi-cor_RO1.7.2.1.33.00.00;21055390,48
Prefeitura Municipal de Parintins - AM;1303403;AM;112716;Receitas Brutas Realizadas;1.7.2.1.34.00.00 - Transferências de Recursos do Fundo Nacional de Assistência Social ¿ FNAS;siconfi-cor_RO1.7.2.1.34.00.00;3088023,07
Prefeitura Municipal de Parintins - AM;1303403;AM;112716;Receitas Brutas Realizadas;1.7.2.1.35.00.00 - Transferências de Recursos do Fundo Nacional do Desenvolvimento da Educação ¿ FNDE;siconfi-cor_RO1.7.2.1.35.00.00;5231051,99
Prefeitura Municipal de Parintins - AM;1303403;AM;112716;Receitas Brutas Realizadas;1.7.2.1.36.00.00 - Transferências Financeiras do ICMS ¿ Desoneração ¿ L.C. Nº 87/96;siconfi-cor_RO1.7.2.1.36.00.00;66188,64
Prefeitura Municipal de Parintins - AM;1303403;AM;112716;Receitas Brutas Realizadas;1.7.2.1.99.00.00 - Outras Transferências da União;siconfi-cor_RO1.7.2.1.99.00.00;42845,31
Prefeitura Municipal de Parintins - AM;1303403;AM;112716;Receitas Brutas Realizadas;1.7.2.2.00.00.00 - Transferências dos Estados;siconfi-cor_RO1.7.2.2.00.00.00;30452661,98
Prefeitura Municipal de Parintins - AM;1303403;AM;112716;Receitas Brutas Realizadas;1.7.2.2.01.00.00 - Participação na Receita dos Estados;siconfi-cor_RO1.7.2.2.01.00.00;28697279,13
Prefeitura Municipal de Parintins - AM;1303403;AM;112716;Receitas Brutas Realizadas;1.7.2.2.01.01.00 - Cota-Parte do ICMS;siconfi-cor_RO1.7.2.2.01.01.00;27609816,88
Prefeitura Municipal de Parintins - AM;1303403;AM;112716;Receitas Brutas Realizadas;1.7.2.2.01.02.00 - Cota-Parte do IPVA;siconfi-cor_RO1.7.2.2.01.02.00;786961,36
Prefeitura Municipal de Parintins - AM;1303403;AM;112716;Receitas Brutas Realizadas;1.7.2.2.01.04.00 - Cota-Parte do IPI - Municípios;siconfi-cor_RO1.7.2.2.01.04.00;110746,97
Prefeitura Municipal de Parintins - AM;1303403;AM;112716;Receitas Brutas Realizadas;1.7.2.2.01.13.00 - Cota-Parte da Contribuição de Intervenção no Domínio Econômico;siconfi-cor_RO1.7.2.2.01.13.00;189753,92
Prefeitura Municipal de Parintins - AM;1303403;AM;112716;Receitas Brutas Realizadas;1.7.2.2.22.00.00 - Transferências da Cota-Parte da Compensação Financeira (25%);siconfi-cor_RO1.7.2.2.22.00.00;297760,54
Prefeitura Municipal de Parintins - AM;1303403;AM;112716;Receitas Brutas Realizadas;1.7.2.2.22.30.00 - Cota-Parte Royalties - Compensação Financeira pela Produção de Petróleo - Lei nº 7.990/89 artigo 9º;siconfi-cor_RO1.7.2.2.22.30.00;297760,54
Prefeitura Municipal de Parintins - AM;1303403;AM;112716;Receitas Brutas Realizadas;1.7.2.2.33.00.00 - Transferências de Recursos do Estado para Programas de Saúde - Repasse Fundo a Fundo;siconfi-cor_RO1.7.2.2.33.00.00;1457622,31
Prefeitura Municipal de Parintins - AM;1303403;AM;112716;Receitas Brutas Realizadas;1.7.2.4.00.00.00 - Transferências Multigovernamentais;siconfi-cor_RO1.7.2.4.00.00.00;67080500,2
Prefeitura Municipal de Parintins - AM;1303403;AM;112716;Receitas Brutas Realizadas;1.7.2.4.01.00.00 - Transferências de Recursos do Fundo de Manutenção e Desenvolvimento do Ensino Fundamental e de Valorização do Magistério - FUNDEB;siconfi-cor_RO1.7.2.4.01.00.00;50742367,03
Prefeitura Municipal de Parintins - AM;1303403;AM;112716;Receitas Brutas Realizadas;1.7.2.4.02.00.00 - Transferências de Recursos da Complementação ao Fundo de Manutenção e Desenvolvimento do Ensino Fundamental e de Valorização do Magistério - FUNDEB;siconfi-cor_RO1.7.2.4.02.00.00;16338133,17
Prefeitura Municipal de Parintins - AM;1303403;AM;112716;Receitas Brutas Realizadas;1.7.3.0.00.00.00 - Transferências de Instituições Privadas;siconfi-cor_RO1.7.3.0.00.00.00;150000
Prefeitura Municipal de Parintins - AM;1303403;AM;112716;Receitas Brutas Realizadas;1.9.0.0.00.00.00 - Outras Receitas Correntes;siconfi-cor_RO1.9.0.0.00.00.00;1526954,3
Prefeitura Municipal de Parintins - AM;1303403;AM;112716;Receitas Brutas Realizadas;1.9.1.0.00.00.00 - Multas e Juros de Mora;siconfi-cor_RO1.9.1.0.00.00.00;41392,9
Prefeitura Municipal de Parintins - AM;1303403;AM;112716;Receitas Brutas Realizadas;1.9.1.9.00.00.00 - Multas de Outras Origens;siconfi-cor_RO1.9.1.9.00.00.00;41392,9
Prefeitura Municipal de Parintins - AM;1303403;AM;112716;Receitas Brutas Realizadas;1.9.2.0.00.00.00 - Indenizações e Restituições;siconfi-cor_RO1.9.2.0.00.00.00;1442125,43
Prefeitura Municipal de Parintins - AM;1303403;AM;112716;Receitas Brutas Realizadas;1.9.2.2.00.00.00 - Restituições;siconfi-cor_RO1.9.2.2.00.00.00;1442125,43
Prefeitura Municipal de Parintins - AM;1303403;AM;112716;Receitas Brutas Realizadas;1.9.2.2.99.00.00 - Outras Restituições;siconfi-cor_RO1.9.2.2.99.00.00;1442125,43
Prefeitura Municipal de Parintins - AM;1303403;AM;112716;Receitas Brutas Realizadas;1.9.3.0.00.00.00 - Receita da Dívida Ativa;siconfi-cor_RO1.9.3.0.00.00.00;28622,97
Prefeitura Municipal de Parintins - AM;1303403;AM;112716;Receitas Brutas Realizadas;1.9.3.2.00.00.00 - Receita da Dívida Ativa Não Tributária;siconfi-cor_RO1.9.3.2.00.00.00;28622,97
Prefeitura Municipal de Parintins - AM;1303403;AM;112716;Receitas Brutas Realizadas;1.9.3.2.99.00.00 - Receita da Dívida Ativa Não Tributária de Outras Receitas;siconfi-cor_RO1.9.3.2.99.00.00;28622,97
Prefeitura Municipal de Parintins - AM;1303403;AM;112716;Receitas Brutas Realizadas;1.9.9.0.00.00.00 - Receitas Diversas;siconfi-cor_RO1.9.9.0.00.00.00;14813
Prefeitura Municipal de Parintins - AM;1303403;AM;112716;Receitas Brutas Realizadas;1.9.9.0.99.00.00 - Outras Receitas;siconfi-cor_RO1.9.9.0.99.00.00;14813
Prefeitura Municipal de Parintins - AM;1303403;AM;112716;Receitas Brutas Realizadas;2.0.0.0.00.00.00 - Receitas de Capital;siconfi-cor_RO2.0.0.0.00.00.00;528196,54
Prefeitura Municipal de Parintins - AM;1303403;AM;112716;Receitas Brutas Realizadas;2.4.0.0.00.00.00 - Transferências de Capital;siconfi-cor_RO2.4.0.0.00.00.00;528196,54
Prefeitura Municipal de Parintins - AM;1303403;AM;112716;Receitas Brutas Realizadas;2.4.2.0.00.00.00 - Transferências Intergovernamentais;siconfi-cor_RO2.4.2.0.00.00.00;351455,31
Prefeitura Municipal de Parintins - AM;1303403;AM;112716;Receitas Brutas Realizadas;2.4.2.1.00.00.00 - Transferências da União;siconfi-cor_RO2.4.2.1.00.00.00;351455,31
Prefeitura Municipal de Parintins - AM;1303403;AM;112716;Receitas Brutas Realizadas;2.4.2.1.02.00.00 - Transferências de Recursos Destinados a Programas de Educação;siconfi-cor_RO2.4.2.1.02.00.00;250455,31
Prefeitura Municipal de Parintins - AM;1303403;AM;112716;Receitas Brutas Realizadas;2.4.2.1.99.00.00 - Outras Transferências da União;siconfi-cor_RO2.4.2.1.99.00.00;101000
Prefeitura Municipal de Parintins - AM;1303403;AM;112716;Receitas Brutas Realizadas;2.4.7.0.00.00.00 - Transferências de Convênios;siconfi-cor_RO2.4.7.0.00.00.00;176741,23
Prefeitura Municipal de Parintins - AM;1303403;AM;112716;Receitas Brutas Realizadas;2.4.7.1.00.00.00 - Transferências de Convênios da União e de suas Entidades;siconfi-cor_RO2.4.7.1.00.00.00;176741,23
Prefeitura Municipal de Parintins - AM;1303403;AM;112716;Receitas Brutas Realizadas;2.4.7.1.99.00.00 - Outras Transferências de Convênios da União;siconfi-cor_RO2.4.7.1.99.00.00;176741,23
Prefeitura Municipal de Parintins - AM;1303403;AM;112716;Outras Deduções da Receita;Total Receitas;siconfi-cor_TotalReceitas;12441771,82
Prefeitura Municipal de Parintins - AM;1303403;AM;112716;Outras Deduções da Receita;1.0.0.0.00.00.00 - Receitas Correntes;siconfi-cor_RO1.0.0.0.00.00.00;12441771,82
Prefeitura Municipal de Parintins - AM;1303403;AM;112716;Outras Deduções da Receita;1.7.0.0.00.00.00 - Transferências Correntes;siconfi-cor_RO1.7.0.0.00.00.00;12441771,82
Prefeitura Municipal de Parintins - AM;1303403;AM;112716;Outras Deduções da Receita;1.7.2.0.00.00.00 - Transferências Intergovernamentais;siconfi-cor_RO1.7.2.0.00.00.00;12441771,82
Prefeitura Municipal de Parintins - AM;1303403;AM;112716;Outras Deduções da Receita;1.7.2.1.00.00.00 - Transferências da União;siconfi-cor_RO1.7.2.1.00.00.00;6741163,45
Prefeitura Municipal de Parintins - AM;1303403;AM;112716;Outras Deduções da Receita;1.7.2.1.01.00.00 - Participação na Receita da União;siconfi-cor_RO1.7.2.1.01.00.00;6727925,77
Prefeitura Municipal de Parintins - AM;1303403;AM;112716;Outras Deduções da Receita;1.7.2.1.01.02.00 - Cota-Parte do Fundo de Participação dos Municípios ¿ FPM;siconfi-cor_RO1.7.2.1.01.02.00;6726754,35
Prefeitura Municipal de Parintins - AM;1303403;AM;112716;Outras Deduções da Receita;1.7.2.1.01.05.00 - Cota-Parte do Imposto Sobre a Propriedade Territorial Rural ¿ ITR;siconfi-cor_RO1.7.2.1.01.05.00;1171,42
Prefeitura Municipal de Parintins - AM;1303403;AM;112716;Outras Deduções da Receita;1.7.2.1.36.00.00 - Transferências Financeiras do ICMS ¿ Desoneração ¿ L.C. Nº 87/96;siconfi-cor_RO1.7.2.1.36.00.00;13237,68
Prefeitura Municipal de Parintins - AM;1303403;AM;112716;Outras Deduções da Receita;1.7.2.2.00.00.00 - Transferências dos Estados;siconfi-cor_RO1.7.2.2.00.00.00;5700608,37
Prefeitura Municipal de Parintins - AM;1303403;AM;112716;Outras Deduções da Receita;1.7.2.2.01.00.00 - Participação na Receita dos Estados;siconfi-cor_RO1.7.2.2.01.00.00;5700608,37
Prefeitura Municipal de Parintins - AM;1303403;AM;112716;Outras Deduções da Receita;1.7.2.2.01.01.00 - Cota-Parte do ICMS;siconfi-cor_RO1.7.2.2.01.01.00;5521963,36
Prefeitura Municipal de Parintins - AM;1303403;AM;112716;Outras Deduções da Receita;1.7.2.2.01.02.00 - Cota-Parte do IPVA;siconfi-cor_RO1.7.2.2.01.02.00;156492,66
Prefeitura Municipal de Parintins - AM;1303403;AM;112716;Outras Deduções da Receita;1.7.2.2.01.04.00 - Cota-Parte do IPI - Municípios;siconfi-cor_RO1.7.2.2.01.04.00;22152,35
Prefeitura Municipal de Maués - AM;1302900;AM;61110;Receitas Brutas Realizadas;Total Receitas;siconfi-cor_TotalReceitas;130889646
Prefeitura Municipal de Maués - AM;1302900;AM;61110;Receitas Brutas Realizadas;1.0.0.0.00.00.00 - Receitas Correntes;siconfi-cor_RO1.0.0.0.00.00.00;125655625,5
Prefeitura Municipal de Maués - AM;1302900;AM;61110;Receitas Brutas Realizadas;1.1.0.0.00.00.00 - Receita Tributária;siconfi-cor_RO1.1.0.0.00.00.00;3694971,31
Prefeitura Municipal de Maués - AM;1302900;AM;61110;Receitas Brutas Realizadas;1.1.1.0.00.00.00 - Impostos;siconfi-cor_RO1.1.1.0.00.00.00;3499960,3
Prefeitura Municipal de Maués - AM;1302900;AM;61110;Receitas Brutas Realizadas;1.1.1.2.00.00.00 - Impostos sobre o Patrimônio e a Renda;siconfi-cor_RO1.1.1.2.00.00.00;1725640,24
Prefeitura Municipal de Maués - AM;1302900;AM;61110;Receitas Brutas Realizadas;1.1.1.2.01.00.00 - Imposto sobre a Propriedade Territorial Rural - ITR;siconfi-cor_RO1.1.1.2.01.00.00;22470,65
Prefeitura Municipal de Maués - AM;1302900;AM;61110;Receitas Brutas Realizadas;1.1.1.2.02.00.00 - Imposto sobre a Propriedade Predial e Territorial Urbana ¿ IPTU;siconfi-cor_RO1.1.1.2.02.00.00;131193,29
Prefeitura Municipal de Maués - AM;1302900;AM;61110;Receitas Brutas Realizadas;1.1.1.2.04.00.00 - Imposto sobre a Renda e Proventos de Qualquer Natureza ¿ IR;siconfi-cor_RO1.1.1.2.04.00.00;1474452,71
Prefeitura Municipal de Maués - AM;1302900;AM;61110;Receitas Brutas Realizadas;1.1.1.2.04.31.00 - Retido nas Fontes - Trabalho;siconfi-cor_RO1.1.1.2.04.31.00;1305260,42
Prefeitura Municipal de Maués - AM;1302900;AM;61110;Receitas Brutas Realizadas;1.1.1.2.04.34.00 - Retido nas Fontes - Outros Rendimentos;siconfi-cor_RO1.1.1.2.04.34.00;169192,29
Prefeitura Municipal de Maués - AM;1302900;AM;61110;Receitas Brutas Realizadas;"1.1.1.2.08.00.00 - Imposto sobre Transmissão Inter Vivos"" de Bens Imóveis e de Direitos Reais sobre Imóveis ¿ ITBI""";siconfi-cor_RO1.1.1.2.08.00.00;97523,59
Prefeitura Municipal de Maués - AM;1302900;AM;61110;Receitas Brutas Realizadas;1.1.1.3.00.00.00 - Impostos sobre a Produção e a Circulação;siconfi-cor_RO1.1.1.3.00.00.00;1774320,06
Prefeitura Municipal de Maués - AM;1302900;AM;61110;Receitas Brutas Realizadas;1.1.1.3.05.00.00 - Imposto sobre Serviços de Qualquer Natureza ¿ ISSQN;siconfi-cor_RO1.1.1.3.05.00.00;1774320,06
Prefeitura Municipal de Maués - AM;1302900;AM;61110;Receitas Brutas Realizadas;1.1.2.0.00.00.00 - Taxas;siconfi-cor_RO1.1.2.0.00.00.00;195011,01
Prefeitura Municipal de Maués - AM;1302900;AM;61110;Receitas Brutas Realizadas;1.1.2.1.00.00.00 - Taxas pelo Exercício do Poder de Polícia;siconfi-cor_RO1.1.2.1.00.00.00;170419,06
Prefeitura Municipal de Maués - AM;1302900;AM;61110;Receitas Brutas Realizadas;1.1.2.2.00.00.00 - Taxas pela Prestação de Serviços;siconfi-cor_RO1.1.2.2.00.00.00;24591,95
Prefeitura Municipal de Maués - AM;1302900;AM;61110;Receitas Brutas Realizadas;1.1.2.2.28.00.00 - Taxa de Cemitérios;siconfi-cor_RO1.1.2.2.28.00.00;3477,71
Prefeitura Municipal de Maués - AM;1302900;AM;61110;Receitas Brutas Realizadas;1.1.2.2.99.00.00 - Outras Taxas pela Prestação de Serviços;siconfi-cor_RO1.1.2.2.99.00.00;21114,24
Prefeitura Municipal de Maués - AM;1302900;AM;61110;Receitas Brutas Realizadas;1.2.0.0.00.00.00 - Receitas de Contribuições;siconfi-cor_RO1.2.0.0.00.00.00;4912242,83
Prefeitura Municipal de Maués - AM;1302900;AM;61110;Receitas Brutas Realizadas;1.2.1.0.00.00.00 - Contribuições Sociais;siconfi-cor_RO1.2.1.0.00.00.00;4078876,15
Prefeitura Municipal de Maués - AM;1302900;AM;61110;Receitas Brutas Realizadas;1.2.1.0.29.00.00 - Contribuições para o Regime Próprio de Previdência do Servidor Público;siconfi-cor_RO1.2.1.0.29.00.00;4078876,15
Prefeitura Municipal de Maués - AM;1302900;AM;61110;Receitas Brutas Realizadas;1.2.1.0.29.07.00 - Contribuição do Servidor Ativo Civil para o Regime Próprio;siconfi-cor_RO1.2.1.0.29.07.00;4078876,15
Prefeitura Municipal de Maués - AM;1302900;AM;61110;Receitas Brutas Realizadas;1.2.3.0.00.00.00 - Contribuição para Custeio do Serviço de Iluminação Pública;siconfi-cor_RO1.2.3.0.00.00.00;833366,68
Prefeitura Municipal de Maués - AM;1302900;AM;61110;Receitas Brutas Realizadas;1.3.0.0.00.00.00 - Receita Patrimonial;siconfi-cor_RO1.3.0.0.00.00.00;1800166,35
Prefeitura Municipal de Maués - AM;1302900;AM;61110;Receitas Brutas Realizadas;1.3.2.0.00.00.00 - Receitas de Valores Mobiliários;siconfi-cor_RO1.3.2.0.00.00.00;1800166,35
Prefeitura Municipal de Maués - AM;1302900;AM;61110;Receitas Brutas Realizadas;1.3.2.5.00.00.00 - Remuneração de Depósitos Bancários;siconfi-cor_RO1.3.2.5.00.00.00;1799006,66
Prefeitura Municipal de Maués - AM;1302900;AM;61110;Receitas Brutas Realizadas;1.3.2.9.00.00.00 - Outras Receitas de Valores Mobiliários;siconfi-cor_RO1.3.2.9.00.00.00;1159,69
Prefeitura Municipal de Maués - AM;1302900;AM;61110;Receitas Brutas Realizadas;1.6.0.0.00.00.00 - Receita de Serviços;siconfi-cor_RO1.6.0.0.00.00.00;1425066,35
Prefeitura Municipal de Maués - AM;1302900;AM;61110;Receitas Brutas Realizadas;1.6.0.0.13.00.00 - Serviços Administrativos;siconfi-cor_RO1.6.0.0.13.00.00;2007,24
Prefeitura Municipal de Maués - AM;1302900;AM;61110;Receitas Brutas Realizadas;1.6.0.0.41.00.00 - Serviços de Captação, Adução, Tratamento, Reserva e Distribuição de Água;siconfi-cor_RO1.6.0.0.41.00.00;1141587,92
Prefeitura Municipal de Maués - AM;1302900;AM;61110;Receitas Brutas Realizadas;1.6.0.0.48.00.00 - Serviços de Religamento de Água;siconfi-cor_RO1.6.0.0.48.00.00;281471,19
Prefeitura Municipal de Maués - AM;1302900;AM;61110;Receitas Brutas Realizadas;1.7.0.0.00.00.00 - Transferências Correntes;siconfi-cor_RO1.7.0.0.00.00.00;113457405,5
Prefeitura Municipal de Maués - AM;1302900;AM;61110;Receitas Brutas Realizadas;1.7.2.0.00.00.00 - Transferências Intergovernamentais;siconfi-cor_RO1.7.2.0.00.00.00;113096855
Prefeitura Municipal de Maués - AM;1302900;AM;61110;Receitas Brutas Realizadas;1.7.2.1.00.00.00 - Transferências da União;siconfi-cor_RO1.7.2.1.00.00.00;41372495,96
Prefeitura Municipal de Maués - AM;1302900;AM;61110;Receitas Brutas Realizadas;1.7.2.1.01.00.00 - Participação na Receita da União;siconfi-cor_RO1.7.2.1.01.00.00;25891708,36
Prefeitura Municipal de Maués - AM;1302900;AM;61110;Receitas Brutas Realizadas;1.7.2.1.01.02.00 - Cota-Parte do Fundo de Participação dos Municípios ¿ FPM;siconfi-cor_RO1.7.2.1.01.02.00;23707192,87
Prefeitura Municipal de Maués - AM;1302900;AM;61110;Receitas Brutas Realizadas;1.7.2.1.01.03.00 - Cota-Parte do Fundo de Participação dos Municípios - 1% Cota Anual;siconfi-cor_RO1.7.2.1.01.03.00;1119601,9
Prefeitura Municipal de Maués - AM;1302900;AM;61110;Receitas Brutas Realizadas;1.7.2.1.01.04.00 - Cota-Parte do Fundo de Participação dos Municípios - 1% Cota entregue no mês de julho (67)(I);siconfi-cor_RO1.7.2.1.01.04.00;1061244,65
Prefeitura Municipal de Maués - AM;1302900;AM;61110;Receitas Brutas Realizadas;1.7.2.1.01.05.00 - Cota-Parte do Imposto Sobre a Propriedade Territorial Rural ¿ ITR;siconfi-cor_RO1.7.2.1.01.05.00;3668,94
Prefeitura Municipal de Maués - AM;1302900;AM;61110;Receitas Brutas Realizadas;1.7.2.1.22.00.00 - Transferências da Compensação Financeira pela Exploração de Recursos Naturais;siconfi-cor_RO1.7.2.1.22.00.00;269975,83
Prefeitura Municipal de Maués - AM;1302900;AM;61110;Receitas Brutas Realizadas;1.7.2.1.22.70.00 - Cota-Parte do Fundo Especial do Petróleo ¿ FEP;siconfi-cor_RO1.7.2.1.22.70.00;269975,83
Prefeitura Municipal de Maués - AM;1302900;AM;61110;Receitas Brutas Realizadas;1.7.2.1.33.00.00 - Transferências de Recursos do Sistema Único de Saúde - SUS - Repasses Fundo a Fundo;siconfi-cor_RO1.7.2.1.33.00.00;10433253,19
Prefeitura Municipal de Maués - AM;1302900;AM;61110;Receitas Brutas Realizadas;1.7.2.1.34.00.00 - Transferências de Recursos do Fundo Nacional de Assistência Social ¿ FNAS;siconfi-cor_RO1.7.2.1.34.00.00;1515890,13
Prefeitura Municipal de Maués - AM;1302900;AM;61110;Receitas Brutas Realizadas;1.7.2.1.35.00.00 - Transferências de Recursos do Fundo Nacional do Desenvolvimento da Educação ¿ FNDE;siconfi-cor_RO1.7.2.1.35.00.00;3171806,07
Prefeitura Municipal de Maués - AM;1302900;AM;61110;Receitas Brutas Realizadas;1.7.2.1.36.00.00 - Transferências Financeiras do ICMS ¿ Desoneração ¿ L.C. Nº 87/96;siconfi-cor_RO1.7.2.1.36.00.00;54563,52
Prefeitura Municipal de Maués - AM;1302900;AM;61110;Receitas Brutas Realizadas;1.7.2.1.99.00.00 - Outras Transferências da União;siconfi-cor_RO1.7.2.1.99.00.00;35298,86
Prefeitura Municipal de Maués - AM;1302900;AM;61110;Receitas Brutas Realizadas;1.7.2.2.00.00.00 - Transferências dos Estados;siconfi-cor_RO1.7.2.2.00.00.00;24089640,39
Prefeitura Municipal de Maués - AM;1302900;AM;61110;Receitas Brutas Realizadas;1.7.2.2.01.00.00 - Participação na Receita dos Estados;siconfi-cor_RO1.7.2.2.01.00.00;23165470,27
Prefeitura Municipal de Maués - AM;1302900;AM;61110;Receitas Brutas Realizadas;1.7.2.2.01.01.00 - Cota-Parte do ICMS;siconfi-cor_RO1.7.2.2.01.01.00;22760523,65
Prefeitura Municipal de Maués - AM;1302900;AM;61110;Receitas Brutas Realizadas;1.7.2.2.01.02.00 - Cota-Parte do IPVA;siconfi-cor_RO1.7.2.2.01.02.00;196113,59
Prefeitura Municipal de Maués - AM;1302900;AM;61110;Receitas Brutas Realizadas;1.7.2.2.01.04.00 - Cota-Parte do IPI - Municípios;siconfi-cor_RO1.7.2.2.01.04.00;91295,73
Prefeitura Municipal de Maués - AM;1302900;AM;61110;Receitas Brutas Realizadas;1.7.2.2.01.13.00 - Cota-Parte da Contribuição de Intervenção no Domínio Econômico;siconfi-cor_RO1.7.2.2.01.13.00;117537,3
Prefeitura Municipal de Maués - AM;1302900;AM;61110;Receitas Brutas Realizadas;1.7.2.2.22.00.00 - Transferências da Cota-Parte da Compensação Financeira (25%);siconfi-cor_RO1.7.2.2.22.00.00;245462,92
Prefeitura Municipal de Maués - AM;1302900;AM;61110;Receitas Brutas Realizadas;1.7.2.2.22.30.00 - Cota-Parte Royalties - Compensação Financeira pela Produção de Petróleo - Lei nº 7.990/89 artigo 9º;siconfi-cor_RO1.7.2.2.22.30.00;245462,92
Prefeitura Municipal de Maués - AM;1302900;AM;61110;Receitas Brutas Realizadas;1.7.2.2.33.00.00 - Transferências de Recursos do Estado para Programas de Saúde - Repasse Fundo a Fundo;siconfi-cor_RO1.7.2.2.33.00.00;678707,2
Prefeitura Municipal de Maués - AM;1302900;AM;61110;Receitas Brutas Realizadas;1.7.2.4.00.00.00 - Transferências Multigovernamentais;siconfi-cor_RO1.7.2.4.00.00.00;47634718,61
Prefeitura Municipal de Maués - AM;1302900;AM;61110;Receitas Brutas Realizadas;1.7.2.4.01.00.00 - Transferências de Recursos do Fundo de Manutenção e Desenvolvimento do Ensino Fundamental e de Valorização do Magistério - FUNDEB;siconfi-cor_RO1.7.2.4.01.00.00;36493501,28
Prefeitura Municipal de Maués - AM;1302900;AM;61110;Receitas Brutas Realizadas;1.7.2.4.02.00.00 - Transferências de Recursos da Complementação ao Fundo de Manutenção e Desenvolvimento do Ensino Fundamental e de Valorização do Magistério - FUNDEB;siconfi-cor_RO1.7.2.4.02.00.00;11141217,33
Prefeitura Municipal de Maués - AM;1302900;AM;61110;Receitas Brutas Realizadas;1.7.5.0.00.00.00 - Transferências de Pessoas;siconfi-cor_RO1.7.5.0.00.00.00;360550,57
Prefeitura Municipal de Maués - AM;1302900;AM;61110;Receitas Brutas Realizadas;1.9.0.0.00.00.00 - Outras Receitas Correntes;siconfi-cor_RO1.9.0.0.00.00.00;365773,15
Prefeitura Municipal de Maués - AM;1302900;AM;61110;Receitas Brutas Realizadas;1.9.1.0.00.00.00 - Multas e Juros de Mora;siconfi-cor_RO1.9.1.0.00.00.00;22668,06
Prefeitura Municipal de Maués - AM;1302900;AM;61110;Receitas Brutas Realizadas;1.9.1.1.00.00.00 - Multas e Juros de Mora dos Tributos;siconfi-cor_RO1.9.1.1.00.00.00;1339,32
Prefeitura Municipal de Maués - AM;1302900;AM;61110;Receitas Brutas Realizadas;1.9.1.1.38.00.00 - Multas e Juros de Mora do Imposto sobre a Propriedade Predial e Territorial Urbana ¿ IPTU;siconfi-cor_RO1.9.1.1.38.00.00;437,51
Prefeitura Municipal de Maués - AM;1302900;AM;61110;Receitas Brutas Realizadas;1.9.1.1.99.00.00 - Multas e Juros de Mora de Outros Tributos;siconfi-cor_RO1.9.1.1.99.00.00;901,81
Prefeitura Municipal de Maués - AM;1302900;AM;61110;Receitas Brutas Realizadas;1.9.1.3.00.00.00 - Multas e Juros de Mora da Dívida Ativa dos Tributos;siconfi-cor_RO1.9.1.3.00.00.00;21092,99
Prefeitura Municipal de Maués - AM;1302900;AM;61110;Receitas Brutas Realizadas;1.9.1.3.11.00.00 - Multas e Juros de Mora da Dívida Ativa do Imposto sobre a Propriedade Predial e Territorial Urbana ¿ IPTU;siconfi-cor_RO1.9.1.3.11.00.00;21092,99
Prefeitura Municipal de Maués - AM;1302900;AM;61110;Receitas Brutas Realizadas;1.9.1.5.00.00.00 - Multas e Juros de Mora da Dívida Ativa de Outras Receitas;siconfi-cor_RO1.9.1.5.00.00.00;235,75
Prefeitura Municipal de Maués - AM;1302900;AM;61110;Receitas Brutas Realizadas;1.9.1.5.99.00.00 - Outras Multas e Juros de Mora da Dívida Ativa de Outras Receitas;siconfi-cor_RO1.9.1.5.99.00.00;235,75
Prefeitura Municipal de Maués - AM;1302900;AM;61110;Receitas Brutas Realizadas;1.9.3.0.00.00.00 - Receita da Dívida Ativa;siconfi-cor_RO1.9.3.0.00.00.00;79844,82
Prefeitura Municipal de Maués - AM;1302900;AM;61110;Receitas Brutas Realizadas;1.9.3.1.00.00.00 - Receita da Dívida Ativa Tributária;siconfi-cor_RO1.9.3.1.00.00.00;59429,68
Prefeitura Municipal de Maués - AM;1302900;AM;61110;Receitas Brutas Realizadas;1.9.3.1.11.00.00 - Receita da Dívida Ativa do Imposto sobre a Propriedade Predial e Territorial Urbana ¿ IPTU;siconfi-cor_RO1.9.3.1.11.00.00;59429,68
Prefeitura Municipal de Maués - AM;1302900;AM;61110;Receitas Brutas Realizadas;1.9.3.2.00.00.00 - Receita da Dívida Ativa Não Tributária;siconfi-cor_RO1.9.3.2.00.00.00;20415,14
Prefeitura Municipal de Maués - AM;1302900;AM;61110;Receitas Brutas Realizadas;1.9.3.2.13.00.00 - Receita da Dívida Ativa de Taxa de Ocupação;siconfi-cor_RO1.9.3.2.13.00.00;20415,14
Prefeitura Municipal de Maués - AM;1302900;AM;61110;Receitas Brutas Realizadas;1.9.9.0.00.00.00 - Receitas Diversas;siconfi-cor_RO1.9.9.0.00.00.00;263260,27
Prefeitura Municipal de Maués - AM;1302900;AM;61110;Receitas Brutas Realizadas;1.9.9.0.99.00.00 - Outras Receitas;siconfi-cor_RO1.9.9.0.99.00.00;263260,27
Prefeitura Municipal de Maués - AM;1302900;AM;61110;Receitas Brutas Realizadas;2.0.0.0.00.00.00 - Receitas de Capital;siconfi-cor_RO2.0.0.0.00.00.00;1155144,37
Prefeitura Municipal de Maués - AM;1302900;AM;61110;Receitas Brutas Realizadas;2.4.0.0.00.00.00 - Transferências de Capital;siconfi-cor_RO2.4.0.0.00.00.00;1155144,37
Prefeitura Municipal de Maués - AM;1302900;AM;61110;Receitas Brutas Realizadas;2.4.2.0.00.00.00 - Transferências Intergovernamentais;siconfi-cor_RO2.4.2.0.00.00.00;447173,74
Prefeitura Municipal de Maués - AM;1302900;AM;61110;Receitas Brutas Realizadas;2.4.2.1.00.00.00 - Transferências da União;siconfi-cor_RO2.4.2.1.00.00.00;447173,74
Prefeitura Municipal de Maués - AM;1302900;AM;61110;Receitas Brutas Realizadas;2.4.2.1.02.00.00 - Transferências de Recursos Destinados a Programas de Educação;siconfi-cor_RO2.4.2.1.02.00.00;447173,74
Prefeitura Municipal de Maués - AM;1302900;AM;61110;Receitas Brutas Realizadas;2.4.7.0.00.00.00 - Transferências de Convênios;siconfi-cor_RO2.4.7.0.00.00.00;707970,63
Prefeitura Municipal de Maués - AM;1302900;AM;61110;Receitas Brutas Realizadas;2.4.7.1.00.00.00 - Transferências de Convênios da União e de suas Entidades;siconfi-cor_RO2.4.7.1.00.00.00;140400
Prefeitura Municipal de Maués - AM;1302900;AM;61110;Receitas Brutas Realizadas;2.4.7.1.04.00.00 - Transferências de Convênios da União Destinadas a Programas de Meio Ambiente;siconfi-cor_RO2.4.7.1.04.00.00;140400
Prefeitura Municipal de Maués - AM;1302900;AM;61110;Receitas Brutas Realizadas;2.4.7.2.00.00.00 - Transferências de Convênios dos Estados e do Distrito Federal e de suas Entidades;siconfi-cor_RO2.4.7.2.00.00.00;567570,63
Prefeitura Municipal de Maués - AM;1302900;AM;61110;Receitas Brutas Realizadas;2.4.7.2.99.00.00 - Outras Transferências de Convênios dos Estados;siconfi-cor_RO2.4.7.2.99.00.00;567570,63
Prefeitura Municipal de Maués - AM;1302900;AM;61110;Receitas Brutas Realizadas;7.0.0.0.00.00.00 - Receitas Correntes Intraorçamentárias;siconfi-cor_RI7.0.0.0.00.00.00;4078876,15
Prefeitura Municipal de Maués - AM;1302900;AM;61110;Receitas Brutas Realizadas;7.2.0.0.00.00.00 - Receitas de Contribuições Intraorçamentárias;siconfi-cor_RI7.2.0.0.00.00.00;4078876,15
Prefeitura Municipal de Maués - AM;1302900;AM;61110;Receitas Brutas Realizadas;7.2.1.0.00.00.00 - Contribuições Sociais Intraorçamentárias;siconfi-cor_RI7.2.1.0.00.00.00;4078876,15
Prefeitura Municipal de Maués - AM;1302900;AM;61110;Receitas Brutas Realizadas;7.2.1.0.29.00.00 - Contribuições para o Regime Próprio de Previdência do Servidor Público Intraorçamentárias;siconfi-cor_RI7.2.1.0.29.00.00;4078876,15
Prefeitura Municipal de Maués - AM;1302900;AM;61110;Receitas Brutas Realizadas;7.2.1.0.29.01.00 - Contribuição Patronal de Servidor Ativo Civil para o Regime Próprio Intraorçamentária;siconfi-cor_RI7.2.1.0.29.01.00;4078876,15
Prefeitura Municipal de Maués - AM;1302900;AM;61110;Deduções - FUNDEB;Total Receitas;siconfi-cor_TotalReceitas;9362670,41
Prefeitura Municipal de Maués - AM;1302900;AM;61110;Deduções - FUNDEB;1.0.0.0.00.00.00 - Receitas Correntes;siconfi-cor_RO1.0.0.0.00.00.00;9362670,41
Prefeitura Municipal de Maués - AM;1302900;AM;61110;Deduções - FUNDEB;1.7.0.0.00.00.00 - Transferências Correntes;siconfi-cor_RO1.7.0.0.00.00.00;9362670,41
Prefeitura Municipal de Maués - AM;1302900;AM;61110;Deduções - FUNDEB;1.7.2.0.00.00.00 - Transferências Intergovernamentais;siconfi-cor_RO1.7.2.0.00.00.00;9362670,41
Prefeitura Municipal de Maués - AM;1302900;AM;61110;Deduções - FUNDEB;1.7.2.1.00.00.00 - Transferências da União;siconfi-cor_RO1.7.2.1.00.00.00;4753084,67
Prefeitura Municipal de Maués - AM;1302900;AM;61110;Deduções - FUNDEB;1.7.2.1.01.00.00 - Participação na Receita da União;siconfi-cor_RO1.7.2.1.01.00.00;4742171,99
Prefeitura Municipal de Maués - AM;1302900;AM;61110;Deduções - FUNDEB;1.7.2.1.01.02.00 - Cota-Parte do Fundo de Participação dos Municípios ¿ FPM;siconfi-cor_RO1.7.2.1.01.02.00;4741438,24
Prefeitura Municipal de Maués - AM;1302900;AM;61110;Deduções - FUNDEB;1.7.2.1.01.05.00 - Cota-Parte do Imposto Sobre a Propriedade Territorial Rural ¿ ITR;siconfi-cor_RO1.7.2.1.01.05.00;733,75
Prefeitura Municipal de Maués - AM;1302900;AM;61110;Deduções - FUNDEB;1.7.2.1.36.00.00 - Transferências Financeiras do ICMS ¿ Desoneração ¿ L.C. Nº 87/96;siconfi-cor_RO1.7.2.1.36.00.00;10912,68
Prefeitura Municipal de Maués - AM;1302900;AM;61110;Deduções - FUNDEB;1.7.2.2.00.00.00 - Transferências dos Estados;siconfi-cor_RO1.7.2.2.00.00.00;4609585,74
Prefeitura Municipal de Maués - AM;1302900;AM;61110;Deduções - FUNDEB;1.7.2.2.01.00.00 - Participação na Receita dos Estados;siconfi-cor_RO1.7.2.2.01.00.00;4609585,74
Prefeitura Municipal de Maués - AM;1302900;AM;61110;Deduções - FUNDEB;1.7.2.2.01.01.00 - Cota-Parte do ICMS;siconfi-cor_RO1.7.2.2.01.01.00;4552104,75
Prefeitura Municipal de Maués - AM;1302900;AM;61110;Deduções - FUNDEB;1.7.2.2.01.02.00 - Cota-Parte do IPVA;siconfi-cor_RO1.7.2.2.01.02.00;39221,82
Prefeitura Municipal de Maués - AM;1302900;AM;61110;Deduções - FUNDEB;1.7.2.2.01.04.00 - Cota-Parte do IPI - Municípios;siconfi-cor_RO1.7.2.2.01.04.00;18259,17
Prefeitura Municipal de Ipixuna - AM;1301803;AM;27587;Receitas Brutas Realizadas;Total Receitas;siconfi-cor_TotalReceitas;40727831,93
Prefeitura Municipal de Ipixuna - AM;1301803;AM;27587;Receitas Brutas Realizadas;1.0.0.0.00.00.00 - Receitas Correntes;siconfi-cor_RO1.0.0.0.00.00.00;40600364,33
Prefeitura Municipal de Ipixuna - AM;1301803;AM;27587;Receitas Brutas Realizadas;1.1.0.0.00.00.00 - Receita Tributária;siconfi-cor_RO1.1.0.0.00.00.00;660484,7
Prefeitura Municipal de Ipixuna - AM;1301803;AM;27587;Receitas Brutas Realizadas;1.1.1.0.00.00.00 - Impostos;siconfi-cor_RO1.1.1.0.00.00.00;609638,64
Prefeitura Municipal de Ipixuna - AM;1301803;AM;27587;Receitas Brutas Realizadas;1.1.1.2.00.00.00 - Impostos sobre o Patrimônio e a Renda;siconfi-cor_RO1.1.1.2.00.00.00;429335,84
Prefeitura Municipal de Ipixuna - AM;1301803;AM;27587;Receitas Brutas Realizadas;1.1.1.2.02.00.00 - Imposto sobre a Propriedade Predial e Territorial Urbana ¿ IPTU;siconfi-cor_RO1.1.1.2.02.00.00;13108,49
Prefeitura Municipal de Ipixuna - AM;1301803;AM;27587;Receitas Brutas Realizadas;1.1.1.2.04.00.00 - Imposto sobre a Renda e Proventos de Qualquer Natureza ¿ IR;siconfi-cor_RO1.1.1.2.04.00.00;405846,06
Prefeitura Municipal de Ipixuna - AM;1301803;AM;27587;Receitas Brutas Realizadas;1.1.1.2.04.31.00 - Retido nas Fontes - Trabalho;siconfi-cor_RO1.1.1.2.04.31.00;383893,52
Prefeitura Municipal de Ipixuna - AM;1301803;AM;27587;Receitas Brutas Realizadas;1.1.1.2.04.34.00 - Retido nas Fontes - Outros Rendimentos;siconfi-cor_RO1.1.1.2.04.34.00;21952,54
Prefeitura Municipal de Ipixuna - AM;1301803;AM;27587;Receitas Brutas Realizadas;"1.1.1.2.08.00.00 - Imposto sobre Transmissão Inter Vivos"" de Bens Imóveis e de Direitos Reais sobre Imóveis ¿ ITBI""";siconfi-cor_RO1.1.1.2.08.00.00;10381,29
Prefeitura Municipal de Ipixuna - AM;1301803;AM;27587;Receitas Brutas Realizadas;1.1.1.3.00.00.00 - Impostos sobre a Produção e a Circulação;siconfi-cor_RO1.1.1.3.00.00.00;180302,8
Prefeitura Municipal de Ipixuna - AM;1301803;AM;27587;Receitas Brutas Realizadas;1.1.1.3.05.00.00 - Imposto sobre Serviços de Qualquer Natureza ¿ ISSQN;siconfi-cor_RO1.1.1.3.05.00.00;180302,8
Prefeitura Municipal de Ipixuna - AM;1301803;AM;27587;Receitas Brutas Realizadas;1.1.2.0.00.00.00 - Taxas;siconfi-cor_RO1.1.2.0.00.00.00;50846,06
Prefeitura Municipal de Ipixuna - AM;1301803;AM;27587;Receitas Brutas Realizadas;1.1.2.1.00.00.00 - Taxas pelo Exercício do Poder de Polícia;siconfi-cor_RO1.1.2.1.00.00.00;50778,06
Prefeitura Municipal de Ipixuna - AM;1301803;AM;27587;Receitas Brutas Realizadas;1.1.2.2.00.00.00 - Taxas pela Prestação de Serviços;siconfi-cor_RO1.1.2.2.00.00.00;68
Prefeitura Municipal de Ipixuna - AM;1301803;AM;27587;Receitas Brutas Realizadas;1.1.2.2.99.00.00 - Outras Taxas pela Prestação de Serviços;siconfi-cor_RO1.1.2.2.99.00.00;68
Prefeitura Municipal de Ipixuna - AM;1301803;AM;27587;Receitas Brutas Realizadas;1.2.0.0.00.00.00 - Receitas de Contribuições;siconfi-cor_RO1.2.0.0.00.00.00;64866,8
Prefeitura Municipal de Ipixuna - AM;1301803;AM;27587;Receitas Brutas Realizadas;1.2.3.0.00.00.00 - Contribuição para Custeio do Serviço de Iluminação Pública;siconfi-cor_RO1.2.3.0.00.00.00;64866,8
Prefeitura Municipal de Ipixuna - AM;1301803;AM;27587;Receitas Brutas Realizadas;1.3.0.0.00.00.00 - Receita Patrimonial;siconfi-cor_RO1.3.0.0.00.00.00;65672,41
Prefeitura Municipal de Ipixuna - AM;1301803;AM;27587;Receitas Brutas Realizadas;1.3.2.0.00.00.00 - Receitas de Valores Mobiliários;siconfi-cor_RO1.3.2.0.00.00.00;65672,41
Prefeitura Municipal de Ipixuna - AM;1301803;AM;27587;Receitas Brutas Realizadas;1.3.2.5.00.00.00 - Remuneração de Depósitos Bancários;siconfi-cor_RO1.3.2.5.00.00.00;65672,41
Prefeitura Municipal de Ipixuna - AM;1301803;AM;27587;Receitas Brutas Realizadas;1.6.0.0.00.00.00 - Receita de Serviços;siconfi-cor_RO1.6.0.0.00.00.00;366,25
Prefeitura Municipal de Ipixuna - AM;1301803;AM;27587;Receitas Brutas Realizadas;1.6.0.0.41.00.00 - Serviços de Captação, Adução, Tratamento, Reserva e Distribuição de Água;siconfi-cor_RO1.6.0.0.41.00.00;366,25
Prefeitura Municipal de Ipixuna - AM;1301803;AM;27587;Receitas Brutas Realizadas;1.7.0.0.00.00.00 - Transferências Correntes;siconfi-cor_RO1.7.0.0.00.00.00;39808801,73
Prefeitura Municipal de Ipixuna - AM;1301803;AM;27587;Receitas Brutas Realizadas;1.7.2.0.00.00.00 - Transferências Intergovernamentais;siconfi-cor_RO1.7.2.0.00.00.00;39808801,73
Prefeitura Municipal de Ipixuna - AM;1301803;AM;27587;Receitas Brutas Realizadas;1.7.2.1.00.00.00 - Transferências da União;siconfi-cor_RO1.7.2.1.00.00.00;21264620,26
Prefeitura Municipal de Ipixuna - AM;1301803;AM;27587;Receitas Brutas Realizadas;1.7.2.1.01.00.00 - Participação na Receita da União;siconfi-cor_RO1.7.2.1.01.00.00;16043318,28
Prefeitura Municipal de Ipixuna - AM;1301803;AM;27587;Receitas Brutas Realizadas;1.7.2.1.01.02.00 - Cota-Parte do Fundo de Participação dos Municípios ¿ FPM;siconfi-cor_RO1.7.2.1.01.02.00;14714775,83
Prefeitura Municipal de Ipixuna - AM;1301803;AM;27587;Receitas Brutas Realizadas;1.7.2.1.01.03.00 - Cota-Parte do Fundo de Participação dos Municípios - 1% Cota Anual;siconfi-cor_RO1.7.2.1.01.03.00;653101,1
Prefeitura Municipal de Ipixuna - AM;1301803;AM;27587;Receitas Brutas Realizadas;1.7.2.1.01.04.00 - Cota-Parte do Fundo de Participação dos Municípios - 1% Cota entregue no mês de julho (67)(I);siconfi-cor_RO1.7.2.1.01.04.00;675337,51
Prefeitura Municipal de Ipixuna - AM;1301803;AM;27587;Receitas Brutas Realizadas;1.7.2.1.01.05.00 - Cota-Parte do Imposto Sobre a Propriedade Territorial Rural ¿ ITR;siconfi-cor_RO1.7.2.1.01.05.00;103,84
Prefeitura Municipal de Ipixuna - AM;1301803;AM;27587;Receitas Brutas Realizadas;1.7.2.1.22.00.00 - Transferências da Compensação Financeira pela Exploração de Recursos Naturais;siconfi-cor_RO1.7.2.1.22.00.00;171802,81
Prefeitura Municipal de Ipixuna - AM;1301803;AM;27587;Receitas Brutas Realizadas;1.7.2.1.22.70.00 - Cota-Parte do Fundo Especial do Petróleo ¿ FEP;siconfi-cor_RO1.7.2.1.22.70.00;171802,81
Prefeitura Municipal de Ipixuna - AM;1301803;AM;27587;Receitas Brutas Realizadas;1.7.2.1.33.00.00 - Transferências de Recursos do Sistema Único de Saúde - SUS - Repasses Fundo a Fundo;siconfi-cor_RO1.7.2.1.33.00.00;3743768,67
Prefeitura Municipal de Ipixuna - AM;1301803;AM;27587;Receitas Brutas Realizadas;1.7.2.1.34.00.00 - Transferências de Recursos do Fundo Nacional de Assistência Social ¿ FNAS;siconfi-cor_RO1.7.2.1.34.00.00;620772,41
Prefeitura Municipal de Ipixuna - AM;1301803;AM;27587;Receitas Brutas Realizadas;1.7.2.1.35.00.00 - Transferências de Recursos do Fundo Nacional do Desenvolvimento da Educação ¿ FNDE;siconfi-cor_RO1.7.2.1.35.00.00;655299,26
Prefeitura Municipal de Ipixuna - AM;1301803;AM;27587;Receitas Brutas Realizadas;1.7.2.1.36.00.00 - Transferências Financeiras do ICMS ¿ Desoneração ¿ L.C. Nº 87/96;siconfi-cor_RO1.7.2.1.36.00.00;18008,52
Prefeitura Municipal de Ipixuna - AM;1301803;AM;27587;Receitas Brutas Realizadas;1.7.2.1.99.00.00 - Outras Transferências da União;siconfi-cor_RO1.7.2.1.99.00.00;11650,31
Prefeitura Municipal de Ipixuna - AM;1301803;AM;27587;Receitas Brutas Realizadas;1.7.2.2.00.00.00 - Transferências dos Estados;siconfi-cor_RO1.7.2.2.00.00.00;7987501,1
Prefeitura Municipal de Ipixuna - AM;1301803;AM;27587;Receitas Brutas Realizadas;1.7.2.2.01.00.00 - Participação na Receita dos Estados;siconfi-cor_RO1.7.2.2.01.00.00;7615862,04
Prefeitura Municipal de Ipixuna - AM;1301803;AM;27587;Receitas Brutas Realizadas;1.7.2.2.01.01.00 - Cota-Parte do ICMS;siconfi-cor_RO1.7.2.2.01.01.00;7512059,15
Prefeitura Municipal de Ipixuna - AM;1301803;AM;27587;Receitas Brutas Realizadas;1.7.2.2.01.02.00 - Cota-Parte do IPVA;siconfi-cor_RO1.7.2.2.01.02.00;7739,24
Prefeitura Municipal de Ipixuna - AM;1301803;AM;27587;Receitas Brutas Realizadas;1.7.2.2.01.04.00 - Cota-Parte do IPI - Municípios;siconfi-cor_RO1.7.2.2.01.04.00;30131,94
Prefeitura Municipal de Ipixuna - AM;1301803;AM;27587;Receitas Brutas Realizadas;1.7.2.2.01.13.00 - Cota-Parte da Contribuição de Intervenção no Domínio Econômico;siconfi-cor_RO1.7.2.2.01.13.00;65931,71
Prefeitura Municipal de Ipixuna - AM;1301803;AM;27587;Receitas Brutas Realizadas;1.7.2.2.22.00.00 - Transferências da Cota-Parte da Compensação Financeira (25%);siconfi-cor_RO1.7.2.2.22.00.00;81014,48
Prefeitura Municipal de Ipixuna - AM;1301803;AM;27587;Receitas Brutas Realizadas;1.7.2.2.22.30.00 - Cota-Parte Royalties - Compensação Financeira pela Produção de Petróleo - Lei nº 7.990/89 artigo 9º;siconfi-cor_RO1.7.2.2.22.30.00;81014,48
Prefeitura Municipal de Ipixuna - AM;1301803;AM;27587;Receitas Brutas Realizadas;1.7.2.2.33.00.00 - Transferências de Recursos do Estado para Programas de Saúde - Repasse Fundo a Fundo;siconfi-cor_RO1.7.2.2.33.00.00;290624,58
Prefeitura Municipal de Ipixuna - AM;1301803;AM;27587;Receitas Brutas Realizadas;1.7.2.4.00.00.00 - Transferências Multigovernamentais;siconfi-cor_RO1.7.2.4.00.00.00;10556680,37
Prefeitura Municipal de Ipixuna - AM;1301803;AM;27587;Receitas Brutas Realizadas;1.7.2.4.01.00.00 - Transferências de Recursos do Fundo de Manutenção e Desenvolvimento do Ensino Fundamental e de Valorização do Magistério - FUNDEB;siconfi-cor_RO1.7.2.4.01.00.00;7984644,16
Prefeitura Municipal de Ipixuna - AM;1301803;AM;27587;Receitas Brutas Realizadas;1.7.2.4.02.00.00 - Transferências de Recursos da Complementação ao Fundo de Manutenção e Desenvolvimento do Ensino Fundamental e de Valorização do Magistério - FUNDEB;siconfi-cor_RO1.7.2.4.02.00.00;2572036,21
Prefeitura Municipal de Ipixuna - AM;1301803;AM;27587;Receitas Brutas Realizadas;1.9.0.0.00.00.00 - Outras Receitas Correntes;siconfi-cor_RO1.9.0.0.00.00.00;172,44
Prefeitura Municipal de Ipixuna - AM;1301803;AM;27587;Receitas Brutas Realizadas;1.9.9.0.00.00.00 - Receitas Diversas;siconfi-cor_RO1.9.9.0.00.00.00;172,44
Prefeitura Municipal de Ipixuna - AM;1301803;AM;27587;Receitas Brutas Realizadas;1.9.9.0.99.00.00 - Outras Receitas;siconfi-cor_RO1.9.9.0.99.00.00;172,44
Prefeitura Municipal de Ipixuna - AM;1301803;AM;27587;Receitas Brutas Realizadas;2.0.0.0.00.00.00 - Receitas de Capital;siconfi-cor_RO2.0.0.0.00.00.00;127467,6
Prefeitura Municipal de Ipixuna - AM;1301803;AM;27587;Receitas Brutas Realizadas;2.4.0.0.00.00.00 - Transferências de Capital;siconfi-cor_RO2.4.0.0.00.00.00;127467,6
Prefeitura Municipal de Ipixuna - AM;1301803;AM;27587;Receitas Brutas Realizadas;2.4.2.0.00.00.00 - Transferências Intergovernamentais;siconfi-cor_RO2.4.2.0.00.00.00;127467,6
Prefeitura Municipal de Ipixuna - AM;1301803;AM;27587;Receitas Brutas Realizadas;2.4.2.1.00.00.00 - Transferências da União;siconfi-cor_RO2.4.2.1.00.00.00;127467,6
Prefeitura Municipal de Ipixuna - AM;1301803;AM;27587;Receitas Brutas Realizadas;2.4.2.1.02.00.00 - Transferências de Recursos Destinados a Programas de Educação;siconfi-cor_RO2.4.2.1.02.00.00;127467,6
Prefeitura Municipal de Ipixuna - AM;1301803;AM;27587;Outras Deduções da Receita;Total Receitas;siconfi-cor_TotalReceitas;4456563,25
Prefeitura Municipal de Ipixuna - AM;1301803;AM;27587;Outras Deduções da Receita;1.0.0.0.00.00.00 - Receitas Correntes;siconfi-cor_RO1.0.0.0.00.00.00;4456563,25
Prefeitura Municipal de Ipixuna - AM;1301803;AM;27587;Outras Deduções da Receita;1.7.0.0.00.00.00 - Transferências Correntes;siconfi-cor_RO1.7.0.0.00.00.00;4456563,25
Prefeitura Municipal de Ipixuna - AM;1301803;AM;27587;Outras Deduções da Receita;1.7.2.0.00.00.00 - Transferências Intergovernamentais;siconfi-cor_RO1.7.2.0.00.00.00;4456563,25
Prefeitura Municipal de Ipixuna - AM;1301803;AM;27587;Outras Deduções da Receita;1.7.2.1.00.00.00 - Transferências da União;siconfi-cor_RO1.7.2.1.00.00.00;2946577,3
Prefeitura Municipal de Ipixuna - AM;1301803;AM;27587;Outras Deduções da Receita;1.7.2.1.01.00.00 - Participação na Receita da União;siconfi-cor_RO1.7.2.1.01.00.00;2942975,62
Prefeitura Municipal de Ipixuna - AM;1301803;AM;27587;Outras Deduções da Receita;1.7.2.1.01.02.00 - Cota-Parte do Fundo de Participação dos Municípios ¿ FPM;siconfi-cor_RO1.7.2.1.01.02.00;2942954,86
Prefeitura Municipal de Ipixuna - AM;1301803;AM;27587;Outras Deduções da Receita;1.7.2.1.01.05.00 - Cota-Parte do Imposto Sobre a Propriedade Territorial Rural ¿ ITR;siconfi-cor_RO1.7.2.1.01.05.00;20,76
Prefeitura Municipal de Ipixuna - AM;1301803;AM;27587;Outras Deduções da Receita;1.7.2.1.36.00.00 - Transferências Financeiras do ICMS ¿ Desoneração ¿ L.C. Nº 87/96;siconfi-cor_RO1.7.2.1.36.00.00;3601,68
Prefeitura Municipal de Ipixuna - AM;1301803;AM;27587;Outras Deduções da Receita;1.7.2.2.00.00.00 - Transferências dos Estados;siconfi-cor_RO1.7.2.2.00.00.00;1509985,95
Prefeitura Municipal de Ipixuna - AM;1301803;AM;27587;Outras Deduções da Receita;1.7.2.2.01.00.00 - Participação na Receita dos Estados;siconfi-cor_RO1.7.2.2.01.00.00;1509985,95
Prefeitura Municipal de Ipixuna - AM;1301803;AM;27587;Outras Deduções da Receita;1.7.2.2.01.01.00 - Cota-Parte do ICMS;siconfi-cor_RO1.7.2.2.01.01.00;1502411,84
Prefeitura Municipal de Ipixuna - AM;1301803;AM;27587;Outras Deduções da Receita;1.7.2.2.01.02.00 - Cota-Parte do IPVA;siconfi-cor_RO1.7.2.2.01.02.00;1547,75
Prefeitura Municipal de Ipixuna - AM;1301803;AM;27587;Outras Deduções da Receita;1.7.2.2.01.04.00 - Cota-Parte do IPI - Municípios;siconfi-cor_RO1.7.2.2.01.04.00;6026,36
Prefeitura Municipal de Urucurituba - AM;1304401;AM;21650;Receitas Brutas Realizadas;Total Receitas;siconfi-cor_TotalReceitas;40807251,55
Prefeitura Municipal de Urucurituba - AM;1304401;AM;21650;Receitas Brutas Realizadas;1.0.0.0.00.00.00 - Receitas Correntes;siconfi-cor_RO1.0.0.0.00.00.00;40067206,05
Prefeitura Municipal de Urucurituba - AM;1304401;AM;21650;Receitas Brutas Realizadas;1.1.0.0.00.00.00 - Receita Tributária;siconfi-cor_RO1.1.0.0.00.00.00;591114,48
Prefeitura Municipal de Urucurituba - AM;1304401;AM;21650;Receitas Brutas Realizadas;1.1.1.0.00.00.00 - Impostos;siconfi-cor_RO1.1.1.0.00.00.00;437101,13
Prefeitura Municipal de Urucurituba - AM;1304401;AM;21650;Receitas Brutas Realizadas;1.1.1.2.00.00.00 - Impostos sobre o Patrimônio e a Renda;siconfi-cor_RO1.1.1.2.00.00.00;121895,87
Prefeitura Municipal de Urucurituba - AM;1304401;AM;21650;Receitas Brutas Realizadas;1.1.1.2.02.00.00 - Imposto sobre a Propriedade Predial e Territorial Urbana ¿ IPTU;siconfi-cor_RO1.1.1.2.02.00.00;7735,26
Prefeitura Municipal de Urucurituba - AM;1304401;AM;21650;Receitas Brutas Realizadas;1.1.1.2.04.00.00 - Imposto sobre a Renda e Proventos de Qualquer Natureza ¿ IR;siconfi-cor_RO1.1.1.2.04.00.00;114160,61
Prefeitura Municipal de Urucurituba - AM;1304401;AM;21650;Receitas Brutas Realizadas;1.1.1.2.04.31.00 - Retido nas Fontes - Trabalho;siconfi-cor_RO1.1.1.2.04.31.00;85370,9
Prefeitura Municipal de Urucurituba - AM;1304401;AM;21650;Receitas Brutas Realizadas;1.1.1.2.04.34.00 - Retido nas Fontes - Outros Rendimentos;siconfi-cor_RO1.1.1.2.04.34.00;28789,71
Prefeitura Municipal de Urucurituba - AM;1304401;AM;21650;Receitas Brutas Realizadas;1.1.1.3.00.00.00 - Impostos sobre a Produção e a Circulação;siconfi-cor_RO1.1.1.3.00.00.00;315205,26
Prefeitura Municipal de Urucurituba - AM;1304401;AM;21650;Receitas Brutas Realizadas;1.1.1.3.05.00.00 - Imposto sobre Serviços de Qualquer Natureza ¿ ISSQN;siconfi-cor_RO1.1.1.3.05.00.00;315205,26
Prefeitura Municipal de Urucurituba - AM;1304401;AM;21650;Receitas Brutas Realizadas;1.1.2.0.00.00.00 - Taxas;siconfi-cor_RO1.1.2.0.00.00.00;9552,59
Prefeitura Municipal de Urucurituba - AM;1304401;AM;21650;Receitas Brutas Realizadas;1.1.2.1.00.00.00 - Taxas pelo Exercício do Poder de Polícia;siconfi-cor_RO1.1.2.1.00.00.00;7323,59
Prefeitura Municipal de Urucurituba - AM;1304401;AM;21650;Receitas Brutas Realizadas;1.1.2.2.00.00.00 - Taxas pela Prestação de Serviços;siconfi-cor_RO1.1.2.2.00.00.00;2229
Prefeitura Municipal de Urucurituba - AM;1304401;AM;21650;Receitas Brutas Realizadas;1.1.2.2.99.00.00 - Outras Taxas pela Prestação de Serviços;siconfi-cor_RO1.1.2.2.99.00.00;2229
Prefeitura Municipal de Urucurituba - AM;1304401;AM;21650;Receitas Brutas Realizadas;1.1.3.0.00.00.00 - Contribuição de Melhoria;siconfi-cor_RO1.1.3.0.00.00.00;144460,76
Prefeitura Municipal de Urucurituba - AM;1304401;AM;21650;Receitas Brutas Realizadas;1.1.3.0.02.00.00 - Contribuição de Melhoria para Expansão da Rede de Iluminação Pública na Cidade;siconfi-cor_RO1.1.3.0.02.00.00;144460,76
Prefeitura Municipal de Urucurituba - AM;1304401;AM;21650;Receitas Brutas Realizadas;1.3.0.0.00.00.00 - Receita Patrimonial;siconfi-cor_RO1.3.0.0.00.00.00;334662,82
Prefeitura Municipal de Urucurituba - AM;1304401;AM;21650;Receitas Brutas Realizadas;1.3.2.0.00.00.00 - Receitas de Valores Mobiliários;siconfi-cor_RO1.3.2.0.00.00.00;175657,82
Prefeitura Municipal de Urucurituba - AM;1304401;AM;21650;Receitas Brutas Realizadas;1.3.2.5.00.00.00 - Remuneração de Depósitos Bancários;siconfi-cor_RO1.3.2.5.00.00.00;175657,82
Prefeitura Municipal de Urucurituba - AM;1304401;AM;21650;Receitas Brutas Realizadas;1.3.6.0.00.00.00 - Receita da Cessão de Direitos;siconfi-cor_RO1.3.6.0.00.00.00;159005
Prefeitura Municipal de Urucurituba - AM;1304401;AM;21650;Receitas Brutas Realizadas;1.6.0.0.00.00.00 - Receita de Serviços;siconfi-cor_RO1.6.0.0.00.00.00;10450,73
Prefeitura Municipal de Urucurituba - AM;1304401;AM;21650;Receitas Brutas Realizadas;1.6.0.0.13.00.00 - Serviços Administrativos;siconfi-cor_RO1.6.0.0.13.00.00;1330
Prefeitura Municipal de Urucurituba - AM;1304401;AM;21650;Receitas Brutas Realizadas;1.6.0.0.41.00.00 - Serviços de Captação, Adução, Tratamento, Reserva e Distribuição de Água;siconfi-cor_RO1.6.0.0.41.00.00;9120,73
Prefeitura Municipal de Urucurituba - AM;1304401;AM;21650;Receitas Brutas Realizadas;1.7.0.0.00.00.00 - Transferências Correntes;siconfi-cor_RO1.7.0.0.00.00.00;37675142,37
Prefeitura Municipal de Urucurituba - AM;1304401;AM;21650;Receitas Brutas Realizadas;1.7.2.0.00.00.00 - Transferências Intergovernamentais;siconfi-cor_RO1.7.2.0.00.00.00;37675142,37
Prefeitura Municipal de Urucurituba - AM;1304401;AM;21650;Receitas Brutas Realizadas;1.7.2.1.00.00.00 - Transferências da União;siconfi-cor_RO1.7.2.1.00.00.00;20651591,86
Prefeitura Municipal de Urucurituba - AM;1304401;AM;21650;Receitas Brutas Realizadas;1.7.2.1.01.00.00 - Participação na Receita da União;siconfi-cor_RO1.7.2.1.01.00.00;13752192,4
Prefeitura Municipal de Urucurituba - AM;1304401;AM;21650;Receitas Brutas Realizadas;1.7.2.1.01.02.00 - Cota-Parte do Fundo de Participação dos Municípios ¿ FPM;siconfi-cor_RO1.7.2.1.01.02.00;12612664,95
Prefeitura Municipal de Urucurituba - AM;1304401;AM;21650;Receitas Brutas Realizadas;1.7.2.1.01.03.00 - Cota-Parte do Fundo de Participação dos Municípios - 1% Cota Anual;siconfi-cor_RO1.7.2.1.01.03.00;559800,94
Prefeitura Municipal de Urucurituba - AM;1304401;AM;21650;Receitas Brutas Realizadas;1.7.2.1.01.04.00 - Cota-Parte do Fundo de Participação dos Municípios - 1% Cota entregue no mês de julho (67)(I);siconfi-cor_RO1.7.2.1.01.04.00;578860,71
Prefeitura Municipal de Urucurituba - AM;1304401;AM;21650;Receitas Brutas Realizadas;1.7.2.1.01.05.00 - Cota-Parte do Imposto Sobre a Propriedade Territorial Rural ¿ ITR;siconfi-cor_RO1.7.2.1.01.05.00;865,8
Prefeitura Municipal de Urucurituba - AM;1304401;AM;21650;Receitas Brutas Realizadas;1.7.2.1.22.00.00 - Transferências da Compensação Financeira pela Exploração de Recursos Naturais;siconfi-cor_RO1.7.2.1.22.00.00;230393,47
Prefeitura Municipal de Urucurituba - AM;1304401;AM;21650;Receitas Brutas Realizadas;1.7.2.1.22.40.00 - Cota-Parte Royalties pelo Excedente da Produção do Petróleo - Lei nº 9.478/97 artigo 49 I e II;siconfi-cor_RO1.7.2.1.22.40.00;83133,93
Prefeitura Municipal de Urucurituba - AM;1304401;AM;21650;Receitas Brutas Realizadas;1.7.2.1.22.70.00 - Cota-Parte do Fundo Especial do Petróleo ¿ FEP;siconfi-cor_RO1.7.2.1.22.70.00;147259,54
Prefeitura Municipal de Urucurituba - AM;1304401;AM;21650;Receitas Brutas Realizadas;1.7.2.1.33.00.00 - Transferências de Recursos do Sistema Único de Saúde - SUS - Repasses Fundo a Fundo;siconfi-cor_RO1.7.2.1.33.00.00;3837755,77
Prefeitura Municipal de Urucurituba - AM;1304401;AM;21650;Receitas Brutas Realizadas;1.7.2.1.34.00.00 - Transferências de Recursos do Fundo Nacional de Assistência Social ¿ FNAS;siconfi-cor_RO1.7.2.1.34.00.00;437201,11
Prefeitura Municipal de Urucurituba - AM;1304401;AM;21650;Receitas Brutas Realizadas;1.7.2.1.35.00.00 - Transferências de Recursos do Fundo Nacional do Desenvolvimento da Educação ¿ FNDE;siconfi-cor_RO1.7.2.1.35.00.00;2362755,68
Prefeitura Municipal de Urucurituba - AM;1304401;AM;21650;Receitas Brutas Realizadas;1.7.2.1.36.00.00 - Transferências Financeiras do ICMS ¿ Desoneração ¿ L.C. Nº 87/96;siconfi-cor_RO1.7.2.1.36.00.00;19001,04
Prefeitura Municipal de Urucurituba - AM;1304401;AM;21650;Receitas Brutas Realizadas;1.7.2.1.99.00.00 - Outras Transferências da União;siconfi-cor_RO1.7.2.1.99.00.00;12292,39
Prefeitura Municipal de Urucurituba - AM;1304401;AM;21650;Receitas Brutas Realizadas;1.7.2.2.00.00.00 - Transferências dos Estados;siconfi-cor_RO1.7.2.2.00.00.00;8362454,3
Prefeitura Municipal de Urucurituba - AM;1304401;AM;21650;Receitas Brutas Realizadas;1.7.2.2.01.00.00 - Participação na Receita dos Estados;siconfi-cor_RO1.7.2.2.01.00.00;8028075,14
Prefeitura Municipal de Urucurituba - AM;1304401;AM;21650;Receitas Brutas Realizadas;1.7.2.2.01.01.00 - Cota-Parte do ICMS;siconfi-cor_RO1.7.2.2.01.01.00;7926542,35
Prefeitura Municipal de Urucurituba - AM;1304401;AM;21650;Receitas Brutas Realizadas;1.7.2.2.01.02.00 - Cota-Parte do IPVA;siconfi-cor_RO1.7.2.2.01.02.00;14769,1
Prefeitura Municipal de Urucurituba - AM;1304401;AM;21650;Receitas Brutas Realizadas;1.7.2.2.01.04.00 - Cota-Parte do IPI - Municípios;siconfi-cor_RO1.7.2.2.01.04.00;31792,66
Prefeitura Municipal de Urucurituba - AM;1304401;AM;21650;Receitas Brutas Realizadas;1.7.2.2.01.13.00 - Cota-Parte da Contribuição de Intervenção no Domínio Econômico;siconfi-cor_RO1.7.2.2.01.13.00;54971,03
Prefeitura Municipal de Urucurituba - AM;1304401;AM;21650;Receitas Brutas Realizadas;1.7.2.2.22.00.00 - Transferências da Cota-Parte da Compensação Financeira (25%);siconfi-cor_RO1.7.2.2.22.00.00;85479,44
Prefeitura Municipal de Urucurituba - AM;1304401;AM;21650;Receitas Brutas Realizadas;1.7.2.2.22.30.00 - Cota-Parte Royalties - Compensação Financeira pela Produção de Petróleo - Lei nº 7.990/89 artigo 9º;siconfi-cor_RO1.7.2.2.22.30.00;85479,44
Prefeitura Municipal de Urucurituba - AM;1304401;AM;21650;Receitas Brutas Realizadas;1.7.2.2.33.00.00 - Transferências de Recursos do Estado para Programas de Saúde - Repasse Fundo a Fundo;siconfi-cor_RO1.7.2.2.33.00.00;248899,72
Prefeitura Municipal de Urucurituba - AM;1304401;AM;21650;Receitas Brutas Realizadas;1.7.2.4.00.00.00 - Transferências Multigovernamentais;siconfi-cor_RO1.7.2.4.00.00.00;8661096,21
Prefeitura Municipal de Urucurituba - AM;1304401;AM;21650;Receitas Brutas Realizadas;1.7.2.4.01.00.00 - Transferências de Recursos do Fundo de Manutenção e Desenvolvimento do Ensino Fundamental e de Valorização do Magistério - FUNDEB;siconfi-cor_RO1.7.2.4.01.00.00;6592529,76
Prefeitura Municipal de Urucurituba - AM;1304401;AM;21650;Receitas Brutas Realizadas;1.7.2.4.02.00.00 - Transferências de Recursos da Complementação ao Fundo de Manutenção e Desenvolvimento do Ensino Fundamental e de Valorização do Magistério - FUNDEB;siconfi-cor_RO1.7.2.4.02.00.00;2068566,45
Prefeitura Municipal de Urucurituba - AM;1304401;AM;21650;Receitas Brutas Realizadas;1.9.0.0.00.00.00 - Outras Receitas Correntes;siconfi-cor_RO1.9.0.0.00.00.00;1455835,65
Prefeitura Municipal de Urucurituba - AM;1304401;AM;21650;Receitas Brutas Realizadas;1.9.9.0.00.00.00 - Receitas Diversas;siconfi-cor_RO1.9.9.0.00.00.00;1455835,65
Prefeitura Municipal de Urucurituba - AM;1304401;AM;21650;Receitas Brutas Realizadas;1.9.9.0.99.00.00 - Outras Receitas;siconfi-cor_RO1.9.9.0.99.00.00;1455835,65
Prefeitura Municipal de Urucurituba - AM;1304401;AM;21650;Receitas Brutas Realizadas;2.0.0.0.00.00.00 - Receitas de Capital;siconfi-cor_RO2.0.0.0.00.00.00;740045,5
Prefeitura Municipal de Urucurituba - AM;1304401;AM;21650;Receitas Brutas Realizadas;2.4.0.0.00.00.00 - Transferências de Capital;siconfi-cor_RO2.4.0.0.00.00.00;740045,5
Prefeitura Municipal de Urucurituba - AM;1304401;AM;21650;Receitas Brutas Realizadas;2.4.7.0.00.00.00 - Transferências de Convênios;siconfi-cor_RO2.4.7.0.00.00.00;740045,5
Prefeitura Municipal de Urucurituba - AM;1304401;AM;21650;Receitas Brutas Realizadas;2.4.7.1.00.00.00 - Transferências de Convênios da União e de suas Entidades;siconfi-cor_RO2.4.7.1.00.00.00;740045,5
Prefeitura Municipal de Urucurituba - AM;1304401;AM;21650;Receitas Brutas Realizadas;2.4.7.1.01.00.00 - Transferências de Convênios da União para o Sistema Único de Saúde - SUS;siconfi-cor_RO2.4.7.1.01.00.00;325000
Prefeitura Municipal de Urucurituba - AM;1304401;AM;21650;Receitas Brutas Realizadas;2.4.7.1.02.00.00 - Transferências de Convênios da União Destinadas a Programas de Educação;siconfi-cor_RO2.4.7.1.02.00.00;81538,09
Prefeitura Municipal de Urucurituba - AM;1304401;AM;21650;Receitas Brutas Realizadas;2.4.7.1.99.00.00 - Outras Transferências de Convênios da União;siconfi-cor_RO2.4.7.1.99.00.00;333507,41
Prefeitura Municipal de Urucurituba - AM;1304401;AM;21650;Deduções - FUNDEB;Total Receitas;siconfi-cor_TotalReceitas;4120608,96
Prefeitura Municipal de Urucurituba - AM;1304401;AM;21650;Deduções - FUNDEB;1.0.0.0.00.00.00 - Receitas Correntes;siconfi-cor_RO1.0.0.0.00.00.00;4120608,96
Prefeitura Municipal de Urucurituba - AM;1304401;AM;21650;Deduções - FUNDEB;1.7.0.0.00.00.00 - Transferências Correntes;siconfi-cor_RO1.7.0.0.00.00.00;4120608,96
Prefeitura Municipal de Urucurituba - AM;1304401;AM;21650;Deduções - FUNDEB;1.7.2.0.00.00.00 - Transferências Intergovernamentais;siconfi-cor_RO1.7.2.0.00.00.00;4120608,96
Prefeitura Municipal de Urucurituba - AM;1304401;AM;21650;Deduções - FUNDEB;1.7.2.1.00.00.00 - Transferências da União;siconfi-cor_RO1.7.2.1.00.00.00;2526505,94
Prefeitura Municipal de Urucurituba - AM;1304401;AM;21650;Deduções - FUNDEB;1.7.2.1.01.00.00 - Participação na Receita da União;siconfi-cor_RO1.7.2.1.01.00.00;2522705,78
Prefeitura Municipal de Urucurituba - AM;1304401;AM;21650;Deduções - FUNDEB;1.7.2.1.01.02.00 - Cota-Parte do Fundo de Participação dos Municípios ¿ FPM;siconfi-cor_RO1.7.2.1.01.02.00;2522532,65
Prefeitura Municipal de Urucurituba - AM;1304401;AM;21650;Deduções - FUNDEB;1.7.2.1.01.05.00 - Cota-Parte do Imposto Sobre a Propriedade Territorial Rural ¿ ITR;siconfi-cor_RO1.7.2.1.01.05.00;173,13
Prefeitura Municipal de Urucurituba - AM;1304401;AM;21650;Deduções - FUNDEB;1.7.2.1.36.00.00 - Transferências Financeiras do ICMS ¿ Desoneração ¿ L.C. Nº 87/96;siconfi-cor_RO1.7.2.1.36.00.00;3800,16
Prefeitura Municipal de Urucurituba - AM;1304401;AM;21650;Deduções - FUNDEB;1.7.2.2.00.00.00 - Transferências dos Estados;siconfi-cor_RO1.7.2.2.00.00.00;1594103,02
Prefeitura Municipal de Urucurituba - AM;1304401;AM;21650;Deduções - FUNDEB;1.7.2.2.01.00.00 - Participação na Receita dos Estados;siconfi-cor_RO1.7.2.2.01.00.00;1594103,02
Prefeitura Municipal de Urucurituba - AM;1304401;AM;21650;Deduções - FUNDEB;1.7.2.2.01.01.00 - Cota-Parte do ICMS;siconfi-cor_RO1.7.2.2.01.01.00;1585232,66
Prefeitura Municipal de Urucurituba - AM;1304401;AM;21650;Deduções - FUNDEB;1.7.2.2.01.02.00 - Cota-Parte do IPVA;siconfi-cor_RO1.7.2.2.01.02.00;2979,87
Prefeitura Municipal de Urucurituba - AM;1304401;AM;21650;Deduções - FUNDEB;1.7.2.2.01.04.00 - Cota-Parte do IPI - Municípios;siconfi-cor_RO1.7.2.2.01.04.00;5890,49
Prefeitura Municipal de São Paulo de Olivença - AM;1303908;AM;37300;Receitas Brutas Realizadas;Total Receitas;siconfi-cor_TotalReceitas;70201479,94
Prefeitura Municipal de São Paulo de Olivença - AM;1303908;AM;37300;Receitas Brutas Realizadas;1.0.0.0.00.00.00 - Receitas Correntes;siconfi-cor_RO1.0.0.0.00.00.00;69762573,68
Prefeitura Municipal de São Paulo de Olivença - AM;1303908;AM;37300;Receitas Brutas Realizadas;1.1.0.0.00.00.00 - Receita Tributária;siconfi-cor_RO1.1.0.0.00.00.00;1272296,9
Prefeitura Municipal de São Paulo de Olivença - AM;1303908;AM;37300;Receitas Brutas Realizadas;1.1.1.0.00.00.00 - Impostos;siconfi-cor_RO1.1.1.0.00.00.00;1150337,96
Prefeitura Municipal de São Paulo de Olivença - AM;1303908;AM;37300;Receitas Brutas Realizadas;1.1.1.2.00.00.00 - Impostos sobre o Patrimônio e a Renda;siconfi-cor_RO1.1.1.2.00.00.00;711298,08
Prefeitura Municipal de São Paulo de Olivença - AM;1303908;AM;37300;Receitas Brutas Realizadas;1.1.1.2.02.00.00 - Imposto sobre a Propriedade Predial e Territorial Urbana ¿ IPTU;siconfi-cor_RO1.1.1.2.02.00.00;23342,57
Prefeitura Municipal de São Paulo de Olivença - AM;1303908;AM;37300;Receitas Brutas Realizadas;1.1.1.2.04.00.00 - Imposto sobre a Renda e Proventos de Qualquer Natureza ¿ IR;siconfi-cor_RO1.1.1.2.04.00.00;682394,71
Prefeitura Municipal de São Paulo de Olivença - AM;1303908;AM;37300;Receitas Brutas Realizadas;1.1.1.2.04.31.00 - Retido nas Fontes - Trabalho;siconfi-cor_RO1.1.1.2.04.31.00;663162,12
Prefeitura Municipal de São Paulo de Olivença - AM;1303908;AM;37300;Receitas Brutas Realizadas;1.1.1.2.04.34.00 - Retido nas Fontes - Outros Rendimentos;siconfi-cor_RO1.1.1.2.04.34.00;19232,59
Prefeitura Municipal de São Paulo de Olivença - AM;1303908;AM;37300;Receitas Brutas Realizadas;"1.1.1.2.08.00.00 - Imposto sobre Transmissão Inter Vivos"" de Bens Imóveis e de Direitos Reais sobre Imóveis ¿ ITBI""";siconfi-cor_RO1.1.1.2.08.00.00;5560,8
Prefeitura Municipal de São Paulo de Olivença - AM;1303908;AM;37300;Receitas Brutas Realizadas;1.1.1.3.00.00.00 - Impostos sobre a Produção e a Circulação;siconfi-cor_RO1.1.1.3.00.00.00;439039,88
Prefeitura Municipal de São Paulo de Olivença - AM;1303908;AM;37300;Receitas Brutas Realizadas;1.1.1.3.05.00.00 - Imposto sobre Serviços de Qualquer Natureza ¿ ISSQN;siconfi-cor_RO1.1.1.3.05.00.00;439039,88
Prefeitura Municipal de São Paulo de Olivença - AM;1303908;AM;37300;Receitas Brutas Realizadas;1.1.2.0.00.00.00 - Taxas;siconfi-cor_RO1.1.2.0.00.00.00;23843,23
Prefeitura Municipal de São Paulo de Olivença - AM;1303908;AM;37300;Receitas Brutas Realizadas;1.1.2.1.00.00.00 - Taxas pelo Exercício do Poder de Polícia;siconfi-cor_RO1.1.2.1.00.00.00;18202,91
Prefeitura Municipal de São Paulo de Olivença - AM;1303908;AM;37300;Receitas Brutas Realizadas;1.1.2.2.00.00.00 - Taxas pela Prestação de Serviços;siconfi-cor_RO1.1.2.2.00.00.00;5640,32
Prefeitura Municipal de São Paulo de Olivença - AM;1303908;AM;37300;Receitas Brutas Realizadas;1.1.2.2.99.00.00 - Outras Taxas pela Prestação de Serviços;siconfi-cor_RO1.1.2.2.99.00.00;5640,32
Prefeitura Municipal de São Paulo de Olivença - AM;1303908;AM;37300;Receitas Brutas Realizadas;1.1.3.0.00.00.00 - Contribuição de Melhoria;siconfi-cor_RO1.1.3.0.00.00.00;98115,71
Prefeitura Municipal de São Paulo de Olivença - AM;1303908;AM;37300;Receitas Brutas Realizadas;1.1.3.0.02.00.00 - Contribuição de Melhoria para Expansão da Rede de Iluminação Pública na Cidade;siconfi-cor_RO1.1.3.0.02.00.00;98115,71
Prefeitura Municipal de São Paulo de Olivença - AM;1303908;AM;37300;Receitas Brutas Realizadas;1.3.0.0.00.00.00 - Receita Patrimonial;siconfi-cor_RO1.3.0.0.00.00.00;342110,9
Prefeitura Municipal de São Paulo de Olivença - AM;1303908;AM;37300;Receitas Brutas Realizadas;1.3.2.0.00.00.00 - Receitas de Valores Mobiliários;siconfi-cor_RO1.3.2.0.00.00.00;342110,9
Prefeitura Municipal de São Paulo de Olivença - AM;1303908;AM;37300;Receitas Brutas Realizadas;1.3.2.5.00.00.00 - Remuneração de Depósitos Bancários;siconfi-cor_RO1.3.2.5.00.00.00;342110,9
Prefeitura Municipal de São Paulo de Olivença - AM;1303908;AM;37300;Receitas Brutas Realizadas;1.6.0.0.00.00.00 - Receita de Serviços;siconfi-cor_RO1.6.0.0.00.00.00;2800
Prefeitura Municipal de São Paulo de Olivença - AM;1303908;AM;37300;Receitas Brutas Realizadas;1.6.0.0.13.00.00 - Serviços Administrativos;siconfi-cor_RO1.6.0.0.13.00.00;2800
Prefeitura Municipal de São Paulo de Olivença - AM;1303908;AM;37300;Receitas Brutas Realizadas;1.7.0.0.00.00.00 - Transferências Correntes;siconfi-cor_RO1.7.0.0.00.00.00;68138035,01
Prefeitura Municipal de São Paulo de Olivença - AM;1303908;AM;37300;Receitas Brutas Realizadas;1.7.2.0.00.00.00 - Transferências Intergovernamentais;siconfi-cor_RO1.7.2.0.00.00.00;68138035,01
Prefeitura Municipal de São Paulo de Olivença - AM;1303908;AM;37300;Receitas Brutas Realizadas;1.7.2.1.00.00.00 - Transferências da União;siconfi-cor_RO1.7.2.1.00.00.00;29542225,63
Prefeitura Municipal de São Paulo de Olivença - AM;1303908;AM;37300;Receitas Brutas Realizadas;1.7.2.1.01.00.00 - Participação na Receita da União;siconfi-cor_RO1.7.2.1.01.00.00;20629801,1
Prefeitura Municipal de São Paulo de Olivença - AM;1303908;AM;37300;Receitas Brutas Realizadas;1.7.2.1.01.02.00 - Cota-Parte do Fundo de Participação dos Municípios ¿ FPM;siconfi-cor_RO1.7.2.1.01.02.00;18918997,44
Prefeitura Municipal de São Paulo de Olivença - AM;1303908;AM;37300;Receitas Brutas Realizadas;1.7.2.1.01.03.00 - Cota-Parte do Fundo de Participação dos Municípios - 1% Cota Anual;siconfi-cor_RO1.7.2.1.01.03.00;839701,42
Prefeitura Municipal de São Paulo de Olivença - AM;1303908;AM;37300;Receitas Brutas Realizadas;1.7.2.1.01.04.00 - Cota-Parte do Fundo de Participação dos Municípios - 1% Cota entregue no mês de julho (67)(I);siconfi-cor_RO1.7.2.1.01.04.00;868291,08
Prefeitura Municipal de São Paulo de Olivença - AM;1303908;AM;37300;Receitas Brutas Realizadas;1.7.2.1.01.05.00 - Cota-Parte do Imposto Sobre a Propriedade Territorial Rural ¿ ITR;siconfi-cor_RO1.7.2.1.01.05.00;2811,16
Prefeitura Municipal de São Paulo de Olivença - AM;1303908;AM;37300;Receitas Brutas Realizadas;1.7.2.1.22.00.00 - Transferências da Compensação Financeira pela Exploração de Recursos Naturais;siconfi-cor_RO1.7.2.1.22.00.00;196346,06
Prefeitura Municipal de São Paulo de Olivença - AM;1303908;AM;37300;Receitas Brutas Realizadas;1.7.2.1.22.70.00 - Cota-Parte do Fundo Especial do Petróleo ¿ FEP;siconfi-cor_RO1.7.2.1.22.70.00;196346,06
Prefeitura Municipal de São Paulo de Olivença - AM;1303908;AM;37300;Receitas Brutas Realizadas;1.7.2.1.33.00.00 - Transferências de Recursos do Sistema Único de Saúde - SUS - Repasses Fundo a Fundo;siconfi-cor_RO1.7.2.1.33.00.00;5847243,6
Prefeitura Municipal de São Paulo de Olivença - AM;1303908;AM;37300;Receitas Brutas Realizadas;1.7.2.1.34.00.00 - Transferências de Recursos do Fundo Nacional de Assistência Social ¿ FNAS;siconfi-cor_RO1.7.2.1.34.00.00;570800,02
Prefeitura Municipal de São Paulo de Olivença - AM;1303908;AM;37300;Receitas Brutas Realizadas;1.7.2.1.35.00.00 - Transferências de Recursos do Fundo Nacional do Desenvolvimento da Educação ¿ FNDE;siconfi-cor_RO1.7.2.1.35.00.00;2265851,28
Prefeitura Municipal de São Paulo de Olivença - AM;1303908;AM;37300;Receitas Brutas Realizadas;1.7.2.1.36.00.00 - Transferências Financeiras do ICMS ¿ Desoneração ¿ L.C. Nº 87/96;siconfi-cor_RO1.7.2.1.36.00.00;19541,52
Prefeitura Municipal de São Paulo de Olivença - AM;1303908;AM;37300;Receitas Brutas Realizadas;1.7.2.1.99.00.00 - Outras Transferências da União;siconfi-cor_RO1.7.2.1.99.00.00;12642,05
Prefeitura Municipal de São Paulo de Olivença - AM;1303908;AM;37300;Receitas Brutas Realizadas;1.7.2.2.00.00.00 - Transferências dos Estados;siconfi-cor_RO1.7.2.2.00.00.00;8634018,67
Prefeitura Municipal de São Paulo de Olivença - AM;1303908;AM;37300;Receitas Brutas Realizadas;1.7.2.2.01.00.00 - Participação na Receita dos Estados;siconfi-cor_RO1.7.2.2.01.00.00;8277758,23
Prefeitura Municipal de São Paulo de Olivença - AM;1303908;AM;37300;Receitas Brutas Realizadas;1.7.2.2.01.01.00 - Cota-Parte do ICMS;siconfi-cor_RO1.7.2.2.01.01.00;8151526,37
Prefeitura Municipal de São Paulo de Olivença - AM;1303908;AM;37300;Receitas Brutas Realizadas;1.7.2.2.01.02.00 - Cota-Parte do IPVA;siconfi-cor_RO1.7.2.2.01.02.00;13643,9
Prefeitura Municipal de São Paulo de Olivença - AM;1303908;AM;37300;Receitas Brutas Realizadas;1.7.2.2.01.04.00 - Cota-Parte do IPI - Municípios;siconfi-cor_RO1.7.2.2.01.04.00;32696,96
Prefeitura Municipal de São Paulo de Olivença - AM;1303908;AM;37300;Receitas Brutas Realizadas;1.7.2.2.01.13.00 - Cota-Parte da Contribuição de Intervenção no Domínio Econômico;siconfi-cor_RO1.7.2.2.01.13.00;79891
Prefeitura Municipal de São Paulo de Olivença - AM;1303908;AM;37300;Receitas Brutas Realizadas;1.7.2.2.22.00.00 - Transferências da Cota-Parte da Compensação Financeira (25%);siconfi-cor_RO1.7.2.2.22.00.00;87910,86
Prefeitura Municipal de São Paulo de Olivença - AM;1303908;AM;37300;Receitas Brutas Realizadas;1.7.2.2.22.30.00 - Cota-Parte Royalties - Compensação Financeira pela Produção de Petróleo - Lei nº 7.990/89 artigo 9º;siconfi-cor_RO1.7.2.2.22.30.00;87910,86
Prefeitura Municipal de São Paulo de Olivença - AM;1303908;AM;37300;Receitas Brutas Realizadas;1.7.2.2.33.00.00 - Transferências de Recursos do Estado para Programas de Saúde - Repasse Fundo a Fundo;siconfi-cor_RO1.7.2.2.33.00.00;268349,58
Prefeitura Municipal de São Paulo de Olivença - AM;1303908;AM;37300;Receitas Brutas Realizadas;1.7.2.4.00.00.00 - Transferências Multigovernamentais;siconfi-cor_RO1.7.2.4.00.00.00;29961790,71
Prefeitura Municipal de São Paulo de Olivença - AM;1303908;AM;37300;Receitas Brutas Realizadas;1.7.2.4.01.00.00 - Transferências de Recursos do Fundo de Manutenção e Desenvolvimento do Ensino Fundamental e de Valorização do Magistério - FUNDEB;siconfi-cor_RO1.7.2.4.01.00.00;22807760,57
Prefeitura Municipal de São Paulo de Olivença - AM;1303908;AM;37300;Receitas Brutas Realizadas;1.7.2.4.02.00.00 - Transferências de Recursos da Complementação ao Fundo de Manutenção e Desenvolvimento do Ensino Fundamental e de Valorização do Magistério - FUNDEB;siconfi-cor_RO1.7.2.4.02.00.00;7154030,14
Prefeitura Municipal de São Paulo de Olivença - AM;1303908;AM;37300;Receitas Brutas Realizadas;1.9.0.0.00.00.00 - Outras Receitas Correntes;siconfi-cor_RO1.9.0.0.00.00.00;7330,87
Prefeitura Municipal de São Paulo de Olivença - AM;1303908;AM;37300;Receitas Brutas Realizadas;1.9.2.0.00.00.00 - Indenizações e Restituições;siconfi-cor_RO1.9.2.0.00.00.00;84,2
Prefeitura Municipal de São Paulo de Olivença - AM;1303908;AM;37300;Receitas Brutas Realizadas;1.9.2.2.00.00.00 - Restituições;siconfi-cor_RO1.9.2.2.00.00.00;84,2
Prefeitura Municipal de São Paulo de Olivença - AM;1303908;AM;37300;Receitas Brutas Realizadas;1.9.2.2.99.00.00 - Outras Restituições;siconfi-cor_RO1.9.2.2.99.00.00;84,2
Prefeitura Municipal de São Paulo de Olivença - AM;1303908;AM;37300;Receitas Brutas Realizadas;1.9.9.0.00.00.00 - Receitas Diversas;siconfi-cor_RO1.9.9.0.00.00.00;7246,67
Prefeitura Municipal de São Paulo de Olivença - AM;1303908;AM;37300;Receitas Brutas Realizadas;1.9.9.0.99.00.00 - Outras Receitas;siconfi-cor_RO1.9.9.0.99.00.00;7246,67
Prefeitura Municipal de São Paulo de Olivença - AM;1303908;AM;37300;Receitas Brutas Realizadas;2.0.0.0.00.00.00 - Receitas de Capital;siconfi-cor_RO2.0.0.0.00.00.00;438906,26
Prefeitura Municipal de São Paulo de Olivença - AM;1303908;AM;37300;Receitas Brutas Realizadas;2.4.0.0.00.00.00 - Transferências de Capital;siconfi-cor_RO2.4.0.0.00.00.00;438906,26
Prefeitura Municipal de São Paulo de Olivença - AM;1303908;AM;37300;Receitas Brutas Realizadas;2.4.2.0.00.00.00 - Transferências Intergovernamentais;siconfi-cor_RO2.4.2.0.00.00.00;438906,26
Prefeitura Municipal de São Paulo de Olivença - AM;1303908;AM;37300;Receitas Brutas Realizadas;2.4.2.1.00.00.00 - Transferências da União;siconfi-cor_RO2.4.2.1.00.00.00;387555,87
Prefeitura Municipal de São Paulo de Olivença - AM;1303908;AM;37300;Receitas Brutas Realizadas;2.4.2.1.02.00.00 - Transferências de Recursos Destinados a Programas de Educação;siconfi-cor_RO2.4.2.1.02.00.00;387555,87
Prefeitura Municipal de São Paulo de Olivença - AM;1303908;AM;37300;Receitas Brutas Realizadas;2.4.2.2.00.00.00 - Transferências dos Estados;siconfi-cor_RO2.4.2.2.00.00.00;51350,39
Prefeitura Municipal de São Paulo de Olivença - AM;1303908;AM;37300;Receitas Brutas Realizadas;2.4.2.2.02.00.00 - Transferências de Recursos Destinados a Programas de Educação;siconfi-cor_RO2.4.2.2.02.00.00;51350,39
Prefeitura Municipal de São Paulo de Olivença - AM;1303908;AM;37300;Outras Deduções da Receita;Total Receitas;siconfi-cor_TotalReceitas;5428242,81
Prefeitura Municipal de São Paulo de Olivença - AM;1303908;AM;37300;Outras Deduções da Receita;1.0.0.0.00.00.00 - Receitas Correntes;siconfi-cor_RO1.0.0.0.00.00.00;5428242,81
Prefeitura Municipal de São Paulo de Olivença - AM;1303908;AM;37300;Outras Deduções da Receita;1.7.0.0.00.00.00 - Transferências Correntes;siconfi-cor_RO1.7.0.0.00.00.00;5428242,81
Prefeitura Municipal de São Paulo de Olivença - AM;1303908;AM;37300;Outras Deduções da Receita;1.7.2.0.00.00.00 - Transferências Intergovernamentais;siconfi-cor_RO1.7.2.0.00.00.00;5428242,81
Prefeitura Municipal de São Paulo de Olivença - AM;1303908;AM;37300;Outras Deduções da Receita;1.7.2.1.00.00.00 - Transferências da União;siconfi-cor_RO1.7.2.1.00.00.00;3788269,57
Prefeitura Municipal de São Paulo de Olivença - AM;1303908;AM;37300;Outras Deduções da Receita;1.7.2.1.01.00.00 - Participação na Receita da União;siconfi-cor_RO1.7.2.1.01.00.00;3784361,29
Prefeitura Municipal de São Paulo de Olivença - AM;1303908;AM;37300;Outras Deduções da Receita;1.7.2.1.01.02.00 - Cota-Parte do Fundo de Participação dos Municípios ¿ FPM;siconfi-cor_RO1.7.2.1.01.02.00;3783799,11
Prefeitura Municipal de São Paulo de Olivença - AM;1303908;AM;37300;Outras Deduções da Receita;1.7.2.1.01.05.00 - Cota-Parte do Imposto Sobre a Propriedade Territorial Rural ¿ ITR;siconfi-cor_RO1.7.2.1.01.05.00;562,18
Prefeitura Municipal de São Paulo de Olivença - AM;1303908;AM;37300;Outras Deduções da Receita;1.7.2.1.36.00.00 - Transferências Financeiras do ICMS ¿ Desoneração ¿ L.C. Nº 87/96;siconfi-cor_RO1.7.2.1.36.00.00;3908,28
Prefeitura Municipal de São Paulo de Olivença - AM;1303908;AM;37300;Outras Deduções da Receita;1.7.2.2.00.00.00 - Transferências dos Estados;siconfi-cor_RO1.7.2.2.00.00.00;1639973,24
Prefeitura Municipal de São Paulo de Olivença - AM;1303908;AM;37300;Outras Deduções da Receita;1.7.2.2.01.00.00 - Participação na Receita dos Estados;siconfi-cor_RO1.7.2.2.01.00.00;1639973,24
Prefeitura Municipal de São Paulo de Olivença - AM;1303908;AM;37300;Outras Deduções da Receita;1.7.2.2.01.01.00 - Cota-Parte do ICMS;siconfi-cor_RO1.7.2.2.01.01.00;1630705,28
Prefeitura Municipal de São Paulo de Olivença - AM;1303908;AM;37300;Outras Deduções da Receita;1.7.2.2.01.02.00 - Cota-Parte do IPVA;siconfi-cor_RO1.7.2.2.01.02.00;2728,59
Prefeitura Municipal de São Paulo de Olivença - AM;1303908;AM;37300;Outras Deduções da Receita;1.7.2.2.01.04.00 - Cota-Parte do IPI - Municípios;siconfi-cor_RO1.7.2.2.01.04.00;6539,37
Prefeitura Municipal de Barreirinha - AM;1300508;AM;31105;Receitas Brutas Realizadas;Total Receitas;siconfi-cor_TotalReceitas;73846539,05
Prefeitura Municipal de Barreirinha - AM;1300508;AM;31105;Receitas Brutas Realizadas;1.0.0.0.00.00.00 - Receitas Correntes;siconfi-cor_RO1.0.0.0.00.00.00;73129834,66
Prefeitura Municipal de Barreirinha - AM;1300508;AM;31105;Receitas Brutas Realizadas;1.1.0.0.00.00.00 - Receita Tributária;siconfi-cor_RO1.1.0.0.00.00.00;1013934,92
Prefeitura Municipal de Barreirinha - AM;1300508;AM;31105;Receitas Brutas Realizadas;1.1.1.0.00.00.00 - Impostos;siconfi-cor_RO1.1.1.0.00.00.00;974607,09
Prefeitura Municipal de Barreirinha - AM;1300508;AM;31105;Receitas Brutas Realizadas;1.1.1.2.00.00.00 - Impostos sobre o Patrimônio e a Renda;siconfi-cor_RO1.1.1.2.00.00.00;706915,76
Prefeitura Municipal de Barreirinha - AM;1300508;AM;31105;Receitas Brutas Realizadas;1.1.1.2.02.00.00 - Imposto sobre a Propriedade Predial e Territorial Urbana ¿ IPTU;siconfi-cor_RO1.1.1.2.02.00.00;2258,21
Prefeitura Municipal de Barreirinha - AM;1300508;AM;31105;Receitas Brutas Realizadas;1.1.1.2.04.00.00 - Imposto sobre a Renda e Proventos de Qualquer Natureza ¿ IR;siconfi-cor_RO1.1.1.2.04.00.00;704376,45
Prefeitura Municipal de Barreirinha - AM;1300508;AM;31105;Receitas Brutas Realizadas;1.1.1.2.04.31.00 - Retido nas Fontes - Trabalho;siconfi-cor_RO1.1.1.2.04.31.00;648907,01
Prefeitura Municipal de Barreirinha - AM;1300508;AM;31105;Receitas Brutas Realizadas;1.1.1.2.04.34.00 - Retido nas Fontes - Outros Rendimentos;siconfi-cor_RO1.1.1.2.04.34.00;55469,44
Prefeitura Municipal de Barreirinha - AM;1300508;AM;31105;Receitas Brutas Realizadas;"1.1.1.2.08.00.00 - Imposto sobre Transmissão Inter Vivos"" de Bens Imóveis e de Direitos Reais sobre Imóveis ¿ ITBI""";siconfi-cor_RO1.1.1.2.08.00.00;281,1
Prefeitura Municipal de Barreirinha - AM;1300508;AM;31105;Receitas Brutas Realizadas;1.1.1.3.00.00.00 - Impostos sobre a Produção e a Circulação;siconfi-cor_RO1.1.1.3.00.00.00;267691,33
Prefeitura Municipal de Barreirinha - AM;1300508;AM;31105;Receitas Brutas Realizadas;1.1.1.3.05.00.00 - Imposto sobre Serviços de Qualquer Natureza ¿ ISSQN;siconfi-cor_RO1.1.1.3.05.00.00;267691,33
Prefeitura Municipal de Barreirinha - AM;1300508;AM;31105;Receitas Brutas Realizadas;1.1.2.0.00.00.00 - Taxas;siconfi-cor_RO1.1.2.0.00.00.00;39327,83
Prefeitura Municipal de Barreirinha - AM;1300508;AM;31105;Receitas Brutas Realizadas;1.1.2.1.00.00.00 - Taxas pelo Exercício do Poder de Polícia;siconfi-cor_RO1.1.2.1.00.00.00;24915,75
Prefeitura Municipal de Barreirinha - AM;1300508;AM;31105;Receitas Brutas Realizadas;1.1.2.2.00.00.00 - Taxas pela Prestação de Serviços;siconfi-cor_RO1.1.2.2.00.00.00;14412,08
Prefeitura Municipal de Barreirinha - AM;1300508;AM;31105;Receitas Brutas Realizadas;1.1.2.2.90.00.00 - Taxa de Limpeza Pública;siconfi-cor_RO1.1.2.2.90.00.00;105
Prefeitura Municipal de Barreirinha - AM;1300508;AM;31105;Receitas Brutas Realizadas;1.1.2.2.99.00.00 - Outras Taxas pela Prestação de Serviços;siconfi-cor_RO1.1.2.2.99.00.00;14307,08
Prefeitura Municipal de Barreirinha - AM;1300508;AM;31105;Receitas Brutas Realizadas;1.2.0.0.00.00.00 - Receitas de Contribuições;siconfi-cor_RO1.2.0.0.00.00.00;2900495,27
Prefeitura Municipal de Barreirinha - AM;1300508;AM;31105;Receitas Brutas Realizadas;1.2.1.0.00.00.00 - Contribuições Sociais;siconfi-cor_RO1.2.1.0.00.00.00;2449664,66
Prefeitura Municipal de Barreirinha - AM;1300508;AM;31105;Receitas Brutas Realizadas;1.2.1.0.29.00.00 - Contribuições para o Regime Próprio de Previdência do Servidor Público;siconfi-cor_RO1.2.1.0.29.00.00;2449664,66
Prefeitura Municipal de Barreirinha - AM;1300508;AM;31105;Receitas Brutas Realizadas;1.2.1.0.29.01.00 - Contribuição Patronal de Servidor Ativo Civil para o Regime Próprio;siconfi-cor_RO1.2.1.0.29.01.00;1332610,09
Prefeitura Municipal de Barreirinha - AM;1300508;AM;31105;Receitas Brutas Realizadas;1.2.1.0.29.07.00 - Contribuição do Servidor Ativo Civil para o Regime Próprio;siconfi-cor_RO1.2.1.0.29.07.00;1079690,19
Prefeitura Municipal de Barreirinha - AM;1300508;AM;31105;Receitas Brutas Realizadas;1.2.1.0.29.15.00 - Contribuição Previdenciária em Regime de Parcelamento de Débitos;siconfi-cor_RO1.2.1.0.29.15.00;37364,38
Prefeitura Municipal de Barreirinha - AM;1300508;AM;31105;Receitas Brutas Realizadas;1.2.3.0.00.00.00 - Contribuição para Custeio do Serviço de Iluminação Pública;siconfi-cor_RO1.2.3.0.00.00.00;450830,61
Prefeitura Municipal de Barreirinha - AM;1300508;AM;31105;Receitas Brutas Realizadas;1.3.0.0.00.00.00 - Receita Patrimonial;siconfi-cor_RO1.3.0.0.00.00.00;1352346,05
Prefeitura Municipal de Barreirinha - AM;1300508;AM;31105;Receitas Brutas Realizadas;1.3.2.0.00.00.00 - Receitas de Valores Mobiliários;siconfi-cor_RO1.3.2.0.00.00.00;1352346,05
Prefeitura Municipal de Barreirinha - AM;1300508;AM;31105;Receitas Brutas Realizadas;1.3.2.5.00.00.00 - Remuneração de Depósitos Bancários;siconfi-cor_RO1.3.2.5.00.00.00;476798,96
Prefeitura Municipal de Barreirinha - AM;1300508;AM;31105;Receitas Brutas Realizadas;1.3.2.8.00.00.00 - Remuneração dos Investimentos do Regime Próprio de Previdência do Servidor;siconfi-cor_RO1.3.2.8.00.00.00;875547,09
Prefeitura Municipal de Barreirinha - AM;1300508;AM;31105;Receitas Brutas Realizadas;1.6.0.0.00.00.00 - Receita de Serviços;siconfi-cor_RO1.6.0.0.00.00.00;378695,21
Prefeitura Municipal de Barreirinha - AM;1300508;AM;31105;Receitas Brutas Realizadas;1.6.0.0.13.00.00 - Serviços Administrativos;siconfi-cor_RO1.6.0.0.13.00.00;650
Prefeitura Municipal de Barreirinha - AM;1300508;AM;31105;Receitas Brutas Realizadas;1.6.0.0.41.00.00 - Serviços de Captação, Adução, Tratamento, Reserva e Distribuição de Água;siconfi-cor_RO1.6.0.0.41.00.00;378045,21
Prefeitura Municipal de Barreirinha - AM;1300508;AM;31105;Receitas Brutas Realizadas;1.7.0.0.00.00.00 - Transferências Correntes;siconfi-cor_RO1.7.0.0.00.00.00;67377012,58
Prefeitura Municipal de Barreirinha - AM;1300508;AM;31105;Receitas Brutas Realizadas;1.7.2.0.00.00.00 - Transferências Intergovernamentais;siconfi-cor_RO1.7.2.0.00.00.00;67377012,58
Prefeitura Municipal de Barreirinha - AM;1300508;AM;31105;Receitas Brutas Realizadas;1.7.2.1.00.00.00 - Transferências da União;siconfi-cor_RO1.7.2.1.00.00.00;25872960,28
Prefeitura Municipal de Barreirinha - AM;1300508;AM;31105;Receitas Brutas Realizadas;1.7.2.1.01.00.00 - Participação na Receita da União;siconfi-cor_RO1.7.2.1.01.00.00;18954499,42
Prefeitura Municipal de Barreirinha - AM;1300508;AM;31105;Receitas Brutas Realizadas;1.7.2.1.01.02.00 - Cota-Parte do Fundo de Participação dos Municípios ¿ FPM;siconfi-cor_RO1.7.2.1.01.02.00;18950883,77
Prefeitura Municipal de Barreirinha - AM;1300508;AM;31105;Receitas Brutas Realizadas;1.7.2.1.01.05.00 - Cota-Parte do Imposto Sobre a Propriedade Territorial Rural ¿ ITR;siconfi-cor_RO1.7.2.1.01.05.00;3615,65
Prefeitura Municipal de Barreirinha - AM;1300508;AM;31105;Receitas Brutas Realizadas;1.7.2.1.22.00.00 - Transferências da Compensação Financeira pela Exploração de Recursos Naturais;siconfi-cor_RO1.7.2.1.22.00.00;283681,62
Prefeitura Municipal de Barreirinha - AM;1300508;AM;31105;Receitas Brutas Realizadas;1.7.2.1.22.40.00 - Cota-Parte Royalties pelo Excedente da Produção do Petróleo - Lei nº 9.478/97 artigo 49 I e II;siconfi-cor_RO1.7.2.1.22.40.00;87428,32
Prefeitura Municipal de Barreirinha - AM;1300508;AM;31105;Receitas Brutas Realizadas;1.7.2.1.22.70.00 - Cota-Parte do Fundo Especial do Petróleo ¿ FEP;siconfi-cor_RO1.7.2.1.22.70.00;196253,3
Prefeitura Municipal de Barreirinha - AM;1300508;AM;31105;Receitas Brutas Realizadas;1.7.2.1.33.00.00 - Transferências de Recursos do Sistema Único de Saúde - SUS - Repasses Fundo a Fundo;siconfi-cor_RO1.7.2.1.33.00.00;3747415,23
Prefeitura Municipal de Barreirinha - AM;1300508;AM;31105;Receitas Brutas Realizadas;1.7.2.1.34.00.00 - Transferências de Recursos do Fundo Nacional de Assistência Social ¿ FNAS;siconfi-cor_RO1.7.2.1.34.00.00;946185,47
Prefeitura Municipal de Barreirinha - AM;1300508;AM;31105;Receitas Brutas Realizadas;1.7.2.1.35.00.00 - Transferências de Recursos do Fundo Nacional do Desenvolvimento da Educação ¿ FNDE;siconfi-cor_RO1.7.2.1.35.00.00;1908873,62
Prefeitura Municipal de Barreirinha - AM;1300508;AM;31105;Receitas Brutas Realizadas;1.7.2.1.36.00.00 - Transferências Financeiras do ICMS ¿ Desoneração ¿ L.C. Nº 87/96;siconfi-cor_RO1.7.2.1.36.00.00;19615,2
Prefeitura Municipal de Barreirinha - AM;1300508;AM;31105;Receitas Brutas Realizadas;1.7.2.1.99.00.00 - Outras Transferências da União;siconfi-cor_RO1.7.2.1.99.00.00;12689,72
Prefeitura Municipal de Barreirinha - AM;1300508;AM;31105;Receitas Brutas Realizadas;1.7.2.2.00.00.00 - Transferências dos Estados;siconfi-cor_RO1.7.2.2.00.00.00;8475632,11
Prefeitura Municipal de Barreirinha - AM;1300508;AM;31105;Receitas Brutas Realizadas;1.7.2.2.01.00.00 - Participação na Receita dos Estados;siconfi-cor_RO1.7.2.2.01.00.00;8312282,53
Prefeitura Municipal de Barreirinha - AM;1300508;AM;31105;Receitas Brutas Realizadas;1.7.2.2.01.01.00 - Cota-Parte do ICMS;siconfi-cor_RO1.7.2.2.01.01.00;8182270,07
Prefeitura Municipal de Barreirinha - AM;1300508;AM;31105;Receitas Brutas Realizadas;1.7.2.2.01.02.00 - Cota-Parte do IPVA;siconfi-cor_RO1.7.2.2.01.02.00;22517,21
Prefeitura Municipal de Barreirinha - AM;1300508;AM;31105;Receitas Brutas Realizadas;1.7.2.2.01.04.00 - Cota-Parte do IPI - Municípios;siconfi-cor_RO1.7.2.2.01.04.00;32396,86
Prefeitura Municipal de Barreirinha - AM;1300508;AM;31105;Receitas Brutas Realizadas;1.7.2.2.01.13.00 - Cota-Parte da Contribuição de Intervenção no Domínio Econômico;siconfi-cor_RO1.7.2.2.01.13.00;75098,39
Prefeitura Municipal de Barreirinha - AM;1300508;AM;31105;Receitas Brutas Realizadas;1.7.2.2.33.00.00 - Transferências de Recursos do Estado para Programas de Saúde - Repasse Fundo a Fundo;siconfi-cor_RO1.7.2.2.33.00.00;163349,58
Prefeitura Municipal de Barreirinha - AM;1300508;AM;31105;Receitas Brutas Realizadas;1.7.2.3.00.00.00 - Transferências dos Municípios;siconfi-cor_RO1.7.2.3.00.00.00;38000
Prefeitura Municipal de Barreirinha - AM;1300508;AM;31105;Receitas Brutas Realizadas;1.7.2.3.99.00.00 - Outras Transferências dos Municípios;siconfi-cor_RO1.7.2.3.99.00.00;38000
Prefeitura Municipal de Barreirinha - AM;1300508;AM;31105;Receitas Brutas Realizadas;1.7.2.4.00.00.00 - Transferências Multigovernamentais;siconfi-cor_RO1.7.2.4.00.00.00;32990420,19
Prefeitura Municipal de Barreirinha - AM;1300508;AM;31105;Receitas Brutas Realizadas;1.7.2.4.01.00.00 - Transferências de Recursos do Fundo de Manutenção e Desenvolvimento do Ensino Fundamental e de Valorização do Magistério - FUNDEB;siconfi-cor_RO1.7.2.4.01.00.00;25504210,59
Prefeitura Municipal de Barreirinha - AM;1300508;AM;31105;Receitas Brutas Realizadas;1.7.2.4.02.00.00 - Transferências de Recursos da Complementação ao Fundo de Manutenção e Desenvolvimento do Ensino Fundamental e de Valorização do Magistério - FUNDEB;siconfi-cor_RO1.7.2.4.02.00.00;7486209,6
Prefeitura Municipal de Barreirinha - AM;1300508;AM;31105;Receitas Brutas Realizadas;1.9.0.0.00.00.00 - Outras Receitas Correntes;siconfi-cor_RO1.9.0.0.00.00.00;107350,63
Prefeitura Municipal de Barreirinha - AM;1300508;AM;31105;Receitas Brutas Realizadas;1.9.1.0.00.00.00 - Multas e Juros de Mora;siconfi-cor_RO1.9.1.0.00.00.00;3210,26
Prefeitura Municipal de Barreirinha - AM;1300508;AM;31105;Receitas Brutas Realizadas;1.9.1.9.00.00.00 - Multas de Outras Origens;siconfi-cor_RO1.9.1.9.00.00.00;3210,26
Prefeitura Municipal de Barreirinha - AM;1300508;AM;31105;Receitas Brutas Realizadas;1.9.9.0.00.00.00 - Receitas Diversas;siconfi-cor_RO1.9.9.0.00.00.00;104140,37
Prefeitura Municipal de Barreirinha - AM;1300508;AM;31105;Receitas Brutas Realizadas;1.9.9.0.99.00.00 - Outras Receitas;siconfi-cor_RO1.9.9.0.99.00.00;104140,37
Prefeitura Municipal de Barreirinha - AM;1300508;AM;31105;Receitas Brutas Realizadas;2.0.0.0.00.00.00 - Receitas de Capital;siconfi-cor_RO2.0.0.0.00.00.00;307200
Prefeitura Municipal de Barreirinha - AM;1300508;AM;31105;Receitas Brutas Realizadas;2.4.0.0.00.00.00 - Transferências de Capital;siconfi-cor_RO2.4.0.0.00.00.00;307200
Prefeitura Municipal de Barreirinha - AM;1300508;AM;31105;Receitas Brutas Realizadas;2.4.2.0.00.00.00 - Transferências Intergovernamentais;siconfi-cor_RO2.4.2.0.00.00.00;307200
Prefeitura Municipal de Barreirinha - AM;1300508;AM;31105;Receitas Brutas Realizadas;2.4.2.1.00.00.00 - Transferências da União;siconfi-cor_RO2.4.2.1.00.00.00;307200
Prefeitura Municipal de Barreirinha - AM;1300508;AM;31105;Receitas Brutas Realizadas;2.4.2.1.99.00.00 - Outras Transferências da União;siconfi-cor_RO2.4.2.1.99.00.00;307200
Prefeitura Municipal de Barreirinha - AM;1300508;AM;31105;Receitas Brutas Realizadas;7.0.0.0.00.00.00 - Receitas Correntes Intraorçamentárias;siconfi-cor_RI7.0.0.0.00.00.00;409504,39
Prefeitura Municipal de Barreirinha - AM;1300508;AM;31105;Receitas Brutas Realizadas;7.2.0.0.00.00.00 - Receitas de Contribuições Intraorçamentárias;siconfi-cor_RI7.2.0.0.00.00.00;408824,32
Prefeitura Municipal de Barreirinha - AM;1300508;AM;31105;Receitas Brutas Realizadas;7.2.1.0.00.00.00 - Contribuições Sociais Intraorçamentárias;siconfi-cor_RI7.2.1.0.00.00.00;408824,32
Prefeitura Municipal de Barreirinha - AM;1300508;AM;31105;Receitas Brutas Realizadas;7.2.1.0.99.00.00 - Outras Contribuições Sociais Intraorçamentárias;siconfi-cor_RI7.2.1.0.99.00.00;408824,32
Prefeitura Municipal de Barreirinha - AM;1300508;AM;31105;Receitas Brutas Realizadas;7.9.0.0.00.00.00 - Outras Receitas Correntes Intraorçamentárias;siconfi-cor_RI7.9.0.0.00.00.00;680,07
Prefeitura Municipal de Barreirinha - AM;1300508;AM;31105;Receitas Brutas Realizadas;7.9.1.2.00.00.00 - Multas e Juros de Mora das Contribuições Intraorçamentárias;siconfi-cor_RI7.9.1.2.00.00.00;680,07
Prefeitura Municipal de Barreirinha - AM;1300508;AM;31105;Receitas Brutas Realizadas;7.9.1.2.99.00.00 - Outras Multas e Juros de Mora de Contribuições Intraorçamentárias;siconfi-cor_RI7.9.1.2.99.00.00;680,07
Prefeitura Municipal de Barreirinha - AM;1300508;AM;31105;Deduções - FUNDEB;Total Receitas;siconfi-cor_TotalReceitas;5015819,55
Prefeitura Municipal de Barreirinha - AM;1300508;AM;31105;Deduções - FUNDEB;1.0.0.0.00.00.00 - Receitas Correntes;siconfi-cor_RO1.0.0.0.00.00.00;5015819,55
Prefeitura Municipal de Barreirinha - AM;1300508;AM;31105;Deduções - FUNDEB;1.7.0.0.00.00.00 - Transferências Correntes;siconfi-cor_RO1.7.0.0.00.00.00;5015819,55
Prefeitura Municipal de Barreirinha - AM;1300508;AM;31105;Deduções - FUNDEB;1.7.2.0.00.00.00 - Transferências Intergovernamentais;siconfi-cor_RO1.7.2.0.00.00.00;5015819,55
Prefeitura Municipal de Barreirinha - AM;1300508;AM;31105;Deduções - FUNDEB;1.7.2.1.00.00.00 - Transferências da União;siconfi-cor_RO1.7.2.1.00.00.00;3368023,08
Prefeitura Municipal de Barreirinha - AM;1300508;AM;31105;Deduções - FUNDEB;1.7.2.1.01.00.00 - Participação na Receita da União;siconfi-cor_RO1.7.2.1.01.00.00;3364100,01
Prefeitura Municipal de Barreirinha - AM;1300508;AM;31105;Deduções - FUNDEB;1.7.2.1.01.02.00 - Cota-Parte do Fundo de Participação dos Municípios ¿ FPM;siconfi-cor_RO1.7.2.1.01.02.00;3363376,97
Prefeitura Municipal de Barreirinha - AM;1300508;AM;31105;Deduções - FUNDEB;1.7.2.1.01.05.00 - Cota-Parte do Imposto Sobre a Propriedade Territorial Rural ¿ ITR;siconfi-cor_RO1.7.2.1.01.05.00;723,04
Prefeitura Municipal de Barreirinha - AM;1300508;AM;31105;Deduções - FUNDEB;1.7.2.1.36.00.00 - Transferências Financeiras do ICMS ¿ Desoneração ¿ L.C. Nº 87/96;siconfi-cor_RO1.7.2.1.36.00.00;3923,07
Prefeitura Municipal de Barreirinha - AM;1300508;AM;31105;Deduções - FUNDEB;1.7.2.2.00.00.00 - Transferências dos Estados;siconfi-cor_RO1.7.2.2.00.00.00;1647796,47
Prefeitura Municipal de Barreirinha - AM;1300508;AM;31105;Deduções - FUNDEB;1.7.2.2.01.00.00 - Participação na Receita dos Estados;siconfi-cor_RO1.7.2.2.01.00.00;1647796,47
Prefeitura Municipal de Barreirinha - AM;1300508;AM;31105;Deduções - FUNDEB;1.7.2.2.01.01.00 - Cota-Parte do ICMS;siconfi-cor_RO1.7.2.2.01.01.00;1636454,05
Prefeitura Municipal de Barreirinha - AM;1300508;AM;31105;Deduções - FUNDEB;1.7.2.2.01.02.00 - Cota-Parte do IPVA;siconfi-cor_RO1.7.2.2.01.02.00;4502,39
Prefeitura Municipal de Barreirinha - AM;1300508;AM;31105;Deduções - FUNDEB;1.7.2.2.01.04.00 - Cota-Parte do IPI - Municípios;siconfi-cor_RO1.7.2.2.01.04.00;6840,03
Prefeitura Municipal de Careiro da Várzea - AM;1301159;AM;28592;Receitas Brutas Realizadas;Total Receitas;siconfi-cor_TotalReceitas;45407414,49
Prefeitura Municipal de Careiro da Várzea - AM;1301159;AM;28592;Receitas Brutas Realizadas;1.0.0.0.00.00.00 - Receitas Correntes;siconfi-cor_RO1.0.0.0.00.00.00;45407414,49
Prefeitura Municipal de Careiro da Várzea - AM;1301159;AM;28592;Receitas Brutas Realizadas;1.1.0.0.00.00.00 - Receita Tributária;siconfi-cor_RO1.1.0.0.00.00.00;559216,96
Prefeitura Municipal de Careiro da Várzea - AM;1301159;AM;28592;Receitas Brutas Realizadas;1.1.1.0.00.00.00 - Impostos;siconfi-cor_RO1.1.1.0.00.00.00;531081,96
Prefeitura Municipal de Careiro da Várzea - AM;1301159;AM;28592;Receitas Brutas Realizadas;1.1.1.2.00.00.00 - Impostos sobre o Patrimônio e a Renda;siconfi-cor_RO1.1.1.2.00.00.00;380569,32
Prefeitura Municipal de Careiro da Várzea - AM;1301159;AM;28592;Receitas Brutas Realizadas;1.1.1.2.02.00.00 - Imposto sobre a Propriedade Predial e Territorial Urbana ¿ IPTU;siconfi-cor_RO1.1.1.2.02.00.00;958,74
Prefeitura Municipal de Careiro da Várzea - AM;1301159;AM;28592;Receitas Brutas Realizadas;1.1.1.2.04.00.00 - Imposto sobre a Renda e Proventos de Qualquer Natureza ¿ IR;siconfi-cor_RO1.1.1.2.04.00.00;379150,98
Prefeitura Municipal de Careiro da Várzea - AM;1301159;AM;28592;Receitas Brutas Realizadas;1.1.1.2.04.31.00 - Retido nas Fontes - Trabalho;siconfi-cor_RO1.1.1.2.04.31.00;377683,21
Prefeitura Municipal de Careiro da Várzea - AM;1301159;AM;28592;Receitas Brutas Realizadas;1.1.1.2.04.34.00 - Retido nas Fontes - Outros Rendimentos;siconfi-cor_RO1.1.1.2.04.34.00;1467,77
Prefeitura Municipal de Careiro da Várzea - AM;1301159;AM;28592;Receitas Brutas Realizadas;"1.1.1.2.08.00.00 - Imposto sobre Transmissão Inter Vivos"" de Bens Imóveis e de Direitos Reais sobre Imóveis ¿ ITBI""";siconfi-cor_RO1.1.1.2.08.00.00;459,6
Prefeitura Municipal de Careiro da Várzea - AM;1301159;AM;28592;Receitas Brutas Realizadas;1.1.1.3.00.00.00 - Impostos sobre a Produção e a Circulação;siconfi-cor_RO1.1.1.3.00.00.00;150512,64
Prefeitura Municipal de Careiro da Várzea - AM;1301159;AM;28592;Receitas Brutas Realizadas;1.1.1.3.05.00.00 - Imposto sobre Serviços de Qualquer Natureza ¿ ISSQN;siconfi-cor_RO1.1.1.3.05.00.00;150512,64
Prefeitura Municipal de Careiro da Várzea - AM;1301159;AM;28592;Receitas Brutas Realizadas;1.1.2.0.00.00.00 - Taxas;siconfi-cor_RO1.1.2.0.00.00.00;28135
Prefeitura Municipal de Careiro da Várzea - AM;1301159;AM;28592;Receitas Brutas Realizadas;1.1.2.1.00.00.00 - Taxas pelo Exercício do Poder de Polícia;siconfi-cor_RO1.1.2.1.00.00.00;1830
Prefeitura Municipal de Careiro da Várzea - AM;1301159;AM;28592;Receitas Brutas Realizadas;1.1.2.2.00.00.00 - Taxas pela Prestação de Serviços;siconfi-cor_RO1.1.2.2.00.00.00;26305
Prefeitura Municipal de Careiro da Várzea - AM;1301159;AM;28592;Receitas Brutas Realizadas;1.1.2.2.99.00.00 - Outras Taxas pela Prestação de Serviços;siconfi-cor_RO1.1.2.2.99.00.00;26305
Prefeitura Municipal de Careiro da Várzea - AM;1301159;AM;28592;Receitas Brutas Realizadas;1.2.0.0.00.00.00 - Receitas de Contribuições;siconfi-cor_RO1.2.0.0.00.00.00;167616,15
Prefeitura Municipal de Careiro da Várzea - AM;1301159;AM;28592;Receitas Brutas Realizadas;1.2.3.0.00.00.00 - Contribuição para Custeio do Serviço de Iluminação Pública;siconfi-cor_RO1.2.3.0.00.00.00;167616,15
Prefeitura Municipal de Careiro da Várzea - AM;1301159;AM;28592;Receitas Brutas Realizadas;1.3.0.0.00.00.00 - Receita Patrimonial;siconfi-cor_RO1.3.0.0.00.00.00;273084,84
Prefeitura Municipal de Careiro da Várzea - AM;1301159;AM;28592;Receitas Brutas Realizadas;1.3.2.0.00.00.00 - Receitas de Valores Mobiliários;siconfi-cor_RO1.3.2.0.00.00.00;273084,84
Prefeitura Municipal de Careiro da Várzea - AM;1301159;AM;28592;Receitas Brutas Realizadas;1.3.2.5.00.00.00 - Remuneração de Depósitos Bancários;siconfi-cor_RO1.3.2.5.00.00.00;273084,84
Prefeitura Municipal de Careiro da Várzea - AM;1301159;AM;28592;Receitas Brutas Realizadas;1.6.0.0.00.00.00 - Receita de Serviços;siconfi-cor_RO1.6.0.0.00.00.00;420
Prefeitura Municipal de Careiro da Várzea - AM;1301159;AM;28592;Receitas Brutas Realizadas;1.6.0.0.13.00.00 - Serviços Administrativos;siconfi-cor_RO1.6.0.0.13.00.00;420
Prefeitura Municipal de Careiro da Várzea - AM;1301159;AM;28592;Receitas Brutas Realizadas;1.7.0.0.00.00.00 - Transferências Correntes;siconfi-cor_RO1.7.0.0.00.00.00;44407000,98
Prefeitura Municipal de Careiro da Várzea - AM;1301159;AM;28592;Receitas Brutas Realizadas;1.7.2.0.00.00.00 - Transferências Intergovernamentais;siconfi-cor_RO1.7.2.0.00.00.00;44197159,74
Prefeitura Municipal de Careiro da Várzea - AM;1301159;AM;28592;Receitas Brutas Realizadas;1.7.2.1.00.00.00 - Transferências da União;siconfi-cor_RO1.7.2.1.00.00.00;22064266,92
Prefeitura Municipal de Careiro da Várzea - AM;1301159;AM;28592;Receitas Brutas Realizadas;1.7.2.1.01.00.00 - Participação na Receita da União;siconfi-cor_RO1.7.2.1.01.00.00;16046129,49
Prefeitura Municipal de Careiro da Várzea - AM;1301159;AM;28592;Receitas Brutas Realizadas;1.7.2.1.01.02.00 - Cota-Parte do Fundo de Participação dos Municípios ¿ FPM;siconfi-cor_RO1.7.2.1.01.02.00;14714775,51
Prefeitura Municipal de Careiro da Várzea - AM;1301159;AM;28592;Receitas Brutas Realizadas;1.7.2.1.01.03.00 - Cota-Parte do Fundo de Participação dos Municípios - 1% Cota Anual;siconfi-cor_RO1.7.2.1.01.03.00;653101,2
Prefeitura Municipal de Careiro da Várzea - AM;1301159;AM;28592;Receitas Brutas Realizadas;1.7.2.1.01.04.00 - Cota-Parte do Fundo de Participação dos Municípios - 1% Cota entregue no mês de julho (67)(I);siconfi-cor_RO1.7.2.1.01.04.00;675337,72
Prefeitura Municipal de Careiro da Várzea - AM;1301159;AM;28592;Receitas Brutas Realizadas;1.7.2.1.01.05.00 - Cota-Parte do Imposto Sobre a Propriedade Territorial Rural ¿ ITR;siconfi-cor_RO1.7.2.1.01.05.00;2915,06
Prefeitura Municipal de Careiro da Várzea - AM;1301159;AM;28592;Receitas Brutas Realizadas;1.7.2.1.22.00.00 - Transferências da Compensação Financeira pela Exploração de Recursos Naturais;siconfi-cor_RO1.7.2.1.22.00.00;255881,33
Prefeitura Municipal de Careiro da Várzea - AM;1301159;AM;28592;Receitas Brutas Realizadas;1.7.2.1.22.20.00 - Cota-Parte da Compensação Financeira de Recursos Minerais - CFEM;siconfi-cor_RO1.7.2.1.22.20.00;944,55
Prefeitura Municipal de Careiro da Várzea - AM;1301159;AM;28592;Receitas Brutas Realizadas;1.7.2.1.22.30.00 - Cota-Parte Royalties ¿ Compensação Financeira pela Produção de Petróleo ¿ Lei nº 7.990/89;siconfi-cor_RO1.7.2.1.22.30.00;83133,93
Prefeitura Municipal de Careiro da Várzea - AM;1301159;AM;28592;Receitas Brutas Realizadas;1.7.2.1.22.70.00 - Cota-Parte do Fundo Especial do Petróleo ¿ FEP;siconfi-cor_RO1.7.2.1.22.70.00;171802,85
Prefeitura Municipal de Careiro da Várzea - AM;1301159;AM;28592;Receitas Brutas Realizadas;1.7.2.1.33.00.00 - Transferências de Recursos do Sistema Único de Saúde - SUS - Repasses Fundo a Fundo;siconfi-cor_RO1.7.2.1.33.00.00;3803191,07
Prefeitura Municipal de Careiro da Várzea - AM;1301159;AM;28592;Receitas Brutas Realizadas;1.7.2.1.34.00.00 - Transferências de Recursos do Fundo Nacional de Assistência Social ¿ FNAS;siconfi-cor_RO1.7.2.1.34.00.00;648495,41
Prefeitura Municipal de Careiro da Várzea - AM;1301159;AM;28592;Receitas Brutas Realizadas;1.7.2.1.35.00.00 - Transferências de Recursos do Fundo Nacional do Desenvolvimento da Educação ¿ FNDE;siconfi-cor_RO1.7.2.1.35.00.00;1279446,14
Prefeitura Municipal de Careiro da Várzea - AM;1301159;AM;28592;Receitas Brutas Realizadas;1.7.2.1.36.00.00 - Transferências Financeiras do ICMS ¿ Desoneração ¿ L.C. Nº 87/96;siconfi-cor_RO1.7.2.1.36.00.00;18897,84
Prefeitura Municipal de Careiro da Várzea - AM;1301159;AM;28592;Receitas Brutas Realizadas;1.7.2.1.99.00.00 - Outras Transferências da União;siconfi-cor_RO1.7.2.1.99.00.00;12225,64
Prefeitura Municipal de Careiro da Várzea - AM;1301159;AM;28592;Receitas Brutas Realizadas;1.7.2.2.00.00.00 - Transferências dos Estados;siconfi-cor_RO1.7.2.2.00.00.00;8149633,92
Prefeitura Municipal de Careiro da Várzea - AM;1301159;AM;28592;Receitas Brutas Realizadas;1.7.2.2.01.00.00 - Participação na Receita dos Estados;siconfi-cor_RO1.7.2.2.01.00.00;8034618,65
Prefeitura Municipal de Careiro da Várzea - AM;1301159;AM;28592;Receitas Brutas Realizadas;1.7.2.2.01.01.00 - Cota-Parte do ICMS;siconfi-cor_RO1.7.2.2.01.01.00;7883032,09
Prefeitura Municipal de Careiro da Várzea - AM;1301159;AM;28592;Receitas Brutas Realizadas;1.7.2.2.01.02.00 - Cota-Parte do IPVA;siconfi-cor_RO1.7.2.2.01.02.00;53222,59
Prefeitura Municipal de Careiro da Várzea - AM;1301159;AM;28592;Receitas Brutas Realizadas;1.7.2.2.01.04.00 - Cota-Parte do IPI - Municípios;siconfi-cor_RO1.7.2.2.01.04.00;31619,99
Prefeitura Municipal de Careiro da Várzea - AM;1301159;AM;28592;Receitas Brutas Realizadas;1.7.2.2.01.13.00 - Cota-Parte da Contribuição de Intervenção no Domínio Econômico;siconfi-cor_RO1.7.2.2.01.13.00;66743,98
Prefeitura Municipal de Careiro da Várzea - AM;1301159;AM;28592;Receitas Brutas Realizadas;1.7.2.2.22.00.00 - Transferências da Cota-Parte da Compensação Financeira (25%);siconfi-cor_RO1.7.2.2.22.00.00;85015,27
Prefeitura Municipal de Careiro da Várzea - AM;1301159;AM;28592;Receitas Brutas Realizadas;1.7.2.2.22.30.00 - Cota-Parte Royalties - Compensação Financeira pela Produção de Petróleo - Lei nº 7.990/89 artigo 9º;siconfi-cor_RO1.7.2.2.22.30.00;85015,27
Prefeitura Municipal de Careiro da Várzea - AM;1301159;AM;28592;Receitas Brutas Realizadas;1.7.2.2.33.00.00 - Transferências de Recursos do Estado para Programas de Saúde - Repasse Fundo a Fundo;siconfi-cor_RO1.7.2.2.33.00.00;30000
Prefeitura Municipal de Careiro da Várzea - AM;1301159;AM;28592;Receitas Brutas Realizadas;1.7.2.4.00.00.00 - Transferências Multigovernamentais;siconfi-cor_RO1.7.2.4.00.00.00;13983258,9
Prefeitura Municipal de Careiro da Várzea - AM;1301159;AM;28592;Receitas Brutas Realizadas;1.7.2.4.01.00.00 - Transferências de Recursos do Fundo de Manutenção e Desenvolvimento do Ensino Fundamental e de Valorização do Magistério - FUNDEB;siconfi-cor_RO1.7.2.4.01.00.00;10906509,61
Prefeitura Municipal de Careiro da Várzea - AM;1301159;AM;28592;Receitas Brutas Realizadas;1.7.2.4.02.00.00 - Transferências de Recursos da Complementação ao Fundo de Manutenção e Desenvolvimento do Ensino Fundamental e de Valorização do Magistério - FUNDEB;siconfi-cor_RO1.7.2.4.02.00.00;3076749,29
Prefeitura Municipal de Careiro da Várzea - AM;1301159;AM;28592;Receitas Brutas Realizadas;1.7.6.0.00.00.00 - Transferências de Convênios;siconfi-cor_RO1.7.6.0.00.00.00;209841,24
Prefeitura Municipal de Careiro da Várzea - AM;1301159;AM;28592;Receitas Brutas Realizadas;1.7.6.1.00.00.00 - Transferências de Convênios da União e de Suas Entidades;siconfi-cor_RO1.7.6.1.00.00.00;163200
Prefeitura Municipal de Careiro da Várzea - AM;1301159;AM;28592;Receitas Brutas Realizadas;1.7.6.1.01.00.00 - Transferências de Convênios da União para o Sistema Único de Saúde - SUS;siconfi-cor_RO1.7.6.1.01.00.00;163200
Prefeitura Municipal de Careiro da Várzea - AM;1301159;AM;28592;Receitas Brutas Realizadas;1.7.6.2.00.00.00 - Transferências de Convênios dos Estados e do Distrito Federal e de Suas Entidades;siconfi-cor_RO1.7.6.2.00.00.00;46641,24
Prefeitura Municipal de Careiro da Várzea - AM;1301159;AM;28592;Receitas Brutas Realizadas;1.7.6.2.99.00.00 - Outras Transferências de Convênios dos Estados;siconfi-cor_RO1.7.6.2.99.00.00;46641,24
Prefeitura Municipal de Careiro da Várzea - AM;1301159;AM;28592;Receitas Brutas Realizadas;1.9.0.0.00.00.00 - Outras Receitas Correntes;siconfi-cor_RO1.9.0.0.00.00.00;75,56
Prefeitura Municipal de Careiro da Várzea - AM;1301159;AM;28592;Receitas Brutas Realizadas;1.9.9.0.00.00.00 - Receitas Diversas;siconfi-cor_RO1.9.9.0.00.00.00;75,56
Prefeitura Municipal de Careiro da Várzea - AM;1301159;AM;28592;Receitas Brutas Realizadas;1.9.9.0.99.00.00 - Outras Receitas;siconfi-cor_RO1.9.9.0.99.00.00;75,56
Prefeitura Municipal de Careiro da Várzea - AM;1301159;AM;28592;Deduções - FUNDEB;Total Receitas;siconfi-cor_TotalReceitas;4540867,75
Prefeitura Municipal de Careiro da Várzea - AM;1301159;AM;28592;Deduções - FUNDEB;1.0.0.0.00.00.00 - Receitas Correntes;siconfi-cor_RO1.0.0.0.00.00.00;4540867,75
Prefeitura Municipal de Careiro da Várzea - AM;1301159;AM;28592;Deduções - FUNDEB;1.7.0.0.00.00.00 - Transferências Correntes;siconfi-cor_RO1.7.0.0.00.00.00;4540867,75
Prefeitura Municipal de Careiro da Várzea - AM;1301159;AM;28592;Deduções - FUNDEB;1.7.2.0.00.00.00 - Transferências Intergovernamentais;siconfi-cor_RO1.7.2.0.00.00.00;4540867,75
Prefeitura Municipal de Careiro da Várzea - AM;1301159;AM;28592;Deduções - FUNDEB;1.7.2.1.00.00.00 - Transferências da União;siconfi-cor_RO1.7.2.1.00.00.00;2947317,24
Prefeitura Municipal de Careiro da Várzea - AM;1301159;AM;28592;Deduções - FUNDEB;1.7.2.1.01.00.00 - Participação na Receita da União;siconfi-cor_RO1.7.2.1.01.00.00;2943537,72
Prefeitura Municipal de Careiro da Várzea - AM;1301159;AM;28592;Deduções - FUNDEB;1.7.2.1.01.02.00 - Cota-Parte do Fundo de Participação dos Municípios ¿ FPM;siconfi-cor_RO1.7.2.1.01.02.00;2942954,78
Prefeitura Municipal de Careiro da Várzea - AM;1301159;AM;28592;Deduções - FUNDEB;1.7.2.1.01.05.00 - Cota-Parte do Imposto Sobre a Propriedade Territorial Rural ¿ ITR;siconfi-cor_RO1.7.2.1.01.05.00;582,94
Prefeitura Municipal de Careiro da Várzea - AM;1301159;AM;28592;Deduções - FUNDEB;1.7.2.1.36.00.00 - Transferências Financeiras do ICMS ¿ Desoneração ¿ L.C. Nº 87/96;siconfi-cor_RO1.7.2.1.36.00.00;3779,52
Prefeitura Municipal de Careiro da Várzea - AM;1301159;AM;28592;Deduções - FUNDEB;1.7.2.2.00.00.00 - Transferências dos Estados;siconfi-cor_RO1.7.2.2.00.00.00;1593550,51
Prefeitura Municipal de Careiro da Várzea - AM;1301159;AM;28592;Deduções - FUNDEB;1.7.2.2.01.00.00 - Participação na Receita dos Estados;siconfi-cor_RO1.7.2.2.01.00.00;1593550,51
Prefeitura Municipal de Careiro da Várzea - AM;1301159;AM;28592;Deduções - FUNDEB;1.7.2.2.01.01.00 - Cota-Parte do ICMS;siconfi-cor_RO1.7.2.2.01.01.00;1576606,38
Prefeitura Municipal de Careiro da Várzea - AM;1301159;AM;28592;Deduções - FUNDEB;1.7.2.2.01.02.00 - Cota-Parte do IPVA;siconfi-cor_RO1.7.2.2.01.02.00;10620,12
Prefeitura Municipal de Careiro da Várzea - AM;1301159;AM;28592;Deduções - FUNDEB;1.7.2.2.01.04.00 - Cota-Parte do IPI - Municípios;siconfi-cor_RO1.7.2.2.01.04.00;6324,01
Prefeitura Municipal de Iranduba - AM;1301852;AM;46703;Receitas Brutas Realizadas;Total Receitas;siconfi-cor_TotalReceitas;119021362,4
Prefeitura Municipal de Iranduba - AM;1301852;AM;46703;Receitas Brutas Realizadas;1.0.0.0.00.00.00 - Receitas Correntes;siconfi-cor_RO1.0.0.0.00.00.00;111755651,1
Prefeitura Municipal de Iranduba - AM;1301852;AM;46703;Receitas Brutas Realizadas;1.1.0.0.00.00.00 - Receita Tributária;siconfi-cor_RO1.1.0.0.00.00.00;6319165,56
Prefeitura Municipal de Iranduba - AM;1301852;AM;46703;Receitas Brutas Realizadas;1.1.1.0.00.00.00 - Impostos;siconfi-cor_RO1.1.1.0.00.00.00;5476581,29
Prefeitura Municipal de Iranduba - AM;1301852;AM;46703;Receitas Brutas Realizadas;1.1.1.2.00.00.00 - Impostos sobre o Patrimônio e a Renda;siconfi-cor_RO1.1.1.2.00.00.00;2200446,08
Prefeitura Municipal de Iranduba - AM;1301852;AM;46703;Receitas Brutas Realizadas;1.1.1.2.02.00.00 - Imposto sobre a Propriedade Predial e Territorial Urbana ¿ IPTU;siconfi-cor_RO1.1.1.2.02.00.00;448178,65
Prefeitura Municipal de Iranduba - AM;1301852;AM;46703;Receitas Brutas Realizadas;1.1.1.2.04.00.00 - Imposto sobre a Renda e Proventos de Qualquer Natureza ¿ IR;siconfi-cor_RO1.1.1.2.04.00.00;1223302,67
Prefeitura Municipal de Iranduba - AM;1301852;AM;46703;Receitas Brutas Realizadas;1.1.1.2.04.31.00 - Retido nas Fontes - Trabalho;siconfi-cor_RO1.1.1.2.04.31.00;1124395,93
Prefeitura Municipal de Iranduba - AM;1301852;AM;46703;Receitas Brutas Realizadas;1.1.1.2.04.34.00 - Retido nas Fontes - Outros Rendimentos;siconfi-cor_RO1.1.1.2.04.34.00;98906,74
Prefeitura Municipal de Iranduba - AM;1301852;AM;46703;Receitas Brutas Realizadas;"1.1.1.2.08.00.00 - Imposto sobre Transmissão Inter Vivos"" de Bens Imóveis e de Direitos Reais sobre Imóveis ¿ ITBI""";siconfi-cor_RO1.1.1.2.08.00.00;528964,76
Prefeitura Municipal de Iranduba - AM;1301852;AM;46703;Receitas Brutas Realizadas;1.1.1.3.00.00.00 - Impostos sobre a Produção e a Circulação;siconfi-cor_RO1.1.1.3.00.00.00;3276135,21
Prefeitura Municipal de Iranduba - AM;1301852;AM;46703;Receitas Brutas Realizadas;1.1.1.3.05.00.00 - Imposto sobre Serviços de Qualquer Natureza ¿ ISSQN;siconfi-cor_RO1.1.1.3.05.00.00;3276135,21
Prefeitura Municipal de Iranduba - AM;1301852;AM;46703;Receitas Brutas Realizadas;1.1.2.0.00.00.00 - Taxas;siconfi-cor_RO1.1.2.0.00.00.00;432963,4
Prefeitura Municipal de Iranduba - AM;1301852;AM;46703;Receitas Brutas Realizadas;1.1.2.1.00.00.00 - Taxas pelo Exercício do Poder de Polícia;siconfi-cor_RO1.1.2.1.00.00.00;128113,77
Prefeitura Municipal de Iranduba - AM;1301852;AM;46703;Receitas Brutas Realizadas;1.1.2.2.00.00.00 - Taxas pela Prestação de Serviços;siconfi-cor_RO1.1.2.2.00.00.00;304849,63
Prefeitura Municipal de Iranduba - AM;1301852;AM;46703;Receitas Brutas Realizadas;1.1.2.2.99.00.00 - Outras Taxas pela Prestação de Serviços;siconfi-cor_RO1.1.2.2.99.00.00;304849,63
Prefeitura Municipal de Iranduba - AM;1301852;AM;46703;Receitas Brutas Realizadas;1.1.3.0.00.00.00 - Contribuição de Melhoria;siconfi-cor_RO1.1.3.0.00.00.00;409620,87
Prefeitura Municipal de Iranduba - AM;1301852;AM;46703;Receitas Brutas Realizadas;1.1.3.0.02.00.00 - Contribuição de Melhoria para Expansão da Rede de Iluminação Pública na Cidade;siconfi-cor_RO1.1.3.0.02.00.00;409620,87
Prefeitura Municipal de Iranduba - AM;1301852;AM;46703;Receitas Brutas Realizadas;1.2.0.0.00.00.00 - Receitas de Contribuições;siconfi-cor_RO1.2.0.0.00.00.00;2700992,69
Prefeitura Municipal de Iranduba - AM;1301852;AM;46703;Receitas Brutas Realizadas;1.2.1.0.00.00.00 - Contribuições Sociais;siconfi-cor_RO1.2.1.0.00.00.00;2700992,69
Prefeitura Municipal de Iranduba - AM;1301852;AM;46703;Receitas Brutas Realizadas;1.2.1.0.29.00.00 - Contribuições para o Regime Próprio de Previdência do Servidor Público;siconfi-cor_RO1.2.1.0.29.00.00;2700992,69
Prefeitura Municipal de Iranduba - AM;1301852;AM;46703;Receitas Brutas Realizadas;1.2.1.0.29.07.00 - Contribuição do Servidor Ativo Civil para o Regime Próprio;siconfi-cor_RO1.2.1.0.29.07.00;2700992,69
Prefeitura Municipal de Iranduba - AM;1301852;AM;46703;Receitas Brutas Realizadas;1.3.0.0.00.00.00 - Receita Patrimonial;siconfi-cor_RO1.3.0.0.00.00.00;2846277,77
Prefeitura Municipal de Iranduba - AM;1301852;AM;46703;Receitas Brutas Realizadas;1.3.2.0.00.00.00 - Receitas de Valores Mobiliários;siconfi-cor_RO1.3.2.0.00.00.00;2846277,77
Prefeitura Municipal de Iranduba - AM;1301852;AM;46703;Receitas Brutas Realizadas;1.3.2.5.00.00.00 - Remuneração de Depósitos Bancários;siconfi-cor_RO1.3.2.5.00.00.00;414777,07
Prefeitura Municipal de Iranduba - AM;1301852;AM;46703;Receitas Brutas Realizadas;1.3.2.8.00.00.00 - Remuneração dos Investimentos do Regime Próprio de Previdência do Servidor;siconfi-cor_RO1.3.2.8.00.00.00;2431500,7
Prefeitura Municipal de Iranduba - AM;1301852;AM;46703;Receitas Brutas Realizadas;1.6.0.0.00.00.00 - Receita de Serviços;siconfi-cor_RO1.6.0.0.00.00.00;730235,4
Prefeitura Municipal de Iranduba - AM;1301852;AM;46703;Receitas Brutas Realizadas;1.6.0.0.13.00.00 - Serviços Administrativos;siconfi-cor_RO1.6.0.0.13.00.00;1600
Prefeitura Municipal de Iranduba - AM;1301852;AM;46703;Receitas Brutas Realizadas;1.6.0.0.26.00.00 - Serviços de Fornecimento de Água;siconfi-cor_RO1.6.0.0.26.00.00;728635,4
Prefeitura Municipal de Iranduba - AM;1301852;AM;46703;Receitas Brutas Realizadas;1.7.0.0.00.00.00 - Transferências Correntes;siconfi-cor_RO1.7.0.0.00.00.00;98827445,68
Prefeitura Municipal de Iranduba - AM;1301852;AM;46703;Receitas Brutas Realizadas;1.7.2.0.00.00.00 - Transferências Intergovernamentais;siconfi-cor_RO1.7.2.0.00.00.00;98761544,22
Prefeitura Municipal de Iranduba - AM;1301852;AM;46703;Receitas Brutas Realizadas;1.7.2.1.00.00.00 - Transferências da União;siconfi-cor_RO1.7.2.1.00.00.00;37556559,07
Prefeitura Municipal de Iranduba - AM;1301852;AM;46703;Receitas Brutas Realizadas;1.7.2.1.01.00.00 - Participação na Receita da União;siconfi-cor_RO1.7.2.1.01.00.00;22942446,66
Prefeitura Municipal de Iranduba - AM;1301852;AM;46703;Receitas Brutas Realizadas;1.7.2.1.01.02.00 - Cota-Parte do Fundo de Participação dos Municípios ¿ FPM;siconfi-cor_RO1.7.2.1.01.02.00;21021108,28
Prefeitura Municipal de Iranduba - AM;1301852;AM;46703;Receitas Brutas Realizadas;1.7.2.1.01.03.00 - Cota-Parte do Fundo de Participação dos Municípios - 1% Cota Anual;siconfi-cor_RO1.7.2.1.01.03.00;933001,58
Prefeitura Municipal de Iranduba - AM;1301852;AM;46703;Receitas Brutas Realizadas;1.7.2.1.01.04.00 - Cota-Parte do Fundo de Participação dos Municípios - 1% Cota entregue no mês de julho (67)(I);siconfi-cor_RO1.7.2.1.01.04.00;964767,88
Prefeitura Municipal de Iranduba - AM;1301852;AM;46703;Receitas Brutas Realizadas;1.7.2.1.01.05.00 - Cota-Parte do Imposto Sobre a Propriedade Territorial Rural ¿ ITR;siconfi-cor_RO1.7.2.1.01.05.00;23568,92
Prefeitura Municipal de Iranduba - AM;1301852;AM;46703;Receitas Brutas Realizadas;1.7.2.1.22.00.00 - Transferências da Compensação Financeira pela Exploração de Recursos Naturais;siconfi-cor_RO1.7.2.1.22.00.00;371074,07
Prefeitura Municipal de Iranduba - AM;1301852;AM;46703;Receitas Brutas Realizadas;1.7.2.1.22.20.00 - Cota-Parte da Compensação Financeira de Recursos Minerais - CFEM;siconfi-cor_RO1.7.2.1.22.20.00;22579,19
Prefeitura Municipal de Iranduba - AM;1301852;AM;46703;Receitas Brutas Realizadas;1.7.2.1.22.40.00 - Cota-Parte Royalties pelo Excedente da Produção do Petróleo - Lei nº 9.478/97 artigo 49 I e II;siconfi-cor_RO1.7.2.1.22.40.00;103062,31
Prefeitura Municipal de Iranduba - AM;1301852;AM;46703;Receitas Brutas Realizadas;1.7.2.1.22.70.00 - Cota-Parte do Fundo Especial do Petróleo ¿ FEP;siconfi-cor_RO1.7.2.1.22.70.00;245432,57
Prefeitura Municipal de Iranduba - AM;1301852;AM;46703;Receitas Brutas Realizadas;1.7.2.1.33.00.00 - Transferências de Recursos do Sistema Único de Saúde - SUS - Repasses Fundo a Fundo;siconfi-cor_RO1.7.2.1.33.00.00;9891288,18
Prefeitura Municipal de Iranduba - AM;1301852;AM;46703;Receitas Brutas Realizadas;1.7.2.1.34.00.00 - Transferências de Recursos do Fundo Nacional de Assistência Social ¿ FNAS;siconfi-cor_RO1.7.2.1.34.00.00;1048795,84
Prefeitura Municipal de Iranduba - AM;1301852;AM;46703;Receitas Brutas Realizadas;1.7.2.1.35.00.00 - Transferências de Recursos do Fundo Nacional do Desenvolvimento da Educação ¿ FNDE;siconfi-cor_RO1.7.2.1.35.00.00;3267792,85
Prefeitura Municipal de Iranduba - AM;1301852;AM;46703;Receitas Brutas Realizadas;1.7.2.1.36.00.00 - Transferências Financeiras do ICMS ¿ Desoneração ¿ L.C. Nº 87/96;siconfi-cor_RO1.7.2.1.36.00.00;21349,68
Prefeitura Municipal de Iranduba - AM;1301852;AM;46703;Receitas Brutas Realizadas;1.7.2.1.99.00.00 - Outras Transferências da União;siconfi-cor_RO1.7.2.1.99.00.00;13811,79
Prefeitura Municipal de Iranduba - AM;1301852;AM;46703;Receitas Brutas Realizadas;1.7.2.2.00.00.00 - Transferências dos Estados;siconfi-cor_RO1.7.2.2.00.00.00;10560417,91
Prefeitura Municipal de Iranduba - AM;1301852;AM;46703;Receitas Brutas Realizadas;1.7.2.2.01.00.00 - Participação na Receita dos Estados;siconfi-cor_RO1.7.2.2.01.00.00;10489178,73
Prefeitura Municipal de Iranduba - AM;1301852;AM;46703;Receitas Brutas Realizadas;1.7.2.2.01.01.00 - Cota-Parte do ICMS;siconfi-cor_RO1.7.2.2.01.01.00;8905769,73
Prefeitura Municipal de Iranduba - AM;1301852;AM;46703;Receitas Brutas Realizadas;1.7.2.2.01.02.00 - Cota-Parte do IPVA;siconfi-cor_RO1.7.2.2.01.02.00;800703,26
Prefeitura Municipal de Iranduba - AM;1301852;AM;46703;Receitas Brutas Realizadas;1.7.2.2.01.04.00 - Cota-Parte do IPI - Municípios;siconfi-cor_RO1.7.2.2.01.04.00;35722,34
Prefeitura Municipal de Iranduba - AM;1301852;AM;46703;Receitas Brutas Realizadas;1.7.2.2.01.13.00 - Cota-Parte da Contribuição de Intervenção no Domínio Econômico;siconfi-cor_RO1.7.2.2.01.13.00;99973,82
Prefeitura Municipal de Iranduba - AM;1301852;AM;46703;Receitas Brutas Realizadas;1.7.2.2.01.99.00 - Outras Participações na Receita dos Estados;siconfi-cor_RO1.7.2.2.01.99.00;647009,58
Prefeitura Municipal de Iranduba - AM;1301852;AM;46703;Receitas Brutas Realizadas;1.7.2.2.22.00.00 - Transferências da Cota-Parte da Compensação Financeira (25%);siconfi-cor_RO1.7.2.2.22.00.00;71239,18
Prefeitura Municipal de Iranduba - AM;1301852;AM;46703;Receitas Brutas Realizadas;1.7.2.2.22.30.00 - Cota-Parte Royalties - Compensação Financeira pela Produção de Petróleo - Lei nº 7.990/89 artigo 9º;siconfi-cor_RO1.7.2.2.22.30.00;71239,18
Prefeitura Municipal de Iranduba - AM;1301852;AM;46703;Receitas Brutas Realizadas;1.7.2.4.00.00.00 - Transferências Multigovernamentais;siconfi-cor_RO1.7.2.4.00.00.00;50644567,24
Prefeitura Municipal de Iranduba - AM;1301852;AM;46703;Receitas Brutas Realizadas;1.7.2.4.01.00.00 - Transferências de Recursos do Fundo de Manutenção e Desenvolvimento do Ensino Fundamental e de Valorização do Magistério - FUNDEB;siconfi-cor_RO1.7.2.4.01.00.00;35377633,89
Prefeitura Municipal de Iranduba - AM;1301852;AM;46703;Receitas Brutas Realizadas;1.7.2.4.02.00.00 - Transferências de Recursos da Complementação ao Fundo de Manutenção e Desenvolvimento do Ensino Fundamental e de Valorização do Magistério - FUNDEB;siconfi-cor_RO1.7.2.4.02.00.00;15266933,35
Prefeitura Municipal de Iranduba - AM;1301852;AM;46703;Receitas Brutas Realizadas;1.7.6.0.00.00.00 - Transferências de Convênios;siconfi-cor_RO1.7.6.0.00.00.00;65901,46
Prefeitura Municipal de Iranduba - AM;1301852;AM;46703;Receitas Brutas Realizadas;1.7.6.1.00.00.00 - Transferências de Convênios da União e de Suas Entidades;siconfi-cor_RO1.7.6.1.00.00.00;65901,46
Prefeitura Municipal de Iranduba - AM;1301852;AM;46703;Receitas Brutas Realizadas;1.7.6.1.99.00.00 - Outras Transferências de Convênios da União;siconfi-cor_RO1.7.6.1.99.00.00;65901,46
Prefeitura Municipal de Iranduba - AM;1301852;AM;46703;Receitas Brutas Realizadas;1.9.0.0.00.00.00 - Outras Receitas Correntes;siconfi-cor_RO1.9.0.0.00.00.00;331533,95
Prefeitura Municipal de Iranduba - AM;1301852;AM;46703;Receitas Brutas Realizadas;1.9.1.0.00.00.00 - Multas e Juros de Mora;siconfi-cor_RO1.9.1.0.00.00.00;12882,45
Prefeitura Municipal de Iranduba - AM;1301852;AM;46703;Receitas Brutas Realizadas;1.9.1.9.00.00.00 - Multas de Outras Origens;siconfi-cor_RO1.9.1.9.00.00.00;12882,45
Prefeitura Municipal de Iranduba - AM;1301852;AM;46703;Receitas Brutas Realizadas;1.9.2.0.00.00.00 - Indenizações e Restituições;siconfi-cor_RO1.9.2.0.00.00.00;65,65
Prefeitura Municipal de Iranduba - AM;1301852;AM;46703;Receitas Brutas Realizadas;1.9.2.2.00.00.00 - Restituições;siconfi-cor_RO1.9.2.2.00.00.00;65,65
Prefeitura Municipal de Iranduba - AM;1301852;AM;46703;Receitas Brutas Realizadas;1.9.2.2.99.00.00 - Outras Restituições;siconfi-cor_RO1.9.2.2.99.00.00;65,65
Prefeitura Municipal de Iranduba - AM;1301852;AM;46703;Receitas Brutas Realizadas;1.9.9.0.00.00.00 - Receitas Diversas;siconfi-cor_RO1.9.9.0.00.00.00;318585,85
Prefeitura Municipal de Iranduba - AM;1301852;AM;46703;Receitas Brutas Realizadas;1.9.9.0.99.00.00 - Outras Receitas;siconfi-cor_RO1.9.9.0.99.00.00;318585,85
Prefeitura Municipal de Iranduba - AM;1301852;AM;46703;Receitas Brutas Realizadas;2.0.0.0.00.00.00 - Receitas de Capital;siconfi-cor_RO2.0.0.0.00.00.00;703640,2
Prefeitura Municipal de Iranduba - AM;1301852;AM;46703;Receitas Brutas Realizadas;2.4.0.0.00.00.00 - Transferências de Capital;siconfi-cor_RO2.4.0.0.00.00.00;703640,2
Prefeitura Municipal de Iranduba - AM;1301852;AM;46703;Receitas Brutas Realizadas;2.4.2.0.00.00.00 - Transferências Intergovernamentais;siconfi-cor_RO2.4.2.0.00.00.00;326400
Prefeitura Municipal de Iranduba - AM;1301852;AM;46703;Receitas Brutas Realizadas;2.4.2.1.00.00.00 - Transferências da União;siconfi-cor_RO2.4.2.1.00.00.00;326400
Prefeitura Municipal de Iranduba - AM;1301852;AM;46703;Receitas Brutas Realizadas;2.4.2.1.99.00.00 - Outras Transferências da União;siconfi-cor_RO2.4.2.1.99.00.00;326400
Prefeitura Municipal de Iranduba - AM;1301852;AM;46703;Receitas Brutas Realizadas;2.4.7.0.00.00.00 - Transferências de Convênios;siconfi-cor_RO2.4.7.0.00.00.00;377240,2
Prefeitura Municipal de Iranduba - AM;1301852;AM;46703;Receitas Brutas Realizadas;2.4.7.1.00.00.00 - Transferências de Convênios da União e de suas Entidades;siconfi-cor_RO2.4.7.1.00.00.00;377240,2
Prefeitura Municipal de Iranduba - AM;1301852;AM;46703;Receitas Brutas Realizadas;2.4.7.1.99.00.00 - Outras Transferências de Convênios da União;siconfi-cor_RO2.4.7.1.99.00.00;377240,2
Prefeitura Municipal de Iranduba - AM;1301852;AM;46703;Receitas Brutas Realizadas;7.0.0.0.00.00.00 - Receitas Correntes Intraorçamentárias;siconfi-cor_RI7.0.0.0.00.00.00;6562071,14
Prefeitura Municipal de Iranduba - AM;1301852;AM;46703;Receitas Brutas Realizadas;7.2.0.0.00.00.00 - Receitas de Contribuições Intraorçamentárias;siconfi-cor_RI7.2.0.0.00.00.00;6357113,92
Prefeitura Municipal de Iranduba - AM;1301852;AM;46703;Receitas Brutas Realizadas;7.2.1.0.00.00.00 - Contribuições Sociais Intraorçamentárias;siconfi-cor_RI7.2.1.0.00.00.00;6357113,92
Prefeitura Municipal de Iranduba - AM;1301852;AM;46703;Receitas Brutas Realizadas;7.2.1.0.29.00.00 - Contribuições para o Regime Próprio de Previdência do Servidor Público Intraorçamentárias;siconfi-cor_RI7.2.1.0.29.00.00;4037577,93
Prefeitura Municipal de Iranduba - AM;1301852;AM;46703;Receitas Brutas Realizadas;7.2.1.0.29.01.00 - Contribuição Patronal de Servidor Ativo Civil para o Regime Próprio Intraorçamentária;siconfi-cor_RI7.2.1.0.29.01.00;4037577,93
Prefeitura Municipal de Iranduba - AM;1301852;AM;46703;Receitas Brutas Realizadas;7.2.1.0.99.00.00 - Outras Contribuições Sociais Intraorçamentárias;siconfi-cor_RI7.2.1.0.99.00.00;2319535,99
Prefeitura Municipal de Iranduba - AM;1301852;AM;46703;Receitas Brutas Realizadas;7.9.0.0.00.00.00 - Outras Receitas Correntes Intraorçamentárias;siconfi-cor_RI7.9.0.0.00.00.00;204957,22
Prefeitura Municipal de Iranduba - AM;1301852;AM;46703;Receitas Brutas Realizadas;7.9.1.2.00.00.00 - Multas e Juros de Mora das Contribuições Intraorçamentárias;siconfi-cor_RI7.9.1.2.00.00.00;204957,22
Prefeitura Municipal de Iranduba - AM;1301852;AM;46703;Receitas Brutas Realizadas;7.9.1.2.29.00.00 - Multas e Juros de Mora das Contribuições para o Regime Próprio de Previdência do Servidor Intraorçamentárias;siconfi-cor_RI7.9.1.2.29.00.00;92163,45
Prefeitura Municipal de Iranduba - AM;1301852;AM;46703;Receitas Brutas Realizadas;7.9.1.2.99.00.00 - Outras Multas e Juros de Mora de Contribuições Intraorçamentárias;siconfi-cor_RI7.9.1.2.99.00.00;112793,77
Prefeitura Municipal de Iranduba - AM;1301852;AM;46703;Deduções - FUNDEB;Total Receitas;siconfi-cor_TotalReceitas;6161355,93
Prefeitura Municipal de Iranduba - AM;1301852;AM;46703;Deduções - FUNDEB;1.0.0.0.00.00.00 - Receitas Correntes;siconfi-cor_RO1.0.0.0.00.00.00;6161355,93
Prefeitura Municipal de Iranduba - AM;1301852;AM;46703;Deduções - FUNDEB;1.7.0.0.00.00.00 - Transferências Correntes;siconfi-cor_RO1.7.0.0.00.00.00;6161355,93
Prefeitura Municipal de Iranduba - AM;1301852;AM;46703;Deduções - FUNDEB;1.7.2.0.00.00.00 - Transferências Intergovernamentais;siconfi-cor_RO1.7.2.0.00.00.00;6161355,93
Prefeitura Municipal de Iranduba - AM;1301852;AM;46703;Deduções - FUNDEB;1.7.2.1.00.00.00 - Transferências da União;siconfi-cor_RO1.7.2.1.00.00.00;4213204,83
Prefeitura Municipal de Iranduba - AM;1301852;AM;46703;Deduções - FUNDEB;1.7.2.1.01.00.00 - Participação na Receita da União;siconfi-cor_RO1.7.2.1.01.00.00;4208934,99
Prefeitura Municipal de Iranduba - AM;1301852;AM;46703;Deduções - FUNDEB;1.7.2.1.01.02.00 - Cota-Parte do Fundo de Participação dos Municípios ¿ FPM;siconfi-cor_RO1.7.2.1.01.02.00;4204221,31
Prefeitura Municipal de Iranduba - AM;1301852;AM;46703;Deduções - FUNDEB;1.7.2.1.01.05.00 - Cota-Parte do Imposto Sobre a Propriedade Territorial Rural ¿ ITR;siconfi-cor_RO1.7.2.1.01.05.00;4713,68
Prefeitura Municipal de Iranduba - AM;1301852;AM;46703;Deduções - FUNDEB;1.7.2.1.36.00.00 - Transferências Financeiras do ICMS ¿ Desoneração ¿ L.C. Nº 87/96;siconfi-cor_RO1.7.2.1.36.00.00;4269,84
Prefeitura Municipal de Iranduba - AM;1301852;AM;46703;Deduções - FUNDEB;1.7.2.2.00.00.00 - Transferências dos Estados;siconfi-cor_RO1.7.2.2.00.00.00;1948151,1
Prefeitura Municipal de Iranduba - AM;1301852;AM;46703;Deduções - FUNDEB;1.7.2.2.01.00.00 - Participação na Receita dos Estados;siconfi-cor_RO1.7.2.2.01.00.00;1948151,1
Prefeitura Municipal de Iranduba - AM;1301852;AM;46703;Deduções - FUNDEB;1.7.2.2.01.01.00 - Cota-Parte do ICMS;siconfi-cor_RO1.7.2.2.01.01.00;1781153,96
Prefeitura Municipal de Iranduba - AM;1301852;AM;46703;Deduções - FUNDEB;1.7.2.2.01.02.00 - Cota-Parte do IPVA;siconfi-cor_RO1.7.2.2.01.02.00;159852,64
Prefeitura Municipal de Iranduba - AM;1301852;AM;46703;Deduções - FUNDEB;1.7.2.2.01.04.00 - Cota-Parte do IPI - Municípios;siconfi-cor_RO1.7.2.2.01.04.00;7144,5
Prefeitura Municipal de Maraã - AM;1302801;AM;18477;Receitas Brutas Realizadas;Total Receitas;siconfi-cor_TotalReceitas;48990554,72
Prefeitura Municipal de Maraã - AM;1302801;AM;18477;Receitas Brutas Realizadas;1.0.0.0.00.00.00 - Receitas Correntes;siconfi-cor_RO1.0.0.0.00.00.00;48820204,01
Prefeitura Municipal de Maraã - AM;1302801;AM;18477;Receitas Brutas Realizadas;1.1.0.0.00.00.00 - Receita Tributária;siconfi-cor_RO1.1.0.0.00.00.00;822163,17
Prefeitura Municipal de Maraã - AM;1302801;AM;18477;Receitas Brutas Realizadas;1.1.1.0.00.00.00 - Impostos;siconfi-cor_RO1.1.1.0.00.00.00;816599,37
Prefeitura Municipal de Maraã - AM;1302801;AM;18477;Receitas Brutas Realizadas;1.1.1.2.00.00.00 - Impostos sobre o Patrimônio e a Renda;siconfi-cor_RO1.1.1.2.00.00.00;606404,78
Prefeitura Municipal de Maraã - AM;1302801;AM;18477;Receitas Brutas Realizadas;1.1.1.2.02.00.00 - Imposto sobre a Propriedade Predial e Territorial Urbana ¿ IPTU;siconfi-cor_RO1.1.1.2.02.00.00;842,8
Prefeitura Municipal de Maraã - AM;1302801;AM;18477;Receitas Brutas Realizadas;1.1.1.2.04.00.00 - Imposto sobre a Renda e Proventos de Qualquer Natureza ¿ IR;siconfi-cor_RO1.1.1.2.04.00.00;605168,98
Prefeitura Municipal de Maraã - AM;1302801;AM;18477;Receitas Brutas Realizadas;1.1.1.2.04.31.00 - Retido nas Fontes - Trabalho;siconfi-cor_RO1.1.1.2.04.31.00;552819,07
Prefeitura Municipal de Maraã - AM;1302801;AM;18477;Receitas Brutas Realizadas;1.1.1.2.04.34.00 - Retido nas Fontes - Outros Rendimentos;siconfi-cor_RO1.1.1.2.04.34.00;52349,91
Prefeitura Municipal de Maraã - AM;1302801;AM;18477;Receitas Brutas Realizadas;"1.1.1.2.08.00.00 - Imposto sobre Transmissão Inter Vivos"" de Bens Imóveis e de Direitos Reais sobre Imóveis ¿ ITBI""";siconfi-cor_RO1.1.1.2.08.00.00;393
Prefeitura Municipal de Maraã - AM;1302801;AM;18477;Receitas Brutas Realizadas;1.1.1.3.00.00.00 - Impostos sobre a Produção e a Circulação;siconfi-cor_RO1.1.1.3.00.00.00;210194,59
Prefeitura Municipal de Maraã - AM;1302801;AM;18477;Receitas Brutas Realizadas;1.1.1.3.05.00.00 - Imposto sobre Serviços de Qualquer Natureza ¿ ISSQN;siconfi-cor_RO1.1.1.3.05.00.00;210194,59
Prefeitura Municipal de Maraã - AM;1302801;AM;18477;Receitas Brutas Realizadas;1.1.2.0.00.00.00 - Taxas;siconfi-cor_RO1.1.2.0.00.00.00;5563,8
Prefeitura Municipal de Maraã - AM;1302801;AM;18477;Receitas Brutas Realizadas;1.1.2.1.00.00.00 - Taxas pelo Exercício do Poder de Polícia;siconfi-cor_RO1.1.2.1.00.00.00;5527
Prefeitura Municipal de Maraã - AM;1302801;AM;18477;Receitas Brutas Realizadas;1.1.2.2.00.00.00 - Taxas pela Prestação de Serviços;siconfi-cor_RO1.1.2.2.00.00.00;36,8
Prefeitura Municipal de Maraã - AM;1302801;AM;18477;Receitas Brutas Realizadas;1.1.2.2.99.00.00 - Outras Taxas pela Prestação de Serviços;siconfi-cor_RO1.1.2.2.99.00.00;36,8
Prefeitura Municipal de Maraã - AM;1302801;AM;18477;Receitas Brutas Realizadas;1.3.0.0.00.00.00 - Receita Patrimonial;siconfi-cor_RO1.3.0.0.00.00.00;650420,32
Prefeitura Municipal de Maraã - AM;1302801;AM;18477;Receitas Brutas Realizadas;1.3.1.0.00.00.00 - Receitas Imobiliárias;siconfi-cor_RO1.3.1.0.00.00.00;8730,63
Prefeitura Municipal de Maraã - AM;1302801;AM;18477;Receitas Brutas Realizadas;1.3.1.9.00.00.00 - Outras Receitas Imobiliárias;siconfi-cor_RO1.3.1.9.00.00.00;8730,63
Prefeitura Municipal de Maraã - AM;1302801;AM;18477;Receitas Brutas Realizadas;1.3.2.0.00.00.00 - Receitas de Valores Mobiliários;siconfi-cor_RO1.3.2.0.00.00.00;641689,69
Prefeitura Municipal de Maraã - AM;1302801;AM;18477;Receitas Brutas Realizadas;1.3.2.5.00.00.00 - Remuneração de Depósitos Bancários;siconfi-cor_RO1.3.2.5.00.00.00;182783,24
Prefeitura Municipal de Maraã - AM;1302801;AM;18477;Receitas Brutas Realizadas;1.3.2.8.00.00.00 - Remuneração dos Investimentos do Regime Próprio de Previdência do Servidor;siconfi-cor_RO1.3.2.8.00.00.00;458906,45
Prefeitura Municipal de Maraã - AM;1302801;AM;18477;Receitas Brutas Realizadas;1.6.0.0.00.00.00 - Receita de Serviços;siconfi-cor_RO1.6.0.0.00.00.00;1500
Prefeitura Municipal de Maraã - AM;1302801;AM;18477;Receitas Brutas Realizadas;1.6.0.0.13.00.00 - Serviços Administrativos;siconfi-cor_RO1.6.0.0.13.00.00;1500
Prefeitura Municipal de Maraã - AM;1302801;AM;18477;Receitas Brutas Realizadas;1.7.0.0.00.00.00 - Transferências Correntes;siconfi-cor_RO1.7.0.0.00.00.00;47010681,31
Prefeitura Municipal de Maraã - AM;1302801;AM;18477;Receitas Brutas Realizadas;1.7.2.0.00.00.00 - Transferências Intergovernamentais;siconfi-cor_RO1.7.2.0.00.00.00;47010681,31
Prefeitura Municipal de Maraã - AM;1302801;AM;18477;Receitas Brutas Realizadas;1.7.2.1.00.00.00 - Transferências da União;siconfi-cor_RO1.7.2.1.00.00.00;18105960,33
Prefeitura Municipal de Maraã - AM;1302801;AM;18477;Receitas Brutas Realizadas;1.7.2.1.01.00.00 - Participação na Receita da União;siconfi-cor_RO1.7.2.1.01.00.00;13751562,75
Prefeitura Municipal de Maraã - AM;1302801;AM;18477;Receitas Brutas Realizadas;1.7.2.1.01.02.00 - Cota-Parte do Fundo de Participação dos Municípios ¿ FPM;siconfi-cor_RO1.7.2.1.01.02.00;12612664,95
Prefeitura Municipal de Maraã - AM;1302801;AM;18477;Receitas Brutas Realizadas;1.7.2.1.01.03.00 - Cota-Parte do Fundo de Participação dos Municípios - 1% Cota Anual;siconfi-cor_RO1.7.2.1.01.03.00;559800,94
Prefeitura Municipal de Maraã - AM;1302801;AM;18477;Receitas Brutas Realizadas;1.7.2.1.01.04.00 - Cota-Parte do Fundo de Participação dos Municípios - 1% Cota entregue no mês de julho (67)(I);siconfi-cor_RO1.7.2.1.01.04.00;578860,71
Prefeitura Municipal de Maraã - AM;1302801;AM;18477;Receitas Brutas Realizadas;1.7.2.1.01.05.00 - Cota-Parte do Imposto Sobre a Propriedade Territorial Rural ¿ ITR;siconfi-cor_RO1.7.2.1.01.05.00;236,15
Prefeitura Municipal de Maraã - AM;1302801;AM;18477;Receitas Brutas Realizadas;1.7.2.1.22.00.00 - Transferências da Compensação Financeira pela Exploração de Recursos Naturais;siconfi-cor_RO1.7.2.1.22.00.00;159609,15
Prefeitura Municipal de Maraã - AM;1302801;AM;18477;Receitas Brutas Realizadas;1.7.2.1.22.70.00 - Cota-Parte do Fundo Especial do Petróleo ¿ FEP;siconfi-cor_RO1.7.2.1.22.70.00;147259,54
Prefeitura Municipal de Maraã - AM;1302801;AM;18477;Receitas Brutas Realizadas;1.7.2.1.22.90.00 - Outras Transferências Decorrentes de Compensação Financeira pela Exploração de Recursos Naturais;siconfi-cor_RO1.7.2.1.22.90.00;12349,61
Prefeitura Municipal de Maraã - AM;1302801;AM;18477;Receitas Brutas Realizadas;1.7.2.1.33.00.00 - Transferências de Recursos do Sistema Único de Saúde - SUS - Repasses Fundo a Fundo;siconfi-cor_RO1.7.2.1.33.00.00;2380749,93
Prefeitura Municipal de Maraã - AM;1302801;AM;18477;Receitas Brutas Realizadas;1.7.2.1.34.00.00 - Transferências de Recursos do Fundo Nacional de Assistência Social ¿ FNAS;siconfi-cor_RO1.7.2.1.34.00.00;812496,05
Prefeitura Municipal de Maraã - AM;1302801;AM;18477;Receitas Brutas Realizadas;1.7.2.1.35.00.00 - Transferências de Recursos do Fundo Nacional do Desenvolvimento da Educação ¿ FNDE;siconfi-cor_RO1.7.2.1.35.00.00;982452,97
Prefeitura Municipal de Maraã - AM;1302801;AM;18477;Receitas Brutas Realizadas;1.7.2.1.36.00.00 - Transferências Financeiras do ICMS ¿ Desoneração ¿ L.C. Nº 87/96;siconfi-cor_RO1.7.2.1.36.00.00;19089,48
Prefeitura Municipal de Maraã - AM;1302801;AM;18477;Receitas Brutas Realizadas;1.7.2.2.00.00.00 - Transferências dos Estados;siconfi-cor_RO1.7.2.2.00.00.00;8403776,23
Prefeitura Municipal de Maraã - AM;1302801;AM;18477;Receitas Brutas Realizadas;1.7.2.2.01.00.00 - Participação na Receita dos Estados;siconfi-cor_RO1.7.2.2.01.00.00;8057549,32
Prefeitura Municipal de Maraã - AM;1302801;AM;18477;Receitas Brutas Realizadas;1.7.2.2.01.01.00 - Cota-Parte do ICMS;siconfi-cor_RO1.7.2.2.01.01.00;7962965,43
Prefeitura Municipal de Maraã - AM;1302801;AM;18477;Receitas Brutas Realizadas;1.7.2.2.01.02.00 - Cota-Parte do IPVA;siconfi-cor_RO1.7.2.2.01.02.00;10066,08
Prefeitura Municipal de Maraã - AM;1302801;AM;18477;Receitas Brutas Realizadas;1.7.2.2.01.04.00 - Cota-Parte do IPI - Municípios;siconfi-cor_RO1.7.2.2.01.04.00;31940,62
Prefeitura Municipal de Maraã - AM;1302801;AM;18477;Receitas Brutas Realizadas;1.7.2.2.01.13.00 - Cota-Parte da Contribuição de Intervenção no Domínio Econômico;siconfi-cor_RO1.7.2.2.01.13.00;52577,19
Prefeitura Municipal de Maraã - AM;1302801;AM;18477;Receitas Brutas Realizadas;1.7.2.2.22.00.00 - Transferências da Cota-Parte da Compensação Financeira (25%);siconfi-cor_RO1.7.2.2.22.00.00;85877,33
Prefeitura Municipal de Maraã - AM;1302801;AM;18477;Receitas Brutas Realizadas;1.7.2.2.22.30.00 - Cota-Parte Royalties - Compensação Financeira pela Produção de Petróleo - Lei nº 7.990/89 artigo 9º;siconfi-cor_RO1.7.2.2.22.30.00;85877,33
Prefeitura Municipal de Maraã - AM;1302801;AM;18477;Receitas Brutas Realizadas;1.7.2.2.33.00.00 - Transferências de Recursos do Estado para Programas de Saúde - Repasse Fundo a Fundo;siconfi-cor_RO1.7.2.2.33.00.00;260349,58
Prefeitura Municipal de Maraã - AM;1302801;AM;18477;Receitas Brutas Realizadas;1.7.2.4.00.00.00 - Transferências Multigovernamentais;siconfi-cor_RO1.7.2.4.00.00.00;20500944,75
Prefeitura Municipal de Maraã - AM;1302801;AM;18477;Receitas Brutas Realizadas;1.7.2.4.01.00.00 - Transferências de Recursos do Fundo de Manutenção e Desenvolvimento do Ensino Fundamental e de Valorização do Magistério - FUNDEB;siconfi-cor_RO1.7.2.4.01.00.00;12768310,55
Prefeitura Municipal de Maraã - AM;1302801;AM;18477;Receitas Brutas Realizadas;1.7.2.4.02.00.00 - Transferências de Recursos da Complementação ao Fundo de Manutenção e Desenvolvimento do Ensino Fundamental e de Valorização do Magistério - FUNDEB;siconfi-cor_RO1.7.2.4.02.00.00;7732634,2
Prefeitura Municipal de Maraã - AM;1302801;AM;18477;Receitas Brutas Realizadas;1.9.0.0.00.00.00 - Outras Receitas Correntes;siconfi-cor_RO1.9.0.0.00.00.00;335439,21
Prefeitura Municipal de Maraã - AM;1302801;AM;18477;Receitas Brutas Realizadas;1.9.2.0.00.00.00 - Indenizações e Restituições;siconfi-cor_RO1.9.2.0.00.00.00;25434,21
Prefeitura Municipal de Maraã - AM;1302801;AM;18477;Receitas Brutas Realizadas;1.9.2.2.00.00.00 - Restituições;siconfi-cor_RO1.9.2.2.00.00.00;25434,21
Prefeitura Municipal de Maraã - AM;1302801;AM;18477;Receitas Brutas Realizadas;1.9.2.2.99.00.00 - Outras Restituições;siconfi-cor_RO1.9.2.2.99.00.00;25434,21
Prefeitura Municipal de Maraã - AM;1302801;AM;18477;Receitas Brutas Realizadas;1.9.9.0.00.00.00 - Receitas Diversas;siconfi-cor_RO1.9.9.0.00.00.00;310005
Prefeitura Municipal de Maraã - AM;1302801;AM;18477;Receitas Brutas Realizadas;1.9.9.0.20.00.00 - Contribuição Voluntária ¿ Montepio Civil;siconfi-cor_RO1.9.9.0.20.00.00;310005
Prefeitura Municipal de Maraã - AM;1302801;AM;18477;Receitas Brutas Realizadas;2.0.0.0.00.00.00 - Receitas de Capital;siconfi-cor_RO2.0.0.0.00.00.00;170350,71
Prefeitura Municipal de Maraã - AM;1302801;AM;18477;Receitas Brutas Realizadas;2.4.0.0.00.00.00 - Transferências de Capital;siconfi-cor_RO2.4.0.0.00.00.00;170350,71
Prefeitura Municipal de Maraã - AM;1302801;AM;18477;Receitas Brutas Realizadas;2.4.2.0.00.00.00 - Transferências Intergovernamentais;siconfi-cor_RO2.4.2.0.00.00.00;170350,71
Prefeitura Municipal de Maraã - AM;1302801;AM;18477;Receitas Brutas Realizadas;2.4.2.1.00.00.00 - Transferências da União;siconfi-cor_RO2.4.2.1.00.00.00;170350,71
Prefeitura Municipal de Maraã - AM;1302801;AM;18477;Receitas Brutas Realizadas;2.4.2.1.02.00.00 - Transferências de Recursos Destinados a Programas de Educação;siconfi-cor_RO2.4.2.1.02.00.00;170350,71
Prefeitura Municipal de Maraã - AM;1302801;AM;18477;Outras Deduções da Receita;Total Receitas;siconfi-cor_TotalReceitas;4127391,94
Prefeitura Municipal de Maraã - AM;1302801;AM;18477;Outras Deduções da Receita;1.0.0.0.00.00.00 - Receitas Correntes;siconfi-cor_RO1.0.0.0.00.00.00;4127391,94
Prefeitura Municipal de Maraã - AM;1302801;AM;18477;Outras Deduções da Receita;1.7.0.0.00.00.00 - Transferências Correntes;siconfi-cor_RO1.7.0.0.00.00.00;4127391,94
Prefeitura Municipal de Maraã - AM;1302801;AM;18477;Outras Deduções da Receita;1.7.2.0.00.00.00 - Transferências Intergovernamentais;siconfi-cor_RO1.7.2.0.00.00.00;4127391,94
Prefeitura Municipal de Maraã - AM;1302801;AM;18477;Outras Deduções da Receita;1.7.2.1.00.00.00 - Transferências da União;siconfi-cor_RO1.7.2.1.00.00.00;2526397,67
Prefeitura Municipal de Maraã - AM;1302801;AM;18477;Outras Deduções da Receita;1.7.2.1.01.00.00 - Participação na Receita da União;siconfi-cor_RO1.7.2.1.01.00.00;2522579,87
Prefeitura Municipal de Maraã - AM;1302801;AM;18477;Outras Deduções da Receita;1.7.2.1.01.02.00 - Cota-Parte do Fundo de Participação dos Municípios ¿ FPM;siconfi-cor_RO1.7.2.1.01.02.00;2522532,65
Prefeitura Municipal de Maraã - AM;1302801;AM;18477;Outras Deduções da Receita;1.7.2.1.01.05.00 - Cota-Parte do Imposto Sobre a Propriedade Territorial Rural ¿ ITR;siconfi-cor_RO1.7.2.1.01.05.00;47,22
Prefeitura Municipal de Maraã - AM;1302801;AM;18477;Outras Deduções da Receita;1.7.2.1.36.00.00 - Transferências Financeiras do ICMS ¿ Desoneração ¿ L.C. Nº 87/96;siconfi-cor_RO1.7.2.1.36.00.00;3817,8
Prefeitura Municipal de Maraã - AM;1302801;AM;18477;Outras Deduções da Receita;1.7.2.2.00.00.00 - Transferências dos Estados;siconfi-cor_RO1.7.2.2.00.00.00;1600994,27
Prefeitura Municipal de Maraã - AM;1302801;AM;18477;Outras Deduções da Receita;1.7.2.2.01.00.00 - Participação na Receita dos Estados;siconfi-cor_RO1.7.2.2.01.00.00;1600994,27
Prefeitura Municipal de Maraã - AM;1302801;AM;18477;Outras Deduções da Receita;1.7.2.2.01.01.00 - Cota-Parte do ICMS;siconfi-cor_RO1.7.2.2.01.01.00;1592593,09
Prefeitura Municipal de Maraã - AM;1302801;AM;18477;Outras Deduções da Receita;1.7.2.2.01.02.00 - Cota-Parte do IPVA;siconfi-cor_RO1.7.2.2.01.02.00;2013,02
Prefeitura Municipal de Maraã - AM;1302801;AM;18477;Outras Deduções da Receita;1.7.2.2.01.04.00 - Cota-Parte do IPI - Municípios;siconfi-cor_RO1.7.2.2.01.04.00;6388,16
Prefeitura Municipal de Anori - AM;1300102;AM;19749;Receitas Brutas Realizadas;Total Receitas;siconfi-cor_TotalReceitas;40989545,16
Prefeitura Municipal de Anori - AM;1300102;AM;19749;Receitas Brutas Realizadas;1.0.0.0.00.00.00 - Receitas Correntes;siconfi-cor_RO1.0.0.0.00.00.00;40829945,16
Prefeitura Municipal de Anori - AM;1300102;AM;19749;Receitas Brutas Realizadas;1.1.0.0.00.00.00 - Receita Tributária;siconfi-cor_RO1.1.0.0.00.00.00;677569,99
Prefeitura Municipal de Anori - AM;1300102;AM;19749;Receitas Brutas Realizadas;1.1.1.0.00.00.00 - Impostos;siconfi-cor_RO1.1.1.0.00.00.00;677354,32
Prefeitura Municipal de Anori - AM;1300102;AM;19749;Receitas Brutas Realizadas;1.1.1.2.00.00.00 - Impostos sobre o Patrimônio e a Renda;siconfi-cor_RO1.1.1.2.00.00.00;483120,18
Prefeitura Municipal de Anori - AM;1300102;AM;19749;Receitas Brutas Realizadas;1.1.1.2.02.00.00 - Imposto sobre a Propriedade Predial e Territorial Urbana ¿ IPTU;siconfi-cor_RO1.1.1.2.02.00.00;9381,1
Prefeitura Municipal de Anori - AM;1300102;AM;19749;Receitas Brutas Realizadas;1.1.1.2.04.00.00 - Imposto sobre a Renda e Proventos de Qualquer Natureza ¿ IR;siconfi-cor_RO1.1.1.2.04.00.00;473739,08
Prefeitura Municipal de Anori - AM;1300102;AM;19749;Receitas Brutas Realizadas;1.1.1.2.04.31.00 - Retido nas Fontes - Trabalho;siconfi-cor_RO1.1.1.2.04.31.00;409161,31
Prefeitura Municipal de Anori - AM;1300102;AM;19749;Receitas Brutas Realizadas;1.1.1.2.04.34.00 - Retido nas Fontes - Outros Rendimentos;siconfi-cor_RO1.1.1.2.04.34.00;64577,77
Prefeitura Municipal de Anori - AM;1300102;AM;19749;Receitas Brutas Realizadas;1.1.1.3.00.00.00 - Impostos sobre a Produção e a Circulação;siconfi-cor_RO1.1.1.3.00.00.00;194234,14
Prefeitura Municipal de Anori - AM;1300102;AM;19749;Receitas Brutas Realizadas;1.1.1.3.05.00.00 - Imposto sobre Serviços de Qualquer Natureza ¿ ISSQN;siconfi-cor_RO1.1.1.3.05.00.00;194234,14
Prefeitura Municipal de Anori - AM;1300102;AM;19749;Receitas Brutas Realizadas;1.1.2.0.00.00.00 - Taxas;siconfi-cor_RO1.1.2.0.00.00.00;215,67
Prefeitura Municipal de Anori - AM;1300102;AM;19749;Receitas Brutas Realizadas;1.1.2.1.00.00.00 - Taxas pelo Exercício do Poder de Polícia;siconfi-cor_RO1.1.2.1.00.00.00;215,67
Prefeitura Municipal de Anori - AM;1300102;AM;19749;Receitas Brutas Realizadas;1.2.0.0.00.00.00 - Receitas de Contribuições;siconfi-cor_RO1.2.0.0.00.00.00;240638,26
Prefeitura Municipal de Anori - AM;1300102;AM;19749;Receitas Brutas Realizadas;1.2.3.0.00.00.00 - Contribuição para Custeio do Serviço de Iluminação Pública;siconfi-cor_RO1.2.3.0.00.00.00;240638,26
Prefeitura Municipal de Anori - AM;1300102;AM;19749;Receitas Brutas Realizadas;1.3.0.0.00.00.00 - Receita Patrimonial;siconfi-cor_RO1.3.0.0.00.00.00;134475,02
Prefeitura Municipal de Anori - AM;1300102;AM;19749;Receitas Brutas Realizadas;1.3.2.0.00.00.00 - Receitas de Valores Mobiliários;siconfi-cor_RO1.3.2.0.00.00.00;134475,02
Prefeitura Municipal de Anori - AM;1300102;AM;19749;Receitas Brutas Realizadas;1.3.2.5.00.00.00 - Remuneração de Depósitos Bancários;siconfi-cor_RO1.3.2.5.00.00.00;134475,02
Prefeitura Municipal de Anori - AM;1300102;AM;19749;Receitas Brutas Realizadas;1.6.0.0.00.00.00 - Receita de Serviços;siconfi-cor_RO1.6.0.0.00.00.00;97222,73
Prefeitura Municipal de Anori - AM;1300102;AM;19749;Receitas Brutas Realizadas;1.6.0.0.13.00.00 - Serviços Administrativos;siconfi-cor_RO1.6.0.0.13.00.00;620
Prefeitura Municipal de Anori - AM;1300102;AM;19749;Receitas Brutas Realizadas;1.6.0.0.41.00.00 - Serviços de Captação, Adução, Tratamento, Reserva e Distribuição de Água;siconfi-cor_RO1.6.0.0.41.00.00;96602,73
Prefeitura Municipal de Anori - AM;1300102;AM;19749;Receitas Brutas Realizadas;1.7.0.0.00.00.00 - Transferências Correntes;siconfi-cor_RO1.7.0.0.00.00.00;39593727,83
Prefeitura Municipal de Anori - AM;1300102;AM;19749;Receitas Brutas Realizadas;1.7.2.0.00.00.00 - Transferências Intergovernamentais;siconfi-cor_RO1.7.2.0.00.00.00;39593727,83
Prefeitura Municipal de Anori - AM;1300102;AM;19749;Receitas Brutas Realizadas;1.7.2.1.00.00.00 - Transferências da União;siconfi-cor_RO1.7.2.1.00.00.00;24070574,75
Prefeitura Municipal de Anori - AM;1300102;AM;19749;Receitas Brutas Realizadas;1.7.2.1.01.00.00 - Participação na Receita da União;siconfi-cor_RO1.7.2.1.01.00.00;13751403,48
Prefeitura Municipal de Anori - AM;1300102;AM;19749;Receitas Brutas Realizadas;1.7.2.1.01.02.00 - Cota-Parte do Fundo de Participação dos Municípios ¿ FPM;siconfi-cor_RO1.7.2.1.01.02.00;12612664,95
Prefeitura Municipal de Anori - AM;1300102;AM;19749;Receitas Brutas Realizadas;1.7.2.1.01.03.00 - Cota-Parte do Fundo de Participação dos Municípios - 1% Cota Anual;siconfi-cor_RO1.7.2.1.01.03.00;559800,94
Prefeitura Municipal de Anori - AM;1300102;AM;19749;Receitas Brutas Realizadas;1.7.2.1.01.04.00 - Cota-Parte do Fundo de Participação dos Municípios - 1% Cota entregue no mês de julho (67)(I);siconfi-cor_RO1.7.2.1.01.04.00;578860,71
Prefeitura Municipal de Anori - AM;1300102;AM;19749;Receitas Brutas Realizadas;1.7.2.1.01.05.00 - Cota-Parte do Imposto Sobre a Propriedade Territorial Rural ¿ ITR;siconfi-cor_RO1.7.2.1.01.05.00;76,88
Prefeitura Municipal de Anori - AM;1300102;AM;19749;Receitas Brutas Realizadas;1.7.2.1.22.00.00 - Transferências da Compensação Financeira pela Exploração de Recursos Naturais;siconfi-cor_RO1.7.2.1.22.00.00;5721074
Prefeitura Municipal de Anori - AM;1300102;AM;19749;Receitas Brutas Realizadas;1.7.2.1.22.40.00 - Cota-Parte Royalties pelo Excedente da Produção do Petróleo - Lei nº 9.478/97 artigo 49 I e II;siconfi-cor_RO1.7.2.1.22.40.00;5573814,46
Prefeitura Municipal de Anori - AM;1300102;AM;19749;Receitas Brutas Realizadas;1.7.2.1.22.70.00 - Cota-Parte do Fundo Especial do Petróleo ¿ FEP;siconfi-cor_RO1.7.2.1.22.70.00;147259,54
Prefeitura Municipal de Anori - AM;1300102;AM;19749;Receitas Brutas Realizadas;1.7.2.1.33.00.00 - Transferências de Recursos do Sistema Único de Saúde - SUS - Repasses Fundo a Fundo;siconfi-cor_RO1.7.2.1.33.00.00;3671251,77
Prefeitura Municipal de Anori - AM;1300102;AM;19749;Receitas Brutas Realizadas;1.7.2.1.34.00.00 - Transferências de Recursos do Fundo Nacional de Assistência Social ¿ FNAS;siconfi-cor_RO1.7.2.1.34.00.00;479798,93
Prefeitura Municipal de Anori - AM;1300102;AM;19749;Receitas Brutas Realizadas;1.7.2.1.35.00.00 - Transferências de Recursos do Fundo Nacional do Desenvolvimento da Educação ¿ FNDE;siconfi-cor_RO1.7.2.1.35.00.00;418261,68
Prefeitura Municipal de Anori - AM;1300102;AM;19749;Receitas Brutas Realizadas;1.7.2.1.36.00.00 - Transferências Financeiras do ICMS ¿ Desoneração ¿ L.C. Nº 87/96;siconfi-cor_RO1.7.2.1.36.00.00;17477,88
Prefeitura Municipal de Anori - AM;1300102;AM;19749;Receitas Brutas Realizadas;1.7.2.1.99.00.00 - Outras Transferências da União;siconfi-cor_RO1.7.2.1.99.00.00;11307,01
Prefeitura Municipal de Anori - AM;1300102;AM;19749;Receitas Brutas Realizadas;1.7.2.2.00.00.00 - Transferências dos Estados;siconfi-cor_RO1.7.2.2.00.00.00;7689420,87
Prefeitura Municipal de Anori - AM;1300102;AM;19749;Receitas Brutas Realizadas;1.7.2.2.01.00.00 - Participação na Receita dos Estados;siconfi-cor_RO1.7.2.2.01.00.00;7389444,03
Prefeitura Municipal de Anori - AM;1300102;AM;19749;Receitas Brutas Realizadas;1.7.2.2.01.01.00 - Cota-Parte do ICMS;siconfi-cor_RO1.7.2.2.01.01.00;7290705,04
Prefeitura Municipal de Anori - AM;1300102;AM;19749;Receitas Brutas Realizadas;1.7.2.2.01.02.00 - Cota-Parte do IPVA;siconfi-cor_RO1.7.2.2.01.02.00;16003,69
Prefeitura Municipal de Anori - AM;1300102;AM;19749;Receitas Brutas Realizadas;1.7.2.2.01.04.00 - Cota-Parte do IPI - Municípios;siconfi-cor_RO1.7.2.2.01.04.00;29244,08
Prefeitura Municipal de Anori - AM;1300102;AM;19749;Receitas Brutas Realizadas;1.7.2.2.01.13.00 - Cota-Parte da Contribuição de Intervenção no Domínio Econômico;siconfi-cor_RO1.7.2.2.01.13.00;53491,22
Prefeitura Municipal de Anori - AM;1300102;AM;19749;Receitas Brutas Realizadas;1.7.2.2.22.00.00 - Transferências da Cota-Parte da Compensação Financeira (25%);siconfi-cor_RO1.7.2.2.22.00.00;78627,26
Prefeitura Municipal de Anori - AM;1300102;AM;19749;Receitas Brutas Realizadas;1.7.2.2.22.30.00 - Cota-Parte Royalties - Compensação Financeira pela Produção de Petróleo - Lei nº 7.990/89 artigo 9º;siconfi-cor_RO1.7.2.2.22.30.00;78627,26
Prefeitura Municipal de Anori - AM;1300102;AM;19749;Receitas Brutas Realizadas;1.7.2.2.33.00.00 - Transferências de Recursos do Estado para Programas de Saúde - Repasse Fundo a Fundo;siconfi-cor_RO1.7.2.2.33.00.00;221349,58
Prefeitura Municipal de Anori - AM;1300102;AM;19749;Receitas Brutas Realizadas;1.7.2.4.00.00.00 - Transferências Multigovernamentais;siconfi-cor_RO1.7.2.4.00.00.00;7833732,21
Prefeitura Municipal de Anori - AM;1300102;AM;19749;Receitas Brutas Realizadas;1.7.2.4.01.00.00 - Transferências de Recursos do Fundo de Manutenção e Desenvolvimento do Ensino Fundamental e de Valorização do Magistério - FUNDEB;siconfi-cor_RO1.7.2.4.01.00.00;5937233,12
Prefeitura Municipal de Anori - AM;1300102;AM;19749;Receitas Brutas Realizadas;1.7.2.4.02.00.00 - Transferências de Recursos da Complementação ao Fundo de Manutenção e Desenvolvimento do Ensino Fundamental e de Valorização do Magistério - FUNDEB;siconfi-cor_RO1.7.2.4.02.00.00;1896499,09
Prefeitura Municipal de Anori - AM;1300102;AM;19749;Receitas Brutas Realizadas;1.9.0.0.00.00.00 - Outras Receitas Correntes;siconfi-cor_RO1.9.0.0.00.00.00;86311,33
Prefeitura Municipal de Anori - AM;1300102;AM;19749;Receitas Brutas Realizadas;1.9.2.0.00.00.00 - Indenizações e Restituições;siconfi-cor_RO1.9.2.0.00.00.00;86311,33
Prefeitura Municipal de Anori - AM;1300102;AM;19749;Receitas Brutas Realizadas;1.9.2.2.00.00.00 - Restituições;siconfi-cor_RO1.9.2.2.00.00.00;86311,33
Prefeitura Municipal de Anori - AM;1300102;AM;19749;Receitas Brutas Realizadas;1.9.2.2.99.00.00 - Outras Restituições;siconfi-cor_RO1.9.2.2.99.00.00;86311,33
Prefeitura Municipal de Anori - AM;1300102;AM;19749;Receitas Brutas Realizadas;2.0.0.0.00.00.00 - Receitas de Capital;siconfi-cor_RO2.0.0.0.00.00.00;159600
Prefeitura Municipal de Anori - AM;1300102;AM;19749;Receitas Brutas Realizadas;2.4.0.0.00.00.00 - Transferências de Capital;siconfi-cor_RO2.4.0.0.00.00.00;159600
Prefeitura Municipal de Anori - AM;1300102;AM;19749;Receitas Brutas Realizadas;2.4.2.0.00.00.00 - Transferências Intergovernamentais;siconfi-cor_RO2.4.2.0.00.00.00;159600
Prefeitura Municipal de Anori - AM;1300102;AM;19749;Receitas Brutas Realizadas;2.4.2.1.00.00.00 - Transferências da União;siconfi-cor_RO2.4.2.1.00.00.00;159600
Prefeitura Municipal de Anori - AM;1300102;AM;19749;Receitas Brutas Realizadas;2.4.2.1.01.00.00 - Participação na Receita da União;siconfi-cor_RO2.4.2.1.01.00.00;159600
Prefeitura Municipal de Anori - AM;1300102;AM;19749;Outras Deduções da Receita;Total Receitas;siconfi-cor_TotalReceitas;3993233,85
Prefeitura Municipal de Anori - AM;1300102;AM;19749;Outras Deduções da Receita;1.0.0.0.00.00.00 - Receitas Correntes;siconfi-cor_RO1.0.0.0.00.00.00;3993233,85
Prefeitura Municipal de Anori - AM;1300102;AM;19749;Outras Deduções da Receita;1.7.0.0.00.00.00 - Transferências Correntes;siconfi-cor_RO1.7.0.0.00.00.00;3993233,85
Prefeitura Municipal de Anori - AM;1300102;AM;19749;Outras Deduções da Receita;1.7.2.0.00.00.00 - Transferências Intergovernamentais;siconfi-cor_RO1.7.2.0.00.00.00;3993233,85
Prefeitura Municipal de Anori - AM;1300102;AM;19749;Outras Deduções da Receita;1.7.2.1.00.00.00 - Transferências da União;siconfi-cor_RO1.7.2.1.00.00.00;2526043,5
Prefeitura Municipal de Anori - AM;1300102;AM;19749;Outras Deduções da Receita;1.7.2.1.01.00.00 - Participação na Receita da União;siconfi-cor_RO1.7.2.1.01.00.00;2522548,02
Prefeitura Municipal de Anori - AM;1300102;AM;19749;Outras Deduções da Receita;1.7.2.1.01.02.00 - Cota-Parte do Fundo de Participação dos Municípios ¿ FPM;siconfi-cor_RO1.7.2.1.01.02.00;2522532,65
Prefeitura Municipal de Anori - AM;1300102;AM;19749;Outras Deduções da Receita;1.7.2.1.01.05.00 - Cota-Parte do Imposto Sobre a Propriedade Territorial Rural ¿ ITR;siconfi-cor_RO1.7.2.1.01.05.00;15,37
Prefeitura Municipal de Anori - AM;1300102;AM;19749;Outras Deduções da Receita;1.7.2.1.36.00.00 - Transferências Financeiras do ICMS ¿ Desoneração ¿ L.C. Nº 87/96;siconfi-cor_RO1.7.2.1.36.00.00;3495,48
Prefeitura Municipal de Anori - AM;1300102;AM;19749;Outras Deduções da Receita;1.7.2.2.00.00.00 - Transferências dos Estados;siconfi-cor_RO1.7.2.2.00.00.00;1467190,35
Prefeitura Municipal de Anori - AM;1300102;AM;19749;Outras Deduções da Receita;1.7.2.2.01.00.00 - Participação na Receita dos Estados;siconfi-cor_RO1.7.2.2.01.00.00;1467190,35
Prefeitura Municipal de Anori - AM;1300102;AM;19749;Outras Deduções da Receita;1.7.2.2.01.01.00 - Cota-Parte do ICMS;siconfi-cor_RO1.7.2.2.01.01.00;1458141,03
Prefeitura Municipal de Anori - AM;1300102;AM;19749;Outras Deduções da Receita;1.7.2.2.01.02.00 - Cota-Parte do IPVA;siconfi-cor_RO1.7.2.2.01.02.00;3200,47
Prefeitura Municipal de Anori - AM;1300102;AM;19749;Outras Deduções da Receita;1.7.2.2.01.04.00 - Cota-Parte do IPI - Municípios;siconfi-cor_RO1.7.2.2.01.04.00;5848,85
Prefeitura Municipal de São Gabriel da Cachoeira - AM;1303809;AM;43831;Receitas Brutas Realizadas;Total Receitas;siconfi-cor_TotalReceitas;86867992,4
Prefeitura Municipal de São Gabriel da Cachoeira - AM;1303809;AM;43831;Receitas Brutas Realizadas;1.0.0.0.00.00.00 - Receitas Correntes;siconfi-cor_RO1.0.0.0.00.00.00;86867992,4
Prefeitura Municipal de São Gabriel da Cachoeira - AM;1303809;AM;43831;Receitas Brutas Realizadas;1.1.0.0.00.00.00 - Receita Tributária;siconfi-cor_RO1.1.0.0.00.00.00;2632036,24
Prefeitura Municipal de São Gabriel da Cachoeira - AM;1303809;AM;43831;Receitas Brutas Realizadas;1.1.1.0.00.00.00 - Impostos;siconfi-cor_RO1.1.1.0.00.00.00;2140213,51
Prefeitura Municipal de São Gabriel da Cachoeira - AM;1303809;AM;43831;Receitas Brutas Realizadas;1.1.1.2.00.00.00 - Impostos sobre o Patrimônio e a Renda;siconfi-cor_RO1.1.1.2.00.00.00;847853,25
Prefeitura Municipal de São Gabriel da Cachoeira - AM;1303809;AM;43831;Receitas Brutas Realizadas;1.1.1.2.02.00.00 - Imposto sobre a Propriedade Predial e Territorial Urbana ¿ IPTU;siconfi-cor_RO1.1.1.2.02.00.00;172960,16
Prefeitura Municipal de São Gabriel da Cachoeira - AM;1303809;AM;43831;Receitas Brutas Realizadas;1.1.1.2.04.00.00 - Imposto sobre a Renda e Proventos de Qualquer Natureza ¿ IR;siconfi-cor_RO1.1.1.2.04.00.00;607233,15
Prefeitura Municipal de São Gabriel da Cachoeira - AM;1303809;AM;43831;Receitas Brutas Realizadas;1.1.1.2.04.31.00 - Retido nas Fontes - Trabalho;siconfi-cor_RO1.1.1.2.04.31.00;558382,29
Prefeitura Municipal de São Gabriel da Cachoeira - AM;1303809;AM;43831;Receitas Brutas Realizadas;1.1.1.2.04.34.00 - Retido nas Fontes - Outros Rendimentos;siconfi-cor_RO1.1.1.2.04.34.00;48850,86
Prefeitura Municipal de São Gabriel da Cachoeira - AM;1303809;AM;43831;Receitas Brutas Realizadas;"1.1.1.2.08.00.00 - Imposto sobre Transmissão Inter Vivos"" de Bens Imóveis e de Direitos Reais sobre Imóveis ¿ ITBI""";siconfi-cor_RO1.1.1.2.08.00.00;67659,94
Prefeitura Municipal de São Gabriel da Cachoeira - AM;1303809;AM;43831;Receitas Brutas Realizadas;1.1.1.3.00.00.00 - Impostos sobre a Produção e a Circulação;siconfi-cor_RO1.1.1.3.00.00.00;1292360,26
Prefeitura Municipal de São Gabriel da Cachoeira - AM;1303809;AM;43831;Receitas Brutas Realizadas;1.1.1.3.05.00.00 - Imposto sobre Serviços de Qualquer Natureza ¿ ISSQN;siconfi-cor_RO1.1.1.3.05.00.00;1292360,26
Prefeitura Municipal de São Gabriel da Cachoeira - AM;1303809;AM;43831;Receitas Brutas Realizadas;1.1.2.0.00.00.00 - Taxas;siconfi-cor_RO1.1.2.0.00.00.00;491822,73
Prefeitura Municipal de São Gabriel da Cachoeira - AM;1303809;AM;43831;Receitas Brutas Realizadas;1.1.2.1.00.00.00 - Taxas pelo Exercício do Poder de Polícia;siconfi-cor_RO1.1.2.1.00.00.00;473225,51
Prefeitura Municipal de São Gabriel da Cachoeira - AM;1303809;AM;43831;Receitas Brutas Realizadas;1.1.2.2.00.00.00 - Taxas pela Prestação de Serviços;siconfi-cor_RO1.1.2.2.00.00.00;18597,22
Prefeitura Municipal de São Gabriel da Cachoeira - AM;1303809;AM;43831;Receitas Brutas Realizadas;1.1.2.2.99.00.00 - Outras Taxas pela Prestação de Serviços;siconfi-cor_RO1.1.2.2.99.00.00;18597,22
Prefeitura Municipal de São Gabriel da Cachoeira - AM;1303809;AM;43831;Receitas Brutas Realizadas;1.3.0.0.00.00.00 - Receita Patrimonial;siconfi-cor_RO1.3.0.0.00.00.00;726666,01
Prefeitura Municipal de São Gabriel da Cachoeira - AM;1303809;AM;43831;Receitas Brutas Realizadas;1.3.2.0.00.00.00 - Receitas de Valores Mobiliários;siconfi-cor_RO1.3.2.0.00.00.00;726666,01
Prefeitura Municipal de São Gabriel da Cachoeira - AM;1303809;AM;43831;Receitas Brutas Realizadas;1.3.2.5.00.00.00 - Remuneração de Depósitos Bancários;siconfi-cor_RO1.3.2.5.00.00.00;726666,01
Prefeitura Municipal de São Gabriel da Cachoeira - AM;1303809;AM;43831;Receitas Brutas Realizadas;1.7.0.0.00.00.00 - Transferências Correntes;siconfi-cor_RO1.7.0.0.00.00.00;83505236,88
Prefeitura Municipal de São Gabriel da Cachoeira - AM;1303809;AM;43831;Receitas Brutas Realizadas;1.7.2.0.00.00.00 - Transferências Intergovernamentais;siconfi-cor_RO1.7.2.0.00.00.00;83505236,88
Prefeitura Municipal de São Gabriel da Cachoeira - AM;1303809;AM;43831;Receitas Brutas Realizadas;1.7.2.1.00.00.00 - Transferências da União;siconfi-cor_RO1.7.2.1.00.00.00;29615086,73
Prefeitura Municipal de São Gabriel da Cachoeira - AM;1303809;AM;43831;Receitas Brutas Realizadas;1.7.2.1.01.00.00 - Participação na Receita da União;siconfi-cor_RO1.7.2.1.01.00.00;20627028,69
Prefeitura Municipal de São Gabriel da Cachoeira - AM;1303809;AM;43831;Receitas Brutas Realizadas;1.7.2.1.01.02.00 - Cota-Parte do Fundo de Participação dos Municípios ¿ FPM;siconfi-cor_RO1.7.2.1.01.02.00;20626989,94
Prefeitura Municipal de São Gabriel da Cachoeira - AM;1303809;AM;43831;Receitas Brutas Realizadas;1.7.2.1.01.05.00 - Cota-Parte do Imposto Sobre a Propriedade Territorial Rural ¿ ITR;siconfi-cor_RO1.7.2.1.01.05.00;38,75
Prefeitura Municipal de São Gabriel da Cachoeira - AM;1303809;AM;43831;Receitas Brutas Realizadas;1.7.2.1.22.00.00 - Transferências da Compensação Financeira pela Exploração de Recursos Naturais;siconfi-cor_RO1.7.2.1.22.00.00;221330,17
Prefeitura Municipal de São Gabriel da Cachoeira - AM;1303809;AM;43831;Receitas Brutas Realizadas;1.7.2.1.22.70.00 - Cota-Parte do Fundo Especial do Petróleo ¿ FEP;siconfi-cor_RO1.7.2.1.22.70.00;221330,17
Prefeitura Municipal de São Gabriel da Cachoeira - AM;1303809;AM;43831;Receitas Brutas Realizadas;1.7.2.1.33.00.00 - Transferências de Recursos do Sistema Único de Saúde - SUS - Repasses Fundo a Fundo;siconfi-cor_RO1.7.2.1.33.00.00;5354119,82
Prefeitura Municipal de São Gabriel da Cachoeira - AM;1303809;AM;43831;Receitas Brutas Realizadas;1.7.2.1.34.00.00 - Transferências de Recursos do Fundo Nacional de Assistência Social ¿ FNAS;siconfi-cor_RO1.7.2.1.34.00.00;738572,44
Prefeitura Municipal de São Gabriel da Cachoeira - AM;1303809;AM;43831;Receitas Brutas Realizadas;1.7.2.1.35.00.00 - Transferências de Recursos do Fundo Nacional do Desenvolvimento da Educação ¿ FNDE;siconfi-cor_RO1.7.2.1.35.00.00;2620611,79
Prefeitura Municipal de São Gabriel da Cachoeira - AM;1303809;AM;43831;Receitas Brutas Realizadas;1.7.2.1.36.00.00 - Transferências Financeiras do ICMS ¿ Desoneração ¿ L.C. Nº 87/96;siconfi-cor_RO1.7.2.1.36.00.00;32438,4
Prefeitura Municipal de São Gabriel da Cachoeira - AM;1303809;AM;43831;Receitas Brutas Realizadas;1.7.2.1.99.00.00 - Outras Transferências da União;siconfi-cor_RO1.7.2.1.99.00.00;20985,42
Prefeitura Municipal de São Gabriel da Cachoeira - AM;1303809;AM;43831;Receitas Brutas Realizadas;1.7.2.2.00.00.00 - Transferências dos Estados;siconfi-cor_RO1.7.2.2.00.00.00;14675496,79
Prefeitura Municipal de São Gabriel da Cachoeira - AM;1303809;AM;43831;Receitas Brutas Realizadas;1.7.2.2.01.00.00 - Participação na Receita dos Estados;siconfi-cor_RO1.7.2.2.01.00.00;13961787,36
Prefeitura Municipal de São Gabriel da Cachoeira - AM;1303809;AM;43831;Receitas Brutas Realizadas;1.7.2.2.01.01.00 - Cota-Parte do ICMS;siconfi-cor_RO1.7.2.2.01.01.00;13531290,21
Prefeitura Municipal de São Gabriel da Cachoeira - AM;1303809;AM;43831;Receitas Brutas Realizadas;1.7.2.2.01.02.00 - Cota-Parte do IPVA;siconfi-cor_RO1.7.2.2.01.02.00;284420,75
Prefeitura Municipal de São Gabriel da Cachoeira - AM;1303809;AM;43831;Receitas Brutas Realizadas;1.7.2.2.01.04.00 - Cota-Parte do IPI - Municípios;siconfi-cor_RO1.7.2.2.01.04.00;54708,33
Prefeitura Municipal de São Gabriel da Cachoeira - AM;1303809;AM;43831;Receitas Brutas Realizadas;1.7.2.2.01.13.00 - Cota-Parte da Contribuição de Intervenção no Domínio Econômico;siconfi-cor_RO1.7.2.2.01.13.00;91368,07
Prefeitura Municipal de São Gabriel da Cachoeira - AM;1303809;AM;43831;Receitas Brutas Realizadas;1.7.2.2.22.00.00 - Transferências da Cota-Parte da Compensação Financeira (25%);siconfi-cor_RO1.7.2.2.22.00.00;145929,43
Prefeitura Municipal de São Gabriel da Cachoeira - AM;1303809;AM;43831;Receitas Brutas Realizadas;1.7.2.2.22.30.00 - Cota-Parte Royalties - Compensação Financeira pela Produção de Petróleo - Lei nº 7.990/89 artigo 9º;siconfi-cor_RO1.7.2.2.22.30.00;145929,43
Prefeitura Municipal de São Gabriel da Cachoeira - AM;1303809;AM;43831;Receitas Brutas Realizadas;1.7.2.2.33.00.00 - Transferências de Recursos do Estado para Programas de Saúde - Repasse Fundo a Fundo;siconfi-cor_RO1.7.2.2.33.00.00;567780
Prefeitura Municipal de São Gabriel da Cachoeira - AM;1303809;AM;43831;Receitas Brutas Realizadas;1.7.2.4.00.00.00 - Transferências Multigovernamentais;siconfi-cor_RO1.7.2.4.00.00.00;39214653,36
Prefeitura Municipal de São Gabriel da Cachoeira - AM;1303809;AM;43831;Receitas Brutas Realizadas;1.7.2.4.01.00.00 - Transferências de Recursos do Fundo de Manutenção e Desenvolvimento do Ensino Fundamental e de Valorização do Magistério - FUNDEB;siconfi-cor_RO1.7.2.4.01.00.00;25235851,16
Prefeitura Municipal de São Gabriel da Cachoeira - AM;1303809;AM;43831;Receitas Brutas Realizadas;1.7.2.4.02.00.00 - Transferências de Recursos da Complementação ao Fundo de Manutenção e Desenvolvimento do Ensino Fundamental e de Valorização do Magistério - FUNDEB;siconfi-cor_RO1.7.2.4.02.00.00;13978802,2
Prefeitura Municipal de São Gabriel da Cachoeira - AM;1303809;AM;43831;Receitas Brutas Realizadas;1.9.0.0.00.00.00 - Outras Receitas Correntes;siconfi-cor_RO1.9.0.0.00.00.00;4053,27
Prefeitura Municipal de São Gabriel da Cachoeira - AM;1303809;AM;43831;Receitas Brutas Realizadas;1.9.2.0.00.00.00 - Indenizações e Restituições;siconfi-cor_RO1.9.2.0.00.00.00;3492,09
Prefeitura Municipal de São Gabriel da Cachoeira - AM;1303809;AM;43831;Receitas Brutas Realizadas;1.9.2.2.00.00.00 - Restituições;siconfi-cor_RO1.9.2.2.00.00.00;3492,09
Prefeitura Municipal de São Gabriel da Cachoeira - AM;1303809;AM;43831;Receitas Brutas Realizadas;1.9.2.2.99.00.00 - Outras Restituições;siconfi-cor_RO1.9.2.2.99.00.00;3492,09
Prefeitura Municipal de São Gabriel da Cachoeira - AM;1303809;AM;43831;Receitas Brutas Realizadas;1.9.9.0.00.00.00 - Receitas Diversas;siconfi-cor_RO1.9.9.0.00.00.00;561,18
Prefeitura Municipal de São Gabriel da Cachoeira - AM;1303809;AM;43831;Receitas Brutas Realizadas;1.9.9.0.99.00.00 - Outras Receitas;siconfi-cor_RO1.9.9.0.99.00.00;561,18
Prefeitura Municipal de São Gabriel da Cachoeira - AM;1303809;AM;43831;Deduções - Transferências Constitucionais;Total Receitas;siconfi-cor_TotalReceitas;6564291,07
Prefeitura Municipal de São Gabriel da Cachoeira - AM;1303809;AM;43831;Deduções - Transferências Constitucionais;1.0.0.0.00.00.00 - Receitas Correntes;siconfi-cor_RO1.0.0.0.00.00.00;6564291,07
Prefeitura Municipal de São Gabriel da Cachoeira - AM;1303809;AM;43831;Deduções - Transferências Constitucionais;1.7.0.0.00.00.00 - Transferências Correntes;siconfi-cor_RO1.7.0.0.00.00.00;6564291,07
Prefeitura Municipal de São Gabriel da Cachoeira - AM;1303809;AM;43831;Deduções - Transferências Constitucionais;1.7.2.0.00.00.00 - Transferências Intergovernamentais;siconfi-cor_RO1.7.2.0.00.00.00;6564291,07
Prefeitura Municipal de São Gabriel da Cachoeira - AM;1303809;AM;43831;Deduções - Transferências Constitucionais;1.7.2.1.00.00.00 - Transferências da União;siconfi-cor_RO1.7.2.1.00.00.00;3790294,54
Prefeitura Municipal de São Gabriel da Cachoeira - AM;1303809;AM;43831;Deduções - Transferências Constitucionais;1.7.2.1.01.00.00 - Participação na Receita da União;siconfi-cor_RO1.7.2.1.01.00.00;3783806,86
Prefeitura Municipal de São Gabriel da Cachoeira - AM;1303809;AM;43831;Deduções - Transferências Constitucionais;1.7.2.1.01.02.00 - Cota-Parte do Fundo de Participação dos Municípios ¿ FPM;siconfi-cor_RO1.7.2.1.01.02.00;3783799,11
Prefeitura Municipal de São Gabriel da Cachoeira - AM;1303809;AM;43831;Deduções - Transferências Constitucionais;1.7.2.1.01.05.00 - Cota-Parte do Imposto Sobre a Propriedade Territorial Rural ¿ ITR;siconfi-cor_RO1.7.2.1.01.05.00;7,75
Prefeitura Municipal de São Gabriel da Cachoeira - AM;1303809;AM;43831;Deduções - Transferências Constitucionais;1.7.2.1.36.00.00 - Transferências Financeiras do ICMS ¿ Desoneração ¿ L.C. Nº 87/96;siconfi-cor_RO1.7.2.1.36.00.00;6487,68
Prefeitura Municipal de São Gabriel da Cachoeira - AM;1303809;AM;43831;Deduções - Transferências Constitucionais;1.7.2.2.00.00.00 - Transferências dos Estados;siconfi-cor_RO1.7.2.2.00.00.00;2773996,53
Prefeitura Municipal de São Gabriel da Cachoeira - AM;1303809;AM;43831;Deduções - Transferências Constitucionais;1.7.2.2.01.00.00 - Participação na Receita dos Estados;siconfi-cor_RO1.7.2.2.01.00.00;2773996,53
Prefeitura Municipal de São Gabriel da Cachoeira - AM;1303809;AM;43831;Deduções - Transferências Constitucionais;1.7.2.2.01.01.00 - Cota-Parte do ICMS;siconfi-cor_RO1.7.2.2.01.01.00;2706258,01
Prefeitura Municipal de São Gabriel da Cachoeira - AM;1303809;AM;43831;Deduções - Transferências Constitucionais;1.7.2.2.01.02.00 - Cota-Parte do IPVA;siconfi-cor_RO1.7.2.2.01.02.00;56883,33
Prefeitura Municipal de São Gabriel da Cachoeira - AM;1303809;AM;43831;Deduções - Transferências Constitucionais;1.7.2.2.01.04.00 - Cota-Parte do IPI - Municípios;siconfi-cor_RO1.7.2.2.01.04.00;10855,19
Prefeitura Municipal de Envira - AM;1301506;AM;19143;Receitas Brutas Realizadas;Total Receitas;siconfi-cor_TotalReceitas;44845442,85
Prefeitura Municipal de Envira - AM;1301506;AM;19143;Receitas Brutas Realizadas;1.0.0.0.00.00.00 - Receitas Correntes;siconfi-cor_RO1.0.0.0.00.00.00;41178625,04
Prefeitura Municipal de Envira - AM;1301506;AM;19143;Receitas Brutas Realizadas;1.1.0.0.00.00.00 - Receita Tributária;siconfi-cor_RO1.1.0.0.00.00.00;715478,84
Prefeitura Municipal de Envira - AM;1301506;AM;19143;Receitas Brutas Realizadas;1.1.1.0.00.00.00 - Impostos;siconfi-cor_RO1.1.1.0.00.00.00;690821,94
Prefeitura Municipal de Envira - AM;1301506;AM;19143;Receitas Brutas Realizadas;1.1.1.2.00.00.00 - Impostos sobre o Patrimônio e a Renda;siconfi-cor_RO1.1.1.2.00.00.00;346260,23
Prefeitura Municipal de Envira - AM;1301506;AM;19143;Receitas Brutas Realizadas;1.1.1.2.04.00.00 - Imposto sobre a Renda e Proventos de Qualquer Natureza ¿ IR;siconfi-cor_RO1.1.1.2.04.00.00;338705,06
Prefeitura Municipal de Envira - AM;1301506;AM;19143;Receitas Brutas Realizadas;1.1.1.2.04.31.00 - Retido nas Fontes - Trabalho;siconfi-cor_RO1.1.1.2.04.31.00;240946,85
Prefeitura Municipal de Envira - AM;1301506;AM;19143;Receitas Brutas Realizadas;1.1.1.2.04.34.00 - Retido nas Fontes - Outros Rendimentos;siconfi-cor_RO1.1.1.2.04.34.00;97758,21
Prefeitura Municipal de Envira - AM;1301506;AM;19143;Receitas Brutas Realizadas;"1.1.1.2.08.00.00 - Imposto sobre Transmissão Inter Vivos"" de Bens Imóveis e de Direitos Reais sobre Imóveis ¿ ITBI""";siconfi-cor_RO1.1.1.2.08.00.00;7555,17
Prefeitura Municipal de Envira - AM;1301506;AM;19143;Receitas Brutas Realizadas;1.1.1.3.00.00.00 - Impostos sobre a Produção e a Circulação;siconfi-cor_RO1.1.1.3.00.00.00;344561,71
Prefeitura Municipal de Envira - AM;1301506;AM;19143;Receitas Brutas Realizadas;1.1.1.3.05.00.00 - Imposto sobre Serviços de Qualquer Natureza ¿ ISSQN;siconfi-cor_RO1.1.1.3.05.00.00;344561,71
Prefeitura Municipal de Envira - AM;1301506;AM;19143;Receitas Brutas Realizadas;1.1.2.0.00.00.00 - Taxas;siconfi-cor_RO1.1.2.0.00.00.00;24656,9
Prefeitura Municipal de Envira - AM;1301506;AM;19143;Receitas Brutas Realizadas;1.1.2.1.00.00.00 - Taxas pelo Exercício do Poder de Polícia;siconfi-cor_RO1.1.2.1.00.00.00;24391,9
Prefeitura Municipal de Envira - AM;1301506;AM;19143;Receitas Brutas Realizadas;1.1.2.2.00.00.00 - Taxas pela Prestação de Serviços;siconfi-cor_RO1.1.2.2.00.00.00;265
Prefeitura Municipal de Envira - AM;1301506;AM;19143;Receitas Brutas Realizadas;1.1.2.2.99.00.00 - Outras Taxas pela Prestação de Serviços;siconfi-cor_RO1.1.2.2.99.00.00;265
Prefeitura Municipal de Envira - AM;1301506;AM;19143;Receitas Brutas Realizadas;1.2.0.0.00.00.00 - Receitas de Contribuições;siconfi-cor_RO1.2.0.0.00.00.00;998989,44
Prefeitura Municipal de Envira - AM;1301506;AM;19143;Receitas Brutas Realizadas;1.2.1.0.00.00.00 - Contribuições Sociais;siconfi-cor_RO1.2.1.0.00.00.00;945091,82
Prefeitura Municipal de Envira - AM;1301506;AM;19143;Receitas Brutas Realizadas;1.2.1.0.29.00.00 - Contribuições para o Regime Próprio de Previdência do Servidor Público;siconfi-cor_RO1.2.1.0.29.00.00;945091,82
Prefeitura Municipal de Envira - AM;1301506;AM;19143;Receitas Brutas Realizadas;1.2.1.0.29.07.00 - Contribuição do Servidor Ativo Civil para o Regime Próprio;siconfi-cor_RO1.2.1.0.29.07.00;945091,82
Prefeitura Municipal de Envira - AM;1301506;AM;19143;Receitas Brutas Realizadas;1.2.2.0.00.00.00 - Contribuições de Intervenção no Domínio Econômico;siconfi-cor_RO1.2.2.0.00.00.00;53897,62
Prefeitura Municipal de Envira - AM;1301506;AM;19143;Receitas Brutas Realizadas;1.2.2.0.24.00.00 - Contribuição sobre a Receita das Concessionárias e Permissionárias de Energia Elétrica;siconfi-cor_RO1.2.2.0.24.00.00;53897,62
Prefeitura Municipal de Envira - AM;1301506;AM;19143;Receitas Brutas Realizadas;1.3.0.0.00.00.00 - Receita Patrimonial;siconfi-cor_RO1.3.0.0.00.00.00;1552070,25
Prefeitura Municipal de Envira - AM;1301506;AM;19143;Receitas Brutas Realizadas;1.3.2.0.00.00.00 - Receitas de Valores Mobiliários;siconfi-cor_RO1.3.2.0.00.00.00;1552070,25
Prefeitura Municipal de Envira - AM;1301506;AM;19143;Receitas Brutas Realizadas;1.3.2.5.00.00.00 - Remuneração de Depósitos Bancários;siconfi-cor_RO1.3.2.5.00.00.00;594076,6
Prefeitura Municipal de Envira - AM;1301506;AM;19143;Receitas Brutas Realizadas;1.3.2.8.00.00.00 - Remuneração dos Investimentos do Regime Próprio de Previdência do Servidor;siconfi-cor_RO1.3.2.8.00.00.00;957993,65
Prefeitura Municipal de Envira - AM;1301506;AM;19143;Receitas Brutas Realizadas;1.7.0.0.00.00.00 - Transferências Correntes;siconfi-cor_RO1.7.0.0.00.00.00;37893511,43
Prefeitura Municipal de Envira - AM;1301506;AM;19143;Receitas Brutas Realizadas;1.7.2.0.00.00.00 - Transferências Intergovernamentais;siconfi-cor_RO1.7.2.0.00.00.00;37893511,43
Prefeitura Municipal de Envira - AM;1301506;AM;19143;Receitas Brutas Realizadas;1.7.2.1.00.00.00 - Transferências da União;siconfi-cor_RO1.7.2.1.00.00.00;17532347,08
Prefeitura Municipal de Envira - AM;1301506;AM;19143;Receitas Brutas Realizadas;1.7.2.1.01.00.00 - Participação na Receita da União;siconfi-cor_RO1.7.2.1.01.00.00;13754449,48
Prefeitura Municipal de Envira - AM;1301506;AM;19143;Receitas Brutas Realizadas;1.7.2.1.01.02.00 - Cota-Parte do Fundo de Participação dos Municípios ¿ FPM;siconfi-cor_RO1.7.2.1.01.02.00;12612664,95
Prefeitura Municipal de Envira - AM;1301506;AM;19143;Receitas Brutas Realizadas;1.7.2.1.01.03.00 - Cota-Parte do Fundo de Participação dos Municípios - 1% Cota Anual;siconfi-cor_RO1.7.2.1.01.03.00;559800,94
Prefeitura Municipal de Envira - AM;1301506;AM;19143;Receitas Brutas Realizadas;1.7.2.1.01.04.00 - Cota-Parte do Fundo de Participação dos Municípios - 1% Cota entregue no mês de julho (67)(I);siconfi-cor_RO1.7.2.1.01.04.00;578860,71
Prefeitura Municipal de Envira - AM;1301506;AM;19143;Receitas Brutas Realizadas;1.7.2.1.01.05.00 - Cota-Parte do Imposto Sobre a Propriedade Territorial Rural ¿ ITR;siconfi-cor_RO1.7.2.1.01.05.00;3122,88
Prefeitura Municipal de Envira - AM;1301506;AM;19143;Receitas Brutas Realizadas;1.7.2.1.22.00.00 - Transferências da Compensação Financeira pela Exploração de Recursos Naturais;siconfi-cor_RO1.7.2.1.22.00.00;147259,54
Prefeitura Municipal de Envira - AM;1301506;AM;19143;Receitas Brutas Realizadas;1.7.2.1.22.70.00 - Cota-Parte do Fundo Especial do Petróleo ¿ FEP;siconfi-cor_RO1.7.2.1.22.70.00;147259,54
Prefeitura Municipal de Envira - AM;1301506;AM;19143;Receitas Brutas Realizadas;1.7.2.1.33.00.00 - Transferências de Recursos do Sistema Único de Saúde - SUS - Repasses Fundo a Fundo;siconfi-cor_RO1.7.2.1.33.00.00;2309178,03
Prefeitura Municipal de Envira - AM;1301506;AM;19143;Receitas Brutas Realizadas;1.7.2.1.34.00.00 - Transferências de Recursos do Fundo Nacional de Assistência Social ¿ FNAS;siconfi-cor_RO1.7.2.1.34.00.00;547501,74
Prefeitura Municipal de Envira - AM;1301506;AM;19143;Receitas Brutas Realizadas;1.7.2.1.35.00.00 - Transferências de Recursos do Fundo Nacional do Desenvolvimento da Educação ¿ FNDE;siconfi-cor_RO1.7.2.1.35.00.00;733599,37
Prefeitura Municipal de Envira - AM;1301506;AM;19143;Receitas Brutas Realizadas;1.7.2.1.36.00.00 - Transferências Financeiras do ICMS ¿ Desoneração ¿ L.C. Nº 87/96;siconfi-cor_RO1.7.2.1.36.00.00;19526,76
Prefeitura Municipal de Envira - AM;1301506;AM;19143;Receitas Brutas Realizadas;1.7.2.1.99.00.00 - Outras Transferências da União;siconfi-cor_RO1.7.2.1.99.00.00;20832,16
Prefeitura Municipal de Envira - AM;1301506;AM;19143;Receitas Brutas Realizadas;1.7.2.2.00.00.00 - Transferências dos Estados;siconfi-cor_RO1.7.2.2.00.00.00;8556388,33
Prefeitura Municipal de Envira - AM;1301506;AM;19143;Receitas Brutas Realizadas;1.7.2.2.01.00.00 - Participação na Receita dos Estados;siconfi-cor_RO1.7.2.2.01.00.00;8242393,85
Prefeitura Municipal de Envira - AM;1301506;AM;19143;Receitas Brutas Realizadas;1.7.2.2.01.01.00 - Cota-Parte do ICMS;siconfi-cor_RO1.7.2.2.01.01.00;8015344,13
Prefeitura Municipal de Envira - AM;1301506;AM;19143;Receitas Brutas Realizadas;1.7.2.2.01.02.00 - Cota-Parte do IPVA;siconfi-cor_RO1.7.2.2.01.02.00;141340,75
Prefeitura Municipal de Envira - AM;1301506;AM;19143;Receitas Brutas Realizadas;1.7.2.2.01.04.00 - Cota-Parte do IPI - Municípios;siconfi-cor_RO1.7.2.2.01.04.00;32672,28
Prefeitura Municipal de Envira - AM;1301506;AM;19143;Receitas Brutas Realizadas;1.7.2.2.01.13.00 - Cota-Parte da Contribuição de Intervenção no Domínio Econômico;siconfi-cor_RO1.7.2.2.01.13.00;53036,69
Prefeitura Municipal de Envira - AM;1301506;AM;19143;Receitas Brutas Realizadas;1.7.2.2.22.00.00 - Transferências da Cota-Parte da Compensação Financeira (25%);siconfi-cor_RO1.7.2.2.22.00.00;79644,9
Prefeitura Municipal de Envira - AM;1301506;AM;19143;Receitas Brutas Realizadas;1.7.2.2.22.30.00 - Cota-Parte Royalties - Compensação Financeira pela Produção de Petróleo - Lei nº 7.990/89 artigo 9º;siconfi-cor_RO1.7.2.2.22.30.00;79644,9
Prefeitura Municipal de Envira - AM;1301506;AM;19143;Receitas Brutas Realizadas;1.7.2.2.33.00.00 - Transferências de Recursos do Estado para Programas de Saúde - Repasse Fundo a Fundo;siconfi-cor_RO1.7.2.2.33.00.00;234349,58
Prefeitura Municipal de Envira - AM;1301506;AM;19143;Receitas Brutas Realizadas;1.7.2.4.00.00.00 - Transferências Multigovernamentais;siconfi-cor_RO1.7.2.4.00.00.00;11804776,02
Prefeitura Municipal de Envira - AM;1301506;AM;19143;Receitas Brutas Realizadas;1.7.2.4.01.00.00 - Transferências de Recursos do Fundo de Manutenção e Desenvolvimento do Ensino Fundamental e de Valorização do Magistério - FUNDEB;siconfi-cor_RO1.7.2.4.01.00.00;7260609,49
Prefeitura Municipal de Envira - AM;1301506;AM;19143;Receitas Brutas Realizadas;1.7.2.4.02.00.00 - Transferências de Recursos da Complementação ao Fundo de Manutenção e Desenvolvimento do Ensino Fundamental e de Valorização do Magistério - FUNDEB;siconfi-cor_RO1.7.2.4.02.00.00;4544166,53
Prefeitura Municipal de Envira - AM;1301506;AM;19143;Receitas Brutas Realizadas;1.9.0.0.00.00.00 - Outras Receitas Correntes;siconfi-cor_RO1.9.0.0.00.00.00;18575,08
Prefeitura Municipal de Envira - AM;1301506;AM;19143;Receitas Brutas Realizadas;1.9.2.0.00.00.00 - Indenizações e Restituições;siconfi-cor_RO1.9.2.0.00.00.00;18575,08
Prefeitura Municipal de Envira - AM;1301506;AM;19143;Receitas Brutas Realizadas;1.9.2.2.00.00.00 - Restituições;siconfi-cor_RO1.9.2.2.00.00.00;18575,08
Prefeitura Municipal de Envira - AM;1301506;AM;19143;Receitas Brutas Realizadas;1.9.2.2.99.00.00 - Outras Restituições;siconfi-cor_RO1.9.2.2.99.00.00;18575,08
Prefeitura Municipal de Envira - AM;1301506;AM;19143;Receitas Brutas Realizadas;2.0.0.0.00.00.00 - Receitas de Capital;siconfi-cor_RO2.0.0.0.00.00.00;2084703,98
Prefeitura Municipal de Envira - AM;1301506;AM;19143;Receitas Brutas Realizadas;2.4.0.0.00.00.00 - Transferências de Capital;siconfi-cor_RO2.4.0.0.00.00.00;2084703,98
Prefeitura Municipal de Envira - AM;1301506;AM;19143;Receitas Brutas Realizadas;2.4.2.0.00.00.00 - Transferências Intergovernamentais;siconfi-cor_RO2.4.2.0.00.00.00;2084703,98
Prefeitura Municipal de Envira - AM;1301506;AM;19143;Receitas Brutas Realizadas;2.4.2.1.00.00.00 - Transferências da União;siconfi-cor_RO2.4.2.1.00.00.00;686800,3
Prefeitura Municipal de Envira - AM;1301506;AM;19143;Receitas Brutas Realizadas;2.4.2.1.01.00.00 - Participação na Receita da União;siconfi-cor_RO2.4.2.1.01.00.00;300000
Prefeitura Municipal de Envira - AM;1301506;AM;19143;Receitas Brutas Realizadas;2.4.2.1.02.00.00 - Transferências de Recursos Destinados a Programas de Educação;siconfi-cor_RO2.4.2.1.02.00.00;386800,3
Prefeitura Municipal de Envira - AM;1301506;AM;19143;Receitas Brutas Realizadas;2.4.2.2.00.00.00 - Transferências dos Estados;siconfi-cor_RO2.4.2.2.00.00.00;1397903,68
Prefeitura Municipal de Envira - AM;1301506;AM;19143;Receitas Brutas Realizadas;2.4.2.2.99.00.00 - Outras Transferências dos Estados;siconfi-cor_RO2.4.2.2.99.00.00;1397903,68
Prefeitura Municipal de Envira - AM;1301506;AM;19143;Receitas Brutas Realizadas;7.0.0.0.00.00.00 - Receitas Correntes Intraorçamentárias;siconfi-cor_RI7.0.0.0.00.00.00;1582113,83
Prefeitura Municipal de Envira - AM;1301506;AM;19143;Receitas Brutas Realizadas;7.2.0.0.00.00.00 - Receitas de Contribuições Intraorçamentárias;siconfi-cor_RI7.2.0.0.00.00.00;1582113,83
Prefeitura Municipal de Envira - AM;1301506;AM;19143;Receitas Brutas Realizadas;7.2.1.0.00.00.00 - Contribuições Sociais Intraorçamentárias;siconfi-cor_RI7.2.1.0.00.00.00;1582113,83
Prefeitura Municipal de Envira - AM;1301506;AM;19143;Receitas Brutas Realizadas;7.2.1.0.29.00.00 - Contribuições para o Regime Próprio de Previdência do Servidor Público Intraorçamentárias;siconfi-cor_RI7.2.1.0.29.00.00;1582113,83
Prefeitura Municipal de Envira - AM;1301506;AM;19143;Receitas Brutas Realizadas;7.2.1.0.29.01.00 - Contribuição Patronal de Servidor Ativo Civil para o Regime Próprio Intraorçamentária;siconfi-cor_RI7.2.1.0.29.01.00;1582113,83
Prefeitura Municipal de Envira - AM;1301506;AM;19143;Outras Deduções da Receita;Total Receitas;siconfi-cor_TotalReceitas;4164933,76
Prefeitura Municipal de Envira - AM;1301506;AM;19143;Outras Deduções da Receita;1.0.0.0.00.00.00 - Receitas Correntes;siconfi-cor_RO1.0.0.0.00.00.00;4164933,76
Prefeitura Municipal de Envira - AM;1301506;AM;19143;Outras Deduções da Receita;1.7.0.0.00.00.00 - Transferências Correntes;siconfi-cor_RO1.7.0.0.00.00.00;4164933,76
Prefeitura Municipal de Envira - AM;1301506;AM;19143;Outras Deduções da Receita;1.7.2.0.00.00.00 - Transferências Intergovernamentais;siconfi-cor_RO1.7.2.0.00.00.00;4164933,76
Prefeitura Municipal de Envira - AM;1301506;AM;19143;Outras Deduções da Receita;1.7.2.1.00.00.00 - Transferências da União;siconfi-cor_RO1.7.2.1.00.00.00;2527062,48
Prefeitura Municipal de Envira - AM;1301506;AM;19143;Outras Deduções da Receita;1.7.2.1.01.00.00 - Participação na Receita da União;siconfi-cor_RO1.7.2.1.01.00.00;2523157,2
Prefeitura Municipal de Envira - AM;1301506;AM;19143;Outras Deduções da Receita;1.7.2.1.01.02.00 - Cota-Parte do Fundo de Participação dos Municípios ¿ FPM;siconfi-cor_RO1.7.2.1.01.02.00;2522532,65
Prefeitura Municipal de Envira - AM;1301506;AM;19143;Outras Deduções da Receita;1.7.2.1.01.05.00 - Cota-Parte do Imposto Sobre a Propriedade Territorial Rural ¿ ITR;siconfi-cor_RO1.7.2.1.01.05.00;624,55
Prefeitura Municipal de Envira - AM;1301506;AM;19143;Outras Deduções da Receita;1.7.2.1.36.00.00 - Transferências Financeiras do ICMS ¿ Desoneração ¿ L.C. Nº 87/96;siconfi-cor_RO1.7.2.1.36.00.00;3905,28
Prefeitura Municipal de Envira - AM;1301506;AM;19143;Outras Deduções da Receita;1.7.2.2.00.00.00 - Transferências dos Estados;siconfi-cor_RO1.7.2.2.00.00.00;1637871,28
Prefeitura Municipal de Envira - AM;1301506;AM;19143;Outras Deduções da Receita;1.7.2.2.01.00.00 - Participação na Receita dos Estados;siconfi-cor_RO1.7.2.2.01.00.00;1637871,28
Prefeitura Municipal de Envira - AM;1301506;AM;19143;Outras Deduções da Receita;1.7.2.2.01.01.00 - Cota-Parte do ICMS;siconfi-cor_RO1.7.2.2.01.01.00;1603068,86
Prefeitura Municipal de Envira - AM;1301506;AM;19143;Outras Deduções da Receita;1.7.2.2.01.02.00 - Cota-Parte do IPVA;siconfi-cor_RO1.7.2.2.01.02.00;28267,99
Prefeitura Municipal de Envira - AM;1301506;AM;19143;Outras Deduções da Receita;1.7.2.2.01.04.00 - Cota-Parte do IPI - Municípios;siconfi-cor_RO1.7.2.2.01.04.00;6534,43
Prefeitura Municipal de Tefé - AM;1304203;AM;62230;Receitas Brutas Realizadas;Total Receitas;siconfi-cor_TotalReceitas;142248580,1
Prefeitura Municipal de Tefé - AM;1304203;AM;62230;Receitas Brutas Realizadas;1.0.0.0.00.00.00 - Receitas Correntes;siconfi-cor_RO1.0.0.0.00.00.00;141212981,5
Prefeitura Municipal de Tefé - AM;1304203;AM;62230;Receitas Brutas Realizadas;1.1.0.0.00.00.00 - Receita Tributária;siconfi-cor_RO1.1.0.0.00.00.00;7778445,27
Prefeitura Municipal de Tefé - AM;1304203;AM;62230;Receitas Brutas Realizadas;1.1.1.0.00.00.00 - Impostos;siconfi-cor_RO1.1.1.0.00.00.00;7283886,48
Prefeitura Municipal de Tefé - AM;1304203;AM;62230;Receitas Brutas Realizadas;1.1.1.2.00.00.00 - Impostos sobre o Patrimônio e a Renda;siconfi-cor_RO1.1.1.2.00.00.00;3299984,3
Prefeitura Municipal de Tefé - AM;1304203;AM;62230;Receitas Brutas Realizadas;1.1.1.2.02.00.00 - Imposto sobre a Propriedade Predial e Territorial Urbana ¿ IPTU;siconfi-cor_RO1.1.1.2.02.00.00;258289,54
Prefeitura Municipal de Tefé - AM;1304203;AM;62230;Receitas Brutas Realizadas;1.1.1.2.04.00.00 - Imposto sobre a Renda e Proventos de Qualquer Natureza ¿ IR;siconfi-cor_RO1.1.1.2.04.00.00;2836302,47
Prefeitura Municipal de Tefé - AM;1304203;AM;62230;Receitas Brutas Realizadas;1.1.1.2.04.31.00 - Retido nas Fontes - Trabalho;siconfi-cor_RO1.1.1.2.04.31.00;2495010,1
Prefeitura Municipal de Tefé - AM;1304203;AM;62230;Receitas Brutas Realizadas;1.1.1.2.04.34.00 - Retido nas Fontes - Outros Rendimentos;siconfi-cor_RO1.1.1.2.04.34.00;341292,37
Prefeitura Municipal de Tefé - AM;1304203;AM;62230;Receitas Brutas Realizadas;"1.1.1.2.08.00.00 - Imposto sobre Transmissão Inter Vivos"" de Bens Imóveis e de Direitos Reais sobre Imóveis ¿ ITBI""";siconfi-cor_RO1.1.1.2.08.00.00;205392,29
Prefeitura Municipal de Tefé - AM;1304203;AM;62230;Receitas Brutas Realizadas;1.1.1.3.00.00.00 - Impostos sobre a Produção e a Circulação;siconfi-cor_RO1.1.1.3.00.00.00;3983902,18
Prefeitura Municipal de Tefé - AM;1304203;AM;62230;Receitas Brutas Realizadas;1.1.1.3.05.00.00 - Imposto sobre Serviços de Qualquer Natureza ¿ ISSQN;siconfi-cor_RO1.1.1.3.05.00.00;3983902,18
Prefeitura Municipal de Tefé - AM;1304203;AM;62230;Receitas Brutas Realizadas;1.1.2.0.00.00.00 - Taxas;siconfi-cor_RO1.1.2.0.00.00.00;494558,79
Prefeitura Municipal de Tefé - AM;1304203;AM;62230;Receitas Brutas Realizadas;1.1.2.1.00.00.00 - Taxas pelo Exercício do Poder de Polícia;siconfi-cor_RO1.1.2.1.00.00.00;361935,6
Prefeitura Municipal de Tefé - AM;1304203;AM;62230;Receitas Brutas Realizadas;1.1.2.2.00.00.00 - Taxas pela Prestação de Serviços;siconfi-cor_RO1.1.2.2.00.00.00;132623,19
Prefeitura Municipal de Tefé - AM;1304203;AM;62230;Receitas Brutas Realizadas;1.1.2.2.08.00.00 - Emolumentos e Custas Judiciais;siconfi-cor_RO1.1.2.2.08.00.00;1774,66
Prefeitura Municipal de Tefé - AM;1304203;AM;62230;Receitas Brutas Realizadas;1.1.2.2.99.00.00 - Outras Taxas pela Prestação de Serviços;siconfi-cor_RO1.1.2.2.99.00.00;130848,53
Prefeitura Municipal de Tefé - AM;1304203;AM;62230;Receitas Brutas Realizadas;1.2.0.0.00.00.00 - Receitas de Contribuições;siconfi-cor_RO1.2.0.0.00.00.00;888055,61
Prefeitura Municipal de Tefé - AM;1304203;AM;62230;Receitas Brutas Realizadas;1.2.3.0.00.00.00 - Contribuição para Custeio do Serviço de Iluminação Pública;siconfi-cor_RO1.2.3.0.00.00.00;888055,61
Prefeitura Municipal de Tefé - AM;1304203;AM;62230;Receitas Brutas Realizadas;1.3.0.0.00.00.00 - Receita Patrimonial;siconfi-cor_RO1.3.0.0.00.00.00;721106,63
Prefeitura Municipal de Tefé - AM;1304203;AM;62230;Receitas Brutas Realizadas;1.3.2.0.00.00.00 - Receitas de Valores Mobiliários;siconfi-cor_RO1.3.2.0.00.00.00;721106,63
Prefeitura Municipal de Tefé - AM;1304203;AM;62230;Receitas Brutas Realizadas;1.3.2.5.00.00.00 - Remuneração de Depósitos Bancários;siconfi-cor_RO1.3.2.5.00.00.00;721106,63
Prefeitura Municipal de Tefé - AM;1304203;AM;62230;Receitas Brutas Realizadas;1.6.0.0.00.00.00 - Receita de Serviços;siconfi-cor_RO1.6.0.0.00.00.00;1755189,65
Prefeitura Municipal de Tefé - AM;1304203;AM;62230;Receitas Brutas Realizadas;1.6.0.0.13.00.00 - Serviços Administrativos;siconfi-cor_RO1.6.0.0.13.00.00;8133,83
Prefeitura Municipal de Tefé - AM;1304203;AM;62230;Receitas Brutas Realizadas;1.6.0.0.41.00.00 - Serviços de Captação, Adução, Tratamento, Reserva e Distribuição de Água;siconfi-cor_RO1.6.0.0.41.00.00;1747055,82
Prefeitura Municipal de Tefé - AM;1304203;AM;62230;Receitas Brutas Realizadas;1.7.0.0.00.00.00 - Transferências Correntes;siconfi-cor_RO1.7.0.0.00.00.00;130061533,2
Prefeitura Municipal de Tefé - AM;1304203;AM;62230;Receitas Brutas Realizadas;1.7.2.0.00.00.00 - Transferências Intergovernamentais;siconfi-cor_RO1.7.2.0.00.00.00;130039957,2
Prefeitura Municipal de Tefé - AM;1304203;AM;62230;Receitas Brutas Realizadas;1.7.2.1.00.00.00 - Transferências da União;siconfi-cor_RO1.7.2.1.00.00.00;55660012,43
Prefeitura Municipal de Tefé - AM;1304203;AM;62230;Receitas Brutas Realizadas;1.7.2.1.01.00.00 - Participação na Receita da União;siconfi-cor_RO1.7.2.1.01.00.00;27534585,62
Prefeitura Municipal de Tefé - AM;1304203;AM;62230;Receitas Brutas Realizadas;1.7.2.1.01.02.00 - Cota-Parte do Fundo de Participação dos Municípios ¿ FPM;siconfi-cor_RO1.7.2.1.01.02.00;25225329,95
Prefeitura Municipal de Tefé - AM;1304203;AM;62230;Receitas Brutas Realizadas;1.7.2.1.01.03.00 - Cota-Parte do Fundo de Participação dos Municípios - 1% Cota Anual;siconfi-cor_RO1.7.2.1.01.03.00;1119601,9
Prefeitura Municipal de Tefé - AM;1304203;AM;62230;Receitas Brutas Realizadas;1.7.2.1.01.04.00 - Cota-Parte do Fundo de Participação dos Municípios - 1% Cota entregue no mês de julho (67)(I);siconfi-cor_RO1.7.2.1.01.04.00;1157721,45
Prefeitura Municipal de Tefé - AM;1304203;AM;62230;Receitas Brutas Realizadas;1.7.2.1.01.05.00 - Cota-Parte do Imposto Sobre a Propriedade Territorial Rural ¿ ITR;siconfi-cor_RO1.7.2.1.01.05.00;31932,32
Prefeitura Municipal de Tefé - AM;1304203;AM;62230;Receitas Brutas Realizadas;1.7.2.1.22.00.00 - Transferências da Compensação Financeira pela Exploração de Recursos Naturais;siconfi-cor_RO1.7.2.1.22.00.00;9211572,5
Prefeitura Municipal de Tefé - AM;1304203;AM;62230;Receitas Brutas Realizadas;1.7.2.1.22.30.00 - Cota-Parte Royalties ¿ Compensação Financeira pela Produção de Petróleo ¿ Lei nº 7.990/89;siconfi-cor_RO1.7.2.1.22.30.00;7882847,79
Prefeitura Municipal de Tefé - AM;1304203;AM;62230;Receitas Brutas Realizadas;1.7.2.1.22.40.00 - Cota-Parte Royalties pelo Excedente da Produção do Petróleo - Lei nº 9.478/97 artigo 49 I e II;siconfi-cor_RO1.7.2.1.22.40.00;1034205,61
Prefeitura Municipal de Tefé - AM;1304203;AM;62230;Receitas Brutas Realizadas;1.7.2.1.22.70.00 - Cota-Parte do Fundo Especial do Petróleo ¿ FEP;siconfi-cor_RO1.7.2.1.22.70.00;294519,1
Prefeitura Municipal de Tefé - AM;1304203;AM;62230;Receitas Brutas Realizadas;1.7.2.1.33.00.00 - Transferências de Recursos do Sistema Único de Saúde - SUS - Repasses Fundo a Fundo;siconfi-cor_RO1.7.2.1.33.00.00;14095618,51
Prefeitura Municipal de Tefé - AM;1304203;AM;62230;Receitas Brutas Realizadas;1.7.2.1.34.00.00 - Transferências de Recursos do Fundo Nacional de Assistência Social ¿ FNAS;siconfi-cor_RO1.7.2.1.34.00.00;1615594,77
Prefeitura Municipal de Tefé - AM;1304203;AM;62230;Receitas Brutas Realizadas;1.7.2.1.35.00.00 - Transferências de Recursos do Fundo Nacional do Desenvolvimento da Educação ¿ FNDE;siconfi-cor_RO1.7.2.1.35.00.00;3122408,24
Prefeitura Municipal de Tefé - AM;1304203;AM;62230;Receitas Brutas Realizadas;1.7.2.1.36.00.00 - Transferências Financeiras do ICMS ¿ Desoneração ¿ L.C. Nº 87/96;siconfi-cor_RO1.7.2.1.36.00.00;48716,52
Prefeitura Municipal de Tefé - AM;1304203;AM;62230;Receitas Brutas Realizadas;1.7.2.1.99.00.00 - Outras Transferências da União;siconfi-cor_RO1.7.2.1.99.00.00;31516,27
Prefeitura Municipal de Tefé - AM;1304203;AM;62230;Receitas Brutas Realizadas;1.7.2.2.00.00.00 - Transferências dos Estados;siconfi-cor_RO1.7.2.2.00.00.00;21955668,93
Prefeitura Municipal de Tefé - AM;1304203;AM;62230;Receitas Brutas Realizadas;1.7.2.2.01.00.00 - Participação na Receita dos Estados;siconfi-cor_RO1.7.2.2.01.00.00;21065937,19
Prefeitura Municipal de Tefé - AM;1304203;AM;62230;Receitas Brutas Realizadas;1.7.2.2.01.01.00 - Cota-Parte do ICMS;siconfi-cor_RO1.7.2.2.01.01.00;20321530,35
Prefeitura Municipal de Tefé - AM;1304203;AM;62230;Receitas Brutas Realizadas;1.7.2.2.01.02.00 - Cota-Parte do IPVA;siconfi-cor_RO1.7.2.2.01.02.00;537850,86
Prefeitura Municipal de Tefé - AM;1304203;AM;62230;Receitas Brutas Realizadas;1.7.2.2.01.04.00 - Cota-Parte do IPI - Municípios;siconfi-cor_RO1.7.2.2.01.04.00;81512,59
Prefeitura Municipal de Tefé - AM;1304203;AM;62230;Receitas Brutas Realizadas;1.7.2.2.01.13.00 - Cota-Parte da Contribuição de Intervenção no Domínio Econômico;siconfi-cor_RO1.7.2.2.01.13.00;125043,39
Prefeitura Municipal de Tefé - AM;1304203;AM;62230;Receitas Brutas Realizadas;1.7.2.2.22.00.00 - Transferências da Cota-Parte da Compensação Financeira (25%);siconfi-cor_RO1.7.2.2.22.00.00;219159,34
Prefeitura Municipal de Tefé - AM;1304203;AM;62230;Receitas Brutas Realizadas;1.7.2.2.22.30.00 - Cota-Parte Royalties - Compensação Financeira pela Produção de Petróleo - Lei nº 7.990/89 artigo 9º;siconfi-cor_RO1.7.2.2.22.30.00;219159,34
Prefeitura Municipal de Tefé - AM;1304203;AM;62230;Receitas Brutas Realizadas;1.7.2.2.33.00.00 - Transferências de Recursos do Estado para Programas de Saúde - Repasse Fundo a Fundo;siconfi-cor_RO1.7.2.2.33.00.00;670572,4
Prefeitura Municipal de Tefé - AM;1304203;AM;62230;Receitas Brutas Realizadas;1.7.2.4.00.00.00 - Transferências Multigovernamentais;siconfi-cor_RO1.7.2.4.00.00.00;52424275,81
Prefeitura Municipal de Tefé - AM;1304203;AM;62230;Receitas Brutas Realizadas;1.7.2.4.01.00.00 - Transferências de Recursos do Fundo de Manutenção e Desenvolvimento do Ensino Fundamental e de Valorização do Magistério - FUNDEB;siconfi-cor_RO1.7.2.4.01.00.00;34309157,04
Prefeitura Municipal de Tefé - AM;1304203;AM;62230;Receitas Brutas Realizadas;1.7.2.4.02.00.00 - Transferências de Recursos da Complementação ao Fundo de Manutenção e Desenvolvimento do Ensino Fundamental e de Valorização do Magistério - FUNDEB;siconfi-cor_RO1.7.2.4.02.00.00;18115118,77
Prefeitura Municipal de Tefé - AM;1304203;AM;62230;Receitas Brutas Realizadas;1.7.6.0.00.00.00 - Transferências de Convênios;siconfi-cor_RO1.7.6.0.00.00.00;21576,02
Prefeitura Municipal de Tefé - AM;1304203;AM;62230;Receitas Brutas Realizadas;1.7.6.1.00.00.00 - Transferências de Convênios da União e de Suas Entidades;siconfi-cor_RO1.7.6.1.00.00.00;21576,02
Prefeitura Municipal de Tefé - AM;1304203;AM;62230;Receitas Brutas Realizadas;1.7.6.1.99.00.00 - Outras Transferências de Convênios da União;siconfi-cor_RO1.7.6.1.99.00.00;21576,02
Prefeitura Municipal de Tefé - AM;1304203;AM;62230;Receitas Brutas Realizadas;1.9.0.0.00.00.00 - Outras Receitas Correntes;siconfi-cor_RO1.9.0.0.00.00.00;8651,17
Prefeitura Municipal de Tefé - AM;1304203;AM;62230;Receitas Brutas Realizadas;1.9.9.0.00.00.00 - Receitas Diversas;siconfi-cor_RO1.9.9.0.00.00.00;8651,17
Prefeitura Municipal de Tefé - AM;1304203;AM;62230;Receitas Brutas Realizadas;1.9.9.0.99.00.00 - Outras Receitas;siconfi-cor_RO1.9.9.0.99.00.00;8651,17
Prefeitura Municipal de Tefé - AM;1304203;AM;62230;Receitas Brutas Realizadas;2.0.0.0.00.00.00 - Receitas de Capital;siconfi-cor_RO2.0.0.0.00.00.00;1035598,58
Prefeitura Municipal de Tefé - AM;1304203;AM;62230;Receitas Brutas Realizadas;2.4.0.0.00.00.00 - Transferências de Capital;siconfi-cor_RO2.4.0.0.00.00.00;1035598,58
Prefeitura Municipal de Tefé - AM;1304203;AM;62230;Receitas Brutas Realizadas;2.4.2.0.00.00.00 - Transferências Intergovernamentais;siconfi-cor_RO2.4.2.0.00.00.00;214445,06
Prefeitura Municipal de Tefé - AM;1304203;AM;62230;Receitas Brutas Realizadas;2.4.2.1.00.00.00 - Transferências da União;siconfi-cor_RO2.4.2.1.00.00.00;214445,06
Prefeitura Municipal de Tefé - AM;1304203;AM;62230;Receitas Brutas Realizadas;2.4.2.1.02.00.00 - Transferências de Recursos Destinados a Programas de Educação;siconfi-cor_RO2.4.2.1.02.00.00;214445,06
Prefeitura Municipal de Tefé - AM;1304203;AM;62230;Receitas Brutas Realizadas;2.4.7.0.00.00.00 - Transferências de Convênios;siconfi-cor_RO2.4.7.0.00.00.00;821153,52
Prefeitura Municipal de Tefé - AM;1304203;AM;62230;Receitas Brutas Realizadas;2.4.7.1.00.00.00 - Transferências de Convênios da União e de suas Entidades;siconfi-cor_RO2.4.7.1.00.00.00;821153,52
Prefeitura Municipal de Tefé - AM;1304203;AM;62230;Receitas Brutas Realizadas;2.4.7.1.01.00.00 - Transferências de Convênios da União para o Sistema Único de Saúde - SUS;siconfi-cor_RO2.4.7.1.01.00.00;100000
Prefeitura Municipal de Tefé - AM;1304203;AM;62230;Receitas Brutas Realizadas;2.4.7.1.02.00.00 - Transferências de Convênios da União Destinadas a Programas de Educação;siconfi-cor_RO2.4.7.1.02.00.00;20384,52
Prefeitura Municipal de Tefé - AM;1304203;AM;62230;Receitas Brutas Realizadas;2.4.7.1.99.00.00 - Outras Transferências de Convênios da União;siconfi-cor_RO2.4.7.1.99.00.00;700769
Prefeitura Municipal de Autazes - AM;1300300;AM;37752;Receitas Brutas Realizadas;Total Receitas;siconfi-cor_TotalReceitas;77151966,04
Prefeitura Municipal de Autazes - AM;1300300;AM;37752;Receitas Brutas Realizadas;1.0.0.0.00.00.00 - Receitas Correntes;siconfi-cor_RO1.0.0.0.00.00.00;76700594,91
Prefeitura Municipal de Autazes - AM;1300300;AM;37752;Receitas Brutas Realizadas;1.1.0.0.00.00.00 - Receita Tributária;siconfi-cor_RO1.1.0.0.00.00.00;1671782,56
Prefeitura Municipal de Autazes - AM;1300300;AM;37752;Receitas Brutas Realizadas;1.1.1.0.00.00.00 - Impostos;siconfi-cor_RO1.1.1.0.00.00.00;1648231,07
Prefeitura Municipal de Autazes - AM;1300300;AM;37752;Receitas Brutas Realizadas;1.1.1.2.00.00.00 - Impostos sobre o Patrimônio e a Renda;siconfi-cor_RO1.1.1.2.00.00.00;952130,69
Prefeitura Municipal de Autazes - AM;1300300;AM;37752;Receitas Brutas Realizadas;1.1.1.2.04.00.00 - Imposto sobre a Renda e Proventos de Qualquer Natureza ¿ IR;siconfi-cor_RO1.1.1.2.04.00.00;952130,69
Prefeitura Municipal de Autazes - AM;1300300;AM;37752;Receitas Brutas Realizadas;1.1.1.2.04.31.00 - Retido nas Fontes - Trabalho;siconfi-cor_RO1.1.1.2.04.31.00;917873,22
Prefeitura Municipal de Autazes - AM;1300300;AM;37752;Receitas Brutas Realizadas;1.1.1.2.04.34.00 - Retido nas Fontes - Outros Rendimentos;siconfi-cor_RO1.1.1.2.04.34.00;34257,47
Prefeitura Municipal de Autazes - AM;1300300;AM;37752;Receitas Brutas Realizadas;1.1.1.3.00.00.00 - Impostos sobre a Produção e a Circulação;siconfi-cor_RO1.1.1.3.00.00.00;696100,38
Prefeitura Municipal de Autazes - AM;1300300;AM;37752;Receitas Brutas Realizadas;1.1.1.3.05.00.00 - Imposto sobre Serviços de Qualquer Natureza ¿ ISSQN;siconfi-cor_RO1.1.1.3.05.00.00;696100,38
Prefeitura Municipal de Autazes - AM;1300300;AM;37752;Receitas Brutas Realizadas;1.1.2.0.00.00.00 - Taxas;siconfi-cor_RO1.1.2.0.00.00.00;23551,49
Prefeitura Municipal de Autazes - AM;1300300;AM;37752;Receitas Brutas Realizadas;1.1.2.1.00.00.00 - Taxas pelo Exercício do Poder de Polícia;siconfi-cor_RO1.1.2.1.00.00.00;23551,49
Prefeitura Municipal de Autazes - AM;1300300;AM;37752;Receitas Brutas Realizadas;1.2.0.0.00.00.00 - Receitas de Contribuições;siconfi-cor_RO1.2.0.0.00.00.00;373681,13
Prefeitura Municipal de Autazes - AM;1300300;AM;37752;Receitas Brutas Realizadas;1.2.2.0.00.00.00 - Contribuições de Intervenção no Domínio Econômico;siconfi-cor_RO1.2.2.0.00.00.00;373681,13
Prefeitura Municipal de Autazes - AM;1300300;AM;37752;Receitas Brutas Realizadas;1.2.2.0.99.00.00 - Outras Contribuições Econômicas;siconfi-cor_RO1.2.2.0.99.00.00;373681,13
Prefeitura Municipal de Autazes - AM;1300300;AM;37752;Receitas Brutas Realizadas;1.3.0.0.00.00.00 - Receita Patrimonial;siconfi-cor_RO1.3.0.0.00.00.00;945563,41
Prefeitura Municipal de Autazes - AM;1300300;AM;37752;Receitas Brutas Realizadas;1.3.2.0.00.00.00 - Receitas de Valores Mobiliários;siconfi-cor_RO1.3.2.0.00.00.00;345558,41
Prefeitura Municipal de Autazes - AM;1300300;AM;37752;Receitas Brutas Realizadas;1.3.2.5.00.00.00 - Remuneração de Depósitos Bancários;siconfi-cor_RO1.3.2.5.00.00.00;345558,41
Prefeitura Municipal de Autazes - AM;1300300;AM;37752;Receitas Brutas Realizadas;1.3.6.0.00.00.00 - Receita da Cessão de Direitos;siconfi-cor_RO1.3.6.0.00.00.00;600005
Prefeitura Municipal de Autazes - AM;1300300;AM;37752;Receitas Brutas Realizadas;1.6.0.0.00.00.00 - Receita de Serviços;siconfi-cor_RO1.6.0.0.00.00.00;14808,16
Prefeitura Municipal de Autazes - AM;1300300;AM;37752;Receitas Brutas Realizadas;1.6.0.0.13.00.00 - Serviços Administrativos;siconfi-cor_RO1.6.0.0.13.00.00;14808,16
Prefeitura Municipal de Autazes - AM;1300300;AM;37752;Receitas Brutas Realizadas;1.7.0.0.00.00.00 - Transferências Correntes;siconfi-cor_RO1.7.0.0.00.00.00;73694759,65
Prefeitura Municipal de Autazes - AM;1300300;AM;37752;Receitas Brutas Realizadas;1.7.2.0.00.00.00 - Transferências Intergovernamentais;siconfi-cor_RO1.7.2.0.00.00.00;73670614,72
Prefeitura Municipal de Autazes - AM;1300300;AM;37752;Receitas Brutas Realizadas;1.7.2.1.00.00.00 - Transferências da União;siconfi-cor_RO1.7.2.1.00.00.00;32767647,75
Prefeitura Municipal de Autazes - AM;1300300;AM;37752;Receitas Brutas Realizadas;1.7.2.1.01.00.00 - Participação na Receita da União;siconfi-cor_RO1.7.2.1.01.00.00;20631258,69
Prefeitura Municipal de Autazes - AM;1300300;AM;37752;Receitas Brutas Realizadas;1.7.2.1.01.02.00 - Cota-Parte do Fundo de Participação dos Municípios ¿ FPM;siconfi-cor_RO1.7.2.1.01.02.00;20626989,94
Prefeitura Municipal de Autazes - AM;1300300;AM;37752;Receitas Brutas Realizadas;1.7.2.1.01.05.00 - Cota-Parte do Imposto Sobre a Propriedade Territorial Rural ¿ ITR;siconfi-cor_RO1.7.2.1.01.05.00;4268,75
Prefeitura Municipal de Autazes - AM;1300300;AM;37752;Receitas Brutas Realizadas;1.7.2.1.22.00.00 - Transferências da Compensação Financeira pela Exploração de Recursos Naturais;siconfi-cor_RO1.7.2.1.22.00.00;304023,24
Prefeitura Municipal de Autazes - AM;1300300;AM;37752;Receitas Brutas Realizadas;1.7.2.1.22.40.00 - Cota-Parte Royalties pelo Excedente da Produção do Petróleo - Lei nº 9.478/97 artigo 49 I e II;siconfi-cor_RO1.7.2.1.22.40.00;83133,93
Prefeitura Municipal de Autazes - AM;1300300;AM;37752;Receitas Brutas Realizadas;1.7.2.1.22.70.00 - Cota-Parte do Fundo Especial do Petróleo ¿ FEP;siconfi-cor_RO1.7.2.1.22.70.00;220889,31
Prefeitura Municipal de Autazes - AM;1300300;AM;37752;Receitas Brutas Realizadas;1.7.2.1.33.00.00 - Transferências de Recursos do Sistema Único de Saúde - SUS - Repasses Fundo a Fundo;siconfi-cor_RO1.7.2.1.33.00.00;7873632,39
Prefeitura Municipal de Autazes - AM;1300300;AM;37752;Receitas Brutas Realizadas;1.7.2.1.34.00.00 - Transferências de Recursos do Fundo Nacional de Assistência Social ¿ FNAS;siconfi-cor_RO1.7.2.1.34.00.00;825205,53
Prefeitura Municipal de Autazes - AM;1300300;AM;37752;Receitas Brutas Realizadas;1.7.2.1.35.00.00 - Transferências de Recursos do Fundo Nacional do Desenvolvimento da Educação ¿ FNDE;siconfi-cor_RO1.7.2.1.35.00.00;3091601,49
Prefeitura Municipal de Autazes - AM;1300300;AM;37752;Receitas Brutas Realizadas;1.7.2.1.36.00.00 - Transferências Financeiras do ICMS ¿ Desoneração ¿ L.C. Nº 87/96;siconfi-cor_RO1.7.2.1.36.00.00;25457,28
Prefeitura Municipal de Autazes - AM;1300300;AM;37752;Receitas Brutas Realizadas;1.7.2.1.99.00.00 - Outras Transferências da União;siconfi-cor_RO1.7.2.1.99.00.00;16469,13
Prefeitura Municipal de Autazes - AM;1300300;AM;37752;Receitas Brutas Realizadas;1.7.2.2.00.00.00 - Transferências dos Estados;siconfi-cor_RO1.7.2.2.00.00.00;11734051,55
Prefeitura Municipal de Autazes - AM;1300300;AM;37752;Receitas Brutas Realizadas;1.7.2.2.01.00.00 - Participação na Receita dos Estados;siconfi-cor_RO1.7.2.2.01.00.00;10900518,12
Prefeitura Municipal de Autazes - AM;1300300;AM;37752;Receitas Brutas Realizadas;1.7.2.2.01.01.00 - Cota-Parte do ICMS;siconfi-cor_RO1.7.2.2.01.01.00;10619213,98
Prefeitura Municipal de Autazes - AM;1300300;AM;37752;Receitas Brutas Realizadas;1.7.2.2.01.02.00 - Cota-Parte do IPVA;siconfi-cor_RO1.7.2.2.01.02.00;153774,64
Prefeitura Municipal de Autazes - AM;1300300;AM;37752;Receitas Brutas Realizadas;1.7.2.2.01.04.00 - Cota-Parte do IPI - Municípios;siconfi-cor_RO1.7.2.2.01.04.00;42595,17
Prefeitura Municipal de Autazes - AM;1300300;AM;37752;Receitas Brutas Realizadas;1.7.2.2.01.13.00 - Cota-Parte da Contribuição de Intervenção no Domínio Econômico;siconfi-cor_RO1.7.2.2.01.13.00;84934,33
Prefeitura Municipal de Autazes - AM;1300300;AM;37752;Receitas Brutas Realizadas;1.7.2.2.22.00.00 - Transferências da Cota-Parte da Compensação Financeira (25%);siconfi-cor_RO1.7.2.2.22.00.00;114523,85
Prefeitura Municipal de Autazes - AM;1300300;AM;37752;Receitas Brutas Realizadas;1.7.2.2.22.30.00 - Cota-Parte Royalties - Compensação Financeira pela Produção de Petróleo - Lei nº 7.990/89 artigo 9º;siconfi-cor_RO1.7.2.2.22.30.00;114523,85
Prefeitura Municipal de Autazes - AM;1300300;AM;37752;Receitas Brutas Realizadas;1.7.2.2.33.00.00 - Transferências de Recursos do Estado para Programas de Saúde - Repasse Fundo a Fundo;siconfi-cor_RO1.7.2.2.33.00.00;719009,58
Prefeitura Municipal de Autazes - AM;1300300;AM;37752;Receitas Brutas Realizadas;1.7.2.4.00.00.00 - Transferências Multigovernamentais;siconfi-cor_RO1.7.2.4.00.00.00;29168915,42
Prefeitura Municipal de Autazes - AM;1300300;AM;37752;Receitas Brutas Realizadas;1.7.2.4.01.00.00 - Transferências de Recursos do Fundo de Manutenção e Desenvolvimento do Ensino Fundamental e de Valorização do Magistério - FUNDEB;siconfi-cor_RO1.7.2.4.01.00.00;18164299,99
Prefeitura Municipal de Autazes - AM;1300300;AM;37752;Receitas Brutas Realizadas;1.7.2.4.02.00.00 - Transferências de Recursos da Complementação ao Fundo de Manutenção e Desenvolvimento do Ensino Fundamental e de Valorização do Magistério - FUNDEB;siconfi-cor_RO1.7.2.4.02.00.00;11004615,43
Prefeitura Municipal de Autazes - AM;1300300;AM;37752;Receitas Brutas Realizadas;1.7.6.0.00.00.00 - Transferências de Convênios;siconfi-cor_RO1.7.6.0.00.00.00;24144,93
Prefeitura Municipal de Autazes - AM;1300300;AM;37752;Receitas Brutas Realizadas;1.7.6.1.00.00.00 - Transferências de Convênios da União e de Suas Entidades;siconfi-cor_RO1.7.6.1.00.00.00;24144,93
Prefeitura Municipal de Autazes - AM;1300300;AM;37752;Receitas Brutas Realizadas;1.7.6.1.99.00.00 - Outras Transferências de Convênios da União;siconfi-cor_RO1.7.6.1.99.00.00;24144,93
Prefeitura Municipal de Autazes - AM;1300300;AM;37752;Receitas Brutas Realizadas;2.0.0.0.00.00.00 - Receitas de Capital;siconfi-cor_RO2.0.0.0.00.00.00;451371,13
Prefeitura Municipal de Autazes - AM;1300300;AM;37752;Receitas Brutas Realizadas;2.4.0.0.00.00.00 - Transferências de Capital;siconfi-cor_RO2.4.0.0.00.00.00;451371,13
Prefeitura Municipal de Autazes - AM;1300300;AM;37752;Receitas Brutas Realizadas;2.4.7.0.00.00.00 - Transferências de Convênios;siconfi-cor_RO2.4.7.0.00.00.00;451371,13
Prefeitura Municipal de Autazes - AM;1300300;AM;37752;Receitas Brutas Realizadas;2.4.7.1.00.00.00 - Transferências de Convênios da União e de suas Entidades;siconfi-cor_RO2.4.7.1.00.00.00;451371,13
Prefeitura Municipal de Autazes - AM;1300300;AM;37752;Receitas Brutas Realizadas;2.4.7.1.02.00.00 - Transferências de Convênios da União Destinadas a Programas de Educação;siconfi-cor_RO2.4.7.1.02.00.00;451371,13
Prefeitura Municipal de Autazes - AM;1300300;AM;37752;Deduções - FUNDEB;Total Receitas;siconfi-cor_TotalReceitas;5952580,11
Prefeitura Municipal de Autazes - AM;1300300;AM;37752;Deduções - FUNDEB;1.0.0.0.00.00.00 - Receitas Correntes;siconfi-cor_RO1.0.0.0.00.00.00;5952580,11
Prefeitura Municipal de Autazes - AM;1300300;AM;37752;Deduções - FUNDEB;1.7.0.0.00.00.00 - Transferências Correntes;siconfi-cor_RO1.7.0.0.00.00.00;5952580,11
Prefeitura Municipal de Autazes - AM;1300300;AM;37752;Deduções - FUNDEB;1.7.2.0.00.00.00 - Transferências Intergovernamentais;siconfi-cor_RO1.7.2.0.00.00.00;5952580,11
Prefeitura Municipal de Autazes - AM;1300300;AM;37752;Deduções - FUNDEB;1.7.2.1.00.00.00 - Transferências da União;siconfi-cor_RO1.7.2.1.00.00.00;3789744,14
Prefeitura Municipal de Autazes - AM;1300300;AM;37752;Deduções - FUNDEB;1.7.2.1.01.00.00 - Participação na Receita da União;siconfi-cor_RO1.7.2.1.01.00.00;3784652,77
Prefeitura Municipal de Autazes - AM;1300300;AM;37752;Deduções - FUNDEB;1.7.2.1.01.02.00 - Cota-Parte do Fundo de Participação dos Municípios ¿ FPM;siconfi-cor_RO1.7.2.1.01.02.00;3783799,1
Prefeitura Municipal de Autazes - AM;1300300;AM;37752;Deduções - FUNDEB;1.7.2.1.01.05.00 - Cota-Parte do Imposto Sobre a Propriedade Territorial Rural ¿ ITR;siconfi-cor_RO1.7.2.1.01.05.00;853,67
Prefeitura Municipal de Autazes - AM;1300300;AM;37752;Deduções - FUNDEB;1.7.2.1.36.00.00 - Transferências Financeiras do ICMS ¿ Desoneração ¿ L.C. Nº 87/96;siconfi-cor_RO1.7.2.1.36.00.00;5091,37
Prefeitura Municipal de Autazes - AM;1300300;AM;37752;Deduções - FUNDEB;1.7.2.2.00.00.00 - Transferências dos Estados;siconfi-cor_RO1.7.2.2.00.00.00;2162835,97
Prefeitura Municipal de Autazes - AM;1300300;AM;37752;Deduções - FUNDEB;1.7.2.2.01.00.00 - Participação na Receita dos Estados;siconfi-cor_RO1.7.2.2.01.00.00;2162835,97
Prefeitura Municipal de Autazes - AM;1300300;AM;37752;Deduções - FUNDEB;1.7.2.2.01.01.00 - Cota-Parte do ICMS;siconfi-cor_RO1.7.2.2.01.01.00;2124517,77
Prefeitura Municipal de Autazes - AM;1300300;AM;37752;Deduções - FUNDEB;1.7.2.2.01.02.00 - Cota-Parte do IPVA;siconfi-cor_RO1.7.2.2.01.02.00;29799,13
Prefeitura Municipal de Autazes - AM;1300300;AM;37752;Deduções - FUNDEB;1.7.2.2.01.04.00 - Cota-Parte do IPI - Municípios;siconfi-cor_RO1.7.2.2.01.04.00;8519,07
Prefeitura Municipal de Novo Aripuanã - AM;1303304;AM;24718;Receitas Brutas Realizadas;Total Receitas;siconfi-cor_TotalReceitas;43206151,85
Prefeitura Municipal de Novo Aripuanã - AM;1303304;AM;24718;Receitas Brutas Realizadas;1.0.0.0.00.00.00 - Receitas Correntes;siconfi-cor_RO1.0.0.0.00.00.00;42638713,33
Prefeitura Municipal de Novo Aripuanã - AM;1303304;AM;24718;Receitas Brutas Realizadas;1.1.0.0.00.00.00 - Receita Tributária;siconfi-cor_RO1.1.0.0.00.00.00;867846,47
Prefeitura Municipal de Novo Aripuanã - AM;1303304;AM;24718;Receitas Brutas Realizadas;1.1.1.0.00.00.00 - Impostos;siconfi-cor_RO1.1.1.0.00.00.00;856328,71
Prefeitura Municipal de Novo Aripuanã - AM;1303304;AM;24718;Receitas Brutas Realizadas;1.1.1.2.00.00.00 - Impostos sobre o Patrimônio e a Renda;siconfi-cor_RO1.1.1.2.00.00.00;327136,51
Prefeitura Municipal de Novo Aripuanã - AM;1303304;AM;24718;Receitas Brutas Realizadas;1.1.1.2.02.00.00 - Imposto sobre a Propriedade Predial e Territorial Urbana ¿ IPTU;siconfi-cor_RO1.1.1.2.02.00.00;6883,84
Prefeitura Municipal de Novo Aripuanã - AM;1303304;AM;24718;Receitas Brutas Realizadas;1.1.1.2.04.00.00 - Imposto sobre a Renda e Proventos de Qualquer Natureza ¿ IR;siconfi-cor_RO1.1.1.2.04.00.00;320252,67
Prefeitura Municipal de Novo Aripuanã - AM;1303304;AM;24718;Receitas Brutas Realizadas;1.1.1.2.04.31.00 - Retido nas Fontes - Trabalho;siconfi-cor_RO1.1.1.2.04.31.00;242642,58
Prefeitura Municipal de Novo Aripuanã - AM;1303304;AM;24718;Receitas Brutas Realizadas;1.1.1.2.04.34.00 - Retido nas Fontes - Outros Rendimentos;siconfi-cor_RO1.1.1.2.04.34.00;77610,09
Prefeitura Municipal de Novo Aripuanã - AM;1303304;AM;24718;Receitas Brutas Realizadas;1.1.1.3.00.00.00 - Impostos sobre a Produção e a Circulação;siconfi-cor_RO1.1.1.3.00.00.00;529192,2
Prefeitura Municipal de Novo Aripuanã - AM;1303304;AM;24718;Receitas Brutas Realizadas;1.1.1.3.05.00.00 - Imposto sobre Serviços de Qualquer Natureza ¿ ISSQN;siconfi-cor_RO1.1.1.3.05.00.00;529192,2
Prefeitura Municipal de Novo Aripuanã - AM;1303304;AM;24718;Receitas Brutas Realizadas;1.1.2.0.00.00.00 - Taxas;siconfi-cor_RO1.1.2.0.00.00.00;965,9
Prefeitura Municipal de Novo Aripuanã - AM;1303304;AM;24718;Receitas Brutas Realizadas;1.1.2.2.00.00.00 - Taxas pela Prestação de Serviços;siconfi-cor_RO1.1.2.2.00.00.00;965,9
Prefeitura Municipal de Novo Aripuanã - AM;1303304;AM;24718;Receitas Brutas Realizadas;1.1.2.2.99.00.00 - Outras Taxas pela Prestação de Serviços;siconfi-cor_RO1.1.2.2.99.00.00;965,9
Prefeitura Municipal de Novo Aripuanã - AM;1303304;AM;24718;Receitas Brutas Realizadas;1.1.3.0.00.00.00 - Contribuição de Melhoria;siconfi-cor_RO1.1.3.0.00.00.00;10551,86
Prefeitura Municipal de Novo Aripuanã - AM;1303304;AM;24718;Receitas Brutas Realizadas;1.1.3.0.01.00.00 - Contribuição de Melhoria para Expansão da Rede de Água Potável e Esgoto Sanitário;siconfi-cor_RO1.1.3.0.01.00.00;10551,86
Prefeitura Municipal de Novo Aripuanã - AM;1303304;AM;24718;Receitas Brutas Realizadas;1.2.0.0.00.00.00 - Receitas de Contribuições;siconfi-cor_RO1.2.0.0.00.00.00;34046,1
Prefeitura Municipal de Novo Aripuanã - AM;1303304;AM;24718;Receitas Brutas Realizadas;1.2.3.0.00.00.00 - Contribuição para Custeio do Serviço de Iluminação Pública;siconfi-cor_RO1.2.3.0.00.00.00;34046,1
Prefeitura Municipal de Novo Aripuanã - AM;1303304;AM;24718;Receitas Brutas Realizadas;1.3.0.0.00.00.00 - Receita Patrimonial;siconfi-cor_RO1.3.0.0.00.00.00;109020,47
Prefeitura Municipal de Novo Aripuanã - AM;1303304;AM;24718;Receitas Brutas Realizadas;1.3.2.0.00.00.00 - Receitas de Valores Mobiliários;siconfi-cor_RO1.3.2.0.00.00.00;109020,47
Prefeitura Municipal de Novo Aripuanã - AM;1303304;AM;24718;Receitas Brutas Realizadas;1.3.2.5.00.00.00 - Remuneração de Depósitos Bancários;siconfi-cor_RO1.3.2.5.00.00.00;109020,47
Prefeitura Municipal de Novo Aripuanã - AM;1303304;AM;24718;Receitas Brutas Realizadas;1.7.0.0.00.00.00 - Transferências Correntes;siconfi-cor_RO1.7.0.0.00.00.00;41605514,39
Prefeitura Municipal de Novo Aripuanã - AM;1303304;AM;24718;Receitas Brutas Realizadas;1.7.2.0.00.00.00 - Transferências Intergovernamentais;siconfi-cor_RO1.7.2.0.00.00.00;41605514,39
Prefeitura Municipal de Novo Aripuanã - AM;1303304;AM;24718;Receitas Brutas Realizadas;1.7.2.1.00.00.00 - Transferências da União;siconfi-cor_RO1.7.2.1.00.00.00;21522799,5
Prefeitura Municipal de Novo Aripuanã - AM;1303304;AM;24718;Receitas Brutas Realizadas;1.7.2.1.01.00.00 - Participação na Receita da União;siconfi-cor_RO1.7.2.1.01.00.00;16071434,16
Prefeitura Municipal de Novo Aripuanã - AM;1303304;AM;24718;Receitas Brutas Realizadas;1.7.2.1.01.02.00 - Cota-Parte do Fundo de Participação dos Municípios ¿ FPM;siconfi-cor_RO1.7.2.1.01.02.00;14714775,83
Prefeitura Municipal de Novo Aripuanã - AM;1303304;AM;24718;Receitas Brutas Realizadas;1.7.2.1.01.03.00 - Cota-Parte do Fundo de Participação dos Municípios - 1% Cota Anual;siconfi-cor_RO1.7.2.1.01.03.00;653101,1
Prefeitura Municipal de Novo Aripuanã - AM;1303304;AM;24718;Receitas Brutas Realizadas;1.7.2.1.01.04.00 - Cota-Parte do Fundo de Participação dos Municípios - 1% Cota entregue no mês de julho (67)(I);siconfi-cor_RO1.7.2.1.01.04.00;675337,51
Prefeitura Municipal de Novo Aripuanã - AM;1303304;AM;24718;Receitas Brutas Realizadas;1.7.2.1.01.05.00 - Cota-Parte do Imposto Sobre a Propriedade Territorial Rural ¿ ITR;siconfi-cor_RO1.7.2.1.01.05.00;28219,72
Prefeitura Municipal de Novo Aripuanã - AM;1303304;AM;24718;Receitas Brutas Realizadas;1.7.2.1.22.00.00 - Transferências da Compensação Financeira pela Exploração de Recursos Naturais;siconfi-cor_RO1.7.2.1.22.00.00;177167,74
Prefeitura Municipal de Novo Aripuanã - AM;1303304;AM;24718;Receitas Brutas Realizadas;1.7.2.1.22.20.00 - Cota-Parte da Compensação Financeira de Recursos Minerais - CFEM;siconfi-cor_RO1.7.2.1.22.20.00;5364,93
Prefeitura Municipal de Novo Aripuanã - AM;1303304;AM;24718;Receitas Brutas Realizadas;1.7.2.1.22.70.00 - Cota-Parte do Fundo Especial do Petróleo ¿ FEP;siconfi-cor_RO1.7.2.1.22.70.00;171802,81
Prefeitura Municipal de Novo Aripuanã - AM;1303304;AM;24718;Receitas Brutas Realizadas;1.7.2.1.33.00.00 - Transferências de Recursos do Sistema Único de Saúde - SUS - Repasses Fundo a Fundo;siconfi-cor_RO1.7.2.1.33.00.00;3829870,67
Prefeitura Municipal de Novo Aripuanã - AM;1303304;AM;24718;Receitas Brutas Realizadas;1.7.2.1.34.00.00 - Transferências de Recursos do Fundo Nacional de Assistência Social ¿ FNAS;siconfi-cor_RO1.7.2.1.34.00.00;692507,7
Prefeitura Municipal de Novo Aripuanã - AM;1303304;AM;24718;Receitas Brutas Realizadas;1.7.2.1.35.00.00 - Transferências de Recursos do Fundo Nacional do Desenvolvimento da Educação ¿ FNDE;siconfi-cor_RO1.7.2.1.35.00.00;718138,62
Prefeitura Municipal de Novo Aripuanã - AM;1303304;AM;24718;Receitas Brutas Realizadas;1.7.2.1.36.00.00 - Transferências Financeiras do ICMS ¿ Desoneração ¿ L.C. Nº 87/96;siconfi-cor_RO1.7.2.1.36.00.00;20450,52
Prefeitura Municipal de Novo Aripuanã - AM;1303304;AM;24718;Receitas Brutas Realizadas;1.7.2.1.99.00.00 - Outras Transferências da União;siconfi-cor_RO1.7.2.1.99.00.00;13230,09
Prefeitura Municipal de Novo Aripuanã - AM;1303304;AM;24718;Receitas Brutas Realizadas;1.7.2.2.00.00.00 - Transferências dos Estados;siconfi-cor_RO1.7.2.2.00.00.00;8896539,77
Prefeitura Municipal de Novo Aripuanã - AM;1303304;AM;24718;Receitas Brutas Realizadas;1.7.2.2.01.00.00 - Participação na Receita dos Estados;siconfi-cor_RO1.7.2.2.01.00.00;8651190,13
Prefeitura Municipal de Novo Aripuanã - AM;1303304;AM;24718;Receitas Brutas Realizadas;1.7.2.2.01.01.00 - Cota-Parte do ICMS;siconfi-cor_RO1.7.2.2.01.01.00;8493964,38
Prefeitura Municipal de Novo Aripuanã - AM;1303304;AM;24718;Receitas Brutas Realizadas;1.7.2.2.01.02.00 - Cota-Parte do IPVA;siconfi-cor_RO1.7.2.2.01.02.00;59258,94
Prefeitura Municipal de Novo Aripuanã - AM;1303304;AM;24718;Receitas Brutas Realizadas;1.7.2.2.01.04.00 - Cota-Parte do IPI - Municípios;siconfi-cor_RO1.7.2.2.01.04.00;34217,86
Prefeitura Municipal de Novo Aripuanã - AM;1303304;AM;24718;Receitas Brutas Realizadas;1.7.2.2.01.13.00 - Cota-Parte da Contribuição de Intervenção no Domínio Econômico;siconfi-cor_RO1.7.2.2.01.13.00;63748,95
Prefeitura Municipal de Novo Aripuanã - AM;1303304;AM;24718;Receitas Brutas Realizadas;1.7.2.2.22.00.00 - Transferências da Cota-Parte da Compensação Financeira (25%);siconfi-cor_RO1.7.2.2.22.00.00;92000,06
Prefeitura Municipal de Novo Aripuanã - AM;1303304;AM;24718;Receitas Brutas Realizadas;1.7.2.2.22.30.00 - Cota-Parte Royalties - Compensação Financeira pela Produção de Petróleo - Lei nº 7.990/89 artigo 9º;siconfi-cor_RO1.7.2.2.22.30.00;92000,06
Prefeitura Municipal de Novo Aripuanã - AM;1303304;AM;24718;Receitas Brutas Realizadas;1.7.2.2.33.00.00 - Transferências de Recursos do Estado para Programas de Saúde - Repasse Fundo a Fundo;siconfi-cor_RO1.7.2.2.33.00.00;153349,58
Prefeitura Municipal de Novo Aripuanã - AM;1303304;AM;24718;Receitas Brutas Realizadas;1.7.2.4.00.00.00 - Transferências Multigovernamentais;siconfi-cor_RO1.7.2.4.00.00.00;11186175,12
Prefeitura Municipal de Novo Aripuanã - AM;1303304;AM;24718;Receitas Brutas Realizadas;1.7.2.4.01.00.00 - Transferências de Recursos do Fundo de Manutenção e Desenvolvimento do Ensino Fundamental e de Valorização do Magistério - FUNDEB;siconfi-cor_RO1.7.2.4.01.00.00;8577736,58
Prefeitura Municipal de Novo Aripuanã - AM;1303304;AM;24718;Receitas Brutas Realizadas;1.7.2.4.02.00.00 - Transferências de Recursos da Complementação ao Fundo de Manutenção e Desenvolvimento do Ensino Fundamental e de Valorização do Magistério - FUNDEB;siconfi-cor_RO1.7.2.4.02.00.00;2608438,54
Prefeitura Municipal de Novo Aripuanã - AM;1303304;AM;24718;Receitas Brutas Realizadas;1.9.0.0.00.00.00 - Outras Receitas Correntes;siconfi-cor_RO1.9.0.0.00.00.00;22285,9
Prefeitura Municipal de Novo Aripuanã - AM;1303304;AM;24718;Receitas Brutas Realizadas;1.9.9.0.00.00.00 - Receitas Diversas;siconfi-cor_RO1.9.9.0.00.00.00;22285,9
Prefeitura Municipal de Novo Aripuanã - AM;1303304;AM;24718;Receitas Brutas Realizadas;1.9.9.0.99.00.00 - Outras Receitas;siconfi-cor_RO1.9.9.0.99.00.00;22285,9
Prefeitura Municipal de Novo Aripuanã - AM;1303304;AM;24718;Receitas Brutas Realizadas;2.0.0.0.00.00.00 - Receitas de Capital;siconfi-cor_RO2.0.0.0.00.00.00;567438,52
Prefeitura Municipal de Novo Aripuanã - AM;1303304;AM;24718;Receitas Brutas Realizadas;2.4.0.0.00.00.00 - Transferências de Capital;siconfi-cor_RO2.4.0.0.00.00.00;567438,52
Prefeitura Municipal de Novo Aripuanã - AM;1303304;AM;24718;Receitas Brutas Realizadas;2.4.7.0.00.00.00 - Transferências de Convênios;siconfi-cor_RO2.4.7.0.00.00.00;567438,52
Prefeitura Municipal de Novo Aripuanã - AM;1303304;AM;24718;Receitas Brutas Realizadas;2.4.7.1.00.00.00 - Transferências de Convênios da União e de suas Entidades;siconfi-cor_RO2.4.7.1.00.00.00;567438,52
Prefeitura Municipal de Novo Aripuanã - AM;1303304;AM;24718;Receitas Brutas Realizadas;2.4.7.1.02.00.00 - Transferências de Convênios da União Destinadas a Programas de Educação;siconfi-cor_RO2.4.7.1.02.00.00;567438,52
Prefeitura Municipal de Novo Aripuanã - AM;1303304;AM;24718;Deduções - FUNDEB;Total Receitas;siconfi-cor_TotalReceitas;4670176,52
Prefeitura Municipal de Novo Aripuanã - AM;1303304;AM;24718;Deduções - FUNDEB;1.0.0.0.00.00.00 - Receitas Correntes;siconfi-cor_RO1.0.0.0.00.00.00;4670176,52
Prefeitura Municipal de Novo Aripuanã - AM;1303304;AM;24718;Deduções - FUNDEB;1.7.0.0.00.00.00 - Transferências Correntes;siconfi-cor_RO1.7.0.0.00.00.00;4670176,52
Prefeitura Municipal de Novo Aripuanã - AM;1303304;AM;24718;Deduções - FUNDEB;1.7.2.0.00.00.00 - Transferências Intergovernamentais;siconfi-cor_RO1.7.2.0.00.00.00;4670176,52
Prefeitura Municipal de Novo Aripuanã - AM;1303304;AM;24718;Deduções - FUNDEB;1.7.2.1.00.00.00 - Transferências da União;siconfi-cor_RO1.7.2.1.00.00.00;2952688,78
Prefeitura Municipal de Novo Aripuanã - AM;1303304;AM;24718;Deduções - FUNDEB;1.7.2.1.01.00.00 - Participação na Receita da União;siconfi-cor_RO1.7.2.1.01.00.00;2948598,7
Prefeitura Municipal de Novo Aripuanã - AM;1303304;AM;24718;Deduções - FUNDEB;1.7.2.1.01.02.00 - Cota-Parte do Fundo de Participação dos Municípios ¿ FPM;siconfi-cor_RO1.7.2.1.01.02.00;2942954,86
Prefeitura Municipal de Novo Aripuanã - AM;1303304;AM;24718;Deduções - FUNDEB;1.7.2.1.01.05.00 - Cota-Parte do Imposto Sobre a Propriedade Territorial Rural ¿ ITR;siconfi-cor_RO1.7.2.1.01.05.00;5643,84
Prefeitura Municipal de Novo Aripuanã - AM;1303304;AM;24718;Deduções - FUNDEB;1.7.2.1.36.00.00 - Transferências Financeiras do ICMS ¿ Desoneração ¿ L.C. Nº 87/96;siconfi-cor_RO1.7.2.1.36.00.00;4090,08
Prefeitura Municipal de Novo Aripuanã - AM;1303304;AM;24718;Deduções - FUNDEB;1.7.2.2.00.00.00 - Transferências dos Estados;siconfi-cor_RO1.7.2.2.00.00.00;1717487,74
Prefeitura Municipal de Novo Aripuanã - AM;1303304;AM;24718;Deduções - FUNDEB;1.7.2.2.01.00.00 - Participação na Receita dos Estados;siconfi-cor_RO1.7.2.2.01.00.00;1717487,74
Prefeitura Municipal de Novo Aripuanã - AM;1303304;AM;24718;Deduções - FUNDEB;1.7.2.2.01.01.00 - Cota-Parte do ICMS;siconfi-cor_RO1.7.2.2.01.01.00;1698818,54
Prefeitura Municipal de Novo Aripuanã - AM;1303304;AM;24718;Deduções - FUNDEB;1.7.2.2.01.02.00 - Cota-Parte do IPVA;siconfi-cor_RO1.7.2.2.01.02.00;11825,65
Prefeitura Municipal de Novo Aripuanã - AM;1303304;AM;24718;Deduções - FUNDEB;1.7.2.2.01.04.00 - Cota-Parte do IPI - Municípios;siconfi-cor_RO1.7.2.2.01.04.00;6843,55
Prefeitura Municipal de Carauari - AM;1301001;AM;28111;Receitas Brutas Realizadas;Total Receitas;siconfi-cor_TotalReceitas;61010460,87
Prefeitura Municipal de Carauari - AM;1301001;AM;28111;Receitas Brutas Realizadas;1.0.0.0.00.00.00 - Receitas Correntes;siconfi-cor_RO1.0.0.0.00.00.00;58539426,66
Prefeitura Municipal de Carauari - AM;1301001;AM;28111;Receitas Brutas Realizadas;1.1.0.0.00.00.00 - Receita Tributária;siconfi-cor_RO1.1.0.0.00.00.00;1951019,44
Prefeitura Municipal de Carauari - AM;1301001;AM;28111;Receitas Brutas Realizadas;1.1.1.0.00.00.00 - Impostos;siconfi-cor_RO1.1.1.0.00.00.00;1843373,17
Prefeitura Municipal de Carauari - AM;1301001;AM;28111;Receitas Brutas Realizadas;1.1.1.2.00.00.00 - Impostos sobre o Patrimônio e a Renda;siconfi-cor_RO1.1.1.2.00.00.00;954307,88
Prefeitura Municipal de Carauari - AM;1301001;AM;28111;Receitas Brutas Realizadas;1.1.1.2.02.00.00 - Imposto sobre a Propriedade Predial e Territorial Urbana ¿ IPTU;siconfi-cor_RO1.1.1.2.02.00.00;17047,08
Prefeitura Municipal de Carauari - AM;1301001;AM;28111;Receitas Brutas Realizadas;1.1.1.2.04.00.00 - Imposto sobre a Renda e Proventos de Qualquer Natureza ¿ IR;siconfi-cor_RO1.1.1.2.04.00.00;932297,02
Prefeitura Municipal de Carauari - AM;1301001;AM;28111;Receitas Brutas Realizadas;1.1.1.2.04.31.00 - Retido nas Fontes - Trabalho;siconfi-cor_RO1.1.1.2.04.31.00;716636,94
Prefeitura Municipal de Carauari - AM;1301001;AM;28111;Receitas Brutas Realizadas;1.1.1.2.04.34.00 - Retido nas Fontes - Outros Rendimentos;siconfi-cor_RO1.1.1.2.04.34.00;215660,08
Prefeitura Municipal de Carauari - AM;1301001;AM;28111;Receitas Brutas Realizadas;"1.1.1.2.08.00.00 - Imposto sobre Transmissão Inter Vivos"" de Bens Imóveis e de Direitos Reais sobre Imóveis ¿ ITBI""";siconfi-cor_RO1.1.1.2.08.00.00;4963,78
Prefeitura Municipal de Carauari - AM;1301001;AM;28111;Receitas Brutas Realizadas;1.1.1.3.00.00.00 - Impostos sobre a Produção e a Circulação;siconfi-cor_RO1.1.1.3.00.00.00;889065,29
Prefeitura Municipal de Carauari - AM;1301001;AM;28111;Receitas Brutas Realizadas;1.1.1.3.05.00.00 - Imposto sobre Serviços de Qualquer Natureza ¿ ISSQN;siconfi-cor_RO1.1.1.3.05.00.00;889065,29
Prefeitura Municipal de Carauari - AM;1301001;AM;28111;Receitas Brutas Realizadas;1.1.2.0.00.00.00 - Taxas;siconfi-cor_RO1.1.2.0.00.00.00;107646,27
Prefeitura Municipal de Carauari - AM;1301001;AM;28111;Receitas Brutas Realizadas;1.1.2.1.00.00.00 - Taxas pelo Exercício do Poder de Polícia;siconfi-cor_RO1.1.2.1.00.00.00;101804,34
Prefeitura Municipal de Carauari - AM;1301001;AM;28111;Receitas Brutas Realizadas;1.1.2.2.00.00.00 - Taxas pela Prestação de Serviços;siconfi-cor_RO1.1.2.2.00.00.00;5841,93
Prefeitura Municipal de Carauari - AM;1301001;AM;28111;Receitas Brutas Realizadas;1.1.2.2.99.00.00 - Outras Taxas pela Prestação de Serviços;siconfi-cor_RO1.1.2.2.99.00.00;5841,93
Prefeitura Municipal de Carauari - AM;1301001;AM;28111;Receitas Brutas Realizadas;1.2.0.0.00.00.00 - Receitas de Contribuições;siconfi-cor_RO1.2.0.0.00.00.00;1122304,05
Prefeitura Municipal de Carauari - AM;1301001;AM;28111;Receitas Brutas Realizadas;1.2.1.0.00.00.00 - Contribuições Sociais;siconfi-cor_RO1.2.1.0.00.00.00;1056917,12
Prefeitura Municipal de Carauari - AM;1301001;AM;28111;Receitas Brutas Realizadas;1.2.1.0.29.00.00 - Contribuições para o Regime Próprio de Previdência do Servidor Público;siconfi-cor_RO1.2.1.0.29.00.00;1056917,12
Prefeitura Municipal de Carauari - AM;1301001;AM;28111;Receitas Brutas Realizadas;1.2.1.0.29.07.00 - Contribuição do Servidor Ativo Civil para o Regime Próprio;siconfi-cor_RO1.2.1.0.29.07.00;1056917,12
Prefeitura Municipal de Carauari - AM;1301001;AM;28111;Receitas Brutas Realizadas;1.2.3.0.00.00.00 - Contribuição para Custeio do Serviço de Iluminação Pública;siconfi-cor_RO1.2.3.0.00.00.00;65386,93
Prefeitura Municipal de Carauari - AM;1301001;AM;28111;Receitas Brutas Realizadas;1.3.0.0.00.00.00 - Receita Patrimonial;siconfi-cor_RO1.3.0.0.00.00.00;304652,57
Prefeitura Municipal de Carauari - AM;1301001;AM;28111;Receitas Brutas Realizadas;1.3.2.0.00.00.00 - Receitas de Valores Mobiliários;siconfi-cor_RO1.3.2.0.00.00.00;304652,57
Prefeitura Municipal de Carauari - AM;1301001;AM;28111;Receitas Brutas Realizadas;1.3.2.5.00.00.00 - Remuneração de Depósitos Bancários;siconfi-cor_RO1.3.2.5.00.00.00;211425,37
Prefeitura Municipal de Carauari - AM;1301001;AM;28111;Receitas Brutas Realizadas;1.3.2.8.00.00.00 - Remuneração dos Investimentos do Regime Próprio de Previdência do Servidor;siconfi-cor_RO1.3.2.8.00.00.00;93227,2
Prefeitura Municipal de Carauari - AM;1301001;AM;28111;Receitas Brutas Realizadas;1.7.0.0.00.00.00 - Transferências Correntes;siconfi-cor_RO1.7.0.0.00.00.00;50771313,36
Prefeitura Municipal de Carauari - AM;1301001;AM;28111;Receitas Brutas Realizadas;1.7.2.0.00.00.00 - Transferências Intergovernamentais;siconfi-cor_RO1.7.2.0.00.00.00;50631313,36
Prefeitura Municipal de Carauari - AM;1301001;AM;28111;Receitas Brutas Realizadas;1.7.2.1.00.00.00 - Transferências da União;siconfi-cor_RO1.7.2.1.00.00.00;21953213,89
Prefeitura Municipal de Carauari - AM;1301001;AM;28111;Receitas Brutas Realizadas;1.7.2.1.01.00.00 - Participação na Receita da União;siconfi-cor_RO1.7.2.1.01.00.00;16044554,64
Prefeitura Municipal de Carauari - AM;1301001;AM;28111;Receitas Brutas Realizadas;1.7.2.1.01.02.00 - Cota-Parte do Fundo de Participação dos Municípios ¿ FPM;siconfi-cor_RO1.7.2.1.01.02.00;14714775,83
Prefeitura Municipal de Carauari - AM;1301001;AM;28111;Receitas Brutas Realizadas;1.7.2.1.01.03.00 - Cota-Parte do Fundo de Participação dos Municípios - 1% Cota Anual;siconfi-cor_RO1.7.2.1.01.03.00;653101,1
Prefeitura Municipal de Carauari - AM;1301001;AM;28111;Receitas Brutas Realizadas;1.7.2.1.01.04.00 - Cota-Parte do Fundo de Participação dos Municípios - 1% Cota entregue no mês de julho (67)(I);siconfi-cor_RO1.7.2.1.01.04.00;675337,51
Prefeitura Municipal de Carauari - AM;1301001;AM;28111;Receitas Brutas Realizadas;1.7.2.1.01.05.00 - Cota-Parte do Imposto Sobre a Propriedade Territorial Rural ¿ ITR;siconfi-cor_RO1.7.2.1.01.05.00;1340,2
Prefeitura Municipal de Carauari - AM;1301001;AM;28111;Receitas Brutas Realizadas;1.7.2.1.22.00.00 - Transferências da Compensação Financeira pela Exploração de Recursos Naturais;siconfi-cor_RO1.7.2.1.22.00.00;171830,63
Prefeitura Municipal de Carauari - AM;1301001;AM;28111;Receitas Brutas Realizadas;1.7.2.1.22.20.00 - Cota-Parte da Compensação Financeira de Recursos Minerais - CFEM;siconfi-cor_RO1.7.2.1.22.20.00;27,82
Prefeitura Municipal de Carauari - AM;1301001;AM;28111;Receitas Brutas Realizadas;1.7.2.1.22.70.00 - Cota-Parte do Fundo Especial do Petróleo ¿ FEP;siconfi-cor_RO1.7.2.1.22.70.00;171802,81
Prefeitura Municipal de Carauari - AM;1301001;AM;28111;Receitas Brutas Realizadas;1.7.2.1.33.00.00 - Transferências de Recursos do Sistema Único de Saúde - SUS - Repasses Fundo a Fundo;siconfi-cor_RO1.7.2.1.33.00.00;3320341,49
Prefeitura Municipal de Carauari - AM;1301001;AM;28111;Receitas Brutas Realizadas;1.7.2.1.34.00.00 - Transferências de Recursos do Fundo Nacional de Assistência Social ¿ FNAS;siconfi-cor_RO1.7.2.1.34.00.00;1068272,39
Prefeitura Municipal de Carauari - AM;1301001;AM;28111;Receitas Brutas Realizadas;1.7.2.1.35.00.00 - Transferências de Recursos do Fundo Nacional do Desenvolvimento da Educação ¿ FNDE;siconfi-cor_RO1.7.2.1.35.00.00;1305423,9
Prefeitura Municipal de Carauari - AM;1301001;AM;28111;Receitas Brutas Realizadas;1.7.2.1.36.00.00 - Transferências Financeiras do ICMS ¿ Desoneração ¿ L.C. Nº 87/96;siconfi-cor_RO1.7.2.1.36.00.00;25982,16
Prefeitura Municipal de Carauari - AM;1301001;AM;28111;Receitas Brutas Realizadas;1.7.2.1.99.00.00 - Outras Transferências da União;siconfi-cor_RO1.7.2.1.99.00.00;16808,68
Prefeitura Municipal de Carauari - AM;1301001;AM;28111;Receitas Brutas Realizadas;1.7.2.2.00.00.00 - Transferências dos Estados;siconfi-cor_RO1.7.2.2.00.00.00;11518304,59
Prefeitura Municipal de Carauari - AM;1301001;AM;28111;Receitas Brutas Realizadas;1.7.2.2.01.00.00 - Participação na Receita dos Estados;siconfi-cor_RO1.7.2.2.01.00.00;11073070,03
Prefeitura Municipal de Carauari - AM;1301001;AM;28111;Receitas Brutas Realizadas;1.7.2.2.01.01.00 - Cota-Parte do ICMS;siconfi-cor_RO1.7.2.2.01.01.00;10838149,45
Prefeitura Municipal de Carauari - AM;1301001;AM;28111;Receitas Brutas Realizadas;1.7.2.2.01.02.00 - Cota-Parte do IPVA;siconfi-cor_RO1.7.2.2.01.02.00;125001,72
Prefeitura Municipal de Carauari - AM;1301001;AM;28111;Receitas Brutas Realizadas;1.7.2.2.01.04.00 - Cota-Parte do IPI - Municípios;siconfi-cor_RO1.7.2.2.01.04.00;43473,34
Prefeitura Municipal de Carauari - AM;1301001;AM;28111;Receitas Brutas Realizadas;1.7.2.2.01.13.00 - Cota-Parte da Contribuição de Intervenção no Domínio Econômico;siconfi-cor_RO1.7.2.2.01.13.00;66445,52
Prefeitura Municipal de Carauari - AM;1301001;AM;28111;Receitas Brutas Realizadas;1.7.2.2.22.00.00 - Transferências da Cota-Parte da Compensação Financeira (25%);siconfi-cor_RO1.7.2.2.22.00.00;116884,98
Prefeitura Municipal de Carauari - AM;1301001;AM;28111;Receitas Brutas Realizadas;1.7.2.2.22.30.00 - Cota-Parte Royalties - Compensação Financeira pela Produção de Petróleo - Lei nº 7.990/89 artigo 9º;siconfi-cor_RO1.7.2.2.22.30.00;116884,98
Prefeitura Municipal de Carauari - AM;1301001;AM;28111;Receitas Brutas Realizadas;1.7.2.2.33.00.00 - Transferências de Recursos do Estado para Programas de Saúde - Repasse Fundo a Fundo;siconfi-cor_RO1.7.2.2.33.00.00;328349,58
Prefeitura Municipal de Carauari - AM;1301001;AM;28111;Receitas Brutas Realizadas;1.7.2.4.00.00.00 - Transferências Multigovernamentais;siconfi-cor_RO1.7.2.4.00.00.00;17159794,88
Prefeitura Municipal de Carauari - AM;1301001;AM;28111;Receitas Brutas Realizadas;1.7.2.4.01.00.00 - Transferências de Recursos do Fundo de Manutenção e Desenvolvimento do Ensino Fundamental e de Valorização do Magistério - FUNDEB;siconfi-cor_RO1.7.2.4.01.00.00;13013325
Prefeitura Municipal de Carauari - AM;1301001;AM;28111;Receitas Brutas Realizadas;1.7.2.4.02.00.00 - Transferências de Recursos da Complementação ao Fundo de Manutenção e Desenvolvimento do Ensino Fundamental e de Valorização do Magistério - FUNDEB;siconfi-cor_RO1.7.2.4.02.00.00;4146469,88
Prefeitura Municipal de Carauari - AM;1301001;AM;28111;Receitas Brutas Realizadas;1.7.3.0.00.00.00 - Transferências de Instituições Privadas;siconfi-cor_RO1.7.3.0.00.00.00;140000
Prefeitura Municipal de Carauari - AM;1301001;AM;28111;Receitas Brutas Realizadas;1.9.0.0.00.00.00 - Outras Receitas Correntes;siconfi-cor_RO1.9.0.0.00.00.00;4390137,24
Prefeitura Municipal de Carauari - AM;1301001;AM;28111;Receitas Brutas Realizadas;1.9.2.0.00.00.00 - Indenizações e Restituições;siconfi-cor_RO1.9.2.0.00.00.00;4383706,71
Prefeitura Municipal de Carauari - AM;1301001;AM;28111;Receitas Brutas Realizadas;1.9.2.2.00.00.00 - Restituições;siconfi-cor_RO1.9.2.2.00.00.00;4383706,71
Prefeitura Municipal de Carauari - AM;1301001;AM;28111;Receitas Brutas Realizadas;1.9.2.2.99.00.00 - Outras Restituições;siconfi-cor_RO1.9.2.2.99.00.00;4383706,71
Prefeitura Municipal de Carauari - AM;1301001;AM;28111;Receitas Brutas Realizadas;1.9.9.0.00.00.00 - Receitas Diversas;siconfi-cor_RO1.9.9.0.00.00.00;6430,53
Prefeitura Municipal de Carauari - AM;1301001;AM;28111;Receitas Brutas Realizadas;1.9.9.0.99.00.00 - Outras Receitas;siconfi-cor_RO1.9.9.0.99.00.00;6430,53
Prefeitura Municipal de Carauari - AM;1301001;AM;28111;Receitas Brutas Realizadas;2.0.0.0.00.00.00 - Receitas de Capital;siconfi-cor_RO2.0.0.0.00.00.00;1110658,2
Prefeitura Municipal de Carauari - AM;1301001;AM;28111;Receitas Brutas Realizadas;2.4.0.0.00.00.00 - Transferências de Capital;siconfi-cor_RO2.4.0.0.00.00.00;1110658,2
Prefeitura Municipal de Carauari - AM;1301001;AM;28111;Receitas Brutas Realizadas;2.4.2.0.00.00.00 - Transferências Intergovernamentais;siconfi-cor_RO2.4.2.0.00.00.00;386722,13
Prefeitura Municipal de Carauari - AM;1301001;AM;28111;Receitas Brutas Realizadas;2.4.2.1.00.00.00 - Transferências da União;siconfi-cor_RO2.4.2.1.00.00.00;386722,13
Prefeitura Municipal de Carauari - AM;1301001;AM;28111;Receitas Brutas Realizadas;2.4.2.1.01.00.00 - Participação na Receita da União;siconfi-cor_RO2.4.2.1.01.00.00;102400
Prefeitura Municipal de Carauari - AM;1301001;AM;28111;Receitas Brutas Realizadas;2.4.2.1.02.00.00 - Transferências de Recursos Destinados a Programas de Educação;siconfi-cor_RO2.4.2.1.02.00.00;284322,13
Prefeitura Municipal de Carauari - AM;1301001;AM;28111;Receitas Brutas Realizadas;2.4.7.0.00.00.00 - Transferências de Convênios;siconfi-cor_RO2.4.7.0.00.00.00;723936,07
Prefeitura Municipal de Carauari - AM;1301001;AM;28111;Receitas Brutas Realizadas;2.4.7.1.00.00.00 - Transferências de Convênios da União e de suas Entidades;siconfi-cor_RO2.4.7.1.00.00.00;723936,07
Prefeitura Municipal de Carauari - AM;1301001;AM;28111;Receitas Brutas Realizadas;2.4.7.1.02.00.00 - Transferências de Convênios da União Destinadas a Programas de Educação;siconfi-cor_RO2.4.7.1.02.00.00;459225,39
Prefeitura Municipal de Carauari - AM;1301001;AM;28111;Receitas Brutas Realizadas;2.4.7.1.99.00.00 - Outras Transferências de Convênios da União;siconfi-cor_RO2.4.7.1.99.00.00;264710,68
Prefeitura Municipal de Carauari - AM;1301001;AM;28111;Receitas Brutas Realizadas;7.0.0.0.00.00.00 - Receitas Correntes Intraorçamentárias;siconfi-cor_RI7.0.0.0.00.00.00;1360376,01
Prefeitura Municipal de Carauari - AM;1301001;AM;28111;Receitas Brutas Realizadas;7.2.0.0.00.00.00 - Receitas de Contribuições Intraorçamentárias;siconfi-cor_RI7.2.0.0.00.00.00;1360376,01
Prefeitura Municipal de Carauari - AM;1301001;AM;28111;Receitas Brutas Realizadas;7.2.1.0.00.00.00 - Contribuições Sociais Intraorçamentárias;siconfi-cor_RI7.2.1.0.00.00.00;1360376,01
Prefeitura Municipal de Carauari - AM;1301001;AM;28111;Receitas Brutas Realizadas;7.2.1.0.29.00.00 - Contribuições para o Regime Próprio de Previdência do Servidor Público Intraorçamentárias;siconfi-cor_RI7.2.1.0.29.00.00;1360376,01
Prefeitura Municipal de Carauari - AM;1301001;AM;28111;Receitas Brutas Realizadas;7.2.1.0.29.01.00 - Contribuição Patronal de Servidor Ativo Civil para o Regime Próprio Intraorçamentária;siconfi-cor_RI7.2.1.0.29.01.00;1360376,01
Prefeitura Municipal de Carauari - AM;1301001;AM;28111;Outras Deduções da Receita;Total Receitas;siconfi-cor_TotalReceitas;5149743,24
Prefeitura Municipal de Carauari - AM;1301001;AM;28111;Outras Deduções da Receita;1.0.0.0.00.00.00 - Receitas Correntes;siconfi-cor_RO1.0.0.0.00.00.00;5149743,24
Prefeitura Municipal de Carauari - AM;1301001;AM;28111;Outras Deduções da Receita;1.7.0.0.00.00.00 - Transferências Correntes;siconfi-cor_RO1.7.0.0.00.00.00;5149743,24
Prefeitura Municipal de Carauari - AM;1301001;AM;28111;Outras Deduções da Receita;1.7.2.0.00.00.00 - Transferências Intergovernamentais;siconfi-cor_RO1.7.2.0.00.00.00;5149743,24
Prefeitura Municipal de Carauari - AM;1301001;AM;28111;Outras Deduções da Receita;1.7.2.1.00.00.00 - Transferências da União;siconfi-cor_RO1.7.2.1.00.00.00;2948419,24
Prefeitura Municipal de Carauari - AM;1301001;AM;28111;Outras Deduções da Receita;1.7.2.1.01.00.00 - Participação na Receita da União;siconfi-cor_RO1.7.2.1.01.00.00;2943222,88
Prefeitura Municipal de Carauari - AM;1301001;AM;28111;Outras Deduções da Receita;1.7.2.1.01.02.00 - Cota-Parte do Fundo de Participação dos Municípios ¿ FPM;siconfi-cor_RO1.7.2.1.01.02.00;2942954,86
Prefeitura Municipal de Carauari - AM;1301001;AM;28111;Outras Deduções da Receita;1.7.2.1.01.05.00 - Cota-Parte do Imposto Sobre a Propriedade Territorial Rural ¿ ITR;siconfi-cor_RO1.7.2.1.01.05.00;268,02
Prefeitura Municipal de Carauari - AM;1301001;AM;28111;Outras Deduções da Receita;1.7.2.1.36.00.00 - Transferências Financeiras do ICMS ¿ Desoneração ¿ L.C. Nº 87/96;siconfi-cor_RO1.7.2.1.36.00.00;5196,36
Prefeitura Municipal de Carauari - AM;1301001;AM;28111;Outras Deduções da Receita;1.7.2.2.00.00.00 - Transferências dos Estados;siconfi-cor_RO1.7.2.2.00.00.00;2201324
Prefeitura Municipal de Carauari - AM;1301001;AM;28111;Outras Deduções da Receita;1.7.2.2.01.00.00 - Participação na Receita dos Estados;siconfi-cor_RO1.7.2.2.01.00.00;2201324
Prefeitura Municipal de Carauari - AM;1301001;AM;28111;Outras Deduções da Receita;1.7.2.2.01.01.00 - Cota-Parte do ICMS;siconfi-cor_RO1.7.2.2.01.01.00;2167629,9
Prefeitura Municipal de Carauari - AM;1301001;AM;28111;Outras Deduções da Receita;1.7.2.2.01.02.00 - Cota-Parte do IPVA;siconfi-cor_RO1.7.2.2.01.02.00;24999,44
Prefeitura Municipal de Carauari - AM;1301001;AM;28111;Outras Deduções da Receita;1.7.2.2.01.04.00 - Cota-Parte do IPI - Municípios;siconfi-cor_RO1.7.2.2.01.04.00;8694,66
Prefeitura Municipal de Rio Preto da Eva - AM;1303569;AM;31274;Receitas Brutas Realizadas;Total Receitas;siconfi-cor_TotalReceitas;72278052,07
Prefeitura Municipal de Rio Preto da Eva - AM;1303569;AM;31274;Receitas Brutas Realizadas;1.0.0.0.00.00.00 - Receitas Correntes;siconfi-cor_RO1.0.0.0.00.00.00;58260387,01
Prefeitura Municipal de Rio Preto da Eva - AM;1303569;AM;31274;Receitas Brutas Realizadas;1.1.0.0.00.00.00 - Receita Tributária;siconfi-cor_RO1.1.0.0.00.00.00;3249520,09
Prefeitura Municipal de Rio Preto da Eva - AM;1303569;AM;31274;Receitas Brutas Realizadas;1.1.1.0.00.00.00 - Impostos;siconfi-cor_RO1.1.1.0.00.00.00;3091474,63
Prefeitura Municipal de Rio Preto da Eva - AM;1303569;AM;31274;Receitas Brutas Realizadas;1.1.1.2.00.00.00 - Impostos sobre o Patrimônio e a Renda;siconfi-cor_RO1.1.1.2.00.00.00;794385,69
Prefeitura Municipal de Rio Preto da Eva - AM;1303569;AM;31274;Receitas Brutas Realizadas;1.1.1.2.02.00.00 - Imposto sobre a Propriedade Predial e Territorial Urbana ¿ IPTU;siconfi-cor_RO1.1.1.2.02.00.00;37407,4
Prefeitura Municipal de Rio Preto da Eva - AM;1303569;AM;31274;Receitas Brutas Realizadas;1.1.1.2.04.00.00 - Imposto sobre a Renda e Proventos de Qualquer Natureza ¿ IR;siconfi-cor_RO1.1.1.2.04.00.00;669249,58
Prefeitura Municipal de Rio Preto da Eva - AM;1303569;AM;31274;Receitas Brutas Realizadas;1.1.1.2.04.31.00 - Retido nas Fontes - Trabalho;siconfi-cor_RO1.1.1.2.04.31.00;669249,58
Prefeitura Municipal de Rio Preto da Eva - AM;1303569;AM;31274;Receitas Brutas Realizadas;"1.1.1.2.08.00.00 - Imposto sobre Transmissão Inter Vivos"" de Bens Imóveis e de Direitos Reais sobre Imóveis ¿ ITBI""";siconfi-cor_RO1.1.1.2.08.00.00;87728,71
Prefeitura Municipal de Rio Preto da Eva - AM;1303569;AM;31274;Receitas Brutas Realizadas;1.1.1.3.00.00.00 - Impostos sobre a Produção e a Circulação;siconfi-cor_RO1.1.1.3.00.00.00;2297088,94
Prefeitura Municipal de Rio Preto da Eva - AM;1303569;AM;31274;Receitas Brutas Realizadas;1.1.1.3.05.00.00 - Imposto sobre Serviços de Qualquer Natureza ¿ ISSQN;siconfi-cor_RO1.1.1.3.05.00.00;2297088,94
Prefeitura Municipal de Rio Preto da Eva - AM;1303569;AM;31274;Receitas Brutas Realizadas;1.1.2.0.00.00.00 - Taxas;siconfi-cor_RO1.1.2.0.00.00.00;158045,46
Prefeitura Municipal de Rio Preto da Eva - AM;1303569;AM;31274;Receitas Brutas Realizadas;1.1.2.1.00.00.00 - Taxas pelo Exercício do Poder de Polícia;siconfi-cor_RO1.1.2.1.00.00.00;117637,8
Prefeitura Municipal de Rio Preto da Eva - AM;1303569;AM;31274;Receitas Brutas Realizadas;1.1.2.2.00.00.00 - Taxas pela Prestação de Serviços;siconfi-cor_RO1.1.2.2.00.00.00;40407,66
Prefeitura Municipal de Rio Preto da Eva - AM;1303569;AM;31274;Receitas Brutas Realizadas;1.1.2.2.99.00.00 - Outras Taxas pela Prestação de Serviços;siconfi-cor_RO1.1.2.2.99.00.00;40407,66
Prefeitura Municipal de Rio Preto da Eva - AM;1303569;AM;31274;Receitas Brutas Realizadas;1.2.0.0.00.00.00 - Receitas de Contribuições;siconfi-cor_RO1.2.0.0.00.00.00;94469,42
Prefeitura Municipal de Rio Preto da Eva - AM;1303569;AM;31274;Receitas Brutas Realizadas;1.2.3.0.00.00.00 - Contribuição para Custeio do Serviço de Iluminação Pública;siconfi-cor_RO1.2.3.0.00.00.00;94469,42
Prefeitura Municipal de Rio Preto da Eva - AM;1303569;AM;31274;Receitas Brutas Realizadas;1.3.0.0.00.00.00 - Receita Patrimonial;siconfi-cor_RO1.3.0.0.00.00.00;194604,75
Prefeitura Municipal de Rio Preto da Eva - AM;1303569;AM;31274;Receitas Brutas Realizadas;1.3.2.0.00.00.00 - Receitas de Valores Mobiliários;siconfi-cor_RO1.3.2.0.00.00.00;194604,75
Prefeitura Municipal de Rio Preto da Eva - AM;1303569;AM;31274;Receitas Brutas Realizadas;1.3.2.5.00.00.00 - Remuneração de Depósitos Bancários;siconfi-cor_RO1.3.2.5.00.00.00;194604,75
Prefeitura Municipal de Rio Preto da Eva - AM;1303569;AM;31274;Receitas Brutas Realizadas;1.7.0.0.00.00.00 - Transferências Correntes;siconfi-cor_RO1.7.0.0.00.00.00;54721792,75
Prefeitura Municipal de Rio Preto da Eva - AM;1303569;AM;31274;Receitas Brutas Realizadas;1.7.2.0.00.00.00 - Transferências Intergovernamentais;siconfi-cor_RO1.7.2.0.00.00.00;54721792,75
Prefeitura Municipal de Rio Preto da Eva - AM;1303569;AM;31274;Receitas Brutas Realizadas;1.7.2.1.00.00.00 - Transferências da União;siconfi-cor_RO1.7.2.1.00.00.00;26548795,53
Prefeitura Municipal de Rio Preto da Eva - AM;1303569;AM;31274;Receitas Brutas Realizadas;1.7.2.1.01.00.00 - Participação na Receita da União;siconfi-cor_RO1.7.2.1.01.00.00;18352758,91
Prefeitura Municipal de Rio Preto da Eva - AM;1303569;AM;31274;Receitas Brutas Realizadas;1.7.2.1.01.02.00 - Cota-Parte do Fundo de Participação dos Municípios ¿ FPM;siconfi-cor_RO1.7.2.1.01.02.00;16816886,62
Prefeitura Municipal de Rio Preto da Eva - AM;1303569;AM;31274;Receitas Brutas Realizadas;1.7.2.1.01.03.00 - Cota-Parte do Fundo de Participação dos Municípios - 1% Cota Anual;siconfi-cor_RO1.7.2.1.01.03.00;746401,26
Prefeitura Municipal de Rio Preto da Eva - AM;1303569;AM;31274;Receitas Brutas Realizadas;1.7.2.1.01.04.00 - Cota-Parte do Fundo de Participação dos Municípios - 1% Cota entregue no mês de julho (67)(I);siconfi-cor_RO1.7.2.1.01.04.00;771814,3
Prefeitura Municipal de Rio Preto da Eva - AM;1303569;AM;31274;Receitas Brutas Realizadas;1.7.2.1.01.05.00 - Cota-Parte do Imposto Sobre a Propriedade Territorial Rural ¿ ITR;siconfi-cor_RO1.7.2.1.01.05.00;17656,73
Prefeitura Municipal de Rio Preto da Eva - AM;1303569;AM;31274;Receitas Brutas Realizadas;1.7.2.1.22.00.00 - Transferências da Compensação Financeira pela Exploração de Recursos Naturais;siconfi-cor_RO1.7.2.1.22.00.00;196346,06
Prefeitura Municipal de Rio Preto da Eva - AM;1303569;AM;31274;Receitas Brutas Realizadas;1.7.2.1.22.70.00 - Cota-Parte do Fundo Especial do Petróleo ¿ FEP;siconfi-cor_RO1.7.2.1.22.70.00;196346,06
Prefeitura Municipal de Rio Preto da Eva - AM;1303569;AM;31274;Receitas Brutas Realizadas;1.7.2.1.33.00.00 - Transferências de Recursos do Sistema Único de Saúde - SUS - Repasses Fundo a Fundo;siconfi-cor_RO1.7.2.1.33.00.00;6117060,87
Prefeitura Municipal de Rio Preto da Eva - AM;1303569;AM;31274;Receitas Brutas Realizadas;1.7.2.1.34.00.00 - Transferências de Recursos do Fundo Nacional de Assistência Social ¿ FNAS;siconfi-cor_RO1.7.2.1.34.00.00;768068,37
Prefeitura Municipal de Rio Preto da Eva - AM;1303569;AM;31274;Receitas Brutas Realizadas;1.7.2.1.35.00.00 - Transferências de Recursos do Fundo Nacional do Desenvolvimento da Educação ¿ FNDE;siconfi-cor_RO1.7.2.1.35.00.00;1083729,15
Prefeitura Municipal de Rio Preto da Eva - AM;1303569;AM;31274;Receitas Brutas Realizadas;1.7.2.1.36.00.00 - Transferências Financeiras do ICMS ¿ Desoneração ¿ L.C. Nº 87/96;siconfi-cor_RO1.7.2.1.36.00.00;18720,96
Prefeitura Municipal de Rio Preto da Eva - AM;1303569;AM;31274;Receitas Brutas Realizadas;1.7.2.1.99.00.00 - Outras Transferências da União;siconfi-cor_RO1.7.2.1.99.00.00;12111,21
Prefeitura Municipal de Rio Preto da Eva - AM;1303569;AM;31274;Receitas Brutas Realizadas;1.7.2.2.00.00.00 - Transferências dos Estados;siconfi-cor_RO1.7.2.2.00.00.00;9071636,05
Prefeitura Municipal de Rio Preto da Eva - AM;1303569;AM;31274;Receitas Brutas Realizadas;1.7.2.2.01.00.00 - Participação na Receita dos Estados;siconfi-cor_RO1.7.2.2.01.00.00;8430406,95
Prefeitura Municipal de Rio Preto da Eva - AM;1303569;AM;31274;Receitas Brutas Realizadas;1.7.2.2.01.01.00 - Cota-Parte do ICMS;siconfi-cor_RO1.7.2.2.01.01.00;7809247,33
Prefeitura Municipal de Rio Preto da Eva - AM;1303569;AM;31274;Receitas Brutas Realizadas;1.7.2.2.01.02.00 - Cota-Parte do IPVA;siconfi-cor_RO1.7.2.2.01.02.00;516336,44
Prefeitura Municipal de Rio Preto da Eva - AM;1303569;AM;31274;Receitas Brutas Realizadas;1.7.2.2.01.04.00 - Cota-Parte do IPI - Municípios;siconfi-cor_RO1.7.2.2.01.04.00;31324
Prefeitura Municipal de Rio Preto da Eva - AM;1303569;AM;31274;Receitas Brutas Realizadas;1.7.2.2.01.13.00 - Cota-Parte da Contribuição de Intervenção no Domínio Econômico;siconfi-cor_RO1.7.2.2.01.13.00;73499,18
Prefeitura Municipal de Rio Preto da Eva - AM;1303569;AM;31274;Receitas Brutas Realizadas;1.7.2.2.22.00.00 - Transferências da Cota-Parte da Compensação Financeira (25%);siconfi-cor_RO1.7.2.2.22.00.00;84219,52
Prefeitura Municipal de Rio Preto da Eva - AM;1303569;AM;31274;Receitas Brutas Realizadas;1.7.2.2.22.30.00 - Cota-Parte Royalties - Compensação Financeira pela Produção de Petróleo - Lei nº 7.990/89 artigo 9º;siconfi-cor_RO1.7.2.2.22.30.00;84219,52
Prefeitura Municipal de Rio Preto da Eva - AM;1303569;AM;31274;Receitas Brutas Realizadas;1.7.2.2.33.00.00 - Transferências de Recursos do Estado para Programas de Saúde - Repasse Fundo a Fundo;siconfi-cor_RO1.7.2.2.33.00.00;557009,58
Prefeitura Municipal de Rio Preto da Eva - AM;1303569;AM;31274;Receitas Brutas Realizadas;1.7.2.4.00.00.00 - Transferências Multigovernamentais;siconfi-cor_RO1.7.2.4.00.00.00;19101361,17
Prefeitura Municipal de Rio Preto da Eva - AM;1303569;AM;31274;Receitas Brutas Realizadas;1.7.2.4.01.00.00 - Transferências de Recursos do Fundo de Manutenção e Desenvolvimento do Ensino Fundamental e de Valorização do Magistério - FUNDEB;siconfi-cor_RO1.7.2.4.01.00.00;11846504,8
Prefeitura Municipal de Rio Preto da Eva - AM;1303569;AM;31274;Receitas Brutas Realizadas;1.7.2.4.02.00.00 - Transferências de Recursos da Complementação ao Fundo de Manutenção e Desenvolvimento do Ensino Fundamental e de Valorização do Magistério - FUNDEB;siconfi-cor_RO1.7.2.4.02.00.00;7254856,37
Prefeitura Municipal de Rio Preto da Eva - AM;1303569;AM;31274;Receitas Brutas Realizadas;2.0.0.0.00.00.00 - Receitas de Capital;siconfi-cor_RO2.0.0.0.00.00.00;14017665,06
Prefeitura Municipal de Rio Preto da Eva - AM;1303569;AM;31274;Receitas Brutas Realizadas;2.4.0.0.00.00.00 - Transferências de Capital;siconfi-cor_RO2.4.0.0.00.00.00;14017665,06
Prefeitura Municipal de Rio Preto da Eva - AM;1303569;AM;31274;Receitas Brutas Realizadas;2.4.2.0.00.00.00 - Transferências Intergovernamentais;siconfi-cor_RO2.4.2.0.00.00.00;739790,06
Prefeitura Municipal de Rio Preto da Eva - AM;1303569;AM;31274;Receitas Brutas Realizadas;2.4.2.1.00.00.00 - Transferências da União;siconfi-cor_RO2.4.2.1.00.00.00;739790,06
Prefeitura Municipal de Rio Preto da Eva - AM;1303569;AM;31274;Receitas Brutas Realizadas;2.4.2.1.02.00.00 - Transferências de Recursos Destinados a Programas de Educação;siconfi-cor_RO2.4.2.1.02.00.00;739790,06
Prefeitura Municipal de Rio Preto da Eva - AM;1303569;AM;31274;Receitas Brutas Realizadas;2.4.7.0.00.00.00 - Transferências de Convênios;siconfi-cor_RO2.4.7.0.00.00.00;13277875
Prefeitura Municipal de Rio Preto da Eva - AM;1303569;AM;31274;Receitas Brutas Realizadas;2.4.7.1.00.00.00 - Transferências de Convênios da União e de suas Entidades;siconfi-cor_RO2.4.7.1.00.00.00;13277875
Prefeitura Municipal de Rio Preto da Eva - AM;1303569;AM;31274;Receitas Brutas Realizadas;2.4.7.1.99.00.00 - Outras Transferências de Convênios da União;siconfi-cor_RO2.4.7.1.99.00.00;13277875
Prefeitura Municipal de Rio Preto da Eva - AM;1303569;AM;31274;Deduções - FUNDEB;Total Receitas;siconfi-cor_TotalReceitas;5042032,99
Prefeitura Municipal de Rio Preto da Eva - AM;1303569;AM;31274;Deduções - FUNDEB;1.0.0.0.00.00.00 - Receitas Correntes;siconfi-cor_RO1.0.0.0.00.00.00;5042032,99
Prefeitura Municipal de Rio Preto da Eva - AM;1303569;AM;31274;Deduções - FUNDEB;1.7.0.0.00.00.00 - Transferências Correntes;siconfi-cor_RO1.7.0.0.00.00.00;5042032,99
Prefeitura Municipal de Rio Preto da Eva - AM;1303569;AM;31274;Deduções - FUNDEB;1.7.2.0.00.00.00 - Transferências Intergovernamentais;siconfi-cor_RO1.7.2.0.00.00.00;5042032,99
Prefeitura Municipal de Rio Preto da Eva - AM;1303569;AM;31274;Deduções - FUNDEB;1.7.2.1.00.00.00 - Transferências da União;siconfi-cor_RO1.7.2.1.00.00.00;3370652,31
Prefeitura Municipal de Rio Preto da Eva - AM;1303569;AM;31274;Deduções - FUNDEB;1.7.2.1.01.00.00 - Participação na Receita da União;siconfi-cor_RO1.7.2.1.01.00.00;3366908,19
Prefeitura Municipal de Rio Preto da Eva - AM;1303569;AM;31274;Deduções - FUNDEB;1.7.2.1.01.02.00 - Cota-Parte do Fundo de Participação dos Municípios ¿ FPM;siconfi-cor_RO1.7.2.1.01.02.00;3363376,97
Prefeitura Municipal de Rio Preto da Eva - AM;1303569;AM;31274;Deduções - FUNDEB;1.7.2.1.01.05.00 - Cota-Parte do Imposto Sobre a Propriedade Territorial Rural ¿ ITR;siconfi-cor_RO1.7.2.1.01.05.00;3531,22
Prefeitura Municipal de Rio Preto da Eva - AM;1303569;AM;31274;Deduções - FUNDEB;1.7.2.1.36.00.00 - Transferências Financeiras do ICMS ¿ Desoneração ¿ L.C. Nº 87/96;siconfi-cor_RO1.7.2.1.36.00.00;3744,12
Prefeitura Municipal de Rio Preto da Eva - AM;1303569;AM;31274;Deduções - FUNDEB;1.7.2.2.00.00.00 - Transferências dos Estados;siconfi-cor_RO1.7.2.2.00.00.00;1671380,68
Prefeitura Municipal de Rio Preto da Eva - AM;1303569;AM;31274;Deduções - FUNDEB;1.7.2.2.01.00.00 - Participação na Receita dos Estados;siconfi-cor_RO1.7.2.2.01.00.00;1671380,68
Prefeitura Municipal de Rio Preto da Eva - AM;1303569;AM;31274;Deduções - FUNDEB;1.7.2.2.01.01.00 - Cota-Parte do ICMS;siconfi-cor_RO1.7.2.2.01.01.00;1561849,46
Prefeitura Municipal de Rio Preto da Eva - AM;1303569;AM;31274;Deduções - FUNDEB;1.7.2.2.01.02.00 - Cota-Parte do IPVA;siconfi-cor_RO1.7.2.2.01.02.00;103266,44
Prefeitura Municipal de Rio Preto da Eva - AM;1303569;AM;31274;Deduções - FUNDEB;1.7.2.2.01.04.00 - Cota-Parte do IPI - Municípios;siconfi-cor_RO1.7.2.2.01.04.00;6264,78
Prefeitura Municipal de Itacoatiara - AM;1301902;AM;98503;Receitas Brutas Realizadas;Total Receitas;siconfi-cor_TotalReceitas;196371927,6
Prefeitura Municipal de Itacoatiara - AM;1301902;AM;98503;Receitas Brutas Realizadas;1.0.0.0.00.00.00 - Receitas Correntes;siconfi-cor_RO1.0.0.0.00.00.00;195697803,1
Prefeitura Municipal de Itacoatiara - AM;1301902;AM;98503;Receitas Brutas Realizadas;1.1.0.0.00.00.00 - Receita Tributária;siconfi-cor_RO1.1.0.0.00.00.00;15560055,85
Prefeitura Municipal de Itacoatiara - AM;1301902;AM;98503;Receitas Brutas Realizadas;1.1.1.0.00.00.00 - Impostos;siconfi-cor_RO1.1.1.0.00.00.00;15128273,97
Prefeitura Municipal de Itacoatiara - AM;1301902;AM;98503;Receitas Brutas Realizadas;1.1.1.2.00.00.00 - Impostos sobre o Patrimônio e a Renda;siconfi-cor_RO1.1.1.2.00.00.00;886479,07
Prefeitura Municipal de Itacoatiara - AM;1301902;AM;98503;Receitas Brutas Realizadas;1.1.1.2.02.00.00 - Imposto sobre a Propriedade Predial e Territorial Urbana ¿ IPTU;siconfi-cor_RO1.1.1.2.02.00.00;220611,23
Prefeitura Municipal de Itacoatiara - AM;1301902;AM;98503;Receitas Brutas Realizadas;1.1.1.2.04.00.00 - Imposto sobre a Renda e Proventos de Qualquer Natureza ¿ IR;siconfi-cor_RO1.1.1.2.04.00.00;464073,73
Prefeitura Municipal de Itacoatiara - AM;1301902;AM;98503;Receitas Brutas Realizadas;1.1.1.2.04.31.00 - Retido nas Fontes - Trabalho;siconfi-cor_RO1.1.1.2.04.31.00;141705,41
Prefeitura Municipal de Itacoatiara - AM;1301902;AM;98503;Receitas Brutas Realizadas;1.1.1.2.04.34.00 - Retido nas Fontes - Outros Rendimentos;siconfi-cor_RO1.1.1.2.04.34.00;322368,32
Prefeitura Municipal de Itacoatiara - AM;1301902;AM;98503;Receitas Brutas Realizadas;"1.1.1.2.08.00.00 - Imposto sobre Transmissão Inter Vivos"" de Bens Imóveis e de Direitos Reais sobre Imóveis ¿ ITBI""";siconfi-cor_RO1.1.1.2.08.00.00;201794,11
Prefeitura Municipal de Itacoatiara - AM;1301902;AM;98503;Receitas Brutas Realizadas;1.1.1.3.00.00.00 - Impostos sobre a Produção e a Circulação;siconfi-cor_RO1.1.1.3.00.00.00;14241794,9
Prefeitura Municipal de Itacoatiara - AM;1301902;AM;98503;Receitas Brutas Realizadas;1.1.1.3.05.00.00 - Imposto sobre Serviços de Qualquer Natureza ¿ ISSQN;siconfi-cor_RO1.1.1.3.05.00.00;14241794,9
Prefeitura Municipal de Itacoatiara - AM;1301902;AM;98503;Receitas Brutas Realizadas;1.1.2.0.00.00.00 - Taxas;siconfi-cor_RO1.1.2.0.00.00.00;431781,88
Prefeitura Municipal de Itacoatiara - AM;1301902;AM;98503;Receitas Brutas Realizadas;1.1.2.1.00.00.00 - Taxas pelo Exercício do Poder de Polícia;siconfi-cor_RO1.1.2.1.00.00.00;431781,88
Prefeitura Municipal de Itacoatiara - AM;1301902;AM;98503;Receitas Brutas Realizadas;1.2.0.0.00.00.00 - Receitas de Contribuições;siconfi-cor_RO1.2.0.0.00.00.00;1465846,95
Prefeitura Municipal de Itacoatiara - AM;1301902;AM;98503;Receitas Brutas Realizadas;1.2.3.0.00.00.00 - Contribuição para Custeio do Serviço de Iluminação Pública;siconfi-cor_RO1.2.3.0.00.00.00;1465846,95
Prefeitura Municipal de Itacoatiara - AM;1301902;AM;98503;Receitas Brutas Realizadas;1.3.0.0.00.00.00 - Receita Patrimonial;siconfi-cor_RO1.3.0.0.00.00.00;739597,77
Prefeitura Municipal de Itacoatiara - AM;1301902;AM;98503;Receitas Brutas Realizadas;1.3.2.0.00.00.00 - Receitas de Valores Mobiliários;siconfi-cor_RO1.3.2.0.00.00.00;739597,77
Prefeitura Municipal de Itacoatiara - AM;1301902;AM;98503;Receitas Brutas Realizadas;1.3.2.5.00.00.00 - Remuneração de Depósitos Bancários;siconfi-cor_RO1.3.2.5.00.00.00;739597,77
Prefeitura Municipal de Itacoatiara - AM;1301902;AM;98503;Receitas Brutas Realizadas;1.7.0.0.00.00.00 - Transferências Correntes;siconfi-cor_RO1.7.0.0.00.00.00;177503799
Prefeitura Municipal de Itacoatiara - AM;1301902;AM;98503;Receitas Brutas Realizadas;1.7.2.0.00.00.00 - Transferências Intergovernamentais;siconfi-cor_RO1.7.2.0.00.00.00;177503799
Prefeitura Municipal de Itacoatiara - AM;1301902;AM;98503;Receitas Brutas Realizadas;1.7.2.1.00.00.00 - Transferências da União;siconfi-cor_RO1.7.2.1.00.00.00;64935512,67
Prefeitura Municipal de Itacoatiara - AM;1301902;AM;98503;Receitas Brutas Realizadas;1.7.2.1.01.00.00 - Participação na Receita da União;siconfi-cor_RO1.7.2.1.01.00.00;34392520,86
Prefeitura Municipal de Itacoatiara - AM;1301902;AM;98503;Receitas Brutas Realizadas;1.7.2.1.01.02.00 - Cota-Parte do Fundo de Participação dos Municípios ¿ FPM;siconfi-cor_RO1.7.2.1.01.02.00;31531662,42
Prefeitura Municipal de Itacoatiara - AM;1301902;AM;98503;Receitas Brutas Realizadas;1.7.2.1.01.03.00 - Cota-Parte do Fundo de Participação dos Municípios - 1% Cota Anual;siconfi-cor_RO1.7.2.1.01.03.00;1399502,36
Prefeitura Municipal de Itacoatiara - AM;1301902;AM;98503;Receitas Brutas Realizadas;1.7.2.1.01.04.00 - Cota-Parte do Fundo de Participação dos Municípios - 1% Cota entregue no mês de julho (67)(I);siconfi-cor_RO1.7.2.1.01.04.00;1447151,81
Prefeitura Municipal de Itacoatiara - AM;1301902;AM;98503;Receitas Brutas Realizadas;1.7.2.1.01.05.00 - Cota-Parte do Imposto Sobre a Propriedade Territorial Rural ¿ ITR;siconfi-cor_RO1.7.2.1.01.05.00;14204,27
Prefeitura Municipal de Itacoatiara - AM;1301902;AM;98503;Receitas Brutas Realizadas;1.7.2.1.22.00.00 - Transferências da Compensação Financeira pela Exploração de Recursos Naturais;siconfi-cor_RO1.7.2.1.22.00.00;567773,19
Prefeitura Municipal de Itacoatiara - AM;1301902;AM;98503;Receitas Brutas Realizadas;1.7.2.1.22.20.00 - Cota-Parte da Compensação Financeira de Recursos Minerais - CFEM;siconfi-cor_RO1.7.2.1.22.20.00;3448,11
Prefeitura Municipal de Itacoatiara - AM;1301902;AM;98503;Receitas Brutas Realizadas;1.7.2.1.22.40.00 - Cota-Parte Royalties pelo Excedente da Produção do Petróleo - Lei nº 9.478/97 artigo 49 I e II;siconfi-cor_RO1.7.2.1.22.40.00;196176,22
Prefeitura Municipal de Itacoatiara - AM;1301902;AM;98503;Receitas Brutas Realizadas;1.7.2.1.22.70.00 - Cota-Parte do Fundo Especial do Petróleo ¿ FEP;siconfi-cor_RO1.7.2.1.22.70.00;368148,86
Prefeitura Municipal de Itacoatiara - AM;1301902;AM;98503;Receitas Brutas Realizadas;1.7.2.1.33.00.00 - Transferências de Recursos do Sistema Único de Saúde - SUS - Repasses Fundo a Fundo;siconfi-cor_RO1.7.2.1.33.00.00;21385446,13
Prefeitura Municipal de Itacoatiara - AM;1301902;AM;98503;Receitas Brutas Realizadas;1.7.2.1.34.00.00 - Transferências de Recursos do Fundo Nacional de Assistência Social ¿ FNAS;siconfi-cor_RO1.7.2.1.34.00.00;1319964,67
Prefeitura Municipal de Itacoatiara - AM;1301902;AM;98503;Receitas Brutas Realizadas;1.7.2.1.35.00.00 - Transferências de Recursos do Fundo Nacional do Desenvolvimento da Educação ¿ FNDE;siconfi-cor_RO1.7.2.1.35.00.00;7113452,99
Prefeitura Municipal de Itacoatiara - AM;1301902;AM;98503;Receitas Brutas Realizadas;1.7.2.1.36.00.00 - Transferências Financeiras do ICMS ¿ Desoneração ¿ L.C. Nº 87/96;siconfi-cor_RO1.7.2.1.36.00.00;94937,04
Prefeitura Municipal de Itacoatiara - AM;1301902;AM;98503;Receitas Brutas Realizadas;1.7.2.1.99.00.00 - Outras Transferências da União;siconfi-cor_RO1.7.2.1.99.00.00;61417,79
Prefeitura Municipal de Itacoatiara - AM;1301902;AM;98503;Receitas Brutas Realizadas;1.7.2.2.00.00.00 - Transferências dos Estados;siconfi-cor_RO1.7.2.2.00.00.00;40921312,99
Prefeitura Municipal de Itacoatiara - AM;1301902;AM;98503;Receitas Brutas Realizadas;1.7.2.2.01.00.00 - Participação na Receita dos Estados;siconfi-cor_RO1.7.2.2.01.00.00;39932933,71
Prefeitura Municipal de Itacoatiara - AM;1301902;AM;98503;Receitas Brutas Realizadas;1.7.2.2.01.01.00 - Cota-Parte do ICMS;siconfi-cor_RO1.7.2.2.01.01.00;39601876,72
Prefeitura Municipal de Itacoatiara - AM;1301902;AM;98503;Receitas Brutas Realizadas;1.7.2.2.01.04.00 - Cota-Parte do IPI - Municípios;siconfi-cor_RO1.7.2.2.01.04.00;158848,81
Prefeitura Municipal de Itacoatiara - AM;1301902;AM;98503;Receitas Brutas Realizadas;1.7.2.2.01.13.00 - Cota-Parte da Contribuição de Intervenção no Domínio Econômico;siconfi-cor_RO1.7.2.2.01.13.00;172208,18
Prefeitura Municipal de Itacoatiara - AM;1301902;AM;98503;Receitas Brutas Realizadas;1.7.2.2.22.00.00 - Transferências da Cota-Parte da Compensação Financeira (25%);siconfi-cor_RO1.7.2.2.22.00.00;314047,68
Prefeitura Municipal de Itacoatiara - AM;1301902;AM;98503;Receitas Brutas Realizadas;1.7.2.2.22.30.00 - Cota-Parte Royalties - Compensação Financeira pela Produção de Petróleo - Lei nº 7.990/89 artigo 9º;siconfi-cor_RO1.7.2.2.22.30.00;314047,68
Prefeitura Municipal de Itacoatiara - AM;1301902;AM;98503;Receitas Brutas Realizadas;1.7.2.2.33.00.00 - Transferências de Recursos do Estado para Programas de Saúde - Repasse Fundo a Fundo;siconfi-cor_RO1.7.2.2.33.00.00;674331,6
Prefeitura Municipal de Itacoatiara - AM;1301902;AM;98503;Receitas Brutas Realizadas;1.7.2.4.00.00.00 - Transferências Multigovernamentais;siconfi-cor_RO1.7.2.4.00.00.00;71646973,33
Prefeitura Municipal de Itacoatiara - AM;1301902;AM;98503;Receitas Brutas Realizadas;1.7.2.4.01.00.00 - Transferências de Recursos do Fundo de Manutenção e Desenvolvimento do Ensino Fundamental e de Valorização do Magistério - FUNDEB;siconfi-cor_RO1.7.2.4.01.00.00;54267301,9
Prefeitura Municipal de Itacoatiara - AM;1301902;AM;98503;Receitas Brutas Realizadas;1.7.2.4.02.00.00 - Transferências de Recursos da Complementação ao Fundo de Manutenção e Desenvolvimento do Ensino Fundamental e de Valorização do Magistério - FUNDEB;siconfi-cor_RO1.7.2.4.02.00.00;17379671,43
Prefeitura Municipal de Itacoatiara - AM;1301902;AM;98503;Receitas Brutas Realizadas;1.9.0.0.00.00.00 - Outras Receitas Correntes;siconfi-cor_RO1.9.0.0.00.00.00;428503,49
Prefeitura Municipal de Itacoatiara - AM;1301902;AM;98503;Receitas Brutas Realizadas;1.9.1.0.00.00.00 - Multas e Juros de Mora;siconfi-cor_RO1.9.1.0.00.00.00;3861,75
Prefeitura Municipal de Itacoatiara - AM;1301902;AM;98503;Receitas Brutas Realizadas;1.9.1.1.00.00.00 - Multas e Juros de Mora dos Tributos;siconfi-cor_RO1.9.1.1.00.00.00;3706,27
Prefeitura Municipal de Itacoatiara - AM;1301902;AM;98503;Receitas Brutas Realizadas;1.9.1.1.99.00.00 - Multas e Juros de Mora de Outros Tributos;siconfi-cor_RO1.9.1.1.99.00.00;3706,27
Prefeitura Municipal de Itacoatiara - AM;1301902;AM;98503;Receitas Brutas Realizadas;1.9.1.3.00.00.00 - Multas e Juros de Mora da Dívida Ativa dos Tributos;siconfi-cor_RO1.9.1.3.00.00.00;155,48
Prefeitura Municipal de Itacoatiara - AM;1301902;AM;98503;Receitas Brutas Realizadas;1.9.1.3.11.00.00 - Multas e Juros de Mora da Dívida Ativa do Imposto sobre a Propriedade Predial e Territorial Urbana ¿ IPTU;siconfi-cor_RO1.9.1.3.11.00.00;155,48
Prefeitura Municipal de Itacoatiara - AM;1301902;AM;98503;Receitas Brutas Realizadas;1.9.3.0.00.00.00 - Receita da Dívida Ativa;siconfi-cor_RO1.9.3.0.00.00.00;18341,29
Prefeitura Municipal de Itacoatiara - AM;1301902;AM;98503;Receitas Brutas Realizadas;1.9.3.1.00.00.00 - Receita da Dívida Ativa Tributária;siconfi-cor_RO1.9.3.1.00.00.00;18341,29
Prefeitura Municipal de Itacoatiara - AM;1301902;AM;98503;Receitas Brutas Realizadas;1.9.3.1.11.00.00 - Receita da Dívida Ativa do Imposto sobre a Propriedade Predial e Territorial Urbana ¿ IPTU;siconfi-cor_RO1.9.3.1.11.00.00;1790,6
Prefeitura Municipal de Itacoatiara - AM;1301902;AM;98503;Receitas Brutas Realizadas;1.9.3.1.99.00.00 - Receita da Dívida Ativa de Outros Tributos;siconfi-cor_RO1.9.3.1.99.00.00;16550,69
Prefeitura Municipal de Itacoatiara - AM;1301902;AM;98503;Receitas Brutas Realizadas;1.9.9.0.00.00.00 - Receitas Diversas;siconfi-cor_RO1.9.9.0.00.00.00;406300,45
Prefeitura Municipal de Itacoatiara - AM;1301902;AM;98503;Receitas Brutas Realizadas;1.9.9.0.99.00.00 - Outras Receitas;siconfi-cor_RO1.9.9.0.99.00.00;406300,45
Prefeitura Municipal de Itacoatiara - AM;1301902;AM;98503;Receitas Brutas Realizadas;2.0.0.0.00.00.00 - Receitas de Capital;siconfi-cor_RO2.0.0.0.00.00.00;674124,56
Prefeitura Municipal de Itacoatiara - AM;1301902;AM;98503;Receitas Brutas Realizadas;2.4.0.0.00.00.00 - Transferências de Capital;siconfi-cor_RO2.4.0.0.00.00.00;674124,56
Prefeitura Municipal de Itacoatiara - AM;1301902;AM;98503;Receitas Brutas Realizadas;2.4.2.0.00.00.00 - Transferências Intergovernamentais;siconfi-cor_RO2.4.2.0.00.00.00;116740
Prefeitura Municipal de Itacoatiara - AM;1301902;AM;98503;Receitas Brutas Realizadas;2.4.2.1.00.00.00 - Transferências da União;siconfi-cor_RO2.4.2.1.00.00.00;116740
Prefeitura Municipal de Itacoatiara - AM;1301902;AM;98503;Receitas Brutas Realizadas;2.4.2.1.01.00.00 - Participação na Receita da União;siconfi-cor_RO2.4.2.1.01.00.00;116740
Prefeitura Municipal de Itacoatiara - AM;1301902;AM;98503;Receitas Brutas Realizadas;2.4.7.0.00.00.00 - Transferências de Convênios;siconfi-cor_RO2.4.7.0.00.00.00;557384,56
Prefeitura Municipal de Itacoatiara - AM;1301902;AM;98503;Receitas Brutas Realizadas;2.4.7.1.00.00.00 - Transferências de Convênios da União e de suas Entidades;siconfi-cor_RO2.4.7.1.00.00.00;557384,56
Prefeitura Municipal de Itacoatiara - AM;1301902;AM;98503;Receitas Brutas Realizadas;2.4.7.1.99.00.00 - Outras Transferências de Convênios da União;siconfi-cor_RO2.4.7.1.99.00.00;557384,56
Prefeitura Municipal de Itacoatiara - AM;1301902;AM;98503;Outras Deduções da Receita;Total Receitas;siconfi-cor_TotalReceitas;14280305,38
Prefeitura Municipal de Itacoatiara - AM;1301902;AM;98503;Outras Deduções da Receita;1.0.0.0.00.00.00 - Receitas Correntes;siconfi-cor_RO1.0.0.0.00.00.00;14280305,38
Prefeitura Municipal de Itacoatiara - AM;1301902;AM;98503;Outras Deduções da Receita;1.7.0.0.00.00.00 - Transferências Correntes;siconfi-cor_RO1.7.0.0.00.00.00;14280305,38
Prefeitura Municipal de Itacoatiara - AM;1301902;AM;98503;Outras Deduções da Receita;1.7.2.0.00.00.00 - Transferências Intergovernamentais;siconfi-cor_RO1.7.2.0.00.00.00;14280305,38
Prefeitura Municipal de Itacoatiara - AM;1301902;AM;98503;Outras Deduções da Receita;1.7.2.1.00.00.00 - Transferências da União;siconfi-cor_RO1.7.2.1.00.00.00;6328160,28
Prefeitura Municipal de Itacoatiara - AM;1301902;AM;98503;Outras Deduções da Receita;1.7.2.1.01.00.00 - Participação na Receita da União;siconfi-cor_RO1.7.2.1.01.00.00;6309172,92
Prefeitura Municipal de Itacoatiara - AM;1301902;AM;98503;Outras Deduções da Receita;1.7.2.1.01.02.00 - Cota-Parte do Fundo de Participação dos Municípios ¿ FPM;siconfi-cor_RO1.7.2.1.01.02.00;6306332,19
Prefeitura Municipal de Itacoatiara - AM;1301902;AM;98503;Outras Deduções da Receita;1.7.2.1.01.05.00 - Cota-Parte do Imposto Sobre a Propriedade Territorial Rural ¿ ITR;siconfi-cor_RO1.7.2.1.01.05.00;2840,73
Prefeitura Municipal de Itacoatiara - AM;1301902;AM;98503;Outras Deduções da Receita;1.7.2.1.36.00.00 - Transferências Financeiras do ICMS ¿ Desoneração ¿ L.C. Nº 87/96;siconfi-cor_RO1.7.2.1.36.00.00;18987,36
Prefeitura Municipal de Itacoatiara - AM;1301902;AM;98503;Outras Deduções da Receita;1.7.2.2.00.00.00 - Transferências dos Estados;siconfi-cor_RO1.7.2.2.00.00.00;7952145,1
Prefeitura Municipal de Itacoatiara - AM;1301902;AM;98503;Outras Deduções da Receita;1.7.2.2.01.00.00 - Participação na Receita dos Estados;siconfi-cor_RO1.7.2.2.01.00.00;7952145,1
Prefeitura Municipal de Itacoatiara - AM;1301902;AM;98503;Outras Deduções da Receita;1.7.2.2.01.01.00 - Cota-Parte do ICMS;siconfi-cor_RO1.7.2.2.01.01.00;7920375,34
Prefeitura Municipal de Itacoatiara - AM;1301902;AM;98503;Outras Deduções da Receita;1.7.2.2.01.04.00 - Cota-Parte do IPI - Municípios;siconfi-cor_RO1.7.2.2.01.04.00;31769,76
Prefeitura Municipal de Anamã - AM;1300086;AM;12653;Receitas Brutas Realizadas;Total Receitas;siconfi-cor_TotalReceitas;28005857,64
Prefeitura Municipal de Anamã - AM;1300086;AM;12653;Receitas Brutas Realizadas;1.0.0.0.00.00.00 - Receitas Correntes;siconfi-cor_RO1.0.0.0.00.00.00;27101142,29
Prefeitura Municipal de Anamã - AM;1300086;AM;12653;Receitas Brutas Realizadas;1.1.0.0.00.00.00 - Receita Tributária;siconfi-cor_RO1.1.0.0.00.00.00;286561,98
Prefeitura Municipal de Anamã - AM;1300086;AM;12653;Receitas Brutas Realizadas;1.1.1.0.00.00.00 - Impostos;siconfi-cor_RO1.1.1.0.00.00.00;284628,58
Prefeitura Municipal de Anamã - AM;1300086;AM;12653;Receitas Brutas Realizadas;1.1.1.2.00.00.00 - Impostos sobre o Patrimônio e a Renda;siconfi-cor_RO1.1.1.2.00.00.00;213928,68
Prefeitura Municipal de Anamã - AM;1300086;AM;12653;Receitas Brutas Realizadas;1.1.1.2.02.00.00 - Imposto sobre a Propriedade Predial e Territorial Urbana ¿ IPTU;siconfi-cor_RO1.1.1.2.02.00.00;2746,14
Prefeitura Municipal de Anamã - AM;1300086;AM;12653;Receitas Brutas Realizadas;1.1.1.2.04.00.00 - Imposto sobre a Renda e Proventos de Qualquer Natureza ¿ IR;siconfi-cor_RO1.1.1.2.04.00.00;208691,04
Prefeitura Municipal de Anamã - AM;1300086;AM;12653;Receitas Brutas Realizadas;1.1.1.2.04.31.00 - Retido nas Fontes - Trabalho;siconfi-cor_RO1.1.1.2.04.31.00;196836,31
Prefeitura Municipal de Anamã - AM;1300086;AM;12653;Receitas Brutas Realizadas;1.1.1.2.04.34.00 - Retido nas Fontes - Outros Rendimentos;siconfi-cor_RO1.1.1.2.04.34.00;11854,73
Prefeitura Municipal de Anamã - AM;1300086;AM;12653;Receitas Brutas Realizadas;"1.1.1.2.08.00.00 - Imposto sobre Transmissão Inter Vivos"" de Bens Imóveis e de Direitos Reais sobre Imóveis ¿ ITBI""";siconfi-cor_RO1.1.1.2.08.00.00;2491,5
Prefeitura Municipal de Anamã - AM;1300086;AM;12653;Receitas Brutas Realizadas;1.1.1.3.00.00.00 - Impostos sobre a Produção e a Circulação;siconfi-cor_RO1.1.1.3.00.00.00;70699,9
Prefeitura Municipal de Anamã - AM;1300086;AM;12653;Receitas Brutas Realizadas;1.1.1.3.05.00.00 - Imposto sobre Serviços de Qualquer Natureza ¿ ISSQN;siconfi-cor_RO1.1.1.3.05.00.00;70699,9
Prefeitura Municipal de Anamã - AM;1300086;AM;12653;Receitas Brutas Realizadas;1.1.2.0.00.00.00 - Taxas;siconfi-cor_RO1.1.2.0.00.00.00;1933,4
Prefeitura Municipal de Anamã - AM;1300086;AM;12653;Receitas Brutas Realizadas;1.1.2.1.00.00.00 - Taxas pelo Exercício do Poder de Polícia;siconfi-cor_RO1.1.2.1.00.00.00;1599,8
Prefeitura Municipal de Anamã - AM;1300086;AM;12653;Receitas Brutas Realizadas;1.1.2.2.00.00.00 - Taxas pela Prestação de Serviços;siconfi-cor_RO1.1.2.2.00.00.00;333,6
Prefeitura Municipal de Anamã - AM;1300086;AM;12653;Receitas Brutas Realizadas;1.1.2.2.99.00.00 - Outras Taxas pela Prestação de Serviços;siconfi-cor_RO1.1.2.2.99.00.00;333,6
Prefeitura Municipal de Anamã - AM;1300086;AM;12653;Receitas Brutas Realizadas;1.2.0.0.00.00.00 - Receitas de Contribuições;siconfi-cor_RO1.2.0.0.00.00.00;110518,19
Prefeitura Municipal de Anamã - AM;1300086;AM;12653;Receitas Brutas Realizadas;1.2.3.0.00.00.00 - Contribuição para Custeio do Serviço de Iluminação Pública;siconfi-cor_RO1.2.3.0.00.00.00;110518,19
Prefeitura Municipal de Anamã - AM;1300086;AM;12653;Receitas Brutas Realizadas;1.3.0.0.00.00.00 - Receita Patrimonial;siconfi-cor_RO1.3.0.0.00.00.00;159818,45
Prefeitura Municipal de Anamã - AM;1300086;AM;12653;Receitas Brutas Realizadas;1.3.2.0.00.00.00 - Receitas de Valores Mobiliários;siconfi-cor_RO1.3.2.0.00.00.00;159818,45
Prefeitura Municipal de Anamã - AM;1300086;AM;12653;Receitas Brutas Realizadas;1.3.2.5.00.00.00 - Remuneração de Depósitos Bancários;siconfi-cor_RO1.3.2.5.00.00.00;159818,45
Prefeitura Municipal de Anamã - AM;1300086;AM;12653;Receitas Brutas Realizadas;1.6.0.0.00.00.00 - Receita de Serviços;siconfi-cor_RO1.6.0.0.00.00.00;39542,13
Prefeitura Municipal de Anamã - AM;1300086;AM;12653;Receitas Brutas Realizadas;1.6.0.0.13.00.00 - Serviços Administrativos;siconfi-cor_RO1.6.0.0.13.00.00;1350
Prefeitura Municipal de Anamã - AM;1300086;AM;12653;Receitas Brutas Realizadas;1.6.0.0.41.00.00 - Serviços de Captação, Adução, Tratamento, Reserva e Distribuição de Água;siconfi-cor_RO1.6.0.0.41.00.00;38192,13
Prefeitura Municipal de Anamã - AM;1300086;AM;12653;Receitas Brutas Realizadas;1.7.0.0.00.00.00 - Transferências Correntes;siconfi-cor_RO1.7.0.0.00.00.00;26431588,54
Prefeitura Municipal de Anamã - AM;1300086;AM;12653;Receitas Brutas Realizadas;1.7.2.0.00.00.00 - Transferências Intergovernamentais;siconfi-cor_RO1.7.2.0.00.00.00;26431588,54
Prefeitura Municipal de Anamã - AM;1300086;AM;12653;Receitas Brutas Realizadas;1.7.2.1.00.00.00 - Transferências da União;siconfi-cor_RO1.7.2.1.00.00.00;12674501,23
Prefeitura Municipal de Anamã - AM;1300086;AM;12653;Receitas Brutas Realizadas;1.7.2.1.01.00.00 - Participação na Receita da União;siconfi-cor_RO1.7.2.1.01.00.00;9167615,06
Prefeitura Municipal de Anamã - AM;1300086;AM;12653;Receitas Brutas Realizadas;1.7.2.1.01.02.00 - Cota-Parte do Fundo de Participação dos Municípios ¿ FPM;siconfi-cor_RO1.7.2.1.01.02.00;8408443,31
Prefeitura Municipal de Anamã - AM;1300086;AM;12653;Receitas Brutas Realizadas;1.7.2.1.01.03.00 - Cota-Parte do Fundo de Participação dos Municípios - 1% Cota Anual;siconfi-cor_RO1.7.2.1.01.03.00;373200,64
Prefeitura Municipal de Anamã - AM;1300086;AM;12653;Receitas Brutas Realizadas;1.7.2.1.01.04.00 - Cota-Parte do Fundo de Participação dos Municípios - 1% Cota entregue no mês de julho (67)(I);siconfi-cor_RO1.7.2.1.01.04.00;385907,14
Prefeitura Municipal de Anamã - AM;1300086;AM;12653;Receitas Brutas Realizadas;1.7.2.1.01.05.00 - Cota-Parte do Imposto Sobre a Propriedade Territorial Rural ¿ ITR;siconfi-cor_RO1.7.2.1.01.05.00;63,97
Prefeitura Municipal de Anamã - AM;1300086;AM;12653;Receitas Brutas Realizadas;1.7.2.1.22.00.00 - Transferências da Compensação Financeira pela Exploração de Recursos Naturais;siconfi-cor_RO1.7.2.1.22.00.00;364659,17
Prefeitura Municipal de Anamã - AM;1300086;AM;12653;Receitas Brutas Realizadas;1.7.2.1.22.40.00 - Cota-Parte Royalties pelo Excedente da Produção do Petróleo - Lei nº 9.478/97 artigo 49 I e II;siconfi-cor_RO1.7.2.1.22.40.00;266486,14
Prefeitura Municipal de Anamã - AM;1300086;AM;12653;Receitas Brutas Realizadas;1.7.2.1.22.70.00 - Cota-Parte do Fundo Especial do Petróleo ¿ FEP;siconfi-cor_RO1.7.2.1.22.70.00;98173,03
Prefeitura Municipal de Anamã - AM;1300086;AM;12653;Receitas Brutas Realizadas;1.7.2.1.33.00.00 - Transferências de Recursos do Sistema Único de Saúde - SUS - Repasses Fundo a Fundo;siconfi-cor_RO1.7.2.1.33.00.00;2165627,63
Prefeitura Municipal de Anamã - AM;1300086;AM;12653;Receitas Brutas Realizadas;1.7.2.1.34.00.00 - Transferências de Recursos do Fundo Nacional de Assistência Social ¿ FNAS;siconfi-cor_RO1.7.2.1.34.00.00;575888,89
Prefeitura Municipal de Anamã - AM;1300086;AM;12653;Receitas Brutas Realizadas;1.7.2.1.35.00.00 - Transferências de Recursos do Fundo Nacional do Desenvolvimento da Educação ¿ FNDE;siconfi-cor_RO1.7.2.1.35.00.00;374838,7
Prefeitura Municipal de Anamã - AM;1300086;AM;12653;Receitas Brutas Realizadas;1.7.2.1.36.00.00 - Transferências Financeiras do ICMS ¿ Desoneração ¿ L.C. Nº 87/96;siconfi-cor_RO1.7.2.1.36.00.00;15709,08
Prefeitura Municipal de Anamã - AM;1300086;AM;12653;Receitas Brutas Realizadas;1.7.2.1.99.00.00 - Outras Transferências da União;siconfi-cor_RO1.7.2.1.99.00.00;10162,7
Prefeitura Municipal de Anamã - AM;1300086;AM;12653;Receitas Brutas Realizadas;1.7.2.2.00.00.00 - Transferências dos Estados;siconfi-cor_RO1.7.2.2.00.00.00;6904400,96
Prefeitura Municipal de Anamã - AM;1300086;AM;12653;Receitas Brutas Realizadas;1.7.2.2.01.00.00 - Participação na Receita dos Estados;siconfi-cor_RO1.7.2.2.01.00.00;6620381,5
Prefeitura Municipal de Anamã - AM;1300086;AM;12653;Receitas Brutas Realizadas;1.7.2.2.01.01.00 - Cota-Parte do ICMS;siconfi-cor_RO1.7.2.2.01.01.00;6552858,35
Prefeitura Municipal de Anamã - AM;1300086;AM;12653;Receitas Brutas Realizadas;1.7.2.2.01.02.00 - Cota-Parte do IPVA;siconfi-cor_RO1.7.2.2.01.02.00;5986,04
Prefeitura Municipal de Anamã - AM;1300086;AM;12653;Receitas Brutas Realizadas;1.7.2.2.01.04.00 - Cota-Parte do IPI - Municípios;siconfi-cor_RO1.7.2.2.01.04.00;26284,5
Prefeitura Municipal de Anamã - AM;1300086;AM;12653;Receitas Brutas Realizadas;1.7.2.2.01.13.00 - Cota-Parte da Contribuição de Intervenção no Domínio Econômico;siconfi-cor_RO1.7.2.2.01.13.00;35252,61
Prefeitura Municipal de Anamã - AM;1300086;AM;12653;Receitas Brutas Realizadas;1.7.2.2.22.00.00 - Transferências da Cota-Parte da Compensação Financeira (25%);siconfi-cor_RO1.7.2.2.22.00.00;70669,88
Prefeitura Municipal de Anamã - AM;1300086;AM;12653;Receitas Brutas Realizadas;1.7.2.2.22.30.00 - Cota-Parte Royalties - Compensação Financeira pela Produção de Petróleo - Lei nº 7.990/89 artigo 9º;siconfi-cor_RO1.7.2.2.22.30.00;70669,88
Prefeitura Municipal de Anamã - AM;1300086;AM;12653;Receitas Brutas Realizadas;1.7.2.2.33.00.00 - Transferências de Recursos do Estado para Programas de Saúde - Repasse Fundo a Fundo;siconfi-cor_RO1.7.2.2.33.00.00;213349,58
Prefeitura Municipal de Anamã - AM;1300086;AM;12653;Receitas Brutas Realizadas;1.7.2.4.00.00.00 - Transferências Multigovernamentais;siconfi-cor_RO1.7.2.4.00.00.00;6852686,35
Prefeitura Municipal de Anamã - AM;1300086;AM;12653;Receitas Brutas Realizadas;1.7.2.4.01.00.00 - Transferências de Recursos do Fundo de Manutenção e Desenvolvimento do Ensino Fundamental e de Valorização do Magistério - FUNDEB;siconfi-cor_RO1.7.2.4.01.00.00;5191517,26
Prefeitura Municipal de Anamã - AM;1300086;AM;12653;Receitas Brutas Realizadas;1.7.2.4.02.00.00 - Transferências de Recursos da Complementação ao Fundo de Manutenção e Desenvolvimento do Ensino Fundamental e de Valorização do Magistério - FUNDEB;siconfi-cor_RO1.7.2.4.02.00.00;1661169,09
Prefeitura Municipal de Anamã - AM;1300086;AM;12653;Receitas Brutas Realizadas;1.9.0.0.00.00.00 - Outras Receitas Correntes;siconfi-cor_RO1.9.0.0.00.00.00;73113
Prefeitura Municipal de Anamã - AM;1300086;AM;12653;Receitas Brutas Realizadas;1.9.2.0.00.00.00 - Indenizações e Restituições;siconfi-cor_RO1.9.2.0.00.00.00;73113
Prefeitura Municipal de Anamã - AM;1300086;AM;12653;Receitas Brutas Realizadas;1.9.2.2.00.00.00 - Restituições;siconfi-cor_RO1.9.2.2.00.00.00;73113
Prefeitura Municipal de Anamã - AM;1300086;AM;12653;Receitas Brutas Realizadas;1.9.2.2.99.00.00 - Outras Restituições;siconfi-cor_RO1.9.2.2.99.00.00;73113
Prefeitura Municipal de Anamã - AM;1300086;AM;12653;Receitas Brutas Realizadas;2.0.0.0.00.00.00 - Receitas de Capital;siconfi-cor_RO2.0.0.0.00.00.00;904715,35
Prefeitura Municipal de Anamã - AM;1300086;AM;12653;Receitas Brutas Realizadas;2.4.0.0.00.00.00 - Transferências de Capital;siconfi-cor_RO2.4.0.0.00.00.00;904715,35
Prefeitura Municipal de Anamã - AM;1300086;AM;12653;Receitas Brutas Realizadas;2.4.7.0.00.00.00 - Transferências de Convênios;siconfi-cor_RO2.4.7.0.00.00.00;904715,35
Prefeitura Municipal de Anamã - AM;1300086;AM;12653;Receitas Brutas Realizadas;2.4.7.1.00.00.00 - Transferências de Convênios da União e de suas Entidades;siconfi-cor_RO2.4.7.1.00.00.00;632431,92
Prefeitura Municipal de Anamã - AM;1300086;AM;12653;Receitas Brutas Realizadas;2.4.7.1.99.00.00 - Outras Transferências de Convênios da União;siconfi-cor_RO2.4.7.1.99.00.00;632431,92
Prefeitura Municipal de Anamã - AM;1300086;AM;12653;Receitas Brutas Realizadas;2.4.7.2.00.00.00 - Transferências de Convênios dos Estados e do Distrito Federal e de suas Entidades;siconfi-cor_RO2.4.7.2.00.00.00;272283,43
Prefeitura Municipal de Anamã - AM;1300086;AM;12653;Receitas Brutas Realizadas;2.4.7.2.99.00.00 - Outras Transferências de Convênios dos Estados;siconfi-cor_RO2.4.7.2.99.00.00;272283,43
Prefeitura Municipal de Anamã - AM;1300086;AM;12653;Deduções - FUNDEB;Total Receitas;siconfi-cor_TotalReceitas;3002627,78
Prefeitura Municipal de Anamã - AM;1300086;AM;12653;Deduções - FUNDEB;1.0.0.0.00.00.00 - Receitas Correntes;siconfi-cor_RO1.0.0.0.00.00.00;3002627,78
Prefeitura Municipal de Anamã - AM;1300086;AM;12653;Deduções - FUNDEB;1.7.0.0.00.00.00 - Transferências Correntes;siconfi-cor_RO1.7.0.0.00.00.00;3002627,78
Prefeitura Municipal de Anamã - AM;1300086;AM;12653;Deduções - FUNDEB;1.7.2.0.00.00.00 - Transferências Intergovernamentais;siconfi-cor_RO1.7.2.0.00.00.00;3002627,78
Prefeitura Municipal de Anamã - AM;1300086;AM;12653;Deduções - FUNDEB;1.7.2.1.00.00.00 - Transferências da União;siconfi-cor_RO1.7.2.1.00.00.00;1684842,83
Prefeitura Municipal de Anamã - AM;1300086;AM;12653;Deduções - FUNDEB;1.7.2.1.01.00.00 - Participação na Receita da União;siconfi-cor_RO1.7.2.1.01.00.00;1681701,11
Prefeitura Municipal de Anamã - AM;1300086;AM;12653;Deduções - FUNDEB;1.7.2.1.01.02.00 - Cota-Parte do Fundo de Participação dos Municípios ¿ FPM;siconfi-cor_RO1.7.2.1.01.02.00;1681688,32
Prefeitura Municipal de Anamã - AM;1300086;AM;12653;Deduções - FUNDEB;1.7.2.1.01.05.00 - Cota-Parte do Imposto Sobre a Propriedade Territorial Rural ¿ ITR;siconfi-cor_RO1.7.2.1.01.05.00;12,79
Prefeitura Municipal de Anamã - AM;1300086;AM;12653;Deduções - FUNDEB;1.7.2.1.36.00.00 - Transferências Financeiras do ICMS ¿ Desoneração ¿ L.C. Nº 87/96;siconfi-cor_RO1.7.2.1.36.00.00;3141,72
Prefeitura Municipal de Anamã - AM;1300086;AM;12653;Deduções - FUNDEB;1.7.2.2.00.00.00 - Transferências dos Estados;siconfi-cor_RO1.7.2.2.00.00.00;1317784,95
Prefeitura Municipal de Anamã - AM;1300086;AM;12653;Deduções - FUNDEB;1.7.2.2.01.00.00 - Participação na Receita dos Estados;siconfi-cor_RO1.7.2.2.01.00.00;1317784,95
Prefeitura Municipal de Anamã - AM;1300086;AM;12653;Deduções - FUNDEB;1.7.2.2.01.01.00 - Cota-Parte do ICMS;siconfi-cor_RO1.7.2.2.01.01.00;1310986,8
Prefeitura Municipal de Anamã - AM;1300086;AM;12653;Deduções - FUNDEB;1.7.2.2.01.02.00 - Cota-Parte do IPVA;siconfi-cor_RO1.7.2.2.01.02.00;1541,26
Prefeitura Municipal de Anamã - AM;1300086;AM;12653;Deduções - FUNDEB;1.7.2.2.01.04.00 - Cota-Parte do IPI - Municípios;siconfi-cor_RO1.7.2.2.01.04.00;5256,89
Prefeitura Municipal de Santo Antônio do Içá - AM;1303700;AM;23378;Receitas Brutas Realizadas;Total Receitas;siconfi-cor_TotalReceitas;58698372,48
Prefeitura Municipal de Santo Antônio do Içá - AM;1303700;AM;23378;Receitas Brutas Realizadas;1.0.0.0.00.00.00 - Receitas Correntes;siconfi-cor_RO1.0.0.0.00.00.00;57347144,41
Prefeitura Municipal de Santo Antônio do Içá - AM;1303700;AM;23378;Receitas Brutas Realizadas;1.1.0.0.00.00.00 - Receita Tributária;siconfi-cor_RO1.1.0.0.00.00.00;927067,85
Prefeitura Municipal de Santo Antônio do Içá - AM;1303700;AM;23378;Receitas Brutas Realizadas;1.1.1.0.00.00.00 - Impostos;siconfi-cor_RO1.1.1.0.00.00.00;895412,86
Prefeitura Municipal de Santo Antônio do Içá - AM;1303700;AM;23378;Receitas Brutas Realizadas;1.1.1.2.00.00.00 - Impostos sobre o Patrimônio e a Renda;siconfi-cor_RO1.1.1.2.00.00.00;575597,97
Prefeitura Municipal de Santo Antônio do Içá - AM;1303700;AM;23378;Receitas Brutas Realizadas;1.1.1.2.02.00.00 - Imposto sobre a Propriedade Predial e Territorial Urbana ¿ IPTU;siconfi-cor_RO1.1.1.2.02.00.00;1290,67
Prefeitura Municipal de Santo Antônio do Içá - AM;1303700;AM;23378;Receitas Brutas Realizadas;1.1.1.2.04.00.00 - Imposto sobre a Renda e Proventos de Qualquer Natureza ¿ IR;siconfi-cor_RO1.1.1.2.04.00.00;574307,3
Prefeitura Municipal de Santo Antônio do Içá - AM;1303700;AM;23378;Receitas Brutas Realizadas;1.1.1.2.04.31.00 - Retido nas Fontes - Trabalho;siconfi-cor_RO1.1.1.2.04.31.00;570611,19
Prefeitura Municipal de Santo Antônio do Içá - AM;1303700;AM;23378;Receitas Brutas Realizadas;1.1.1.2.04.34.00 - Retido nas Fontes - Outros Rendimentos;siconfi-cor_RO1.1.1.2.04.34.00;3696,11
Prefeitura Municipal de Santo Antônio do Içá - AM;1303700;AM;23378;Receitas Brutas Realizadas;1.1.1.3.00.00.00 - Impostos sobre a Produção e a Circulação;siconfi-cor_RO1.1.1.3.00.00.00;319814,89
Prefeitura Municipal de Santo Antônio do Içá - AM;1303700;AM;23378;Receitas Brutas Realizadas;1.1.1.3.05.00.00 - Imposto sobre Serviços de Qualquer Natureza ¿ ISSQN;siconfi-cor_RO1.1.1.3.05.00.00;319814,89
Prefeitura Municipal de Santo Antônio do Içá - AM;1303700;AM;23378;Receitas Brutas Realizadas;1.1.2.0.00.00.00 - Taxas;siconfi-cor_RO1.1.2.0.00.00.00;31654,99
Prefeitura Municipal de Santo Antônio do Içá - AM;1303700;AM;23378;Receitas Brutas Realizadas;1.1.2.1.00.00.00 - Taxas pelo Exercício do Poder de Polícia;siconfi-cor_RO1.1.2.1.00.00.00;10799,99
Prefeitura Municipal de Santo Antônio do Içá - AM;1303700;AM;23378;Receitas Brutas Realizadas;1.1.2.2.00.00.00 - Taxas pela Prestação de Serviços;siconfi-cor_RO1.1.2.2.00.00.00;20855
Prefeitura Municipal de Santo Antônio do Içá - AM;1303700;AM;23378;Receitas Brutas Realizadas;1.1.2.2.99.00.00 - Outras Taxas pela Prestação de Serviços;siconfi-cor_RO1.1.2.2.99.00.00;20855
Prefeitura Municipal de Santo Antônio do Içá - AM;1303700;AM;23378;Receitas Brutas Realizadas;1.2.0.0.00.00.00 - Receitas de Contribuições;siconfi-cor_RO1.2.0.0.00.00.00;209828,08
Prefeitura Municipal de Santo Antônio do Içá - AM;1303700;AM;23378;Receitas Brutas Realizadas;1.2.3.0.00.00.00 - Contribuição para Custeio do Serviço de Iluminação Pública;siconfi-cor_RO1.2.3.0.00.00.00;209828,08
Prefeitura Municipal de Santo Antônio do Içá - AM;1303700;AM;23378;Receitas Brutas Realizadas;1.3.0.0.00.00.00 - Receita Patrimonial;siconfi-cor_RO1.3.0.0.00.00.00;103507,81
Prefeitura Municipal de Santo Antônio do Içá - AM;1303700;AM;23378;Receitas Brutas Realizadas;1.3.2.0.00.00.00 - Receitas de Valores Mobiliários;siconfi-cor_RO1.3.2.0.00.00.00;103507,81
Prefeitura Municipal de Santo Antônio do Içá - AM;1303700;AM;23378;Receitas Brutas Realizadas;1.3.2.5.00.00.00 - Remuneração de Depósitos Bancários;siconfi-cor_RO1.3.2.5.00.00.00;103507,81
Prefeitura Municipal de Santo Antônio do Içá - AM;1303700;AM;23378;Receitas Brutas Realizadas;1.6.0.0.00.00.00 - Receita de Serviços;siconfi-cor_RO1.6.0.0.00.00.00;7740
Prefeitura Municipal de Santo Antônio do Içá - AM;1303700;AM;23378;Receitas Brutas Realizadas;1.6.0.0.13.00.00 - Serviços Administrativos;siconfi-cor_RO1.6.0.0.13.00.00;7740
Prefeitura Municipal de Santo Antônio do Içá - AM;1303700;AM;23378;Receitas Brutas Realizadas;1.7.0.0.00.00.00 - Transferências Correntes;siconfi-cor_RO1.7.0.0.00.00.00;54975743,37
Prefeitura Municipal de Santo Antônio do Içá - AM;1303700;AM;23378;Receitas Brutas Realizadas;1.7.2.0.00.00.00 - Transferências Intergovernamentais;siconfi-cor_RO1.7.2.0.00.00.00;54975743,37
Prefeitura Municipal de Santo Antônio do Içá - AM;1303700;AM;23378;Receitas Brutas Realizadas;1.7.2.1.00.00.00 - Transferências da União;siconfi-cor_RO1.7.2.1.00.00.00;24640654,15
Prefeitura Municipal de Santo Antônio do Içá - AM;1303700;AM;23378;Receitas Brutas Realizadas;1.7.2.1.01.00.00 - Participação na Receita da União;siconfi-cor_RO1.7.2.1.01.00.00;16043456,37
Prefeitura Municipal de Santo Antônio do Içá - AM;1303700;AM;23378;Receitas Brutas Realizadas;1.7.2.1.01.02.00 - Cota-Parte do Fundo de Participação dos Municípios ¿ FPM;siconfi-cor_RO1.7.2.1.01.02.00;14714775,83
Prefeitura Municipal de Santo Antônio do Içá - AM;1303700;AM;23378;Receitas Brutas Realizadas;1.7.2.1.01.03.00 - Cota-Parte do Fundo de Participação dos Municípios - 1% Cota Anual;siconfi-cor_RO1.7.2.1.01.03.00;653101,1
Prefeitura Municipal de Santo Antônio do Içá - AM;1303700;AM;23378;Receitas Brutas Realizadas;1.7.2.1.01.04.00 - Cota-Parte do Fundo de Participação dos Municípios - 1% Cota entregue no mês de julho (67)(I);siconfi-cor_RO1.7.2.1.01.04.00;675337,51
Prefeitura Municipal de Santo Antônio do Içá - AM;1303700;AM;23378;Receitas Brutas Realizadas;1.7.2.1.01.05.00 - Cota-Parte do Imposto Sobre a Propriedade Territorial Rural ¿ ITR;siconfi-cor_RO1.7.2.1.01.05.00;241,93
Prefeitura Municipal de Santo Antônio do Içá - AM;1303700;AM;23378;Receitas Brutas Realizadas;1.7.2.1.22.00.00 - Transferências da Compensação Financeira pela Exploração de Recursos Naturais;siconfi-cor_RO1.7.2.1.22.00.00;171802,81
Prefeitura Municipal de Santo Antônio do Içá - AM;1303700;AM;23378;Receitas Brutas Realizadas;1.7.2.1.22.70.00 - Cota-Parte do Fundo Especial do Petróleo ¿ FEP;siconfi-cor_RO1.7.2.1.22.70.00;171802,81
Prefeitura Municipal de Santo Antônio do Içá - AM;1303700;AM;23378;Receitas Brutas Realizadas;1.7.2.1.33.00.00 - Transferências de Recursos do Sistema Único de Saúde - SUS - Repasses Fundo a Fundo;siconfi-cor_RO1.7.2.1.33.00.00;6294974,01
Prefeitura Municipal de Santo Antônio do Içá - AM;1303700;AM;23378;Receitas Brutas Realizadas;1.7.2.1.34.00.00 - Transferências de Recursos do Fundo Nacional de Assistência Social ¿ FNAS;siconfi-cor_RO1.7.2.1.34.00.00;776237,47
Prefeitura Municipal de Santo Antônio do Içá - AM;1303700;AM;23378;Receitas Brutas Realizadas;1.7.2.1.35.00.00 - Transferências de Recursos do Fundo Nacional do Desenvolvimento da Educação ¿ FNDE;siconfi-cor_RO1.7.2.1.35.00.00;1320956,04
Prefeitura Municipal de Santo Antônio do Içá - AM;1303700;AM;23378;Receitas Brutas Realizadas;1.7.2.1.36.00.00 - Transferências Financeiras do ICMS ¿ Desoneração ¿ L.C. Nº 87/96;siconfi-cor_RO1.7.2.1.36.00.00;20175,36
Prefeitura Municipal de Santo Antônio do Içá - AM;1303700;AM;23378;Receitas Brutas Realizadas;1.7.2.1.99.00.00 - Outras Transferências da União;siconfi-cor_RO1.7.2.1.99.00.00;13052,09
Prefeitura Municipal de Santo Antônio do Içá - AM;1303700;AM;23378;Receitas Brutas Realizadas;1.7.2.2.00.00.00 - Transferências dos Estados;siconfi-cor_RO1.7.2.2.00.00.00;8769658,15
Prefeitura Municipal de Santo Antônio do Içá - AM;1303700;AM;23378;Receitas Brutas Realizadas;1.7.2.2.01.00.00 - Participação na Receita dos Estados;siconfi-cor_RO1.7.2.2.01.00.00;8525546,3
Prefeitura Municipal de Santo Antônio do Içá - AM;1303700;AM;23378;Receitas Brutas Realizadas;1.7.2.2.01.01.00 - Cota-Parte do ICMS;siconfi-cor_RO1.7.2.2.01.01.00;8415921,36
Prefeitura Municipal de Santo Antônio do Içá - AM;1303700;AM;23378;Receitas Brutas Realizadas;1.7.2.2.01.02.00 - Cota-Parte do IPVA;siconfi-cor_RO1.7.2.2.01.02.00;14691,72
Prefeitura Municipal de Santo Antônio do Içá - AM;1303700;AM;23378;Receitas Brutas Realizadas;1.7.2.2.01.04.00 - Cota-Parte do IPI - Municípios;siconfi-cor_RO1.7.2.2.01.04.00;33757,47
Prefeitura Municipal de Santo Antônio do Içá - AM;1303700;AM;23378;Receitas Brutas Realizadas;1.7.2.2.01.13.00 - Cota-Parte da Contribuição de Intervenção no Domínio Econômico;siconfi-cor_RO1.7.2.2.01.13.00;61175,75
Prefeitura Municipal de Santo Antônio do Içá - AM;1303700;AM;23378;Receitas Brutas Realizadas;1.7.2.2.22.00.00 - Transferências da Cota-Parte da Compensação Financeira (25%);siconfi-cor_RO1.7.2.2.22.00.00;90762,27
Prefeitura Municipal de Santo Antônio do Içá - AM;1303700;AM;23378;Receitas Brutas Realizadas;1.7.2.2.22.30.00 - Cota-Parte Royalties - Compensação Financeira pela Produção de Petróleo - Lei nº 7.990/89 artigo 9º;siconfi-cor_RO1.7.2.2.22.30.00;90762,27
Prefeitura Municipal de Santo Antônio do Içá - AM;1303700;AM;23378;Receitas Brutas Realizadas;1.7.2.2.33.00.00 - Transferências de Recursos do Estado para Programas de Saúde - Repasse Fundo a Fundo;siconfi-cor_RO1.7.2.2.33.00.00;153349,58
Prefeitura Municipal de Santo Antônio do Içá - AM;1303700;AM;23378;Receitas Brutas Realizadas;1.7.2.4.00.00.00 - Transferências Multigovernamentais;siconfi-cor_RO1.7.2.4.00.00.00;21565431,07
Prefeitura Municipal de Santo Antônio do Içá - AM;1303700;AM;23378;Receitas Brutas Realizadas;1.7.2.4.01.00.00 - Transferências de Recursos do Fundo de Manutenção e Desenvolvimento do Ensino Fundamental e de Valorização do Magistério - FUNDEB;siconfi-cor_RO1.7.2.4.01.00.00;16327024,24
Prefeitura Municipal de Santo Antônio do Içá - AM;1303700;AM;23378;Receitas Brutas Realizadas;1.7.2.4.02.00.00 - Transferências de Recursos da Complementação ao Fundo de Manutenção e Desenvolvimento do Ensino Fundamental e de Valorização do Magistério - FUNDEB;siconfi-cor_RO1.7.2.4.02.00.00;5238406,83
Prefeitura Municipal de Santo Antônio do Içá - AM;1303700;AM;23378;Receitas Brutas Realizadas;1.9.0.0.00.00.00 - Outras Receitas Correntes;siconfi-cor_RO1.9.0.0.00.00.00;1123257,3
Prefeitura Municipal de Santo Antônio do Içá - AM;1303700;AM;23378;Receitas Brutas Realizadas;1.9.1.0.00.00.00 - Multas e Juros de Mora;siconfi-cor_RO1.9.1.0.00.00.00;164
Prefeitura Municipal de Santo Antônio do Içá - AM;1303700;AM;23378;Receitas Brutas Realizadas;1.9.1.9.00.00.00 - Multas de Outras Origens;siconfi-cor_RO1.9.1.9.00.00.00;164
Prefeitura Municipal de Santo Antônio do Içá - AM;1303700;AM;23378;Receitas Brutas Realizadas;1.9.2.0.00.00.00 - Indenizações e Restituições;siconfi-cor_RO1.9.2.0.00.00.00;743088,3
Prefeitura Municipal de Santo Antônio do Içá - AM;1303700;AM;23378;Receitas Brutas Realizadas;1.9.2.2.00.00.00 - Restituições;siconfi-cor_RO1.9.2.2.00.00.00;743088,3
Prefeitura Municipal de Santo Antônio do Içá - AM;1303700;AM;23378;Receitas Brutas Realizadas;1.9.2.2.99.00.00 - Outras Restituições;siconfi-cor_RO1.9.2.2.99.00.00;743088,3
Prefeitura Municipal de Santo Antônio do Içá - AM;1303700;AM;23378;Receitas Brutas Realizadas;1.9.9.0.00.00.00 - Receitas Diversas;siconfi-cor_RO1.9.9.0.00.00.00;380005
Prefeitura Municipal de Santo Antônio do Içá - AM;1303700;AM;23378;Receitas Brutas Realizadas;1.9.9.0.20.00.00 - Contribuição Voluntária ¿ Montepio Civil;siconfi-cor_RO1.9.9.0.20.00.00;380005
Prefeitura Municipal de Santo Antônio do Içá - AM;1303700;AM;23378;Receitas Brutas Realizadas;2.0.0.0.00.00.00 - Receitas de Capital;siconfi-cor_RO2.0.0.0.00.00.00;1351228,07
Prefeitura Municipal de Santo Antônio do Içá - AM;1303700;AM;23378;Receitas Brutas Realizadas;2.4.0.0.00.00.00 - Transferências de Capital;siconfi-cor_RO2.4.0.0.00.00.00;1351228,07
Prefeitura Municipal de Santo Antônio do Içá - AM;1303700;AM;23378;Receitas Brutas Realizadas;2.4.2.0.00.00.00 - Transferências Intergovernamentais;siconfi-cor_RO2.4.2.0.00.00.00;1351228,07
Prefeitura Municipal de Santo Antônio do Içá - AM;1303700;AM;23378;Receitas Brutas Realizadas;2.4.2.1.00.00.00 - Transferências da União;siconfi-cor_RO2.4.2.1.00.00.00;1351228,07
Prefeitura Municipal de Santo Antônio do Içá - AM;1303700;AM;23378;Receitas Brutas Realizadas;2.4.2.1.01.00.00 - Participação na Receita da União;siconfi-cor_RO2.4.2.1.01.00.00;397610
Prefeitura Municipal de Santo Antônio do Içá - AM;1303700;AM;23378;Receitas Brutas Realizadas;2.4.2.1.02.00.00 - Transferências de Recursos Destinados a Programas de Educação;siconfi-cor_RO2.4.2.1.02.00.00;953618,07
Prefeitura Municipal de Santo Antônio do Içá - AM;1303700;AM;23378;Outras Deduções da Receita;Total Receitas;siconfi-cor_TotalReceitas;4639912,15
Prefeitura Municipal de Santo Antônio do Içá - AM;1303700;AM;23378;Outras Deduções da Receita;1.0.0.0.00.00.00 - Receitas Correntes;siconfi-cor_RO1.0.0.0.00.00.00;4639912,15
Prefeitura Municipal de Santo Antônio do Içá - AM;1303700;AM;23378;Outras Deduções da Receita;1.7.0.0.00.00.00 - Transferências Correntes;siconfi-cor_RO1.7.0.0.00.00.00;4639912,15
Prefeitura Municipal de Santo Antônio do Içá - AM;1303700;AM;23378;Outras Deduções da Receita;1.7.2.0.00.00.00 - Transferências Intergovernamentais;siconfi-cor_RO1.7.2.0.00.00.00;4639912,15
Prefeitura Municipal de Santo Antônio do Içá - AM;1303700;AM;23378;Outras Deduções da Receita;1.7.2.1.00.00.00 - Transferências da União;siconfi-cor_RO1.7.2.1.00.00.00;2947038,24
Prefeitura Municipal de Santo Antônio do Içá - AM;1303700;AM;23378;Outras Deduções da Receita;1.7.2.1.01.00.00 - Participação na Receita da União;siconfi-cor_RO1.7.2.1.01.00.00;2943003,24
Prefeitura Municipal de Santo Antônio do Içá - AM;1303700;AM;23378;Outras Deduções da Receita;1.7.2.1.01.02.00 - Cota-Parte do Fundo de Participação dos Municípios ¿ FPM;siconfi-cor_RO1.7.2.1.01.02.00;2942954,86
Prefeitura Municipal de Santo Antônio do Içá - AM;1303700;AM;23378;Outras Deduções da Receita;1.7.2.1.01.05.00 - Cota-Parte do Imposto Sobre a Propriedade Territorial Rural ¿ ITR;siconfi-cor_RO1.7.2.1.01.05.00;48,38
Prefeitura Municipal de Santo Antônio do Içá - AM;1303700;AM;23378;Outras Deduções da Receita;1.7.2.1.36.00.00 - Transferências Financeiras do ICMS ¿ Desoneração ¿ L.C. Nº 87/96;siconfi-cor_RO1.7.2.1.36.00.00;4035
Prefeitura Municipal de Santo Antônio do Içá - AM;1303700;AM;23378;Outras Deduções da Receita;1.7.2.2.00.00.00 - Transferências dos Estados;siconfi-cor_RO1.7.2.2.00.00.00;1692873,91
Prefeitura Municipal de Santo Antônio do Içá - AM;1303700;AM;23378;Outras Deduções da Receita;1.7.2.2.01.00.00 - Participação na Receita dos Estados;siconfi-cor_RO1.7.2.2.01.00.00;1692873,91
Prefeitura Municipal de Santo Antônio do Içá - AM;1303700;AM;23378;Outras Deduções da Receita;1.7.2.2.01.01.00 - Cota-Parte do ICMS;siconfi-cor_RO1.7.2.2.01.01.00;1683184,27
Prefeitura Municipal de Santo Antônio do Içá - AM;1303700;AM;23378;Outras Deduções da Receita;1.7.2.2.01.02.00 - Cota-Parte do IPVA;siconfi-cor_RO1.7.2.2.01.02.00;2938,16
Prefeitura Municipal de Santo Antônio do Içá - AM;1303700;AM;23378;Outras Deduções da Receita;1.7.2.2.01.04.00 - Cota-Parte do IPI - Municípios;siconfi-cor_RO1.7.2.2.01.04.00;6751,48
Prefeitura Municipal de Tapauá - AM;1304104;AM;18039;Receitas Brutas Realizadas;Total Receitas;siconfi-cor_TotalReceitas;47352952,62
Prefeitura Municipal de Tapauá - AM;1304104;AM;18039;Receitas Brutas Realizadas;1.0.0.0.00.00.00 - Receitas Correntes;siconfi-cor_RO1.0.0.0.00.00.00;47352952,62
Prefeitura Municipal de Tapauá - AM;1304104;AM;18039;Receitas Brutas Realizadas;1.1.0.0.00.00.00 - Receita Tributária;siconfi-cor_RO1.1.0.0.00.00.00;603835,15
Prefeitura Municipal de Tapauá - AM;1304104;AM;18039;Receitas Brutas Realizadas;1.1.1.0.00.00.00 - Impostos;siconfi-cor_RO1.1.1.0.00.00.00;603771,15
Prefeitura Municipal de Tapauá - AM;1304104;AM;18039;Receitas Brutas Realizadas;1.1.1.2.00.00.00 - Impostos sobre o Patrimônio e a Renda;siconfi-cor_RO1.1.1.2.00.00.00;316013,72
Prefeitura Municipal de Tapauá - AM;1304104;AM;18039;Receitas Brutas Realizadas;1.1.1.2.04.00.00 - Imposto sobre a Renda e Proventos de Qualquer Natureza ¿ IR;siconfi-cor_RO1.1.1.2.04.00.00;316013,72
Prefeitura Municipal de Tapauá - AM;1304104;AM;18039;Receitas Brutas Realizadas;1.1.1.2.04.31.00 - Retido nas Fontes - Trabalho;siconfi-cor_RO1.1.1.2.04.31.00;316013,72
Prefeitura Municipal de Tapauá - AM;1304104;AM;18039;Receitas Brutas Realizadas;1.1.1.3.00.00.00 - Impostos sobre a Produção e a Circulação;siconfi-cor_RO1.1.1.3.00.00.00;287757,43
Prefeitura Municipal de Tapauá - AM;1304104;AM;18039;Receitas Brutas Realizadas;1.1.1.3.05.00.00 - Imposto sobre Serviços de Qualquer Natureza ¿ ISSQN;siconfi-cor_RO1.1.1.3.05.00.00;287757,43
Prefeitura Municipal de Tapauá - AM;1304104;AM;18039;Receitas Brutas Realizadas;1.1.2.0.00.00.00 - Taxas;siconfi-cor_RO1.1.2.0.00.00.00;64
Prefeitura Municipal de Tapauá - AM;1304104;AM;18039;Receitas Brutas Realizadas;1.1.2.2.00.00.00 - Taxas pela Prestação de Serviços;siconfi-cor_RO1.1.2.2.00.00.00;64
Prefeitura Municipal de Tapauá - AM;1304104;AM;18039;Receitas Brutas Realizadas;1.1.2.2.99.00.00 - Outras Taxas pela Prestação de Serviços;siconfi-cor_RO1.1.2.2.99.00.00;64
Prefeitura Municipal de Tapauá - AM;1304104;AM;18039;Receitas Brutas Realizadas;1.2.0.0.00.00.00 - Receitas de Contribuições;siconfi-cor_RO1.2.0.0.00.00.00;66421,97
Prefeitura Municipal de Tapauá - AM;1304104;AM;18039;Receitas Brutas Realizadas;1.2.3.0.00.00.00 - Contribuição para Custeio do Serviço de Iluminação Pública;siconfi-cor_RO1.2.3.0.00.00.00;66421,97
Prefeitura Municipal de Tapauá - AM;1304104;AM;18039;Receitas Brutas Realizadas;1.3.0.0.00.00.00 - Receita Patrimonial;siconfi-cor_RO1.3.0.0.00.00.00;162487,63
Prefeitura Municipal de Tapauá - AM;1304104;AM;18039;Receitas Brutas Realizadas;1.3.2.0.00.00.00 - Receitas de Valores Mobiliários;siconfi-cor_RO1.3.2.0.00.00.00;162487,63
Prefeitura Municipal de Tapauá - AM;1304104;AM;18039;Receitas Brutas Realizadas;1.3.2.5.00.00.00 - Remuneração de Depósitos Bancários;siconfi-cor_RO1.3.2.5.00.00.00;162487,63
Prefeitura Municipal de Tapauá - AM;1304104;AM;18039;Receitas Brutas Realizadas;1.6.0.0.00.00.00 - Receita de Serviços;siconfi-cor_RO1.6.0.0.00.00.00;1983
Prefeitura Municipal de Tapauá - AM;1304104;AM;18039;Receitas Brutas Realizadas;1.6.0.0.13.00.00 - Serviços Administrativos;siconfi-cor_RO1.6.0.0.13.00.00;1983
Prefeitura Municipal de Tapauá - AM;1304104;AM;18039;Receitas Brutas Realizadas;1.7.0.0.00.00.00 - Transferências Correntes;siconfi-cor_RO1.7.0.0.00.00.00;46426861,61
Prefeitura Municipal de Tapauá - AM;1304104;AM;18039;Receitas Brutas Realizadas;1.7.2.0.00.00.00 - Transferências Intergovernamentais;siconfi-cor_RO1.7.2.0.00.00.00;46426861,61
Prefeitura Municipal de Tapauá - AM;1304104;AM;18039;Receitas Brutas Realizadas;1.7.2.1.00.00.00 - Transferências da União;siconfi-cor_RO1.7.2.1.00.00.00;19466210,91
Prefeitura Municipal de Tapauá - AM;1304104;AM;18039;Receitas Brutas Realizadas;1.7.2.1.01.00.00 - Participação na Receita da União;siconfi-cor_RO1.7.2.1.01.00.00;13754587,64
Prefeitura Municipal de Tapauá - AM;1304104;AM;18039;Receitas Brutas Realizadas;1.7.2.1.01.02.00 - Cota-Parte do Fundo de Participação dos Municípios ¿ FPM;siconfi-cor_RO1.7.2.1.01.02.00;12612664,95
Prefeitura Municipal de Tapauá - AM;1304104;AM;18039;Receitas Brutas Realizadas;1.7.2.1.01.03.00 - Cota-Parte do Fundo de Participação dos Municípios - 1% Cota Anual;siconfi-cor_RO1.7.2.1.01.03.00;559800,94
Prefeitura Municipal de Tapauá - AM;1304104;AM;18039;Receitas Brutas Realizadas;1.7.2.1.01.04.00 - Cota-Parte do Fundo de Participação dos Municípios - 1% Cota entregue no mês de julho (67)(I);siconfi-cor_RO1.7.2.1.01.04.00;578860,71
Prefeitura Municipal de Tapauá - AM;1304104;AM;18039;Receitas Brutas Realizadas;1.7.2.1.01.05.00 - Cota-Parte do Imposto Sobre a Propriedade Territorial Rural ¿ ITR;siconfi-cor_RO1.7.2.1.01.05.00;3261,04
Prefeitura Municipal de Tapauá - AM;1304104;AM;18039;Receitas Brutas Realizadas;1.7.2.1.22.00.00 - Transferências da Compensação Financeira pela Exploração de Recursos Naturais;siconfi-cor_RO1.7.2.1.22.00.00;147259,54
Prefeitura Municipal de Tapauá - AM;1304104;AM;18039;Receitas Brutas Realizadas;1.7.2.1.22.70.00 - Cota-Parte do Fundo Especial do Petróleo ¿ FEP;siconfi-cor_RO1.7.2.1.22.70.00;147259,54
Prefeitura Municipal de Tapauá - AM;1304104;AM;18039;Receitas Brutas Realizadas;1.7.2.1.33.00.00 - Transferências de Recursos do Sistema Único de Saúde - SUS - Repasses Fundo a Fundo;siconfi-cor_RO1.7.2.1.33.00.00;3831106,24
Prefeitura Municipal de Tapauá - AM;1304104;AM;18039;Receitas Brutas Realizadas;1.7.2.1.34.00.00 - Transferências de Recursos do Fundo Nacional de Assistência Social ¿ FNAS;siconfi-cor_RO1.7.2.1.34.00.00;775094,85
Prefeitura Municipal de Tapauá - AM;1304104;AM;18039;Receitas Brutas Realizadas;1.7.2.1.35.00.00 - Transferências de Recursos do Fundo Nacional do Desenvolvimento da Educação ¿ FNDE;siconfi-cor_RO1.7.2.1.35.00.00;903751,63
Prefeitura Municipal de Tapauá - AM;1304104;AM;18039;Receitas Brutas Realizadas;1.7.2.1.36.00.00 - Transferências Financeiras do ICMS ¿ Desoneração ¿ L.C. Nº 87/96;siconfi-cor_RO1.7.2.1.36.00.00;33037,8
Prefeitura Municipal de Tapauá - AM;1304104;AM;18039;Receitas Brutas Realizadas;1.7.2.1.99.00.00 - Outras Transferências da União;siconfi-cor_RO1.7.2.1.99.00.00;21373,21
Prefeitura Municipal de Tapauá - AM;1304104;AM;18039;Receitas Brutas Realizadas;1.7.2.2.00.00.00 - Transferências dos Estados;siconfi-cor_RO1.7.2.2.00.00.00;14353535,25
Prefeitura Municipal de Tapauá - AM;1304104;AM;18039;Receitas Brutas Realizadas;1.7.2.2.01.00.00 - Participação na Receita dos Estados;siconfi-cor_RO1.7.2.2.01.00.00;13905198,31
Prefeitura Municipal de Tapauá - AM;1304104;AM;18039;Receitas Brutas Realizadas;1.7.2.2.01.01.00 - Cota-Parte do ICMS;siconfi-cor_RO1.7.2.2.01.01.00;13781338,42
Prefeitura Municipal de Tapauá - AM;1304104;AM;18039;Receitas Brutas Realizadas;1.7.2.2.01.02.00 - Cota-Parte do IPVA;siconfi-cor_RO1.7.2.2.01.02.00;16312,57
Prefeitura Municipal de Tapauá - AM;1304104;AM;18039;Receitas Brutas Realizadas;1.7.2.2.01.04.00 - Cota-Parte do IPI - Municípios;siconfi-cor_RO1.7.2.2.01.04.00;55278,95
Prefeitura Municipal de Tapauá - AM;1304104;AM;18039;Receitas Brutas Realizadas;1.7.2.2.01.13.00 - Cota-Parte da Contribuição de Intervenção no Domínio Econômico;siconfi-cor_RO1.7.2.2.01.13.00;52268,37
Prefeitura Municipal de Tapauá - AM;1304104;AM;18039;Receitas Brutas Realizadas;1.7.2.2.22.00.00 - Transferências da Cota-Parte da Compensação Financeira (25%);siconfi-cor_RO1.7.2.2.22.00.00;148487,36
Prefeitura Municipal de Tapauá - AM;1304104;AM;18039;Receitas Brutas Realizadas;1.7.2.2.22.30.00 - Cota-Parte Royalties - Compensação Financeira pela Produção de Petróleo - Lei nº 7.990/89 artigo 9º;siconfi-cor_RO1.7.2.2.22.30.00;148487,36
Prefeitura Municipal de Tapauá - AM;1304104;AM;18039;Receitas Brutas Realizadas;1.7.2.2.33.00.00 - Transferências de Recursos do Estado para Programas de Saúde - Repasse Fundo a Fundo;siconfi-cor_RO1.7.2.2.33.00.00;299849,58
Prefeitura Municipal de Tapauá - AM;1304104;AM;18039;Receitas Brutas Realizadas;1.7.2.4.00.00.00 - Transferências Multigovernamentais;siconfi-cor_RO1.7.2.4.00.00.00;12607115,45
Prefeitura Municipal de Tapauá - AM;1304104;AM;18039;Receitas Brutas Realizadas;1.7.2.4.01.00.00 - Transferências de Recursos do Fundo de Manutenção e Desenvolvimento do Ensino Fundamental e de Valorização do Magistério - FUNDEB;siconfi-cor_RO1.7.2.4.01.00.00;10598016,62
Prefeitura Municipal de Tapauá - AM;1304104;AM;18039;Receitas Brutas Realizadas;1.7.2.4.02.00.00 - Transferências de Recursos da Complementação ao Fundo de Manutenção e Desenvolvimento do Ensino Fundamental e de Valorização do Magistério - FUNDEB;siconfi-cor_RO1.7.2.4.02.00.00;2009098,83
Prefeitura Municipal de Tapauá - AM;1304104;AM;18039;Receitas Brutas Realizadas;1.9.0.0.00.00.00 - Outras Receitas Correntes;siconfi-cor_RO1.9.0.0.00.00.00;91363,26
Prefeitura Municipal de Tapauá - AM;1304104;AM;18039;Receitas Brutas Realizadas;1.9.9.0.00.00.00 - Receitas Diversas;siconfi-cor_RO1.9.9.0.00.00.00;91363,26
Prefeitura Municipal de Tapauá - AM;1304104;AM;18039;Receitas Brutas Realizadas;1.9.9.0.99.00.00 - Outras Receitas;siconfi-cor_RO1.9.9.0.99.00.00;91363,26
Prefeitura Municipal de Tapauá - AM;1304104;AM;18039;Deduções - FUNDEB;Total Receitas;siconfi-cor_TotalReceitas;-5300378,11
Prefeitura Municipal de Tapauá - AM;1304104;AM;18039;Deduções - FUNDEB;1.0.0.0.00.00.00 - Receitas Correntes;siconfi-cor_RO1.0.0.0.00.00.00;-5300378,11
Prefeitura Municipal de Tapauá - AM;1304104;AM;18039;Deduções - FUNDEB;1.7.0.0.00.00.00 - Transferências Correntes;siconfi-cor_RO1.7.0.0.00.00.00;-5300378,11
Prefeitura Municipal de Tapauá - AM;1304104;AM;18039;Deduções - FUNDEB;1.7.2.0.00.00.00 - Transferências Intergovernamentais;siconfi-cor_RO1.7.2.0.00.00.00;-5300378,11
Prefeitura Municipal de Tapauá - AM;1304104;AM;18039;Deduções - FUNDEB;1.7.2.1.00.00.00 - Transferências da União;siconfi-cor_RO1.7.2.1.00.00.00;-2529792,39
Prefeitura Municipal de Tapauá - AM;1304104;AM;18039;Deduções - FUNDEB;1.7.2.1.01.00.00 - Participação na Receita da União;siconfi-cor_RO1.7.2.1.01.00.00;-2523184,83
Prefeitura Municipal de Tapauá - AM;1304104;AM;18039;Deduções - FUNDEB;1.7.2.1.01.02.00 - Cota-Parte do Fundo de Participação dos Municípios ¿ FPM;siconfi-cor_RO1.7.2.1.01.02.00;-2522532,65
Prefeitura Municipal de Tapauá - AM;1304104;AM;18039;Deduções - FUNDEB;1.7.2.1.01.05.00 - Cota-Parte do Imposto Sobre a Propriedade Territorial Rural ¿ ITR;siconfi-cor_RO1.7.2.1.01.05.00;-652,18
Prefeitura Municipal de Tapauá - AM;1304104;AM;18039;Deduções - FUNDEB;1.7.2.1.36.00.00 - Transferências Financeiras do ICMS ¿ Desoneração ¿ L.C. Nº 87/96;siconfi-cor_RO1.7.2.1.36.00.00;-6607,56
Prefeitura Municipal de Tapauá - AM;1304104;AM;18039;Deduções - FUNDEB;1.7.2.2.00.00.00 - Transferências dos Estados;siconfi-cor_RO1.7.2.2.00.00.00;-2770585,72
Prefeitura Municipal de Tapauá - AM;1304104;AM;18039;Deduções - FUNDEB;1.7.2.2.01.00.00 - Participação na Receita dos Estados;siconfi-cor_RO1.7.2.2.01.00.00;-2770585,72
Prefeitura Municipal de Tapauá - AM;1304104;AM;18039;Deduções - FUNDEB;1.7.2.2.01.01.00 - Cota-Parte do ICMS;siconfi-cor_RO1.7.2.2.01.01.00;-2756267,68
Prefeitura Municipal de Tapauá - AM;1304104;AM;18039;Deduções - FUNDEB;1.7.2.2.01.02.00 - Cota-Parte do IPVA;siconfi-cor_RO1.7.2.2.01.02.00;-3262,24
Prefeitura Municipal de Tapauá - AM;1304104;AM;18039;Deduções - FUNDEB;1.7.2.2.01.04.00 - Cota-Parte do IPI - Municípios;siconfi-cor_RO1.7.2.2.01.04.00;-11055,8
Prefeitura Municipal de Lábrea - AM;1302405;AM;44071;Receitas Brutas Realizadas;Total Receitas;siconfi-cor_TotalReceitas;84398258,26
Prefeitura Municipal de Lábrea - AM;1302405;AM;44071;Receitas Brutas Realizadas;1.0.0.0.00.00.00 - Receitas Correntes;siconfi-cor_RO1.0.0.0.00.00.00;84174772,18
Prefeitura Municipal de Lábrea - AM;1302405;AM;44071;Receitas Brutas Realizadas;1.1.0.0.00.00.00 - Receita Tributária;siconfi-cor_RO1.1.0.0.00.00.00;2991083,68
Prefeitura Municipal de Lábrea - AM;1302405;AM;44071;Receitas Brutas Realizadas;1.1.1.0.00.00.00 - Impostos;siconfi-cor_RO1.1.1.0.00.00.00;2893086,28
Prefeitura Municipal de Lábrea - AM;1302405;AM;44071;Receitas Brutas Realizadas;1.1.1.2.00.00.00 - Impostos sobre o Patrimônio e a Renda;siconfi-cor_RO1.1.1.2.00.00.00;1090278,42
Prefeitura Municipal de Lábrea - AM;1302405;AM;44071;Receitas Brutas Realizadas;1.1.1.2.02.00.00 - Imposto sobre a Propriedade Predial e Territorial Urbana ¿ IPTU;siconfi-cor_RO1.1.1.2.02.00.00;60168,79
Prefeitura Municipal de Lábrea - AM;1302405;AM;44071;Receitas Brutas Realizadas;1.1.1.2.04.00.00 - Imposto sobre a Renda e Proventos de Qualquer Natureza ¿ IR;siconfi-cor_RO1.1.1.2.04.00.00;663668,61
Prefeitura Municipal de Lábrea - AM;1302405;AM;44071;Receitas Brutas Realizadas;1.1.1.2.04.31.00 - Retido nas Fontes - Trabalho;siconfi-cor_RO1.1.1.2.04.31.00;326473,52
Prefeitura Municipal de Lábrea - AM;1302405;AM;44071;Receitas Brutas Realizadas;1.1.1.2.04.34.00 - Retido nas Fontes - Outros Rendimentos;siconfi-cor_RO1.1.1.2.04.34.00;337195,09
Prefeitura Municipal de Lábrea - AM;1302405;AM;44071;Receitas Brutas Realizadas;"1.1.1.2.08.00.00 - Imposto sobre Transmissão Inter Vivos"" de Bens Imóveis e de Direitos Reais sobre Imóveis ¿ ITBI""";siconfi-cor_RO1.1.1.2.08.00.00;366441,02
Prefeitura Municipal de Lábrea - AM;1302405;AM;44071;Receitas Brutas Realizadas;1.1.1.3.00.00.00 - Impostos sobre a Produção e a Circulação;siconfi-cor_RO1.1.1.3.00.00.00;1802807,86
Prefeitura Municipal de Lábrea - AM;1302405;AM;44071;Receitas Brutas Realizadas;1.1.1.3.05.00.00 - Imposto sobre Serviços de Qualquer Natureza ¿ ISSQN;siconfi-cor_RO1.1.1.3.05.00.00;1802807,86
Prefeitura Municipal de Lábrea - AM;1302405;AM;44071;Receitas Brutas Realizadas;1.1.2.0.00.00.00 - Taxas;siconfi-cor_RO1.1.2.0.00.00.00;97997,4
Prefeitura Municipal de Lábrea - AM;1302405;AM;44071;Receitas Brutas Realizadas;1.1.2.1.00.00.00 - Taxas pelo Exercício do Poder de Polícia;siconfi-cor_RO1.1.2.1.00.00.00;64602
Prefeitura Municipal de Lábrea - AM;1302405;AM;44071;Receitas Brutas Realizadas;1.1.2.2.00.00.00 - Taxas pela Prestação de Serviços;siconfi-cor_RO1.1.2.2.00.00.00;33395,4
Prefeitura Municipal de Lábrea - AM;1302405;AM;44071;Receitas Brutas Realizadas;1.1.2.2.99.00.00 - Outras Taxas pela Prestação de Serviços;siconfi-cor_RO1.1.2.2.99.00.00;33395,4
Prefeitura Municipal de Lábrea - AM;1302405;AM;44071;Receitas Brutas Realizadas;1.3.0.0.00.00.00 - Receita Patrimonial;siconfi-cor_RO1.3.0.0.00.00.00;356385,53
Prefeitura Municipal de Lábrea - AM;1302405;AM;44071;Receitas Brutas Realizadas;1.3.2.0.00.00.00 - Receitas de Valores Mobiliários;siconfi-cor_RO1.3.2.0.00.00.00;356385,53
Prefeitura Municipal de Lábrea - AM;1302405;AM;44071;Receitas Brutas Realizadas;1.3.2.5.00.00.00 - Remuneração de Depósitos Bancários;siconfi-cor_RO1.3.2.5.00.00.00;356385,53
Prefeitura Municipal de Lábrea - AM;1302405;AM;44071;Receitas Brutas Realizadas;1.6.0.0.00.00.00 - Receita de Serviços;siconfi-cor_RO1.6.0.0.00.00.00;52
Prefeitura Municipal de Lábrea - AM;1302405;AM;44071;Receitas Brutas Realizadas;1.6.0.0.13.00.00 - Serviços Administrativos;siconfi-cor_RO1.6.0.0.13.00.00;52
Prefeitura Municipal de Lábrea - AM;1302405;AM;44071;Receitas Brutas Realizadas;1.7.0.0.00.00.00 - Transferências Correntes;siconfi-cor_RO1.7.0.0.00.00.00;80190125,48
Prefeitura Municipal de Lábrea - AM;1302405;AM;44071;Receitas Brutas Realizadas;1.7.2.0.00.00.00 - Transferências Intergovernamentais;siconfi-cor_RO1.7.2.0.00.00.00;80190125,48
Prefeitura Municipal de Lábrea - AM;1302405;AM;44071;Receitas Brutas Realizadas;1.7.2.1.00.00.00 - Transferências da União;siconfi-cor_RO1.7.2.1.00.00.00;33315097,89
Prefeitura Municipal de Lábrea - AM;1302405;AM;44071;Receitas Brutas Realizadas;1.7.2.1.01.00.00 - Participação na Receita da União;siconfi-cor_RO1.7.2.1.01.00.00;22990987,78
Prefeitura Municipal de Lábrea - AM;1302405;AM;44071;Receitas Brutas Realizadas;1.7.2.1.01.02.00 - Cota-Parte do Fundo de Participação dos Municípios ¿ FPM;siconfi-cor_RO1.7.2.1.01.02.00;21021108,28
Prefeitura Municipal de Lábrea - AM;1302405;AM;44071;Receitas Brutas Realizadas;1.7.2.1.01.03.00 - Cota-Parte do Fundo de Participação dos Municípios - 1% Cota Anual;siconfi-cor_RO1.7.2.1.01.03.00;933001,58
Prefeitura Municipal de Lábrea - AM;1302405;AM;44071;Receitas Brutas Realizadas;1.7.2.1.01.04.00 - Cota-Parte do Fundo de Participação dos Municípios - 1% Cota entregue no mês de julho (67)(I);siconfi-cor_RO1.7.2.1.01.04.00;964767,88
Prefeitura Municipal de Lábrea - AM;1302405;AM;44071;Receitas Brutas Realizadas;1.7.2.1.01.05.00 - Cota-Parte do Imposto Sobre a Propriedade Territorial Rural ¿ ITR;siconfi-cor_RO1.7.2.1.01.05.00;72110,04
Prefeitura Municipal de Lábrea - AM;1302405;AM;44071;Receitas Brutas Realizadas;1.7.2.1.22.00.00 - Transferências da Compensação Financeira pela Exploração de Recursos Naturais;siconfi-cor_RO1.7.2.1.22.00.00;311054,55
Prefeitura Municipal de Lábrea - AM;1302405;AM;44071;Receitas Brutas Realizadas;1.7.2.1.22.20.00 - Cota-Parte da Compensação Financeira de Recursos Minerais - CFEM;siconfi-cor_RO1.7.2.1.22.20.00;90165,24
Prefeitura Municipal de Lábrea - AM;1302405;AM;44071;Receitas Brutas Realizadas;1.7.2.1.22.70.00 - Cota-Parte do Fundo Especial do Petróleo ¿ FEP;siconfi-cor_RO1.7.2.1.22.70.00;220889,31
Prefeitura Municipal de Lábrea - AM;1302405;AM;44071;Receitas Brutas Realizadas;1.7.2.1.33.00.00 - Transferências de Recursos do Sistema Único de Saúde - SUS - Repasses Fundo a Fundo;siconfi-cor_RO1.7.2.1.33.00.00;7083589,33
Prefeitura Municipal de Lábrea - AM;1302405;AM;44071;Receitas Brutas Realizadas;1.7.2.1.34.00.00 - Transferências de Recursos do Fundo Nacional de Assistência Social ¿ FNAS;siconfi-cor_RO1.7.2.1.34.00.00;784997,8
Prefeitura Municipal de Lábrea - AM;1302405;AM;44071;Receitas Brutas Realizadas;1.7.2.1.35.00.00 - Transferências de Recursos do Fundo Nacional do Desenvolvimento da Educação ¿ FNDE;siconfi-cor_RO1.7.2.1.35.00.00;2083243,88
Prefeitura Municipal de Lábrea - AM;1302405;AM;44071;Receitas Brutas Realizadas;1.7.2.1.36.00.00 - Transferências Financeiras do ICMS ¿ Desoneração ¿ L.C. Nº 87/96;siconfi-cor_RO1.7.2.1.36.00.00;37174,92
Prefeitura Municipal de Lábrea - AM;1302405;AM;44071;Receitas Brutas Realizadas;1.7.2.1.99.00.00 - Outras Transferências da União;siconfi-cor_RO1.7.2.1.99.00.00;24049,63
Prefeitura Municipal de Lábrea - AM;1302405;AM;44071;Receitas Brutas Realizadas;1.7.2.2.00.00.00 - Transferências dos Estados;siconfi-cor_RO1.7.2.2.00.00.00;16208127,08
Prefeitura Municipal de Lábrea - AM;1302405;AM;44071;Receitas Brutas Realizadas;1.7.2.2.01.00.00 - Participação na Receita dos Estados;siconfi-cor_RO1.7.2.2.01.00.00;15808739,99
Prefeitura Municipal de Lábrea - AM;1302405;AM;44071;Receitas Brutas Realizadas;1.7.2.2.01.01.00 - Cota-Parte do ICMS;siconfi-cor_RO1.7.2.2.01.01.00;15507079,97
Prefeitura Municipal de Lábrea - AM;1302405;AM;44071;Receitas Brutas Realizadas;1.7.2.2.01.02.00 - Cota-Parte do IPVA;siconfi-cor_RO1.7.2.2.01.02.00;147917,31
Prefeitura Municipal de Lábrea - AM;1302405;AM;44071;Receitas Brutas Realizadas;1.7.2.2.01.04.00 - Cota-Parte do IPI - Municípios;siconfi-cor_RO1.7.2.2.01.04.00;62201,13
Prefeitura Municipal de Lábrea - AM;1302405;AM;44071;Receitas Brutas Realizadas;1.7.2.2.01.13.00 - Cota-Parte da Contribuição de Intervenção no Domínio Econômico;siconfi-cor_RO1.7.2.2.01.13.00;91541,58
Prefeitura Municipal de Lábrea - AM;1302405;AM;44071;Receitas Brutas Realizadas;1.7.2.2.22.00.00 - Transferências da Cota-Parte da Compensação Financeira (25%);siconfi-cor_RO1.7.2.2.22.00.00;167237,51
Prefeitura Municipal de Lábrea - AM;1302405;AM;44071;Receitas Brutas Realizadas;1.7.2.2.22.30.00 - Cota-Parte Royalties - Compensação Financeira pela Produção de Petróleo - Lei nº 7.990/89 artigo 9º;siconfi-cor_RO1.7.2.2.22.30.00;167237,51
Prefeitura Municipal de Lábrea - AM;1302405;AM;44071;Receitas Brutas Realizadas;1.7.2.2.33.00.00 - Transferências de Recursos do Estado para Programas de Saúde - Repasse Fundo a Fundo;siconfi-cor_RO1.7.2.2.33.00.00;232149,58
Prefeitura Municipal de Lábrea - AM;1302405;AM;44071;Receitas Brutas Realizadas;1.7.2.4.00.00.00 - Transferências Multigovernamentais;siconfi-cor_RO1.7.2.4.00.00.00;30666900,51
Prefeitura Municipal de Lábrea - AM;1302405;AM;44071;Receitas Brutas Realizadas;1.7.2.4.01.00.00 - Transferências de Recursos do Fundo de Manutenção e Desenvolvimento do Ensino Fundamental e de Valorização do Magistério - FUNDEB;siconfi-cor_RO1.7.2.4.01.00.00;23300462,18
Prefeitura Municipal de Lábrea - AM;1302405;AM;44071;Receitas Brutas Realizadas;1.7.2.4.02.00.00 - Transferências de Recursos da Complementação ao Fundo de Manutenção e Desenvolvimento do Ensino Fundamental e de Valorização do Magistério - FUNDEB;siconfi-cor_RO1.7.2.4.02.00.00;7366438,33
Prefeitura Municipal de Lábrea - AM;1302405;AM;44071;Receitas Brutas Realizadas;1.9.0.0.00.00.00 - Outras Receitas Correntes;siconfi-cor_RO1.9.0.0.00.00.00;637125,49
Prefeitura Municipal de Lábrea - AM;1302405;AM;44071;Receitas Brutas Realizadas;1.9.2.0.00.00.00 - Indenizações e Restituições;siconfi-cor_RO1.9.2.0.00.00.00;519976,78
Prefeitura Municipal de Lábrea - AM;1302405;AM;44071;Receitas Brutas Realizadas;1.9.2.2.00.00.00 - Restituições;siconfi-cor_RO1.9.2.2.00.00.00;519976,78
Prefeitura Municipal de Lábrea - AM;1302405;AM;44071;Receitas Brutas Realizadas;1.9.2.2.99.00.00 - Outras Restituições;siconfi-cor_RO1.9.2.2.99.00.00;519976,78
Prefeitura Municipal de Lábrea - AM;1302405;AM;44071;Receitas Brutas Realizadas;1.9.3.0.00.00.00 - Receita da Dívida Ativa;siconfi-cor_RO1.9.3.0.00.00.00;100903,89
Prefeitura Municipal de Lábrea - AM;1302405;AM;44071;Receitas Brutas Realizadas;1.9.3.1.00.00.00 - Receita da Dívida Ativa Tributária;siconfi-cor_RO1.9.3.1.00.00.00;100903,89
Prefeitura Municipal de Lábrea - AM;1302405;AM;44071;Receitas Brutas Realizadas;1.9.3.1.11.00.00 - Receita da Dívida Ativa do Imposto sobre a Propriedade Predial e Territorial Urbana ¿ IPTU;siconfi-cor_RO1.9.3.1.11.00.00;100903,89
Prefeitura Municipal de Lábrea - AM;1302405;AM;44071;Receitas Brutas Realizadas;1.9.9.0.00.00.00 - Receitas Diversas;siconfi-cor_RO1.9.9.0.00.00.00;16244,82
Prefeitura Municipal de Lábrea - AM;1302405;AM;44071;Receitas Brutas Realizadas;1.9.9.0.99.00.00 - Outras Receitas;siconfi-cor_RO1.9.9.0.99.00.00;16244,82
Prefeitura Municipal de Lábrea - AM;1302405;AM;44071;Receitas Brutas Realizadas;2.0.0.0.00.00.00 - Receitas de Capital;siconfi-cor_RO2.0.0.0.00.00.00;223486,08
Prefeitura Municipal de Lábrea - AM;1302405;AM;44071;Receitas Brutas Realizadas;2.4.0.0.00.00.00 - Transferências de Capital;siconfi-cor_RO2.4.0.0.00.00.00;223486,08
Prefeitura Municipal de Lábrea - AM;1302405;AM;44071;Receitas Brutas Realizadas;2.4.7.0.00.00.00 - Transferências de Convênios;siconfi-cor_RO2.4.7.0.00.00.00;223486,08
Prefeitura Municipal de Lábrea - AM;1302405;AM;44071;Receitas Brutas Realizadas;2.4.7.1.00.00.00 - Transferências de Convênios da União e de suas Entidades;siconfi-cor_RO2.4.7.1.00.00.00;223486,08
Prefeitura Municipal de Lábrea - AM;1302405;AM;44071;Receitas Brutas Realizadas;2.4.7.1.99.00.00 - Outras Transferências de Convênios da União;siconfi-cor_RO2.4.7.1.99.00.00;223486,08
Prefeitura Municipal de Lábrea - AM;1302405;AM;44071;Outras Deduções da Receita;Total Receitas;siconfi-cor_TotalReceitas;7369517,25
Prefeitura Municipal de Lábrea - AM;1302405;AM;44071;Outras Deduções da Receita;1.0.0.0.00.00.00 - Receitas Correntes;siconfi-cor_RO1.0.0.0.00.00.00;7369517,25
Prefeitura Municipal de Lábrea - AM;1302405;AM;44071;Outras Deduções da Receita;1.7.0.0.00.00.00 - Transferências Correntes;siconfi-cor_RO1.7.0.0.00.00.00;7369517,25
Prefeitura Municipal de Lábrea - AM;1302405;AM;44071;Outras Deduções da Receita;1.7.2.0.00.00.00 - Transferências Intergovernamentais;siconfi-cor_RO1.7.2.0.00.00.00;7369517,25
Prefeitura Municipal de Lábrea - AM;1302405;AM;44071;Outras Deduções da Receita;1.7.2.1.00.00.00 - Transferências da União;siconfi-cor_RO1.7.2.1.00.00.00;4226078,13
Prefeitura Municipal de Lábrea - AM;1302405;AM;44071;Outras Deduções da Receita;1.7.2.1.01.00.00 - Participação na Receita da União;siconfi-cor_RO1.7.2.1.01.00.00;4218643,17
Prefeitura Municipal de Lábrea - AM;1302405;AM;44071;Outras Deduções da Receita;1.7.2.1.01.02.00 - Cota-Parte do Fundo de Participação dos Municípios ¿ FPM;siconfi-cor_RO1.7.2.1.01.02.00;4204221,31
Prefeitura Municipal de Lábrea - AM;1302405;AM;44071;Outras Deduções da Receita;1.7.2.1.01.05.00 - Cota-Parte do Imposto Sobre a Propriedade Territorial Rural ¿ ITR;siconfi-cor_RO1.7.2.1.01.05.00;14421,86
Prefeitura Municipal de Lábrea - AM;1302405;AM;44071;Outras Deduções da Receita;1.7.2.1.36.00.00 - Transferências Financeiras do ICMS ¿ Desoneração ¿ L.C. Nº 87/96;siconfi-cor_RO1.7.2.1.36.00.00;7434,96
Prefeitura Municipal de Lábrea - AM;1302405;AM;44071;Outras Deduções da Receita;1.7.2.2.00.00.00 - Transferências dos Estados;siconfi-cor_RO1.7.2.2.00.00.00;3143439,12
Prefeitura Municipal de Lábrea - AM;1302405;AM;44071;Outras Deduções da Receita;1.7.2.2.01.00.00 - Participação na Receita dos Estados;siconfi-cor_RO1.7.2.2.01.00.00;3143439,12
Prefeitura Municipal de Lábrea - AM;1302405;AM;44071;Outras Deduções da Receita;1.7.2.2.01.01.00 - Cota-Parte do ICMS;siconfi-cor_RO1.7.2.2.01.01.00;3101415,98
Prefeitura Municipal de Lábrea - AM;1302405;AM;44071;Outras Deduções da Receita;1.7.2.2.01.02.00 - Cota-Parte do IPVA;siconfi-cor_RO1.7.2.2.01.02.00;29582,92
Prefeitura Municipal de Lábrea - AM;1302405;AM;44071;Outras Deduções da Receita;1.7.2.2.01.04.00 - Cota-Parte do IPI - Municípios;siconfi-cor_RO1.7.2.2.01.04.00;12440,22
Prefeitura Municipal de Manaus - AM;1302603;AM;2094391;Receitas Brutas Realizadas;Total Receitas;siconfi-cor_TotalReceitas;4743520966
Prefeitura Municipal de Manaus - AM;1302603;AM;2094391;Receitas Brutas Realizadas;1.0.0.0.00.00.00 - Receitas Correntes;siconfi-cor_RO1.0.0.0.00.00.00;4522419187
Prefeitura Municipal de Manaus - AM;1302603;AM;2094391;Receitas Brutas Realizadas;1.1.0.0.00.00.00 - Receita Tributária;siconfi-cor_RO1.1.0.0.00.00.00;958988677,3
Prefeitura Municipal de Manaus - AM;1302603;AM;2094391;Receitas Brutas Realizadas;1.1.1.0.00.00.00 - Impostos;siconfi-cor_RO1.1.1.0.00.00.00;919640386,8
Prefeitura Municipal de Manaus - AM;1302603;AM;2094391;Receitas Brutas Realizadas;1.1.1.2.00.00.00 - Impostos sobre o Patrimônio e a Renda;siconfi-cor_RO1.1.1.2.00.00.00;399749994,5
Prefeitura Municipal de Manaus - AM;1302603;AM;2094391;Receitas Brutas Realizadas;1.1.1.2.02.00.00 - Imposto sobre a Propriedade Predial e Territorial Urbana ¿ IPTU;siconfi-cor_RO1.1.1.2.02.00.00;210264869,6
Prefeitura Municipal de Manaus - AM;1302603;AM;2094391;Receitas Brutas Realizadas;1.1.1.2.04.00.00 - Imposto sobre a Renda e Proventos de Qualquer Natureza ¿ IR;siconfi-cor_RO1.1.1.2.04.00.00;141969277,1
Prefeitura Municipal de Manaus - AM;1302603;AM;2094391;Receitas Brutas Realizadas;1.1.1.2.04.31.00 - Retido nas Fontes - Trabalho;siconfi-cor_RO1.1.1.2.04.31.00;128153120,9
Prefeitura Municipal de Manaus - AM;1302603;AM;2094391;Receitas Brutas Realizadas;1.1.1.2.04.34.00 - Retido nas Fontes - Outros Rendimentos;siconfi-cor_RO1.1.1.2.04.34.00;13816156,16
Prefeitura Municipal de Manaus - AM;1302603;AM;2094391;Receitas Brutas Realizadas;"1.1.1.2.08.00.00 - Imposto sobre Transmissão Inter Vivos"" de Bens Imóveis e de Direitos Reais sobre Imóveis ¿ ITBI""";siconfi-cor_RO1.1.1.2.08.00.00;47515847,77
Prefeitura Municipal de Manaus - AM;1302603;AM;2094391;Receitas Brutas Realizadas;1.1.1.3.00.00.00 - Impostos sobre a Produção e a Circulação;siconfi-cor_RO1.1.1.3.00.00.00;519890392,4
Prefeitura Municipal de Manaus - AM;1302603;AM;2094391;Receitas Brutas Realizadas;1.1.1.3.05.00.00 - Imposto sobre Serviços de Qualquer Natureza ¿ ISSQN;siconfi-cor_RO1.1.1.3.05.00.00;519890392,4
Prefeitura Municipal de Manaus - AM;1302603;AM;2094391;Receitas Brutas Realizadas;1.1.2.0.00.00.00 - Taxas;siconfi-cor_RO1.1.2.0.00.00.00;39348290,43
Prefeitura Municipal de Manaus - AM;1302603;AM;2094391;Receitas Brutas Realizadas;1.1.2.1.00.00.00 - Taxas pelo Exercício do Poder de Polícia;siconfi-cor_RO1.1.2.1.00.00.00;39251986,58
Prefeitura Municipal de Manaus - AM;1302603;AM;2094391;Receitas Brutas Realizadas;1.1.2.2.00.00.00 - Taxas pela Prestação de Serviços;siconfi-cor_RO1.1.2.2.00.00.00;96303,85
Prefeitura Municipal de Manaus - AM;1302603;AM;2094391;Receitas Brutas Realizadas;1.1.2.2.99.00.00 - Outras Taxas pela Prestação de Serviços;siconfi-cor_RO1.1.2.2.99.00.00;96303,85
Prefeitura Municipal de Manaus - AM;1302603;AM;2094391;Receitas Brutas Realizadas;1.2.0.0.00.00.00 - Receitas de Contribuições;siconfi-cor_RO1.2.0.0.00.00.00;299872077,8
Prefeitura Municipal de Manaus - AM;1302603;AM;2094391;Receitas Brutas Realizadas;1.2.1.0.00.00.00 - Contribuições Sociais;siconfi-cor_RO1.2.1.0.00.00.00;130634755,7
Prefeitura Municipal de Manaus - AM;1302603;AM;2094391;Receitas Brutas Realizadas;1.2.1.0.29.00.00 - Contribuições para o Regime Próprio de Previdência do Servidor Público;siconfi-cor_RO1.2.1.0.29.00.00;105676919,7
Prefeitura Municipal de Manaus - AM;1302603;AM;2094391;Receitas Brutas Realizadas;1.2.1.0.29.07.00 - Contribuição do Servidor Ativo Civil para o Regime Próprio;siconfi-cor_RO1.2.1.0.29.07.00;101664395,5
Prefeitura Municipal de Manaus - AM;1302603;AM;2094391;Receitas Brutas Realizadas;1.2.1.0.29.09.00 - Contribuições do Servidor Inativo Civil para o Regime Próprio;siconfi-cor_RO1.2.1.0.29.09.00;3072537,82
Prefeitura Municipal de Manaus - AM;1302603;AM;2094391;Receitas Brutas Realizadas;1.2.1.0.29.11.00 - Contribuições de Pensionista Civil para o Regime Próprio;siconfi-cor_RO1.2.1.0.29.11.00;939986,33
Prefeitura Municipal de Manaus - AM;1302603;AM;2094391;Receitas Brutas Realizadas;1.2.1.0.99.00.00 - Outras Contribuições Sociais;siconfi-cor_RO1.2.1.0.99.00.00;24957836,03
Prefeitura Municipal de Manaus - AM;1302603;AM;2094391;Receitas Brutas Realizadas;1.2.2.0.00.00.00 - Contribuições de Intervenção no Domínio Econômico;siconfi-cor_RO1.2.2.0.00.00.00;17171676,93
Prefeitura Municipal de Manaus - AM;1302603;AM;2094391;Receitas Brutas Realizadas;1.2.2.0.99.00.00 - Outras Contribuições Econômicas;siconfi-cor_RO1.2.2.0.99.00.00;17171676,93
Prefeitura Municipal de Manaus - AM;1302603;AM;2094391;Receitas Brutas Realizadas;1.2.3.0.00.00.00 - Contribuição para Custeio do Serviço de Iluminação Pública;siconfi-cor_RO1.2.3.0.00.00.00;152065645,2
Prefeitura Municipal de Manaus - AM;1302603;AM;2094391;Receitas Brutas Realizadas;1.3.0.0.00.00.00 - Receita Patrimonial;siconfi-cor_RO1.3.0.0.00.00.00;76298163
Prefeitura Municipal de Manaus - AM;1302603;AM;2094391;Receitas Brutas Realizadas;1.3.1.0.00.00.00 - Receitas Imobiliárias;siconfi-cor_RO1.3.1.0.00.00.00;709030,3
Prefeitura Municipal de Manaus - AM;1302603;AM;2094391;Receitas Brutas Realizadas;1.3.1.1.00.00.00 - Aluguéis;siconfi-cor_RO1.3.1.1.00.00.00;709030,3
Prefeitura Municipal de Manaus - AM;1302603;AM;2094391;Receitas Brutas Realizadas;1.3.2.0.00.00.00 - Receitas de Valores Mobiliários;siconfi-cor_RO1.3.2.0.00.00.00;75325447,71
Prefeitura Municipal de Manaus - AM;1302603;AM;2094391;Receitas Brutas Realizadas;1.3.2.2.00.00.00 - Dividendos;siconfi-cor_RO1.3.2.2.00.00.00;1156001,02
Prefeitura Municipal de Manaus - AM;1302603;AM;2094391;Receitas Brutas Realizadas;1.3.2.5.00.00.00 - Remuneração de Depósitos Bancários;siconfi-cor_RO1.3.2.5.00.00.00;48361999,48
Prefeitura Municipal de Manaus - AM;1302603;AM;2094391;Receitas Brutas Realizadas;1.3.2.8.00.00.00 - Remuneração dos Investimentos do Regime Próprio de Previdência do Servidor;siconfi-cor_RO1.3.2.8.00.00.00;22995553,53
Prefeitura Municipal de Manaus - AM;1302603;AM;2094391;Receitas Brutas Realizadas;1.3.2.9.00.00.00 - Outras Receitas de Valores Mobiliários;siconfi-cor_RO1.3.2.9.00.00.00;2811893,68
Prefeitura Municipal de Manaus - AM;1302603;AM;2094391;Receitas Brutas Realizadas;1.3.3.0.00.00.00 - Receitas de Concessões e Permissões;siconfi-cor_RO1.3.3.0.00.00.00;263684,99
Prefeitura Municipal de Manaus - AM;1302603;AM;2094391;Receitas Brutas Realizadas;1.6.0.0.00.00.00 - Receita de Serviços;siconfi-cor_RO1.6.0.0.00.00.00;20506538,81
Prefeitura Municipal de Manaus - AM;1302603;AM;2094391;Receitas Brutas Realizadas;1.6.0.0.13.00.00 - Serviços Administrativos;siconfi-cor_RO1.6.0.0.13.00.00;1370261,08
Prefeitura Municipal de Manaus - AM;1302603;AM;2094391;Receitas Brutas Realizadas;1.6.0.0.14.00.00 - Serviços de Inspeção e Fiscalização;siconfi-cor_RO1.6.0.0.14.00.00;16586953,16
Prefeitura Municipal de Manaus - AM;1302603;AM;2094391;Receitas Brutas Realizadas;1.6.0.0.43.00.00 - Serviços de Coleta, Transporte, Tratamento e Destino Final de Resíduos Sólidos;siconfi-cor_RO1.6.0.0.43.00.00;2549324,57
Prefeitura Municipal de Manaus - AM;1302603;AM;2094391;Receitas Brutas Realizadas;1.7.0.0.00.00.00 - Transferências Correntes;siconfi-cor_RO1.7.0.0.00.00.00;2940325625
Prefeitura Municipal de Manaus - AM;1302603;AM;2094391;Receitas Brutas Realizadas;1.7.2.0.00.00.00 - Transferências Intergovernamentais;siconfi-cor_RO1.7.2.0.00.00.00;2939874817
Prefeitura Municipal de Manaus - AM;1302603;AM;2094391;Receitas Brutas Realizadas;1.7.2.1.00.00.00 - Transferências da União;siconfi-cor_RO1.7.2.1.00.00.00;675906043
Prefeitura Municipal de Manaus - AM;1302603;AM;2094391;Receitas Brutas Realizadas;1.7.2.1.01.00.00 - Participação na Receita da União;siconfi-cor_RO1.7.2.1.01.00.00;441389486,3
Prefeitura Municipal de Manaus - AM;1302603;AM;2094391;Receitas Brutas Realizadas;1.7.2.1.01.02.00 - Cota-Parte do Fundo de Participação dos Municípios ¿ FPM;siconfi-cor_RO1.7.2.1.01.02.00;404528217,6
Prefeitura Municipal de Manaus - AM;1302603;AM;2094391;Receitas Brutas Realizadas;1.7.2.1.01.03.00 - Cota-Parte do Fundo de Participação dos Municípios - 1% Cota Anual;siconfi-cor_RO1.7.2.1.01.03.00;17983649,37
Prefeitura Municipal de Manaus - AM;1302603;AM;2094391;Receitas Brutas Realizadas;1.7.2.1.01.04.00 - Cota-Parte do Fundo de Participação dos Municípios - 1% Cota entregue no mês de julho (67)(I);siconfi-cor_RO1.7.2.1.01.04.00;18554344,46
Prefeitura Municipal de Manaus - AM;1302603;AM;2094391;Receitas Brutas Realizadas;1.7.2.1.01.05.00 - Cota-Parte do Imposto Sobre a Propriedade Territorial Rural ¿ ITR;siconfi-cor_RO1.7.2.1.01.05.00;323274,83
Prefeitura Municipal de Manaus - AM;1302603;AM;2094391;Receitas Brutas Realizadas;1.7.2.1.22.00.00 - Transferências da Compensação Financeira pela Exploração de Recursos Naturais;siconfi-cor_RO1.7.2.1.22.00.00;8674631,92
Prefeitura Municipal de Manaus - AM;1302603;AM;2094391;Receitas Brutas Realizadas;1.7.2.1.22.20.00 - Cota-Parte da Compensação Financeira de Recursos Minerais - CFEM;siconfi-cor_RO1.7.2.1.22.20.00;584848,23
Prefeitura Municipal de Manaus - AM;1302603;AM;2094391;Receitas Brutas Realizadas;1.7.2.1.22.30.00 - Cota-Parte Royalties ¿ Compensação Financeira pela Produção de Petróleo ¿ Lei nº 7.990/89;siconfi-cor_RO1.7.2.1.22.30.00;3308659,21
Prefeitura Municipal de Manaus - AM;1302603;AM;2094391;Receitas Brutas Realizadas;1.7.2.1.22.70.00 - Cota-Parte do Fundo Especial do Petróleo ¿ FEP;siconfi-cor_RO1.7.2.1.22.70.00;4781124,48
Prefeitura Municipal de Manaus - AM;1302603;AM;2094391;Receitas Brutas Realizadas;1.7.2.1.33.00.00 - Transferências de Recursos do Sistema Único de Saúde - SUS - Repasses Fundo a Fundo;siconfi-cor_RO1.7.2.1.33.00.00;155943893,7
Prefeitura Municipal de Manaus - AM;1302603;AM;2094391;Receitas Brutas Realizadas;1.7.2.1.34.00.00 - Transferências de Recursos do Fundo Nacional de Assistência Social ¿ FNAS;siconfi-cor_RO1.7.2.1.34.00.00;14133553,78
Prefeitura Municipal de Manaus - AM;1302603;AM;2094391;Receitas Brutas Realizadas;1.7.2.1.35.00.00 - Transferências de Recursos do Fundo Nacional do Desenvolvimento da Educação ¿ FNDE;siconfi-cor_RO1.7.2.1.35.00.00;50507344,13
Prefeitura Municipal de Manaus - AM;1302603;AM;2094391;Receitas Brutas Realizadas;1.7.2.1.36.00.00 - Transferências Financeiras do ICMS ¿ Desoneração ¿ L.C. Nº 87/96;siconfi-cor_RO1.7.2.1.36.00.00;3050917,44
Prefeitura Municipal de Manaus - AM;1302603;AM;2094391;Receitas Brutas Realizadas;1.7.2.1.99.00.00 - Outras Transferências da União;siconfi-cor_RO1.7.2.1.99.00.00;2206215,71
Prefeitura Municipal de Manaus - AM;1302603;AM;2094391;Receitas Brutas Realizadas;1.7.2.2.00.00.00 - Transferências dos Estados;siconfi-cor_RO1.7.2.2.00.00.00;1446258581
Prefeitura Municipal de Manaus - AM;1302603;AM;2094391;Receitas Brutas Realizadas;1.7.2.2.01.00.00 - Participação na Receita dos Estados;siconfi-cor_RO1.7.2.2.01.00.00;1428633389
Prefeitura Municipal de Manaus - AM;1302603;AM;2094391;Receitas Brutas Realizadas;1.7.2.2.01.01.00 - Cota-Parte do ICMS;siconfi-cor_RO1.7.2.2.01.01.00;1272654944
Prefeitura Municipal de Manaus - AM;1302603;AM;2094391;Receitas Brutas Realizadas;1.7.2.2.01.02.00 - Cota-Parte do IPVA;siconfi-cor_RO1.7.2.2.01.02.00;148926254,6
Prefeitura Municipal de Manaus - AM;1302603;AM;2094391;Receitas Brutas Realizadas;1.7.2.2.01.04.00 - Cota-Parte do IPI - Municípios;siconfi-cor_RO1.7.2.2.01.04.00;5104802,49
Prefeitura Municipal de Manaus - AM;1302603;AM;2094391;Receitas Brutas Realizadas;1.7.2.2.01.13.00 - Cota-Parte da Contribuição de Intervenção no Domínio Econômico;siconfi-cor_RO1.7.2.2.01.13.00;1947388,67
Prefeitura Municipal de Manaus - AM;1302603;AM;2094391;Receitas Brutas Realizadas;1.7.2.2.22.00.00 - Transferências da Cota-Parte da Compensação Financeira (25%);siconfi-cor_RO1.7.2.2.22.00.00;13725061,05
Prefeitura Municipal de Manaus - AM;1302603;AM;2094391;Receitas Brutas Realizadas;1.7.2.2.22.30.00 - Cota-Parte Royalties - Compensação Financeira pela Produção de Petróleo - Lei nº 7.990/89 artigo 9º;siconfi-cor_RO1.7.2.2.22.30.00;13725061,05
Prefeitura Municipal de Manaus - AM;1302603;AM;2094391;Receitas Brutas Realizadas;1.7.2.2.33.00.00 - Transferências de Recursos do Estado para Programas de Saúde - Repasse Fundo a Fundo;siconfi-cor_RO1.7.2.2.33.00.00;3900130,19
Prefeitura Municipal de Manaus - AM;1302603;AM;2094391;Receitas Brutas Realizadas;1.7.2.4.00.00.00 - Transferências Multigovernamentais;siconfi-cor_RO1.7.2.4.00.00.00;817710193,1
Prefeitura Municipal de Manaus - AM;1302603;AM;2094391;Receitas Brutas Realizadas;1.7.2.4.01.00.00 - Transferências de Recursos do Fundo de Manutenção e Desenvolvimento do Ensino Fundamental e de Valorização do Magistério - FUNDEB;siconfi-cor_RO1.7.2.4.01.00.00;509902785,8
Prefeitura Municipal de Manaus - AM;1302603;AM;2094391;Receitas Brutas Realizadas;1.7.2.4.02.00.00 - Transferências de Recursos da Complementação ao Fundo de Manutenção e Desenvolvimento do Ensino Fundamental e de Valorização do Magistério - FUNDEB;siconfi-cor_RO1.7.2.4.02.00.00;307807407,3
Prefeitura Municipal de Manaus - AM;1302603;AM;2094391;Receitas Brutas Realizadas;1.7.6.0.00.00.00 - Transferências de Convênios;siconfi-cor_RO1.7.6.0.00.00.00;450808,5
Prefeitura Municipal de Manaus - AM;1302603;AM;2094391;Receitas Brutas Realizadas;1.7.6.1.00.00.00 - Transferências de Convênios da União e de Suas Entidades;siconfi-cor_RO1.7.6.1.00.00.00;429025,94
Prefeitura Municipal de Manaus - AM;1302603;AM;2094391;Receitas Brutas Realizadas;1.7.6.1.99.00.00 - Outras Transferências de Convênios da União;siconfi-cor_RO1.7.6.1.99.00.00;429025,94
Prefeitura Municipal de Manaus - AM;1302603;AM;2094391;Receitas Brutas Realizadas;1.7.6.2.00.00.00 - Transferências de Convênios dos Estados e do Distrito Federal e de Suas Entidades;siconfi-cor_RO1.7.6.2.00.00.00;21782,56
Prefeitura Municipal de Manaus - AM;1302603;AM;2094391;Receitas Brutas Realizadas;1.7.6.2.99.00.00 - Outras Transferências de Convênios dos Estados;siconfi-cor_RO1.7.6.2.99.00.00;21782,56
Prefeitura Municipal de Manaus - AM;1302603;AM;2094391;Receitas Brutas Realizadas;1.9.0.0.00.00.00 - Outras Receitas Correntes;siconfi-cor_RO1.9.0.0.00.00.00;226428104,8
Prefeitura Municipal de Manaus - AM;1302603;AM;2094391;Receitas Brutas Realizadas;1.9.1.0.00.00.00 - Multas e Juros de Mora;siconfi-cor_RO1.9.1.0.00.00.00;82167589,92
Prefeitura Municipal de Manaus - AM;1302603;AM;2094391;Receitas Brutas Realizadas;1.9.1.1.00.00.00 - Multas e Juros de Mora dos Tributos;siconfi-cor_RO1.9.1.1.00.00.00;13437375,97
Prefeitura Municipal de Manaus - AM;1302603;AM;2094391;Receitas Brutas Realizadas;1.9.1.1.38.00.00 - Multas e Juros de Mora do Imposto sobre a Propriedade Predial e Territorial Urbana ¿ IPTU;siconfi-cor_RO1.9.1.1.38.00.00;3966087,67
Prefeitura Municipal de Manaus - AM;1302603;AM;2094391;Receitas Brutas Realizadas;1.9.1.1.39.00.00 - Multas e Juros de Mora do Imposto sobre a Transmissão Inter Vivos de Bens Imóveis - ITBI;siconfi-cor_RO1.9.1.1.39.00.00;5462,43
Prefeitura Municipal de Manaus - AM;1302603;AM;2094391;Receitas Brutas Realizadas;1.9.1.1.40.00.00 - Multas e Juros de Mora do Imposto sobre Serviços de Qualquer Natureza ¿ ISS;siconfi-cor_RO1.9.1.1.40.00.00;8271577,7
Prefeitura Municipal de Manaus - AM;1302603;AM;2094391;Receitas Brutas Realizadas;1.9.1.1.99.00.00 - Multas e Juros de Mora de Outros Tributos;siconfi-cor_RO1.9.1.1.99.00.00;1194248,17
Prefeitura Municipal de Manaus - AM;1302603;AM;2094391;Receitas Brutas Realizadas;1.9.1.2.00.00.00 - Multas e Juros de Mora das Contribuições;siconfi-cor_RO1.9.1.2.00.00.00;12104,51
Prefeitura Municipal de Manaus - AM;1302603;AM;2094391;Receitas Brutas Realizadas;1.9.1.2.99.00.00 - Multas e Juros de Mora de Outras Contribuições;siconfi-cor_RO1.9.1.2.99.00.00;12104,51
Prefeitura Municipal de Manaus - AM;1302603;AM;2094391;Receitas Brutas Realizadas;1.9.1.3.00.00.00 - Multas e Juros de Mora da Dívida Ativa dos Tributos;siconfi-cor_RO1.9.1.3.00.00.00;7883883,19
Prefeitura Municipal de Manaus - AM;1302603;AM;2094391;Receitas Brutas Realizadas;1.9.1.3.11.00.00 - Multas e Juros de Mora da Dívida Ativa do Imposto sobre a Propriedade Predial e Territorial Urbana ¿ IPTU;siconfi-cor_RO1.9.1.3.11.00.00;5536155,13
Prefeitura Municipal de Manaus - AM;1302603;AM;2094391;Receitas Brutas Realizadas;1.9.1.3.12.00.00 - Multas e Juros de Mora da Dívida Ativa do Imposto sobre a Transmissão Inter Vivos de Bens Imóveis - ITBI;siconfi-cor_RO1.9.1.3.12.00.00;23052,68
Prefeitura Municipal de Manaus - AM;1302603;AM;2094391;Receitas Brutas Realizadas;1.9.1.3.13.00.00 - Multas e Juros de Mora da Dívida Ativa do Imposto sobre Serviços de Qualquer Natureza ¿ ISS;siconfi-cor_RO1.9.1.3.13.00.00;774836,21
Prefeitura Municipal de Manaus - AM;1302603;AM;2094391;Receitas Brutas Realizadas;1.9.1.3.99.00.00 - Multas e Juros de Mora da Dívida Ativa de Outros Tributos;siconfi-cor_RO1.9.1.3.99.00.00;1549839,17
Prefeitura Municipal de Manaus - AM;1302603;AM;2094391;Receitas Brutas Realizadas;1.9.1.8.00.00.00 - Multas e Juros de Mora de Outras Receitas;siconfi-cor_RO1.9.1.8.00.00.00;251282,52
Prefeitura Municipal de Manaus - AM;1302603;AM;2094391;Receitas Brutas Realizadas;1.9.1.8.01.00.00 - Multas e Juros de Mora de Aluguel;siconfi-cor_RO1.9.1.8.01.00.00;25626,63
Prefeitura Municipal de Manaus - AM;1302603;AM;2094391;Receitas Brutas Realizadas;1.9.1.8.99.00.00 - Outras Multas e Juros de Mora;siconfi-cor_RO1.9.1.8.99.00.00;225655,89
Prefeitura Municipal de Manaus - AM;1302603;AM;2094391;Receitas Brutas Realizadas;1.9.1.9.00.00.00 - Multas de Outras Origens;siconfi-cor_RO1.9.1.9.00.00.00;60582943,73
Prefeitura Municipal de Manaus - AM;1302603;AM;2094391;Receitas Brutas Realizadas;1.9.2.0.00.00.00 - Indenizações e Restituições;siconfi-cor_RO1.9.2.0.00.00.00;12076967,91
Prefeitura Municipal de Manaus - AM;1302603;AM;2094391;Receitas Brutas Realizadas;1.9.2.1.00.00.00 - Indenizações;siconfi-cor_RO1.9.2.1.00.00.00;1305124,05
Prefeitura Municipal de Manaus - AM;1302603;AM;2094391;Receitas Brutas Realizadas;1.9.2.2.00.00.00 - Restituições;siconfi-cor_RO1.9.2.2.00.00.00;10771843,86
Prefeitura Municipal de Manaus - AM;1302603;AM;2094391;Receitas Brutas Realizadas;1.9.2.2.01.00.00 - Restituições de Convênios;siconfi-cor_RO1.9.2.2.01.00.00;171597
Prefeitura Municipal de Manaus - AM;1302603;AM;2094391;Receitas Brutas Realizadas;1.9.2.2.07.00.00 - Recuperação de Despesas de Exercícios Anteriores;siconfi-cor_RO1.9.2.2.07.00.00;274128,77
Prefeitura Municipal de Manaus - AM;1302603;AM;2094391;Receitas Brutas Realizadas;1.9.2.2.10.00.00 - Compensações Financeiras entre o Regime Geral e os Regimes Próprios de Previdência dos Servidores;siconfi-cor_RO1.9.2.2.10.00.00;5482,83
Prefeitura Municipal de Manaus - AM;1302603;AM;2094391;Receitas Brutas Realizadas;1.9.2.2.99.00.00 - Outras Restituições;siconfi-cor_RO1.9.2.2.99.00.00;10320635,26
Prefeitura Municipal de Manaus - AM;1302603;AM;2094391;Receitas Brutas Realizadas;1.9.3.0.00.00.00 - Receita da Dívida Ativa;siconfi-cor_RO1.9.3.0.00.00.00;109632514,8
Prefeitura Municipal de Manaus - AM;1302603;AM;2094391;Receitas Brutas Realizadas;1.9.3.1.00.00.00 - Receita da Dívida Ativa Tributária;siconfi-cor_RO1.9.3.1.00.00.00;109632514,8
Prefeitura Municipal de Manaus - AM;1302603;AM;2094391;Receitas Brutas Realizadas;1.9.3.1.11.00.00 - Receita da Dívida Ativa do Imposto sobre a Propriedade Predial e Territorial Urbana ¿ IPTU;siconfi-cor_RO1.9.3.1.11.00.00;68772574,75
Prefeitura Municipal de Manaus - AM;1302603;AM;2094391;Receitas Brutas Realizadas;1.9.3.1.13.00.00 - Receita da Dívida Ativa do Imposto sobre Serviços de Qualquer Natureza ¿ ISS;siconfi-cor_RO1.9.3.1.13.00.00;21895995,39
Prefeitura Municipal de Manaus - AM;1302603;AM;2094391;Receitas Brutas Realizadas;1.9.3.1.99.00.00 - Receita da Dívida Ativa de Outros Tributos;siconfi-cor_RO1.9.3.1.99.00.00;18963944,69
Prefeitura Municipal de Manaus - AM;1302603;AM;2094391;Receitas Brutas Realizadas;1.9.9.0.00.00.00 - Receitas Diversas;siconfi-cor_RO1.9.9.0.00.00.00;22551032,18
Prefeitura Municipal de Manaus - AM;1302603;AM;2094391;Receitas Brutas Realizadas;1.9.9.0.02.00.00 - Encargos Legais pela Inscrição em Dívida Ativa e Receitas de Ônus de Sucumbência;siconfi-cor_RO1.9.9.0.02.00.00;4114932,4
Prefeitura Municipal de Manaus - AM;1302603;AM;2094391;Receitas Brutas Realizadas;1.9.9.0.98.00.00 - Outras Receitas Eventuais;siconfi-cor_RO1.9.9.0.98.00.00;8000
Prefeitura Municipal de Manaus - AM;1302603;AM;2094391;Receitas Brutas Realizadas;1.9.9.0.99.00.00 - Outras Receitas;siconfi-cor_RO1.9.9.0.99.00.00;18428099,78
Prefeitura Municipal de Manaus - AM;1302603;AM;2094391;Receitas Brutas Realizadas;2.0.0.0.00.00.00 - Receitas de Capital;siconfi-cor_RO2.0.0.0.00.00.00;35183696,53
Prefeitura Municipal de Manaus - AM;1302603;AM;2094391;Receitas Brutas Realizadas;2.1.0.0.00.00.00 - Operações de Crédito;siconfi-cor_RO2.1.0.0.00.00.00;21590632,63
Prefeitura Municipal de Manaus - AM;1302603;AM;2094391;Receitas Brutas Realizadas;2.1.1.0.00.00.00 - Operações de Crédito Internas;siconfi-cor_RO2.1.1.0.00.00.00;18100818,28
Prefeitura Municipal de Manaus - AM;1302603;AM;2094391;Receitas Brutas Realizadas;2.1.2.0.00.00.00 - Operações de Crédito Externas;siconfi-cor_RO2.1.2.0.00.00.00;3489814,35
Prefeitura Municipal de Manaus - AM;1302603;AM;2094391;Receitas Brutas Realizadas;2.2.0.0.00.00.00 - Alienação de Bens;siconfi-cor_RO2.2.0.0.00.00.00;42849,09
Prefeitura Municipal de Manaus - AM;1302603;AM;2094391;Receitas Brutas Realizadas;2.2.2.0.00.00.00 - Alienação de Bens Imóveis;siconfi-cor_RO2.2.2.0.00.00.00;42849,09
Prefeitura Municipal de Manaus - AM;1302603;AM;2094391;Receitas Brutas Realizadas;2.3.0.0.00.00.00 - Amortização de Empréstimos;siconfi-cor_RO2.3.0.0.00.00.00;86377,31
Prefeitura Municipal de Manaus - AM;1302603;AM;2094391;Receitas Brutas Realizadas;2.4.0.0.00.00.00 - Transferências de Capital;siconfi-cor_RO2.4.0.0.00.00.00;13463837,5
Prefeitura Municipal de Manaus - AM;1302603;AM;2094391;Receitas Brutas Realizadas;2.4.2.0.00.00.00 - Transferências Intergovernamentais;siconfi-cor_RO2.4.2.0.00.00.00;2977160
Prefeitura Municipal de Manaus - AM;1302603;AM;2094391;Receitas Brutas Realizadas;2.4.2.1.00.00.00 - Transferências da União;siconfi-cor_RO2.4.2.1.00.00.00;2977160
Prefeitura Municipal de Manaus - AM;1302603;AM;2094391;Receitas Brutas Realizadas;2.4.2.1.01.00.00 - Participação na Receita da União;siconfi-cor_RO2.4.2.1.01.00.00;2977160
Prefeitura Municipal de Manaus - AM;1302603;AM;2094391;Receitas Brutas Realizadas;2.4.7.0.00.00.00 - Transferências de Convênios;siconfi-cor_RO2.4.7.0.00.00.00;10486677,5
Prefeitura Municipal de Manaus - AM;1302603;AM;2094391;Receitas Brutas Realizadas;2.4.7.1.00.00.00 - Transferências de Convênios da União e de suas Entidades;siconfi-cor_RO2.4.7.1.00.00.00;10042198,44
Prefeitura Municipal de Manaus - AM;1302603;AM;2094391;Receitas Brutas Realizadas;2.4.7.1.01.00.00 - Transferências de Convênios da União para o Sistema Único de Saúde - SUS;siconfi-cor_RO2.4.7.1.01.00.00;425500
Prefeitura Municipal de Manaus - AM;1302603;AM;2094391;Receitas Brutas Realizadas;2.4.7.1.02.00.00 - Transferências de Convênios da União Destinadas a Programas de Educação;siconfi-cor_RO2.4.7.1.02.00.00;3146827,23
Prefeitura Municipal de Manaus - AM;1302603;AM;2094391;Receitas Brutas Realizadas;2.4.7.1.99.00.00 - Outras Transferências de Convênios da União;siconfi-cor_RO2.4.7.1.99.00.00;6469871,21
Prefeitura Municipal de Manaus - AM;1302603;AM;2094391;Receitas Brutas Realizadas;2.4.7.2.00.00.00 - Transferências de Convênios dos Estados e do Distrito Federal e de suas Entidades;siconfi-cor_RO2.4.7.2.00.00.00;217237,14
Prefeitura Municipal de Manaus - AM;1302603;AM;2094391;Receitas Brutas Realizadas;2.4.7.2.99.00.00 - Outras Transferências de Convênios dos Estados;siconfi-cor_RO2.4.7.2.99.00.00;217237,14
Prefeitura Municipal de Manaus - AM;1302603;AM;2094391;Receitas Brutas Realizadas;2.4.7.5.00.00.00 - Transferências de Convênios do Exterior;siconfi-cor_RO2.4.7.5.00.00.00;227241,92
Prefeitura Municipal de Manaus - AM;1302603;AM;2094391;Receitas Brutas Realizadas;7.0.0.0.00.00.00 - Receitas Correntes Intraorçamentárias;siconfi-cor_RI7.0.0.0.00.00.00;185876206
Prefeitura Municipal de Manaus - AM;1302603;AM;2094391;Receitas Brutas Realizadas;7.2.0.0.00.00.00 - Receitas de Contribuições Intraorçamentárias;siconfi-cor_RI7.2.0.0.00.00.00;179406539,4
Prefeitura Municipal de Manaus - AM;1302603;AM;2094391;Receitas Brutas Realizadas;7.2.1.0.00.00.00 - Contribuições Sociais Intraorçamentárias;siconfi-cor_RI7.2.1.0.00.00.00;179406539,4
Prefeitura Municipal de Manaus - AM;1302603;AM;2094391;Receitas Brutas Realizadas;7.2.1.0.29.00.00 - Contribuições para o Regime Próprio de Previdência do Servidor Público Intraorçamentárias;siconfi-cor_RI7.2.1.0.29.00.00;155747166,6
Prefeitura Municipal de Manaus - AM;1302603;AM;2094391;Receitas Brutas Realizadas;7.2.1.0.29.01.00 - Contribuição Patronal de Servidor Ativo Civil para o Regime Próprio Intraorçamentária;siconfi-cor_RI7.2.1.0.29.01.00;138625258,5
Prefeitura Municipal de Manaus - AM;1302603;AM;2094391;Receitas Brutas Realizadas;7.2.1.0.29.99.00 - Outras Contribuições para o Regime Próprio de Previdência do Servidor Público Intraorçamentárias;siconfi-cor_RI7.2.1.0.29.99.00;17121908,16
Prefeitura Municipal de Manaus - AM;1302603;AM;2094391;Receitas Brutas Realizadas;7.2.1.0.99.00.00 - Outras Contribuições Sociais Intraorçamentárias;siconfi-cor_RI7.2.1.0.99.00.00;23659372,8
Prefeitura Municipal de Manaus - AM;1302603;AM;2094391;Receitas Brutas Realizadas;7.9.0.0.00.00.00 - Outras Receitas Correntes Intraorçamentárias;siconfi-cor_RI7.9.0.0.00.00.00;6469666,54
Prefeitura Municipal de Manaus - AM;1302603;AM;2094391;Receitas Brutas Realizadas;7.9.1.2.00.00.00 - Multas e Juros de Mora das Contribuições Intraorçamentárias;siconfi-cor_RI7.9.1.2.00.00.00;6462652,73
Prefeitura Municipal de Manaus - AM;1302603;AM;2094391;Receitas Brutas Realizadas;7.9.1.2.99.00.00 - Outras Multas e Juros de Mora de Contribuições Intraorçamentárias;siconfi-cor_RI7.9.1.2.99.00.00;6462652,73
Prefeitura Municipal de Manaus - AM;1302603;AM;2094391;Receitas Brutas Realizadas;7.9.9.9.00.00.00 - Demais Receitas Correntes Intraorçamentárias;siconfi-cor_RI7.9.9.9.00.00.00;7013,81
Prefeitura Municipal de Manaus - AM;1302603;AM;2094391;Receitas Brutas Realizadas;8.0.0.0.00.00.00 - Receitas de Capital Intraorçamentárias;siconfi-cor_RI8.0.0.0.00.00.00;41876,6
Prefeitura Municipal de Manaus - AM;1302603;AM;2094391;Deduções - FUNDEB;Total Receitas;siconfi-cor_TotalReceitas;366917680,6
Prefeitura Municipal de Manaus - AM;1302603;AM;2094391;Deduções - FUNDEB;1.0.0.0.00.00.00 - Receitas Correntes;siconfi-cor_RO1.0.0.0.00.00.00;366917680,6
Prefeitura Municipal de Manaus - AM;1302603;AM;2094391;Deduções - FUNDEB;1.7.0.0.00.00.00 - Transferências Correntes;siconfi-cor_RO1.7.0.0.00.00.00;366917680,6
Prefeitura Municipal de Manaus - AM;1302603;AM;2094391;Deduções - FUNDEB;1.7.2.0.00.00.00 - Transferências Intergovernamentais;siconfi-cor_RO1.7.2.0.00.00.00;366917680,6
Prefeitura Municipal de Manaus - AM;1302603;AM;2094391;Deduções - FUNDEB;1.7.2.1.00.00.00 - Transferências da União;siconfi-cor_RO1.7.2.1.00.00.00;81580481,55
Prefeitura Municipal de Manaus - AM;1302603;AM;2094391;Deduções - FUNDEB;1.7.2.1.01.00.00 - Participação na Receita da União;siconfi-cor_RO1.7.2.1.01.00.00;80970298,11
Prefeitura Municipal de Manaus - AM;1302603;AM;2094391;Deduções - FUNDEB;1.7.2.1.01.02.00 - Cota-Parte do Fundo de Participação dos Municípios ¿ FPM;siconfi-cor_RO1.7.2.1.01.02.00;80905643,22
Prefeitura Municipal de Manaus - AM;1302603;AM;2094391;Deduções - FUNDEB;1.7.2.1.01.05.00 - Cota-Parte do Imposto Sobre a Propriedade Territorial Rural ¿ ITR;siconfi-cor_RO1.7.2.1.01.05.00;64654,89
Prefeitura Municipal de Manaus - AM;1302603;AM;2094391;Deduções - FUNDEB;1.7.2.1.36.00.00 - Transferências Financeiras do ICMS ¿ Desoneração ¿ L.C. Nº 87/96;siconfi-cor_RO1.7.2.1.36.00.00;610183,44
Prefeitura Municipal de Manaus - AM;1302603;AM;2094391;Deduções - FUNDEB;1.7.2.2.00.00.00 - Transferências dos Estados;siconfi-cor_RO1.7.2.2.00.00.00;285337199
Prefeitura Municipal de Manaus - AM;1302603;AM;2094391;Deduções - FUNDEB;1.7.2.2.01.00.00 - Participação na Receita dos Estados;siconfi-cor_RO1.7.2.2.01.00.00;285337199
Prefeitura Municipal de Manaus - AM;1302603;AM;2094391;Deduções - FUNDEB;1.7.2.2.01.01.00 - Cota-Parte do ICMS;siconfi-cor_RO1.7.2.2.01.01.00;254530988,8
Prefeitura Municipal de Manaus - AM;1302603;AM;2094391;Deduções - FUNDEB;1.7.2.2.01.02.00 - Cota-Parte do IPVA;siconfi-cor_RO1.7.2.2.01.02.00;29785249,89
Prefeitura Municipal de Manaus - AM;1302603;AM;2094391;Deduções - FUNDEB;1.7.2.2.01.04.00 - Cota-Parte do IPI - Municípios;siconfi-cor_RO1.7.2.2.01.04.00;1020960,35
Prefeitura Municipal de Manaus - AM;1302603;AM;2094391;Outras Deduções da Receita;Total Receitas;siconfi-cor_TotalReceitas;75311336,38
Prefeitura Municipal de Manaus - AM;1302603;AM;2094391;Outras Deduções da Receita;1.0.0.0.00.00.00 - Receitas Correntes;siconfi-cor_RO1.0.0.0.00.00.00;75302169,39
Prefeitura Municipal de Manaus - AM;1302603;AM;2094391;Outras Deduções da Receita;1.1.0.0.00.00.00 - Receita Tributária;siconfi-cor_RO1.1.0.0.00.00.00;4746414,9
Prefeitura Municipal de Manaus - AM;1302603;AM;2094391;Outras Deduções da Receita;1.1.1.0.00.00.00 - Impostos;siconfi-cor_RO1.1.1.0.00.00.00;2340890,83
Prefeitura Municipal de Manaus - AM;1302603;AM;2094391;Outras Deduções da Receita;1.1.1.2.00.00.00 - Impostos sobre o Patrimônio e a Renda;siconfi-cor_RO1.1.1.2.00.00.00;116240,98
Prefeitura Municipal de Manaus - AM;1302603;AM;2094391;Outras Deduções da Receita;1.1.1.2.02.00.00 - Imposto sobre a Propriedade Predial e Territorial Urbana ¿ IPTU;siconfi-cor_RO1.1.1.2.02.00.00;29341,93
Prefeitura Municipal de Manaus - AM;1302603;AM;2094391;Outras Deduções da Receita;"1.1.1.2.08.00.00 - Imposto sobre Transmissão Inter Vivos"" de Bens Imóveis e de Direitos Reais sobre Imóveis ¿ ITBI""";siconfi-cor_RO1.1.1.2.08.00.00;86899,05
Prefeitura Municipal de Manaus - AM;1302603;AM;2094391;Outras Deduções da Receita;1.1.1.3.00.00.00 - Impostos sobre a Produção e a Circulação;siconfi-cor_RO1.1.1.3.00.00.00;2224649,85
Prefeitura Municipal de Manaus - AM;1302603;AM;2094391;Outras Deduções da Receita;1.1.1.3.05.00.00 - Imposto sobre Serviços de Qualquer Natureza ¿ ISSQN;siconfi-cor_RO1.1.1.3.05.00.00;2224649,85
Prefeitura Municipal de Manaus - AM;1302603;AM;2094391;Outras Deduções da Receita;1.1.2.0.00.00.00 - Taxas;siconfi-cor_RO1.1.2.0.00.00.00;2405524,07
Prefeitura Municipal de Manaus - AM;1302603;AM;2094391;Outras Deduções da Receita;1.1.2.1.00.00.00 - Taxas pelo Exercício do Poder de Polícia;siconfi-cor_RO1.1.2.1.00.00.00;2396658,9
Prefeitura Municipal de Manaus - AM;1302603;AM;2094391;Outras Deduções da Receita;1.1.2.2.00.00.00 - Taxas pela Prestação de Serviços;siconfi-cor_RO1.1.2.2.00.00.00;8865,17
Prefeitura Municipal de Manaus - AM;1302603;AM;2094391;Outras Deduções da Receita;1.1.2.2.99.00.00 - Outras Taxas pela Prestação de Serviços;siconfi-cor_RO1.1.2.2.99.00.00;8865,17
Prefeitura Municipal de Manaus - AM;1302603;AM;2094391;Outras Deduções da Receita;1.2.0.0.00.00.00 - Receitas de Contribuições;siconfi-cor_RO1.2.0.0.00.00.00;39571451,74
Prefeitura Municipal de Manaus - AM;1302603;AM;2094391;Outras Deduções da Receita;1.2.1.0.00.00.00 - Contribuições Sociais;siconfi-cor_RO1.2.1.0.00.00.00;7404,56
Prefeitura Municipal de Manaus - AM;1302603;AM;2094391;Outras Deduções da Receita;1.2.1.0.29.00.00 - Contribuições para o Regime Próprio de Previdência do Servidor Público;siconfi-cor_RO1.2.1.0.29.00.00;7404,56
Prefeitura Municipal de Manaus - AM;1302603;AM;2094391;Outras Deduções da Receita;1.2.1.0.29.07.00 - Contribuição do Servidor Ativo Civil para o Regime Próprio;siconfi-cor_RO1.2.1.0.29.07.00;7404,56
Prefeitura Municipal de Manaus - AM;1302603;AM;2094391;Outras Deduções da Receita;1.2.2.0.00.00.00 - Contribuições de Intervenção no Domínio Econômico;siconfi-cor_RO1.2.2.0.00.00.00;3799336,01
Prefeitura Municipal de Manaus - AM;1302603;AM;2094391;Outras Deduções da Receita;1.2.2.0.99.00.00 - Outras Contribuições Econômicas;siconfi-cor_RO1.2.2.0.99.00.00;3799336,01
Prefeitura Municipal de Manaus - AM;1302603;AM;2094391;Outras Deduções da Receita;1.2.3.0.00.00.00 - Contribuição para Custeio do Serviço de Iluminação Pública;siconfi-cor_RO1.2.3.0.00.00.00;35764711,17
Prefeitura Municipal de Manaus - AM;1302603;AM;2094391;Outras Deduções da Receita;1.3.0.0.00.00.00 - Receita Patrimonial;siconfi-cor_RO1.3.0.0.00.00.00;1866748,1
Prefeitura Municipal de Manaus - AM;1302603;AM;2094391;Outras Deduções da Receita;1.3.2.0.00.00.00 - Receitas de Valores Mobiliários;siconfi-cor_RO1.3.2.0.00.00.00;1852552,65
Prefeitura Municipal de Manaus - AM;1302603;AM;2094391;Outras Deduções da Receita;1.3.2.5.00.00.00 - Remuneração de Depósitos Bancários;siconfi-cor_RO1.3.2.5.00.00.00;1135359,54
Prefeitura Municipal de Manaus - AM;1302603;AM;2094391;Outras Deduções da Receita;1.3.2.9.00.00.00 - Outras Receitas de Valores Mobiliários;siconfi-cor_RO1.3.2.9.00.00.00;717193,11
Prefeitura Municipal de Manaus - AM;1302603;AM;2094391;Outras Deduções da Receita;1.3.3.0.00.00.00 - Receitas de Concessões e Permissões;siconfi-cor_RO1.3.3.0.00.00.00;14195,45
Prefeitura Municipal de Manaus - AM;1302603;AM;2094391;Outras Deduções da Receita;1.6.0.0.00.00.00 - Receita de Serviços;siconfi-cor_RO1.6.0.0.00.00.00;3919563,68
Prefeitura Municipal de Manaus - AM;1302603;AM;2094391;Outras Deduções da Receita;1.6.0.0.14.00.00 - Serviços de Inspeção e Fiscalização;siconfi-cor_RO1.6.0.0.14.00.00;3919563,68
Prefeitura Municipal de Manaus - AM;1302603;AM;2094391;Outras Deduções da Receita;1.9.0.0.00.00.00 - Outras Receitas Correntes;siconfi-cor_RO1.9.0.0.00.00.00;25197990,97
Prefeitura Municipal de Manaus - AM;1302603;AM;2094391;Outras Deduções da Receita;1.9.1.0.00.00.00 - Multas e Juros de Mora;siconfi-cor_RO1.9.1.0.00.00.00;16015088,88
Prefeitura Municipal de Manaus - AM;1302603;AM;2094391;Outras Deduções da Receita;1.9.1.8.00.00.00 - Multas e Juros de Mora de Outras Receitas;siconfi-cor_RO1.9.1.8.00.00.00;51528,65
Prefeitura Municipal de Manaus - AM;1302603;AM;2094391;Outras Deduções da Receita;1.9.1.8.99.00.00 - Outras Multas e Juros de Mora;siconfi-cor_RO1.9.1.8.99.00.00;51528,65
Prefeitura Municipal de Manaus - AM;1302603;AM;2094391;Outras Deduções da Receita;1.9.1.9.00.00.00 - Multas de Outras Origens;siconfi-cor_RO1.9.1.9.00.00.00;15963560,23
Prefeitura Municipal de Manaus - AM;1302603;AM;2094391;Outras Deduções da Receita;1.9.2.0.00.00.00 - Indenizações e Restituições;siconfi-cor_RO1.9.2.0.00.00.00;30468,13
Prefeitura Municipal de Manaus - AM;1302603;AM;2094391;Outras Deduções da Receita;1.9.2.1.00.00.00 - Indenizações;siconfi-cor_RO1.9.2.1.00.00.00;1074,15
Prefeitura Municipal de Manaus - AM;1302603;AM;2094391;Outras Deduções da Receita;1.9.2.2.00.00.00 - Restituições;siconfi-cor_RO1.9.2.2.00.00.00;29393,98
Prefeitura Municipal de Manaus - AM;1302603;AM;2094391;Outras Deduções da Receita;1.9.2.2.07.00.00 - Recuperação de Despesas de Exercícios Anteriores;siconfi-cor_RO1.9.2.2.07.00.00;203,44
Prefeitura Municipal de Manaus - AM;1302603;AM;2094391;Outras Deduções da Receita;1.9.2.2.99.00.00 - Outras Restituições;siconfi-cor_RO1.9.2.2.99.00.00;29190,54
Prefeitura Municipal de Manaus - AM;1302603;AM;2094391;Outras Deduções da Receita;1.9.9.0.00.00.00 - Receitas Diversas;siconfi-cor_RO1.9.9.0.00.00.00;9152433,96
Prefeitura Municipal de Manaus - AM;1302603;AM;2094391;Outras Deduções da Receita;1.9.9.0.99.00.00 - Outras Receitas;siconfi-cor_RO1.9.9.0.99.00.00;9152433,96
Prefeitura Municipal de Manaus - AM;1302603;AM;2094391;Outras Deduções da Receita;2.0.0.0.00.00.00 - Receitas de Capital;siconfi-cor_RO2.0.0.0.00.00.00;9166,99
Prefeitura Municipal de Manaus - AM;1302603;AM;2094391;Outras Deduções da Receita;2.4.0.0.00.00.00 - Transferências de Capital;siconfi-cor_RO2.4.0.0.00.00.00;9166,99
Prefeitura Municipal de Manaus - AM;1302603;AM;2094391;Outras Deduções da Receita;2.4.7.0.00.00.00 - Transferências de Convênios;siconfi-cor_RO2.4.7.0.00.00.00;9166,99
Prefeitura Municipal de Manaus - AM;1302603;AM;2094391;Outras Deduções da Receita;2.4.7.2.00.00.00 - Transferências de Convênios dos Estados e do Distrito Federal e de suas Entidades;siconfi-cor_RO2.4.7.2.00.00.00;9166,99
Prefeitura Municipal de Manaus - AM;1302603;AM;2094391;Outras Deduções da Receita;2.4.7.2.99.00.00 - Outras Transferências de Convênios dos Estados;siconfi-cor_RO2.4.7.2.99.00.00;9166,99
Prefeitura Municipal de Boa Vista do Ramos - AM;1300680;AM;18080;Receitas Brutas Realizadas;Total Receitas;siconfi-cor_TotalReceitas;39427325,98
Prefeitura Municipal de Boa Vista do Ramos - AM;1300680;AM;18080;Receitas Brutas Realizadas;1.0.0.0.00.00.00 - Receitas Correntes;siconfi-cor_RO1.0.0.0.00.00.00;39204584,13
Prefeitura Municipal de Boa Vista do Ramos - AM;1300680;AM;18080;Receitas Brutas Realizadas;1.1.0.0.00.00.00 - Receita Tributária;siconfi-cor_RO1.1.0.0.00.00.00;867299,71
Prefeitura Municipal de Boa Vista do Ramos - AM;1300680;AM;18080;Receitas Brutas Realizadas;1.1.1.0.00.00.00 - Impostos;siconfi-cor_RO1.1.1.0.00.00.00;843062,66
Prefeitura Municipal de Boa Vista do Ramos - AM;1300680;AM;18080;Receitas Brutas Realizadas;1.1.1.2.00.00.00 - Impostos sobre o Patrimônio e a Renda;siconfi-cor_RO1.1.1.2.00.00.00;477606,29
Prefeitura Municipal de Boa Vista do Ramos - AM;1300680;AM;18080;Receitas Brutas Realizadas;1.1.1.2.01.00.00 - Imposto sobre a Propriedade Territorial Rural - ITR;siconfi-cor_RO1.1.1.2.01.00.00;449,73
Prefeitura Municipal de Boa Vista do Ramos - AM;1300680;AM;18080;Receitas Brutas Realizadas;1.1.1.2.02.00.00 - Imposto sobre a Propriedade Predial e Territorial Urbana ¿ IPTU;siconfi-cor_RO1.1.1.2.02.00.00;16119,04
Prefeitura Municipal de Boa Vista do Ramos - AM;1300680;AM;18080;Receitas Brutas Realizadas;1.1.1.2.04.00.00 - Imposto sobre a Renda e Proventos de Qualquer Natureza ¿ IR;siconfi-cor_RO1.1.1.2.04.00.00;458739,01
Prefeitura Municipal de Boa Vista do Ramos - AM;1300680;AM;18080;Receitas Brutas Realizadas;1.1.1.2.04.31.00 - Retido nas Fontes - Trabalho;siconfi-cor_RO1.1.1.2.04.31.00;439101,24
Prefeitura Municipal de Boa Vista do Ramos - AM;1300680;AM;18080;Receitas Brutas Realizadas;1.1.1.2.04.34.00 - Retido nas Fontes - Outros Rendimentos;siconfi-cor_RO1.1.1.2.04.34.00;19637,77
Prefeitura Municipal de Boa Vista do Ramos - AM;1300680;AM;18080;Receitas Brutas Realizadas;"1.1.1.2.08.00.00 - Imposto sobre Transmissão Inter Vivos"" de Bens Imóveis e de Direitos Reais sobre Imóveis ¿ ITBI""";siconfi-cor_RO1.1.1.2.08.00.00;2298,51
Prefeitura Municipal de Boa Vista do Ramos - AM;1300680;AM;18080;Receitas Brutas Realizadas;1.1.1.3.00.00.00 - Impostos sobre a Produção e a Circulação;siconfi-cor_RO1.1.1.3.00.00.00;365456,37
Prefeitura Municipal de Boa Vista do Ramos - AM;1300680;AM;18080;Receitas Brutas Realizadas;1.1.1.3.05.00.00 - Imposto sobre Serviços de Qualquer Natureza ¿ ISSQN;siconfi-cor_RO1.1.1.3.05.00.00;365456,37
Prefeitura Municipal de Boa Vista do Ramos - AM;1300680;AM;18080;Receitas Brutas Realizadas;1.1.2.0.00.00.00 - Taxas;siconfi-cor_RO1.1.2.0.00.00.00;24237,05
Prefeitura Municipal de Boa Vista do Ramos - AM;1300680;AM;18080;Receitas Brutas Realizadas;1.1.2.1.00.00.00 - Taxas pelo Exercício do Poder de Polícia;siconfi-cor_RO1.1.2.1.00.00.00;18519,38
Prefeitura Municipal de Boa Vista do Ramos - AM;1300680;AM;18080;Receitas Brutas Realizadas;1.1.2.2.00.00.00 - Taxas pela Prestação de Serviços;siconfi-cor_RO1.1.2.2.00.00.00;5717,67
Prefeitura Municipal de Boa Vista do Ramos - AM;1300680;AM;18080;Receitas Brutas Realizadas;1.1.2.2.99.00.00 - Outras Taxas pela Prestação de Serviços;siconfi-cor_RO1.1.2.2.99.00.00;5717,67
Prefeitura Municipal de Boa Vista do Ramos - AM;1300680;AM;18080;Receitas Brutas Realizadas;1.2.0.0.00.00.00 - Receitas de Contribuições;siconfi-cor_RO1.2.0.0.00.00.00;107152,59
Prefeitura Municipal de Boa Vista do Ramos - AM;1300680;AM;18080;Receitas Brutas Realizadas;1.2.3.0.00.00.00 - Contribuição para Custeio do Serviço de Iluminação Pública;siconfi-cor_RO1.2.3.0.00.00.00;107152,59
Prefeitura Municipal de Boa Vista do Ramos - AM;1300680;AM;18080;Receitas Brutas Realizadas;1.3.0.0.00.00.00 - Receita Patrimonial;siconfi-cor_RO1.3.0.0.00.00.00;82959,77
Prefeitura Municipal de Boa Vista do Ramos - AM;1300680;AM;18080;Receitas Brutas Realizadas;1.3.2.0.00.00.00 - Receitas de Valores Mobiliários;siconfi-cor_RO1.3.2.0.00.00.00;82959,77
Prefeitura Municipal de Boa Vista do Ramos - AM;1300680;AM;18080;Receitas Brutas Realizadas;1.3.2.5.00.00.00 - Remuneração de Depósitos Bancários;siconfi-cor_RO1.3.2.5.00.00.00;82959,77
Prefeitura Municipal de Boa Vista do Ramos - AM;1300680;AM;18080;Receitas Brutas Realizadas;1.6.0.0.00.00.00 - Receita de Serviços;siconfi-cor_RO1.6.0.0.00.00.00;383195,07
Prefeitura Municipal de Boa Vista do Ramos - AM;1300680;AM;18080;Receitas Brutas Realizadas;1.6.0.0.41.00.00 - Serviços de Captação, Adução, Tratamento, Reserva e Distribuição de Água;siconfi-cor_RO1.6.0.0.41.00.00;383195,07
Prefeitura Municipal de Boa Vista do Ramos - AM;1300680;AM;18080;Receitas Brutas Realizadas;1.7.0.0.00.00.00 - Transferências Correntes;siconfi-cor_RO1.7.0.0.00.00.00;37747508,97
Prefeitura Municipal de Boa Vista do Ramos - AM;1300680;AM;18080;Receitas Brutas Realizadas;1.7.2.0.00.00.00 - Transferências Intergovernamentais;siconfi-cor_RO1.7.2.0.00.00.00;37747508,97
Prefeitura Municipal de Boa Vista do Ramos - AM;1300680;AM;18080;Receitas Brutas Realizadas;1.7.2.1.00.00.00 - Transferências da União;siconfi-cor_RO1.7.2.1.00.00.00;18921337,65
Prefeitura Municipal de Boa Vista do Ramos - AM;1300680;AM;18080;Receitas Brutas Realizadas;1.7.2.1.01.00.00 - Participação na Receita da União;siconfi-cor_RO1.7.2.1.01.00.00;13751815,57
Prefeitura Municipal de Boa Vista do Ramos - AM;1300680;AM;18080;Receitas Brutas Realizadas;1.7.2.1.01.02.00 - Cota-Parte do Fundo de Participação dos Municípios ¿ FPM;siconfi-cor_RO1.7.2.1.01.02.00;12612664,95
Prefeitura Municipal de Boa Vista do Ramos - AM;1300680;AM;18080;Receitas Brutas Realizadas;1.7.2.1.01.03.00 - Cota-Parte do Fundo de Participação dos Municípios - 1% Cota Anual;siconfi-cor_RO1.7.2.1.01.03.00;559800,94
Prefeitura Municipal de Boa Vista do Ramos - AM;1300680;AM;18080;Receitas Brutas Realizadas;1.7.2.1.01.04.00 - Cota-Parte do Fundo de Participação dos Municípios - 1% Cota entregue no mês de julho (67)(I);siconfi-cor_RO1.7.2.1.01.04.00;578860,71
Prefeitura Municipal de Boa Vista do Ramos - AM;1300680;AM;18080;Receitas Brutas Realizadas;1.7.2.1.01.05.00 - Cota-Parte do Imposto Sobre a Propriedade Territorial Rural ¿ ITR;siconfi-cor_RO1.7.2.1.01.05.00;488,97
Prefeitura Municipal de Boa Vista do Ramos - AM;1300680;AM;18080;Receitas Brutas Realizadas;1.7.2.1.22.00.00 - Transferências da Compensação Financeira pela Exploração de Recursos Naturais;siconfi-cor_RO1.7.2.1.22.00.00;147259,54
Prefeitura Municipal de Boa Vista do Ramos - AM;1300680;AM;18080;Receitas Brutas Realizadas;1.7.2.1.22.70.00 - Cota-Parte do Fundo Especial do Petróleo ¿ FEP;siconfi-cor_RO1.7.2.1.22.70.00;147259,54
Prefeitura Municipal de Boa Vista do Ramos - AM;1300680;AM;18080;Receitas Brutas Realizadas;1.7.2.1.33.00.00 - Transferências de Recursos do Sistema Único de Saúde - SUS - Repasses Fundo a Fundo;siconfi-cor_RO1.7.2.1.33.00.00;2881093,21
Prefeitura Municipal de Boa Vista do Ramos - AM;1300680;AM;18080;Receitas Brutas Realizadas;1.7.2.1.34.00.00 - Transferências de Recursos do Fundo Nacional de Assistência Social ¿ FNAS;siconfi-cor_RO1.7.2.1.34.00.00;602187,47
Prefeitura Municipal de Boa Vista do Ramos - AM;1300680;AM;18080;Receitas Brutas Realizadas;1.7.2.1.35.00.00 - Transferências de Recursos do Fundo Nacional do Desenvolvimento da Educação ¿ FNDE;siconfi-cor_RO1.7.2.1.35.00.00;1512648,82
Prefeitura Municipal de Boa Vista do Ramos - AM;1300680;AM;18080;Receitas Brutas Realizadas;1.7.2.1.36.00.00 - Transferências Financeiras do ICMS ¿ Desoneração ¿ L.C. Nº 87/96;siconfi-cor_RO1.7.2.1.36.00.00;15989,16
Prefeitura Municipal de Boa Vista do Ramos - AM;1300680;AM;18080;Receitas Brutas Realizadas;1.7.2.1.99.00.00 - Outras Transferências da União;siconfi-cor_RO1.7.2.1.99.00.00;10343,88
Prefeitura Municipal de Boa Vista do Ramos - AM;1300680;AM;18080;Receitas Brutas Realizadas;1.7.2.2.00.00.00 - Transferências dos Estados;siconfi-cor_RO1.7.2.2.00.00.00;7059824,64
Prefeitura Municipal de Boa Vista do Ramos - AM;1300680;AM;18080;Receitas Brutas Realizadas;1.7.2.2.01.00.00 - Participação na Receita dos Estados;siconfi-cor_RO1.7.2.2.01.00.00;6759545,25
Prefeitura Municipal de Boa Vista do Ramos - AM;1300680;AM;18080;Receitas Brutas Realizadas;1.7.2.2.01.01.00 - Cota-Parte do ICMS;siconfi-cor_RO1.7.2.2.01.01.00;6669684,02
Prefeitura Municipal de Boa Vista do Ramos - AM;1300680;AM;18080;Receitas Brutas Realizadas;1.7.2.2.01.02.00 - Cota-Parte do IPVA;siconfi-cor_RO1.7.2.2.01.02.00;10916,56
Prefeitura Municipal de Boa Vista do Ramos - AM;1300680;AM;18080;Receitas Brutas Realizadas;1.7.2.2.01.04.00 - Cota-Parte do IPI - Municípios;siconfi-cor_RO1.7.2.2.01.04.00;26753,01
Prefeitura Municipal de Boa Vista do Ramos - AM;1300680;AM;18080;Receitas Brutas Realizadas;1.7.2.2.01.13.00 - Cota-Parte da Contribuição de Intervenção no Domínio Econômico;siconfi-cor_RO1.7.2.2.01.13.00;52191,66
Prefeitura Municipal de Boa Vista do Ramos - AM;1300680;AM;18080;Receitas Brutas Realizadas;1.7.2.2.22.00.00 - Transferências da Cota-Parte da Compensação Financeira (25%);siconfi-cor_RO1.7.2.2.22.00.00;71929,81
Prefeitura Municipal de Boa Vista do Ramos - AM;1300680;AM;18080;Receitas Brutas Realizadas;1.7.2.2.22.30.00 - Cota-Parte Royalties - Compensação Financeira pela Produção de Petróleo - Lei nº 7.990/89 artigo 9º;siconfi-cor_RO1.7.2.2.22.30.00;71929,81
Prefeitura Municipal de Boa Vista do Ramos - AM;1300680;AM;18080;Receitas Brutas Realizadas;1.7.2.2.33.00.00 - Transferências de Recursos do Estado para Programas de Saúde - Repasse Fundo a Fundo;siconfi-cor_RO1.7.2.2.33.00.00;228349,58
Prefeitura Municipal de Boa Vista do Ramos - AM;1300680;AM;18080;Receitas Brutas Realizadas;1.7.2.4.00.00.00 - Transferências Multigovernamentais;siconfi-cor_RO1.7.2.4.00.00.00;11766346,68
Prefeitura Municipal de Boa Vista do Ramos - AM;1300680;AM;18080;Receitas Brutas Realizadas;1.7.2.4.01.00.00 - Transferências de Recursos do Fundo de Manutenção e Desenvolvimento do Ensino Fundamental e de Valorização do Magistério - FUNDEB;siconfi-cor_RO1.7.2.4.01.00.00;8917737,3
Prefeitura Municipal de Boa Vista do Ramos - AM;1300680;AM;18080;Receitas Brutas Realizadas;1.7.2.4.02.00.00 - Transferências de Recursos da Complementação ao Fundo de Manutenção e Desenvolvimento do Ensino Fundamental e de Valorização do Magistério - FUNDEB;siconfi-cor_RO1.7.2.4.02.00.00;2848609,38
Prefeitura Municipal de Boa Vista do Ramos - AM;1300680;AM;18080;Receitas Brutas Realizadas;1.9.0.0.00.00.00 - Outras Receitas Correntes;siconfi-cor_RO1.9.0.0.00.00.00;16468,02
Prefeitura Municipal de Boa Vista do Ramos - AM;1300680;AM;18080;Receitas Brutas Realizadas;1.9.1.0.00.00.00 - Multas e Juros de Mora;siconfi-cor_RO1.9.1.0.00.00.00;11516,87
Prefeitura Municipal de Boa Vista do Ramos - AM;1300680;AM;18080;Receitas Brutas Realizadas;1.9.1.1.00.00.00 - Multas e Juros de Mora dos Tributos;siconfi-cor_RO1.9.1.1.00.00.00;11516,87
Prefeitura Municipal de Boa Vista do Ramos - AM;1300680;AM;18080;Receitas Brutas Realizadas;1.9.1.1.99.00.00 - Multas e Juros de Mora de Outros Tributos;siconfi-cor_RO1.9.1.1.99.00.00;11516,87
Prefeitura Municipal de Boa Vista do Ramos - AM;1300680;AM;18080;Receitas Brutas Realizadas;1.9.2.0.00.00.00 - Indenizações e Restituições;siconfi-cor_RO1.9.2.0.00.00.00;2724,49
Prefeitura Municipal de Boa Vista do Ramos - AM;1300680;AM;18080;Receitas Brutas Realizadas;1.9.2.1.00.00.00 - Indenizações;siconfi-cor_RO1.9.2.1.00.00.00;2724,49
Prefeitura Municipal de Boa Vista do Ramos - AM;1300680;AM;18080;Receitas Brutas Realizadas;1.9.3.0.00.00.00 - Receita da Dívida Ativa;siconfi-cor_RO1.9.3.0.00.00.00;873,05
Prefeitura Municipal de Boa Vista do Ramos - AM;1300680;AM;18080;Receitas Brutas Realizadas;1.9.3.1.00.00.00 - Receita da Dívida Ativa Tributária;siconfi-cor_RO1.9.3.1.00.00.00;873,05
Prefeitura Municipal de Boa Vista do Ramos - AM;1300680;AM;18080;Receitas Brutas Realizadas;1.9.3.1.11.00.00 - Receita da Dívida Ativa do Imposto sobre a Propriedade Predial e Territorial Urbana ¿ IPTU;siconfi-cor_RO1.9.3.1.11.00.00;873,05
Prefeitura Municipal de Boa Vista do Ramos - AM;1300680;AM;18080;Receitas Brutas Realizadas;1.9.9.0.00.00.00 - Receitas Diversas;siconfi-cor_RO1.9.9.0.00.00.00;1353,61
Prefeitura Municipal de Boa Vista do Ramos - AM;1300680;AM;18080;Receitas Brutas Realizadas;1.9.9.0.99.00.00 - Outras Receitas;siconfi-cor_RO1.9.9.0.99.00.00;1353,61
Prefeitura Municipal de Boa Vista do Ramos - AM;1300680;AM;18080;Receitas Brutas Realizadas;2.0.0.0.00.00.00 - Receitas de Capital;siconfi-cor_RO2.0.0.0.00.00.00;222741,85
Prefeitura Municipal de Boa Vista do Ramos - AM;1300680;AM;18080;Receitas Brutas Realizadas;2.4.0.0.00.00.00 - Transferências de Capital;siconfi-cor_RO2.4.0.0.00.00.00;222741,85
Prefeitura Municipal de Boa Vista do Ramos - AM;1300680;AM;18080;Receitas Brutas Realizadas;2.4.2.0.00.00.00 - Transferências Intergovernamentais;siconfi-cor_RO2.4.2.0.00.00.00;222741,85
Prefeitura Municipal de Boa Vista do Ramos - AM;1300680;AM;18080;Receitas Brutas Realizadas;2.4.2.1.00.00.00 - Transferências da União;siconfi-cor_RO2.4.2.1.00.00.00;222741,85
Prefeitura Municipal de Boa Vista do Ramos - AM;1300680;AM;18080;Receitas Brutas Realizadas;2.4.2.1.02.00.00 - Transferências de Recursos Destinados a Programas de Educação;siconfi-cor_RO2.4.2.1.02.00.00;222741,85
Prefeitura Municipal de Boa Vista do Ramos - AM;1300680;AM;18080;Outras Deduções da Receita;Total Receitas;siconfi-cor_TotalReceitas;3867298,64
Prefeitura Municipal de Boa Vista do Ramos - AM;1300680;AM;18080;Outras Deduções da Receita;1.0.0.0.00.00.00 - Receitas Correntes;siconfi-cor_RO1.0.0.0.00.00.00;3867298,64
Prefeitura Municipal de Boa Vista do Ramos - AM;1300680;AM;18080;Outras Deduções da Receita;1.7.0.0.00.00.00 - Transferências Correntes;siconfi-cor_RO1.7.0.0.00.00.00;3867298,64
Prefeitura Municipal de Boa Vista do Ramos - AM;1300680;AM;18080;Outras Deduções da Receita;1.7.2.0.00.00.00 - Transferências Intergovernamentais;siconfi-cor_RO1.7.2.0.00.00.00;3867298,64
Prefeitura Municipal de Boa Vista do Ramos - AM;1300680;AM;18080;Outras Deduções da Receita;1.7.2.1.00.00.00 - Transferências da União;siconfi-cor_RO1.7.2.1.00.00.00;2525828,19
Prefeitura Municipal de Boa Vista do Ramos - AM;1300680;AM;18080;Outras Deduções da Receita;1.7.2.1.01.00.00 - Participação na Receita da União;siconfi-cor_RO1.7.2.1.01.00.00;2522630,43
Prefeitura Municipal de Boa Vista do Ramos - AM;1300680;AM;18080;Outras Deduções da Receita;1.7.2.1.01.02.00 - Cota-Parte do Fundo de Participação dos Municípios ¿ FPM;siconfi-cor_RO1.7.2.1.01.02.00;2522532,65
Prefeitura Municipal de Boa Vista do Ramos - AM;1300680;AM;18080;Outras Deduções da Receita;1.7.2.1.01.05.00 - Cota-Parte do Imposto Sobre a Propriedade Territorial Rural ¿ ITR;siconfi-cor_RO1.7.2.1.01.05.00;97,78
Prefeitura Municipal de Boa Vista do Ramos - AM;1300680;AM;18080;Outras Deduções da Receita;1.7.2.1.36.00.00 - Transferências Financeiras do ICMS ¿ Desoneração ¿ L.C. Nº 87/96;siconfi-cor_RO1.7.2.1.36.00.00;3197,76
Prefeitura Municipal de Boa Vista do Ramos - AM;1300680;AM;18080;Outras Deduções da Receita;1.7.2.2.00.00.00 - Transferências dos Estados;siconfi-cor_RO1.7.2.2.00.00.00;1341470,45
Prefeitura Municipal de Boa Vista do Ramos - AM;1300680;AM;18080;Outras Deduções da Receita;1.7.2.2.01.00.00 - Participação na Receita dos Estados;siconfi-cor_RO1.7.2.2.01.00.00;1341470,45
Prefeitura Municipal de Boa Vista do Ramos - AM;1300680;AM;18080;Outras Deduções da Receita;1.7.2.2.01.01.00 - Cota-Parte do ICMS;siconfi-cor_RO1.7.2.2.01.01.00;1333936,81
Prefeitura Municipal de Boa Vista do Ramos - AM;1300680;AM;18080;Outras Deduções da Receita;1.7.2.2.01.02.00 - Cota-Parte do IPVA;siconfi-cor_RO1.7.2.2.01.02.00;2183,03
Prefeitura Municipal de Boa Vista do Ramos - AM;1300680;AM;18080;Outras Deduções da Receita;1.7.2.2.01.04.00 - Cota-Parte do IPI - Municípios;siconfi-cor_RO1.7.2.2.01.04.00;5350,61
Prefeitura Municipal de Amaturá - AM;1300060;AM;11047;Receitas Brutas Realizadas;Total Receitas;siconfi-cor_TotalReceitas;28640360,58
Prefeitura Municipal de Amaturá - AM;1300060;AM;11047;Receitas Brutas Realizadas;1.0.0.0.00.00.00 - Receitas Correntes;siconfi-cor_RO1.0.0.0.00.00.00;28640360,58
Prefeitura Municipal de Amaturá - AM;1300060;AM;11047;Receitas Brutas Realizadas;1.1.0.0.00.00.00 - Receita Tributária;siconfi-cor_RO1.1.0.0.00.00.00;404085
Prefeitura Municipal de Amaturá - AM;1300060;AM;11047;Receitas Brutas Realizadas;1.1.1.0.00.00.00 - Impostos;siconfi-cor_RO1.1.1.0.00.00.00;404083
Prefeitura Municipal de Amaturá - AM;1300060;AM;11047;Receitas Brutas Realizadas;1.1.1.2.00.00.00 - Impostos sobre o Patrimônio e a Renda;siconfi-cor_RO1.1.1.2.00.00.00;296082,97
Prefeitura Municipal de Amaturá - AM;1300060;AM;11047;Receitas Brutas Realizadas;1.1.1.2.02.00.00 - Imposto sobre a Propriedade Predial e Territorial Urbana ¿ IPTU;siconfi-cor_RO1.1.1.2.02.00.00;70,25
Prefeitura Municipal de Amaturá - AM;1300060;AM;11047;Receitas Brutas Realizadas;1.1.1.2.04.00.00 - Imposto sobre a Renda e Proventos de Qualquer Natureza ¿ IR;siconfi-cor_RO1.1.1.2.04.00.00;295848,55
Prefeitura Municipal de Amaturá - AM;1300060;AM;11047;Receitas Brutas Realizadas;1.1.1.2.04.31.00 - Retido nas Fontes - Trabalho;siconfi-cor_RO1.1.1.2.04.31.00;295534,93
Prefeitura Municipal de Amaturá - AM;1300060;AM;11047;Receitas Brutas Realizadas;1.1.1.2.04.34.00 - Retido nas Fontes - Outros Rendimentos;siconfi-cor_RO1.1.1.2.04.34.00;313,62
Prefeitura Municipal de Amaturá - AM;1300060;AM;11047;Receitas Brutas Realizadas;"1.1.1.2.08.00.00 - Imposto sobre Transmissão Inter Vivos"" de Bens Imóveis e de Direitos Reais sobre Imóveis ¿ ITBI""";siconfi-cor_RO1.1.1.2.08.00.00;164,17
Prefeitura Municipal de Amaturá - AM;1300060;AM;11047;Receitas Brutas Realizadas;1.1.1.3.00.00.00 - Impostos sobre a Produção e a Circulação;siconfi-cor_RO1.1.1.3.00.00.00;108000,03
Prefeitura Municipal de Amaturá - AM;1300060;AM;11047;Receitas Brutas Realizadas;1.1.1.3.05.00.00 - Imposto sobre Serviços de Qualquer Natureza ¿ ISSQN;siconfi-cor_RO1.1.1.3.05.00.00;108000,03
Prefeitura Municipal de Amaturá - AM;1300060;AM;11047;Receitas Brutas Realizadas;1.1.2.0.00.00.00 - Taxas;siconfi-cor_RO1.1.2.0.00.00.00;2
Prefeitura Municipal de Amaturá - AM;1300060;AM;11047;Receitas Brutas Realizadas;1.1.2.1.00.00.00 - Taxas pelo Exercício do Poder de Polícia;siconfi-cor_RO1.1.2.1.00.00.00;2
Prefeitura Municipal de Amaturá - AM;1300060;AM;11047;Receitas Brutas Realizadas;1.2.0.0.00.00.00 - Receitas de Contribuições;siconfi-cor_RO1.2.0.0.00.00.00;49941,8
Prefeitura Municipal de Amaturá - AM;1300060;AM;11047;Receitas Brutas Realizadas;1.2.3.0.00.00.00 - Contribuição para Custeio do Serviço de Iluminação Pública;siconfi-cor_RO1.2.3.0.00.00.00;49941,8
Prefeitura Municipal de Amaturá - AM;1300060;AM;11047;Receitas Brutas Realizadas;1.3.0.0.00.00.00 - Receita Patrimonial;siconfi-cor_RO1.3.0.0.00.00.00;179357,98
Prefeitura Municipal de Amaturá - AM;1300060;AM;11047;Receitas Brutas Realizadas;1.3.2.0.00.00.00 - Receitas de Valores Mobiliários;siconfi-cor_RO1.3.2.0.00.00.00;179357,98
Prefeitura Municipal de Amaturá - AM;1300060;AM;11047;Receitas Brutas Realizadas;1.3.2.5.00.00.00 - Remuneração de Depósitos Bancários;siconfi-cor_RO1.3.2.5.00.00.00;179357,98
Prefeitura Municipal de Amaturá - AM;1300060;AM;11047;Receitas Brutas Realizadas;1.7.0.0.00.00.00 - Transferências Correntes;siconfi-cor_RO1.7.0.0.00.00.00;28006975,8
Prefeitura Municipal de Amaturá - AM;1300060;AM;11047;Receitas Brutas Realizadas;1.7.2.0.00.00.00 - Transferências Intergovernamentais;siconfi-cor_RO1.7.2.0.00.00.00;28006975,8
Prefeitura Municipal de Amaturá - AM;1300060;AM;11047;Receitas Brutas Realizadas;1.7.2.1.00.00.00 - Transferências da União;siconfi-cor_RO1.7.2.1.00.00.00;11577020,85
Prefeitura Municipal de Amaturá - AM;1300060;AM;11047;Receitas Brutas Realizadas;1.7.2.1.01.00.00 - Participação na Receita da União;siconfi-cor_RO1.7.2.1.01.00.00;9168140,88
Prefeitura Municipal de Amaturá - AM;1300060;AM;11047;Receitas Brutas Realizadas;1.7.2.1.01.02.00 - Cota-Parte do Fundo de Participação dos Municípios ¿ FPM;siconfi-cor_RO1.7.2.1.01.02.00;8408443,31
Prefeitura Municipal de Amaturá - AM;1300060;AM;11047;Receitas Brutas Realizadas;1.7.2.1.01.03.00 - Cota-Parte do Fundo de Participação dos Municípios - 1% Cota Anual;siconfi-cor_RO1.7.2.1.01.03.00;373200,64
Prefeitura Municipal de Amaturá - AM;1300060;AM;11047;Receitas Brutas Realizadas;1.7.2.1.01.04.00 - Cota-Parte do Fundo de Participação dos Municípios - 1% Cota entregue no mês de julho (67)(I);siconfi-cor_RO1.7.2.1.01.04.00;385907,14
Prefeitura Municipal de Amaturá - AM;1300060;AM;11047;Receitas Brutas Realizadas;1.7.2.1.01.05.00 - Cota-Parte do Imposto Sobre a Propriedade Territorial Rural ¿ ITR;siconfi-cor_RO1.7.2.1.01.05.00;589,79
Prefeitura Municipal de Amaturá - AM;1300060;AM;11047;Receitas Brutas Realizadas;1.7.2.1.22.00.00 - Transferências da Compensação Financeira pela Exploração de Recursos Naturais;siconfi-cor_RO1.7.2.1.22.00.00;98173,03
Prefeitura Municipal de Amaturá - AM;1300060;AM;11047;Receitas Brutas Realizadas;1.7.2.1.22.70.00 - Cota-Parte do Fundo Especial do Petróleo ¿ FEP;siconfi-cor_RO1.7.2.1.22.70.00;98173,03
Prefeitura Municipal de Amaturá - AM;1300060;AM;11047;Receitas Brutas Realizadas;1.7.2.1.33.00.00 - Transferências de Recursos do Sistema Único de Saúde - SUS - Repasses Fundo a Fundo;siconfi-cor_RO1.7.2.1.33.00.00;1350954,55
Prefeitura Municipal de Amaturá - AM;1300060;AM;11047;Receitas Brutas Realizadas;1.7.2.1.34.00.00 - Transferências de Recursos do Fundo Nacional de Assistência Social ¿ FNAS;siconfi-cor_RO1.7.2.1.34.00.00;312174,26
Prefeitura Municipal de Amaturá - AM;1300060;AM;11047;Receitas Brutas Realizadas;1.7.2.1.35.00.00 - Transferências de Recursos do Fundo Nacional do Desenvolvimento da Educação ¿ FNDE;siconfi-cor_RO1.7.2.1.35.00.00;622030,05
Prefeitura Municipal de Amaturá - AM;1300060;AM;11047;Receitas Brutas Realizadas;1.7.2.1.36.00.00 - Transferências Financeiras do ICMS ¿ Desoneração ¿ L.C. Nº 87/96;siconfi-cor_RO1.7.2.1.36.00.00;15512,52
Prefeitura Municipal de Amaturá - AM;1300060;AM;11047;Receitas Brutas Realizadas;1.7.2.1.99.00.00 - Outras Transferências da União;siconfi-cor_RO1.7.2.1.99.00.00;10035,56
Prefeitura Municipal de Amaturá - AM;1300060;AM;11047;Receitas Brutas Realizadas;1.7.2.2.00.00.00 - Transferências dos Estados;siconfi-cor_RO1.7.2.2.00.00.00;6801063,5
Prefeitura Municipal de Amaturá - AM;1300060;AM;11047;Receitas Brutas Realizadas;1.7.2.2.01.00.00 - Participação na Receita dos Estados;siconfi-cor_RO1.7.2.2.01.00.00;6536987,88
Prefeitura Municipal de Amaturá - AM;1300060;AM;11047;Receitas Brutas Realizadas;1.7.2.2.01.01.00 - Cota-Parte do ICMS;siconfi-cor_RO1.7.2.2.01.01.00;6470875,39
Prefeitura Municipal de Amaturá - AM;1300060;AM;11047;Receitas Brutas Realizadas;1.7.2.2.01.02.00 - Cota-Parte do IPVA;siconfi-cor_RO1.7.2.2.01.02.00;6136,18
Prefeitura Municipal de Amaturá - AM;1300060;AM;11047;Receitas Brutas Realizadas;1.7.2.2.01.04.00 - Cota-Parte do IPI - Municípios;siconfi-cor_RO1.7.2.2.01.04.00;25955,61
Prefeitura Municipal de Amaturá - AM;1300060;AM;11047;Receitas Brutas Realizadas;1.7.2.2.01.13.00 - Cota-Parte da Contribuição de Intervenção no Domínio Econômico;siconfi-cor_RO1.7.2.2.01.13.00;34020,7
Prefeitura Municipal de Amaturá - AM;1300060;AM;11047;Receitas Brutas Realizadas;1.7.2.2.22.00.00 - Transferências da Cota-Parte da Compensação Financeira (25%);siconfi-cor_RO1.7.2.2.22.00.00;69785,74
Prefeitura Municipal de Amaturá - AM;1300060;AM;11047;Receitas Brutas Realizadas;1.7.2.2.22.30.00 - Cota-Parte Royalties - Compensação Financeira pela Produção de Petróleo - Lei nº 7.990/89 artigo 9º;siconfi-cor_RO1.7.2.2.22.30.00;69785,74
Prefeitura Municipal de Amaturá - AM;1300060;AM;11047;Receitas Brutas Realizadas;1.7.2.2.33.00.00 - Transferências de Recursos do Estado para Programas de Saúde - Repasse Fundo a Fundo;siconfi-cor_RO1.7.2.2.33.00.00;194289,88
Prefeitura Municipal de Amaturá - AM;1300060;AM;11047;Receitas Brutas Realizadas;1.7.2.4.00.00.00 - Transferências Multigovernamentais;siconfi-cor_RO1.7.2.4.00.00.00;9628891,45
Prefeitura Municipal de Amaturá - AM;1300060;AM;11047;Receitas Brutas Realizadas;1.7.2.4.01.00.00 - Transferências de Recursos do Fundo de Manutenção e Desenvolvimento do Ensino Fundamental e de Valorização do Magistério - FUNDEB;siconfi-cor_RO1.7.2.4.01.00.00;7298721,15
Prefeitura Municipal de Amaturá - AM;1300060;AM;11047;Receitas Brutas Realizadas;1.7.2.4.02.00.00 - Transferências de Recursos da Complementação ao Fundo de Manutenção e Desenvolvimento do Ensino Fundamental e de Valorização do Magistério - FUNDEB;siconfi-cor_RO1.7.2.4.02.00.00;2330170,3
Prefeitura Municipal de Amaturá - AM;1300060;AM;11047;Deduções - FUNDEB;Total Receitas;siconfi-cor_TotalReceitas;2985502,05
Prefeitura Municipal de Amaturá - AM;1300060;AM;11047;Deduções - FUNDEB;1.0.0.0.00.00.00 - Receitas Correntes;siconfi-cor_RO1.0.0.0.00.00.00;2985502,05
Prefeitura Municipal de Amaturá - AM;1300060;AM;11047;Deduções - FUNDEB;1.7.0.0.00.00.00 - Transferências Correntes;siconfi-cor_RO1.7.0.0.00.00.00;2985502,05
Prefeitura Municipal de Amaturá - AM;1300060;AM;11047;Deduções - FUNDEB;1.7.2.0.00.00.00 - Transferências Intergovernamentais;siconfi-cor_RO1.7.2.0.00.00.00;2985502,05
Prefeitura Municipal de Amaturá - AM;1300060;AM;11047;Deduções - FUNDEB;1.7.2.1.00.00.00 - Transferências da União;siconfi-cor_RO1.7.2.1.00.00.00;1684908,73
Prefeitura Municipal de Amaturá - AM;1300060;AM;11047;Deduções - FUNDEB;1.7.2.1.01.00.00 - Participação na Receita da União;siconfi-cor_RO1.7.2.1.01.00.00;1681806,25
Prefeitura Municipal de Amaturá - AM;1300060;AM;11047;Deduções - FUNDEB;1.7.2.1.01.02.00 - Cota-Parte do Fundo de Participação dos Municípios ¿ FPM;siconfi-cor_RO1.7.2.1.01.02.00;1681688,32
Prefeitura Municipal de Amaturá - AM;1300060;AM;11047;Deduções - FUNDEB;1.7.2.1.01.05.00 - Cota-Parte do Imposto Sobre a Propriedade Territorial Rural ¿ ITR;siconfi-cor_RO1.7.2.1.01.05.00;117,93
Prefeitura Municipal de Amaturá - AM;1300060;AM;11047;Deduções - FUNDEB;1.7.2.1.36.00.00 - Transferências Financeiras do ICMS ¿ Desoneração ¿ L.C. Nº 87/96;siconfi-cor_RO1.7.2.1.36.00.00;3102,48
Prefeitura Municipal de Amaturá - AM;1300060;AM;11047;Deduções - FUNDEB;1.7.2.2.00.00.00 - Transferências dos Estados;siconfi-cor_RO1.7.2.2.00.00.00;1300593,32
Prefeitura Municipal de Amaturá - AM;1300060;AM;11047;Deduções - FUNDEB;1.7.2.2.01.00.00 - Participação na Receita dos Estados;siconfi-cor_RO1.7.2.2.01.00.00;1300593,32
Prefeitura Municipal de Amaturá - AM;1300060;AM;11047;Deduções - FUNDEB;1.7.2.2.01.01.00 - Cota-Parte do ICMS;siconfi-cor_RO1.7.2.2.01.01.00;1294175,06
Prefeitura Municipal de Amaturá - AM;1300060;AM;11047;Deduções - FUNDEB;1.7.2.2.01.02.00 - Cota-Parte do IPVA;siconfi-cor_RO1.7.2.2.01.02.00;1227,12
Prefeitura Municipal de Amaturá - AM;1300060;AM;11047;Deduções - FUNDEB;1.7.2.2.01.04.00 - Cota-Parte do IPI - Municípios;siconfi-cor_RO1.7.2.2.01.04.00;5191,14
Prefeitura Municipal de Santa Isabel do Rio Negro - AM;1303601;AM;23092;Receitas Brutas Realizadas;Total Receitas;siconfi-cor_TotalReceitas;36083146,56
Prefeitura Municipal de Santa Isabel do Rio Negro - AM;1303601;AM;23092;Receitas Brutas Realizadas;1.0.0.0.00.00.00 - Receitas Correntes;siconfi-cor_RO1.0.0.0.00.00.00;36083146,56
Prefeitura Municipal de Santa Isabel do Rio Negro - AM;1303601;AM;23092;Receitas Brutas Realizadas;1.1.0.0.00.00.00 - Receita Tributária;siconfi-cor_RO1.1.0.0.00.00.00;581595,1
Prefeitura Municipal de Santa Isabel do Rio Negro - AM;1303601;AM;23092;Receitas Brutas Realizadas;1.1.1.0.00.00.00 - Impostos;siconfi-cor_RO1.1.1.0.00.00.00;466085,1
Prefeitura Municipal de Santa Isabel do Rio Negro - AM;1303601;AM;23092;Receitas Brutas Realizadas;1.1.1.2.00.00.00 - Impostos sobre o Patrimônio e a Renda;siconfi-cor_RO1.1.1.2.00.00.00;361797,44
Prefeitura Municipal de Santa Isabel do Rio Negro - AM;1303601;AM;23092;Receitas Brutas Realizadas;1.1.1.2.02.00.00 - Imposto sobre a Propriedade Predial e Territorial Urbana ¿ IPTU;siconfi-cor_RO1.1.1.2.02.00.00;180
Prefeitura Municipal de Santa Isabel do Rio Negro - AM;1303601;AM;23092;Receitas Brutas Realizadas;1.1.1.2.04.00.00 - Imposto sobre a Renda e Proventos de Qualquer Natureza ¿ IR;siconfi-cor_RO1.1.1.2.04.00.00;361414,48
Prefeitura Municipal de Santa Isabel do Rio Negro - AM;1303601;AM;23092;Receitas Brutas Realizadas;1.1.1.2.04.31.00 - Retido nas Fontes - Trabalho;siconfi-cor_RO1.1.1.2.04.31.00;361414,48
Prefeitura Municipal de Santa Isabel do Rio Negro - AM;1303601;AM;23092;Receitas Brutas Realizadas;"1.1.1.2.08.00.00 - Imposto sobre Transmissão Inter Vivos"" de Bens Imóveis e de Direitos Reais sobre Imóveis ¿ ITBI""";siconfi-cor_RO1.1.1.2.08.00.00;202,96
Prefeitura Municipal de Santa Isabel do Rio Negro - AM;1303601;AM;23092;Receitas Brutas Realizadas;1.1.1.3.00.00.00 - Impostos sobre a Produção e a Circulação;siconfi-cor_RO1.1.1.3.00.00.00;104287,66
Prefeitura Municipal de Santa Isabel do Rio Negro - AM;1303601;AM;23092;Receitas Brutas Realizadas;1.1.1.3.05.00.00 - Imposto sobre Serviços de Qualquer Natureza ¿ ISSQN;siconfi-cor_RO1.1.1.3.05.00.00;104287,66
Prefeitura Municipal de Santa Isabel do Rio Negro - AM;1303601;AM;23092;Receitas Brutas Realizadas;1.1.2.0.00.00.00 - Taxas;siconfi-cor_RO1.1.2.0.00.00.00;115510
Prefeitura Municipal de Santa Isabel do Rio Negro - AM;1303601;AM;23092;Receitas Brutas Realizadas;1.1.2.1.00.00.00 - Taxas pelo Exercício do Poder de Polícia;siconfi-cor_RO1.1.2.1.00.00.00;115510
Prefeitura Municipal de Santa Isabel do Rio Negro - AM;1303601;AM;23092;Receitas Brutas Realizadas;1.2.0.0.00.00.00 - Receitas de Contribuições;siconfi-cor_RO1.2.0.0.00.00.00;40183,8
Prefeitura Municipal de Santa Isabel do Rio Negro - AM;1303601;AM;23092;Receitas Brutas Realizadas;1.2.3.0.00.00.00 - Contribuição para Custeio do Serviço de Iluminação Pública;siconfi-cor_RO1.2.3.0.00.00.00;40183,8
Prefeitura Municipal de Santa Isabel do Rio Negro - AM;1303601;AM;23092;Receitas Brutas Realizadas;1.3.0.0.00.00.00 - Receita Patrimonial;siconfi-cor_RO1.3.0.0.00.00.00;197648,95
Prefeitura Municipal de Santa Isabel do Rio Negro - AM;1303601;AM;23092;Receitas Brutas Realizadas;1.3.1.0.00.00.00 - Receitas Imobiliárias;siconfi-cor_RO1.3.1.0.00.00.00;11732,73
Prefeitura Municipal de Santa Isabel do Rio Negro - AM;1303601;AM;23092;Receitas Brutas Realizadas;1.3.1.1.00.00.00 - Aluguéis;siconfi-cor_RO1.3.1.1.00.00.00;11732,73
Prefeitura Municipal de Santa Isabel do Rio Negro - AM;1303601;AM;23092;Receitas Brutas Realizadas;1.3.2.0.00.00.00 - Receitas de Valores Mobiliários;siconfi-cor_RO1.3.2.0.00.00.00;185916,22
Prefeitura Municipal de Santa Isabel do Rio Negro - AM;1303601;AM;23092;Receitas Brutas Realizadas;1.3.2.5.00.00.00 - Remuneração de Depósitos Bancários;siconfi-cor_RO1.3.2.5.00.00.00;185916,22
Prefeitura Municipal de Santa Isabel do Rio Negro - AM;1303601;AM;23092;Receitas Brutas Realizadas;1.6.0.0.00.00.00 - Receita de Serviços;siconfi-cor_RO1.6.0.0.00.00.00;250
Prefeitura Municipal de Santa Isabel do Rio Negro - AM;1303601;AM;23092;Receitas Brutas Realizadas;1.6.0.0.99.00.00 - Outros Serviços;siconfi-cor_RO1.6.0.0.99.00.00;250
Prefeitura Municipal de Santa Isabel do Rio Negro - AM;1303601;AM;23092;Receitas Brutas Realizadas;1.7.0.0.00.00.00 - Transferências Correntes;siconfi-cor_RO1.7.0.0.00.00.00;35145855,88
Prefeitura Municipal de Santa Isabel do Rio Negro - AM;1303601;AM;23092;Receitas Brutas Realizadas;1.7.2.0.00.00.00 - Transferências Intergovernamentais;siconfi-cor_RO1.7.2.0.00.00.00;35145855,88
Prefeitura Municipal de Santa Isabel do Rio Negro - AM;1303601;AM;23092;Receitas Brutas Realizadas;1.7.2.1.00.00.00 - Transferências da União;siconfi-cor_RO1.7.2.1.00.00.00;17105911,81
Prefeitura Municipal de Santa Isabel do Rio Negro - AM;1303601;AM;23092;Receitas Brutas Realizadas;1.7.2.1.01.00.00 - Participação na Receita da União;siconfi-cor_RO1.7.2.1.01.00.00;13751811,89
Prefeitura Municipal de Santa Isabel do Rio Negro - AM;1303601;AM;23092;Receitas Brutas Realizadas;1.7.2.1.01.02.00 - Cota-Parte do Fundo de Participação dos Municípios ¿ FPM;siconfi-cor_RO1.7.2.1.01.02.00;12612664,95
Prefeitura Municipal de Santa Isabel do Rio Negro - AM;1303601;AM;23092;Receitas Brutas Realizadas;1.7.2.1.01.03.00 - Cota-Parte do Fundo de Participação dos Municípios - 1% Cota Anual;siconfi-cor_RO1.7.2.1.01.03.00;559800,94
Prefeitura Municipal de Santa Isabel do Rio Negro - AM;1303601;AM;23092;Receitas Brutas Realizadas;1.7.2.1.01.04.00 - Cota-Parte do Fundo de Participação dos Municípios - 1% Cota entregue no mês de julho (67)(I);siconfi-cor_RO1.7.2.1.01.04.00;578860,71
Prefeitura Municipal de Santa Isabel do Rio Negro - AM;1303601;AM;23092;Receitas Brutas Realizadas;1.7.2.1.01.05.00 - Cota-Parte do Imposto Sobre a Propriedade Territorial Rural ¿ ITR;siconfi-cor_RO1.7.2.1.01.05.00;485,29
Prefeitura Municipal de Santa Isabel do Rio Negro - AM;1303601;AM;23092;Receitas Brutas Realizadas;1.7.2.1.22.00.00 - Transferências da Compensação Financeira pela Exploração de Recursos Naturais;siconfi-cor_RO1.7.2.1.22.00.00;147259,54
Prefeitura Municipal de Santa Isabel do Rio Negro - AM;1303601;AM;23092;Receitas Brutas Realizadas;1.7.2.1.22.70.00 - Cota-Parte do Fundo Especial do Petróleo ¿ FEP;siconfi-cor_RO1.7.2.1.22.70.00;147259,54
Prefeitura Municipal de Santa Isabel do Rio Negro - AM;1303601;AM;23092;Receitas Brutas Realizadas;1.7.2.1.33.00.00 - Transferências de Recursos do Sistema Único de Saúde - SUS - Repasses Fundo a Fundo;siconfi-cor_RO1.7.2.1.33.00.00;2577308,15
Prefeitura Municipal de Santa Isabel do Rio Negro - AM;1303601;AM;23092;Receitas Brutas Realizadas;1.7.2.1.34.00.00 - Transferências de Recursos do Fundo Nacional de Assistência Social ¿ FNAS;siconfi-cor_RO1.7.2.1.34.00.00;223236,09
Prefeitura Municipal de Santa Isabel do Rio Negro - AM;1303601;AM;23092;Receitas Brutas Realizadas;1.7.2.1.35.00.00 - Transferências de Recursos do Fundo Nacional do Desenvolvimento da Educação ¿ FNDE;siconfi-cor_RO1.7.2.1.35.00.00;367551,39
Prefeitura Municipal de Santa Isabel do Rio Negro - AM;1303601;AM;23092;Receitas Brutas Realizadas;1.7.2.1.36.00.00 - Transferências Financeiras do ICMS ¿ Desoneração ¿ L.C. Nº 87/96;siconfi-cor_RO1.7.2.1.36.00.00;23525,4
Prefeitura Municipal de Santa Isabel do Rio Negro - AM;1303601;AM;23092;Receitas Brutas Realizadas;1.7.2.1.99.00.00 - Outras Transferências da União;siconfi-cor_RO1.7.2.1.99.00.00;15219,35
Prefeitura Municipal de Santa Isabel do Rio Negro - AM;1303601;AM;23092;Receitas Brutas Realizadas;1.7.2.2.00.00.00 - Transferências dos Estados;siconfi-cor_RO1.7.2.2.00.00.00;10258757,47
Prefeitura Municipal de Santa Isabel do Rio Negro - AM;1303601;AM;23092;Receitas Brutas Realizadas;1.7.2.2.01.00.00 - Participação na Receita dos Estados;siconfi-cor_RO1.7.2.2.01.00.00;9924574,81
Prefeitura Municipal de Santa Isabel do Rio Negro - AM;1303601;AM;23092;Receitas Brutas Realizadas;1.7.2.2.01.01.00 - Cota-Parte do ICMS;siconfi-cor_RO1.7.2.2.01.01.00;9813362,16
Prefeitura Municipal de Santa Isabel do Rio Negro - AM;1303601;AM;23092;Receitas Brutas Realizadas;1.7.2.2.01.02.00 - Cota-Parte do IPVA;siconfi-cor_RO1.7.2.2.01.02.00;15784,88
Prefeitura Municipal de Santa Isabel do Rio Negro - AM;1303601;AM;23092;Receitas Brutas Realizadas;1.7.2.2.01.04.00 - Cota-Parte do IPI - Municípios;siconfi-cor_RO1.7.2.2.01.04.00;39362,77
Prefeitura Municipal de Santa Isabel do Rio Negro - AM;1303601;AM;23092;Receitas Brutas Realizadas;1.7.2.2.01.13.00 - Cota-Parte da Contribuição de Intervenção no Domínio Econômico;siconfi-cor_RO1.7.2.2.01.13.00;56065
Prefeitura Municipal de Santa Isabel do Rio Negro - AM;1303601;AM;23092;Receitas Brutas Realizadas;1.7.2.2.22.00.00 - Transferências da Cota-Parte da Compensação Financeira (25%);siconfi-cor_RO1.7.2.2.22.00.00;105833,08
Prefeitura Municipal de Santa Isabel do Rio Negro - AM;1303601;AM;23092;Receitas Brutas Realizadas;1.7.2.2.22.30.00 - Cota-Parte Royalties - Compensação Financeira pela Produção de Petróleo - Lei nº 7.990/89 artigo 9º;siconfi-cor_RO1.7.2.2.22.30.00;105833,08
Prefeitura Municipal de Santa Isabel do Rio Negro - AM;1303601;AM;23092;Receitas Brutas Realizadas;1.7.2.2.33.00.00 - Transferências de Recursos do Estado para Programas de Saúde - Repasse Fundo a Fundo;siconfi-cor_RO1.7.2.2.33.00.00;228349,58
Prefeitura Municipal de Santa Isabel do Rio Negro - AM;1303601;AM;23092;Receitas Brutas Realizadas;1.7.2.4.00.00.00 - Transferências Multigovernamentais;siconfi-cor_RO1.7.2.4.00.00.00;7781186,6
Prefeitura Municipal de Santa Isabel do Rio Negro - AM;1303601;AM;23092;Receitas Brutas Realizadas;1.7.2.4.01.00.00 - Transferências de Recursos do Fundo de Manutenção e Desenvolvimento do Ensino Fundamental e de Valorização do Magistério - FUNDEB;siconfi-cor_RO1.7.2.4.01.00.00;4853445,57
Prefeitura Municipal de Santa Isabel do Rio Negro - AM;1303601;AM;23092;Receitas Brutas Realizadas;1.7.2.4.02.00.00 - Transferências de Recursos da Complementação ao Fundo de Manutenção e Desenvolvimento do Ensino Fundamental e de Valorização do Magistério - FUNDEB;siconfi-cor_RO1.7.2.4.02.00.00;2927741,03
Prefeitura Municipal de Santa Isabel do Rio Negro - AM;1303601;AM;23092;Receitas Brutas Realizadas;1.9.0.0.00.00.00 - Outras Receitas Correntes;siconfi-cor_RO1.9.0.0.00.00.00;117612,83
Prefeitura Municipal de Santa Isabel do Rio Negro - AM;1303601;AM;23092;Receitas Brutas Realizadas;1.9.2.0.00.00.00 - Indenizações e Restituições;siconfi-cor_RO1.9.2.0.00.00.00;117612,83
Prefeitura Municipal de Santa Isabel do Rio Negro - AM;1303601;AM;23092;Receitas Brutas Realizadas;1.9.2.2.00.00.00 - Restituições;siconfi-cor_RO1.9.2.2.00.00.00;117612,83
Prefeitura Municipal de Santa Isabel do Rio Negro - AM;1303601;AM;23092;Receitas Brutas Realizadas;1.9.2.2.99.00.00 - Outras Restituições;siconfi-cor_RO1.9.2.2.99.00.00;117612,83
Prefeitura Municipal de Santa Isabel do Rio Negro - AM;1303601;AM;23092;Deduções - FUNDEB;Total Receitas;siconfi-cor_TotalReceitas;4501036,54
Prefeitura Municipal de Santa Isabel do Rio Negro - AM;1303601;AM;23092;Deduções - FUNDEB;1.0.0.0.00.00.00 - Receitas Correntes;siconfi-cor_RO1.0.0.0.00.00.00;4501036,54
Prefeitura Municipal de Santa Isabel do Rio Negro - AM;1303601;AM;23092;Deduções - FUNDEB;1.7.0.0.00.00.00 - Transferências Correntes;siconfi-cor_RO1.7.0.0.00.00.00;4501036,54
Prefeitura Municipal de Santa Isabel do Rio Negro - AM;1303601;AM;23092;Deduções - FUNDEB;1.7.2.0.00.00.00 - Transferências Intergovernamentais;siconfi-cor_RO1.7.2.0.00.00.00;4501036,54
Prefeitura Municipal de Santa Isabel do Rio Negro - AM;1303601;AM;23092;Deduções - FUNDEB;1.7.2.1.00.00.00 - Transferências da União;siconfi-cor_RO1.7.2.1.00.00.00;2527334,78
Prefeitura Municipal de Santa Isabel do Rio Negro - AM;1303601;AM;23092;Deduções - FUNDEB;1.7.2.1.01.00.00 - Participação na Receita da União;siconfi-cor_RO1.7.2.1.01.00.00;2522629,7
Prefeitura Municipal de Santa Isabel do Rio Negro - AM;1303601;AM;23092;Deduções - FUNDEB;1.7.2.1.01.02.00 - Cota-Parte do Fundo de Participação dos Municípios ¿ FPM;siconfi-cor_RO1.7.2.1.01.02.00;2522532,65
Prefeitura Municipal de Santa Isabel do Rio Negro - AM;1303601;AM;23092;Deduções - FUNDEB;1.7.2.1.01.05.00 - Cota-Parte do Imposto Sobre a Propriedade Territorial Rural ¿ ITR;siconfi-cor_RO1.7.2.1.01.05.00;97,05
Prefeitura Municipal de Santa Isabel do Rio Negro - AM;1303601;AM;23092;Deduções - FUNDEB;1.7.2.1.36.00.00 - Transferências Financeiras do ICMS ¿ Desoneração ¿ L.C. Nº 87/96;siconfi-cor_RO1.7.2.1.36.00.00;4705,08
Prefeitura Municipal de Santa Isabel do Rio Negro - AM;1303601;AM;23092;Deduções - FUNDEB;1.7.2.2.00.00.00 - Transferências dos Estados;siconfi-cor_RO1.7.2.2.00.00.00;1973701,76
Prefeitura Municipal de Santa Isabel do Rio Negro - AM;1303601;AM;23092;Deduções - FUNDEB;1.7.2.2.01.00.00 - Participação na Receita dos Estados;siconfi-cor_RO1.7.2.2.01.00.00;1973701,76
Prefeitura Municipal de Santa Isabel do Rio Negro - AM;1303601;AM;23092;Deduções - FUNDEB;1.7.2.2.01.01.00 - Cota-Parte do ICMS;siconfi-cor_RO1.7.2.2.01.01.00;1962672,4
Prefeitura Municipal de Santa Isabel do Rio Negro - AM;1303601;AM;23092;Deduções - FUNDEB;1.7.2.2.01.02.00 - Cota-Parte do IPVA;siconfi-cor_RO1.7.2.2.01.02.00;3156,79
Prefeitura Municipal de Santa Isabel do Rio Negro - AM;1303601;AM;23092;Deduções - FUNDEB;1.7.2.2.01.04.00 - Cota-Parte do IPI - Municípios;siconfi-cor_RO1.7.2.2.01.04.00;7872,57
Prefeitura Municipal de Fonte Boa - AM;1301605;AM;20199;Receitas Brutas Realizadas;Total Receitas;siconfi-cor_TotalReceitas;54258276,18
Prefeitura Municipal de Fonte Boa - AM;1301605;AM;20199;Receitas Brutas Realizadas;1.0.0.0.00.00.00 - Receitas Correntes;siconfi-cor_RO1.0.0.0.00.00.00;52745590,3
Prefeitura Municipal de Fonte Boa - AM;1301605;AM;20199;Receitas Brutas Realizadas;1.1.0.0.00.00.00 - Receita Tributária;siconfi-cor_RO1.1.0.0.00.00.00;1251589,07
Prefeitura Municipal de Fonte Boa - AM;1301605;AM;20199;Receitas Brutas Realizadas;1.1.1.0.00.00.00 - Impostos;siconfi-cor_RO1.1.1.0.00.00.00;1224764,07
Prefeitura Municipal de Fonte Boa - AM;1301605;AM;20199;Receitas Brutas Realizadas;1.1.1.2.00.00.00 - Impostos sobre o Patrimônio e a Renda;siconfi-cor_RO1.1.1.2.00.00.00;696655,48
Prefeitura Municipal de Fonte Boa - AM;1301605;AM;20199;Receitas Brutas Realizadas;1.1.1.2.02.00.00 - Imposto sobre a Propriedade Predial e Territorial Urbana ¿ IPTU;siconfi-cor_RO1.1.1.2.02.00.00;1609,52
Prefeitura Municipal de Fonte Boa - AM;1301605;AM;20199;Receitas Brutas Realizadas;1.1.1.2.04.00.00 - Imposto sobre a Renda e Proventos de Qualquer Natureza ¿ IR;siconfi-cor_RO1.1.1.2.04.00.00;693494,01
Prefeitura Municipal de Fonte Boa - AM;1301605;AM;20199;Receitas Brutas Realizadas;1.1.1.2.04.31.00 - Retido nas Fontes - Trabalho;siconfi-cor_RO1.1.1.2.04.31.00;422906,3
Prefeitura Municipal de Fonte Boa - AM;1301605;AM;20199;Receitas Brutas Realizadas;1.1.1.2.04.32.00 - Retido nas Fontes - Capital;siconfi-cor_RO1.1.1.2.04.32.00;270587,71
Prefeitura Municipal de Fonte Boa - AM;1301605;AM;20199;Receitas Brutas Realizadas;"1.1.1.2.08.00.00 - Imposto sobre Transmissão Inter Vivos"" de Bens Imóveis e de Direitos Reais sobre Imóveis ¿ ITBI""";siconfi-cor_RO1.1.1.2.08.00.00;1551,95
Prefeitura Municipal de Fonte Boa - AM;1301605;AM;20199;Receitas Brutas Realizadas;1.1.1.3.00.00.00 - Impostos sobre a Produção e a Circulação;siconfi-cor_RO1.1.1.3.00.00.00;528108,59
Prefeitura Municipal de Fonte Boa - AM;1301605;AM;20199;Receitas Brutas Realizadas;1.1.1.3.05.00.00 - Imposto sobre Serviços de Qualquer Natureza ¿ ISSQN;siconfi-cor_RO1.1.1.3.05.00.00;528108,59
Prefeitura Municipal de Fonte Boa - AM;1301605;AM;20199;Receitas Brutas Realizadas;1.1.2.0.00.00.00 - Taxas;siconfi-cor_RO1.1.2.0.00.00.00;26825
Prefeitura Municipal de Fonte Boa - AM;1301605;AM;20199;Receitas Brutas Realizadas;1.1.2.1.00.00.00 - Taxas pelo Exercício do Poder de Polícia;siconfi-cor_RO1.1.2.1.00.00.00;26825
Prefeitura Municipal de Fonte Boa - AM;1301605;AM;20199;Receitas Brutas Realizadas;1.2.0.0.00.00.00 - Receitas de Contribuições;siconfi-cor_RO1.2.0.0.00.00.00;155216,83
Prefeitura Municipal de Fonte Boa - AM;1301605;AM;20199;Receitas Brutas Realizadas;1.2.3.0.00.00.00 - Contribuição para Custeio do Serviço de Iluminação Pública;siconfi-cor_RO1.2.3.0.00.00.00;155216,83
Prefeitura Municipal de Fonte Boa - AM;1301605;AM;20199;Receitas Brutas Realizadas;1.3.0.0.00.00.00 - Receita Patrimonial;siconfi-cor_RO1.3.0.0.00.00.00;129812,9
Prefeitura Municipal de Fonte Boa - AM;1301605;AM;20199;Receitas Brutas Realizadas;1.3.2.0.00.00.00 - Receitas de Valores Mobiliários;siconfi-cor_RO1.3.2.0.00.00.00;129812,9
Prefeitura Municipal de Fonte Boa - AM;1301605;AM;20199;Receitas Brutas Realizadas;1.3.2.5.00.00.00 - Remuneração de Depósitos Bancários;siconfi-cor_RO1.3.2.5.00.00.00;129812,9
Prefeitura Municipal de Fonte Boa - AM;1301605;AM;20199;Receitas Brutas Realizadas;1.6.0.0.00.00.00 - Receita de Serviços;siconfi-cor_RO1.6.0.0.00.00.00;310985,55
Prefeitura Municipal de Fonte Boa - AM;1301605;AM;20199;Receitas Brutas Realizadas;1.6.0.0.41.00.00 - Serviços de Captação, Adução, Tratamento, Reserva e Distribuição de Água;siconfi-cor_RO1.6.0.0.41.00.00;310985,55
Prefeitura Municipal de Fonte Boa - AM;1301605;AM;20199;Receitas Brutas Realizadas;1.7.0.0.00.00.00 - Transferências Correntes;siconfi-cor_RO1.7.0.0.00.00.00;50835732,34
Prefeitura Municipal de Fonte Boa - AM;1301605;AM;20199;Receitas Brutas Realizadas;1.7.2.0.00.00.00 - Transferências Intergovernamentais;siconfi-cor_RO1.7.2.0.00.00.00;50795732,34
Prefeitura Municipal de Fonte Boa - AM;1301605;AM;20199;Receitas Brutas Realizadas;1.7.2.1.00.00.00 - Transferências da União;siconfi-cor_RO1.7.2.1.00.00.00;22359645,99
Prefeitura Municipal de Fonte Boa - AM;1301605;AM;20199;Receitas Brutas Realizadas;1.7.2.1.01.00.00 - Participação na Receita da União;siconfi-cor_RO1.7.2.1.01.00.00;13751475,55
Prefeitura Municipal de Fonte Boa - AM;1301605;AM;20199;Receitas Brutas Realizadas;1.7.2.1.01.02.00 - Cota-Parte do Fundo de Participação dos Municípios ¿ FPM;siconfi-cor_RO1.7.2.1.01.02.00;12612664,95
Prefeitura Municipal de Fonte Boa - AM;1301605;AM;20199;Receitas Brutas Realizadas;1.7.2.1.01.03.00 - Cota-Parte do Fundo de Participação dos Municípios - 1% Cota Anual;siconfi-cor_RO1.7.2.1.01.03.00;559800,94
Prefeitura Municipal de Fonte Boa - AM;1301605;AM;20199;Receitas Brutas Realizadas;1.7.2.1.01.04.00 - Cota-Parte do Fundo de Participação dos Municípios - 1% Cota entregue no mês de julho (67)(I);siconfi-cor_RO1.7.2.1.01.04.00;578860,71
Prefeitura Municipal de Fonte Boa - AM;1301605;AM;20199;Receitas Brutas Realizadas;1.7.2.1.01.05.00 - Cota-Parte do Imposto Sobre a Propriedade Territorial Rural ¿ ITR;siconfi-cor_RO1.7.2.1.01.05.00;148,95
Prefeitura Municipal de Fonte Boa - AM;1301605;AM;20199;Receitas Brutas Realizadas;1.7.2.1.22.00.00 - Transferências da Compensação Financeira pela Exploração de Recursos Naturais;siconfi-cor_RO1.7.2.1.22.00.00;147259,54
Prefeitura Municipal de Fonte Boa - AM;1301605;AM;20199;Receitas Brutas Realizadas;1.7.2.1.22.70.00 - Cota-Parte do Fundo Especial do Petróleo ¿ FEP;siconfi-cor_RO1.7.2.1.22.70.00;147259,54
Prefeitura Municipal de Fonte Boa - AM;1301605;AM;20199;Receitas Brutas Realizadas;1.7.2.1.33.00.00 - Transferências de Recursos do Sistema Único de Saúde - SUS - Repasses Fundo a Fundo;siconfi-cor_RO1.7.2.1.33.00.00;5649921,57
Prefeitura Municipal de Fonte Boa - AM;1301605;AM;20199;Receitas Brutas Realizadas;1.7.2.1.34.00.00 - Transferências de Recursos do Fundo Nacional de Assistência Social ¿ FNAS;siconfi-cor_RO1.7.2.1.34.00.00;933529,55
Prefeitura Municipal de Fonte Boa - AM;1301605;AM;20199;Receitas Brutas Realizadas;1.7.2.1.35.00.00 - Transferências de Recursos do Fundo Nacional do Desenvolvimento da Educação ¿ FNDE;siconfi-cor_RO1.7.2.1.35.00.00;1844394,18
Prefeitura Municipal de Fonte Boa - AM;1301605;AM;20199;Receitas Brutas Realizadas;1.7.2.1.36.00.00 - Transferências Financeiras do ICMS ¿ Desoneração ¿ L.C. Nº 87/96;siconfi-cor_RO1.7.2.1.36.00.00;20077,08
Prefeitura Municipal de Fonte Boa - AM;1301605;AM;20199;Receitas Brutas Realizadas;1.7.2.1.99.00.00 - Outras Transferências da União;siconfi-cor_RO1.7.2.1.99.00.00;12988,52
Prefeitura Municipal de Fonte Boa - AM;1301605;AM;20199;Receitas Brutas Realizadas;1.7.2.2.00.00.00 - Transferências dos Estados;siconfi-cor_RO1.7.2.2.00.00.00;9146903,01
Prefeitura Municipal de Fonte Boa - AM;1301605;AM;20199;Receitas Brutas Realizadas;1.7.2.2.01.00.00 - Participação na Receita dos Estados;siconfi-cor_RO1.7.2.2.01.00.00;8485109,09
Prefeitura Municipal de Fonte Boa - AM;1301605;AM;20199;Receitas Brutas Realizadas;1.7.2.2.01.01.00 - Cota-Parte do ICMS;siconfi-cor_RO1.7.2.2.01.01.00;8374929,94
Prefeitura Municipal de Fonte Boa - AM;1301605;AM;20199;Receitas Brutas Realizadas;1.7.2.2.01.02.00 - Cota-Parte do IPVA;siconfi-cor_RO1.7.2.2.01.02.00;22534,69
Prefeitura Municipal de Fonte Boa - AM;1301605;AM;20199;Receitas Brutas Realizadas;1.7.2.2.01.04.00 - Cota-Parte do IPI - Municípios;siconfi-cor_RO1.7.2.2.01.04.00;33593,05
Prefeitura Municipal de Fonte Boa - AM;1301605;AM;20199;Receitas Brutas Realizadas;1.7.2.2.01.13.00 - Cota-Parte da Contribuição de Intervenção no Domínio Econômico;siconfi-cor_RO1.7.2.2.01.13.00;54051,41
Prefeitura Municipal de Fonte Boa - AM;1301605;AM;20199;Receitas Brutas Realizadas;1.7.2.2.22.00.00 - Transferências da Cota-Parte da Compensação Financeira (25%);siconfi-cor_RO1.7.2.2.22.00.00;90320,16
Prefeitura Municipal de Fonte Boa - AM;1301605;AM;20199;Receitas Brutas Realizadas;1.7.2.2.22.30.00 - Cota-Parte Royalties - Compensação Financeira pela Produção de Petróleo - Lei nº 7.990/89 artigo 9º;siconfi-cor_RO1.7.2.2.22.30.00;90320,16
Prefeitura Municipal de Fonte Boa - AM;1301605;AM;20199;Receitas Brutas Realizadas;1.7.2.2.33.00.00 - Transferências de Recursos do Estado para Programas de Saúde - Repasse Fundo a Fundo;siconfi-cor_RO1.7.2.2.33.00.00;571473,76
Prefeitura Municipal de Fonte Boa - AM;1301605;AM;20199;Receitas Brutas Realizadas;1.7.2.4.00.00.00 - Transferências Multigovernamentais;siconfi-cor_RO1.7.2.4.00.00.00;19289183,34
Prefeitura Municipal de Fonte Boa - AM;1301605;AM;20199;Receitas Brutas Realizadas;1.7.2.4.01.00.00 - Transferências de Recursos do Fundo de Manutenção e Desenvolvimento do Ensino Fundamental e de Valorização do Magistério - FUNDEB;siconfi-cor_RO1.7.2.4.01.00.00;11914726,54
Prefeitura Municipal de Fonte Boa - AM;1301605;AM;20199;Receitas Brutas Realizadas;1.7.2.4.02.00.00 - Transferências de Recursos da Complementação ao Fundo de Manutenção e Desenvolvimento do Ensino Fundamental e de Valorização do Magistério - FUNDEB;siconfi-cor_RO1.7.2.4.02.00.00;7374456,8
Prefeitura Municipal de Fonte Boa - AM;1301605;AM;20199;Receitas Brutas Realizadas;1.7.3.0.00.00.00 - Transferências de Instituições Privadas;siconfi-cor_RO1.7.3.0.00.00.00;40000
Prefeitura Municipal de Fonte Boa - AM;1301605;AM;20199;Receitas Brutas Realizadas;1.9.0.0.00.00.00 - Outras Receitas Correntes;siconfi-cor_RO1.9.0.0.00.00.00;62253,61
Prefeitura Municipal de Fonte Boa - AM;1301605;AM;20199;Receitas Brutas Realizadas;1.9.2.0.00.00.00 - Indenizações e Restituições;siconfi-cor_RO1.9.2.0.00.00.00;62253,61
Prefeitura Municipal de Fonte Boa - AM;1301605;AM;20199;Receitas Brutas Realizadas;1.9.2.2.00.00.00 - Restituições;siconfi-cor_RO1.9.2.2.00.00.00;62253,61
Prefeitura Municipal de Fonte Boa - AM;1301605;AM;20199;Receitas Brutas Realizadas;1.9.2.2.99.00.00 - Outras Restituições;siconfi-cor_RO1.9.2.2.99.00.00;62253,61
Prefeitura Municipal de Fonte Boa - AM;1301605;AM;20199;Receitas Brutas Realizadas;2.0.0.0.00.00.00 - Receitas de Capital;siconfi-cor_RO2.0.0.0.00.00.00;1512685,88
Prefeitura Municipal de Fonte Boa - AM;1301605;AM;20199;Receitas Brutas Realizadas;2.4.0.0.00.00.00 - Transferências de Capital;siconfi-cor_RO2.4.0.0.00.00.00;1512685,88
Prefeitura Municipal de Fonte Boa - AM;1301605;AM;20199;Receitas Brutas Realizadas;2.4.2.0.00.00.00 - Transferências Intergovernamentais;siconfi-cor_RO2.4.2.0.00.00.00;1512685,88
Prefeitura Municipal de Fonte Boa - AM;1301605;AM;20199;Receitas Brutas Realizadas;2.4.2.1.00.00.00 - Transferências da União;siconfi-cor_RO2.4.2.1.00.00.00;1512685,88
Prefeitura Municipal de Fonte Boa - AM;1301605;AM;20199;Receitas Brutas Realizadas;2.4.2.1.02.00.00 - Transferências de Recursos Destinados a Programas de Educação;siconfi-cor_RO2.4.2.1.02.00.00;254779,88
Prefeitura Municipal de Fonte Boa - AM;1301605;AM;20199;Receitas Brutas Realizadas;2.4.2.1.99.00.00 - Outras Transferências da União;siconfi-cor_RO2.4.2.1.99.00.00;1257906
Prefeitura Municipal de Fonte Boa - AM;1301605;AM;20199;Deduções - FUNDEB;Total Receitas;siconfi-cor_TotalReceitas;4212788,98
Prefeitura Municipal de Fonte Boa - AM;1301605;AM;20199;Deduções - FUNDEB;1.0.0.0.00.00.00 - Receitas Correntes;siconfi-cor_RO1.0.0.0.00.00.00;4212788,98
Prefeitura Municipal de Fonte Boa - AM;1301605;AM;20199;Deduções - FUNDEB;1.7.0.0.00.00.00 - Transferências Correntes;siconfi-cor_RO1.7.0.0.00.00.00;4212788,98
Prefeitura Municipal de Fonte Boa - AM;1301605;AM;20199;Deduções - FUNDEB;1.7.2.0.00.00.00 - Transferências Intergovernamentais;siconfi-cor_RO1.7.2.0.00.00.00;4212788,98
Prefeitura Municipal de Fonte Boa - AM;1301605;AM;20199;Deduções - FUNDEB;1.7.2.1.00.00.00 - Transferências da União;siconfi-cor_RO1.7.2.1.00.00.00;2526577,74
Prefeitura Municipal de Fonte Boa - AM;1301605;AM;20199;Deduções - FUNDEB;1.7.2.1.01.00.00 - Participação na Receita da União;siconfi-cor_RO1.7.2.1.01.00.00;2522562,42
Prefeitura Municipal de Fonte Boa - AM;1301605;AM;20199;Deduções - FUNDEB;1.7.2.1.01.02.00 - Cota-Parte do Fundo de Participação dos Municípios ¿ FPM;siconfi-cor_RO1.7.2.1.01.02.00;2522532,65
Prefeitura Municipal de Fonte Boa - AM;1301605;AM;20199;Deduções - FUNDEB;1.7.2.1.01.05.00 - Cota-Parte do Imposto Sobre a Propriedade Territorial Rural ¿ ITR;siconfi-cor_RO1.7.2.1.01.05.00;29,77
Prefeitura Municipal de Fonte Boa - AM;1301605;AM;20199;Deduções - FUNDEB;1.7.2.1.36.00.00 - Transferências Financeiras do ICMS ¿ Desoneração ¿ L.C. Nº 87/96;siconfi-cor_RO1.7.2.1.36.00.00;4015,32
Prefeitura Municipal de Fonte Boa - AM;1301605;AM;20199;Deduções - FUNDEB;1.7.2.2.00.00.00 - Transferências dos Estados;siconfi-cor_RO1.7.2.2.00.00.00;1686211,24
Prefeitura Municipal de Fonte Boa - AM;1301605;AM;20199;Deduções - FUNDEB;1.7.2.2.01.00.00 - Participação na Receita dos Estados;siconfi-cor_RO1.7.2.2.01.00.00;1686211,24
Prefeitura Municipal de Fonte Boa - AM;1301605;AM;20199;Deduções - FUNDEB;1.7.2.2.01.01.00 - Cota-Parte do ICMS;siconfi-cor_RO1.7.2.2.01.01.00;1674985,93
Prefeitura Municipal de Fonte Boa - AM;1301605;AM;20199;Deduções - FUNDEB;1.7.2.2.01.02.00 - Cota-Parte do IPVA;siconfi-cor_RO1.7.2.2.01.02.00;4506,7
Prefeitura Municipal de Fonte Boa - AM;1301605;AM;20199;Deduções - FUNDEB;1.7.2.2.01.04.00 - Cota-Parte do IPI - Municípios;siconfi-cor_RO1.7.2.2.01.04.00;6718,61
Prefeitura Municipal de Humaitá - AM;1301704;AM;52354;Receitas Brutas Realizadas;Total Receitas;siconfi-cor_TotalReceitas;105121433,5
Prefeitura Municipal de Humaitá - AM;1301704;AM;52354;Receitas Brutas Realizadas;1.0.0.0.00.00.00 - Receitas Correntes;siconfi-cor_RO1.0.0.0.00.00.00;100315917,7
Prefeitura Municipal de Humaitá - AM;1301704;AM;52354;Receitas Brutas Realizadas;1.1.0.0.00.00.00 - Receita Tributária;siconfi-cor_RO1.1.0.0.00.00.00;4563001,43
Prefeitura Municipal de Humaitá - AM;1301704;AM;52354;Receitas Brutas Realizadas;1.1.1.0.00.00.00 - Impostos;siconfi-cor_RO1.1.1.0.00.00.00;3618061,32
Prefeitura Municipal de Humaitá - AM;1301704;AM;52354;Receitas Brutas Realizadas;1.1.1.2.00.00.00 - Impostos sobre o Patrimônio e a Renda;siconfi-cor_RO1.1.1.2.00.00.00;889450,37
Prefeitura Municipal de Humaitá - AM;1301704;AM;52354;Receitas Brutas Realizadas;1.1.1.2.02.00.00 - Imposto sobre a Propriedade Predial e Territorial Urbana ¿ IPTU;siconfi-cor_RO1.1.1.2.02.00.00;103291,09
Prefeitura Municipal de Humaitá - AM;1301704;AM;52354;Receitas Brutas Realizadas;1.1.1.2.04.00.00 - Imposto sobre a Renda e Proventos de Qualquer Natureza ¿ IR;siconfi-cor_RO1.1.1.2.04.00.00;625542,13
Prefeitura Municipal de Humaitá - AM;1301704;AM;52354;Receitas Brutas Realizadas;1.1.1.2.04.31.00 - Retido nas Fontes - Trabalho;siconfi-cor_RO1.1.1.2.04.31.00;524530,36
Prefeitura Municipal de Humaitá - AM;1301704;AM;52354;Receitas Brutas Realizadas;1.1.1.2.04.34.00 - Retido nas Fontes - Outros Rendimentos;siconfi-cor_RO1.1.1.2.04.34.00;101011,77
Prefeitura Municipal de Humaitá - AM;1301704;AM;52354;Receitas Brutas Realizadas;"1.1.1.2.08.00.00 - Imposto sobre Transmissão Inter Vivos"" de Bens Imóveis e de Direitos Reais sobre Imóveis ¿ ITBI""";siconfi-cor_RO1.1.1.2.08.00.00;160617,15
Prefeitura Municipal de Humaitá - AM;1301704;AM;52354;Receitas Brutas Realizadas;1.1.1.3.00.00.00 - Impostos sobre a Produção e a Circulação;siconfi-cor_RO1.1.1.3.00.00.00;2728610,95
Prefeitura Municipal de Humaitá - AM;1301704;AM;52354;Receitas Brutas Realizadas;1.1.1.3.05.00.00 - Imposto sobre Serviços de Qualquer Natureza ¿ ISSQN;siconfi-cor_RO1.1.1.3.05.00.00;2728610,95
Prefeitura Municipal de Humaitá - AM;1301704;AM;52354;Receitas Brutas Realizadas;1.1.2.0.00.00.00 - Taxas;siconfi-cor_RO1.1.2.0.00.00.00;944940,11
Prefeitura Municipal de Humaitá - AM;1301704;AM;52354;Receitas Brutas Realizadas;1.1.2.1.00.00.00 - Taxas pelo Exercício do Poder de Polícia;siconfi-cor_RO1.1.2.1.00.00.00;70853,37
Prefeitura Municipal de Humaitá - AM;1301704;AM;52354;Receitas Brutas Realizadas;1.1.2.2.00.00.00 - Taxas pela Prestação de Serviços;siconfi-cor_RO1.1.2.2.00.00.00;874086,74
Prefeitura Municipal de Humaitá - AM;1301704;AM;52354;Receitas Brutas Realizadas;1.1.2.2.21.00.00 - Taxas de Serviços Cadastrais;siconfi-cor_RO1.1.2.2.21.00.00;132924,73
Prefeitura Municipal de Humaitá - AM;1301704;AM;52354;Receitas Brutas Realizadas;1.1.2.2.99.00.00 - Outras Taxas pela Prestação de Serviços;siconfi-cor_RO1.1.2.2.99.00.00;741162,01
Prefeitura Municipal de Humaitá - AM;1301704;AM;52354;Receitas Brutas Realizadas;1.2.0.0.00.00.00 - Receitas de Contribuições;siconfi-cor_RO1.2.0.0.00.00.00;2267317,08
Prefeitura Municipal de Humaitá - AM;1301704;AM;52354;Receitas Brutas Realizadas;1.2.1.0.00.00.00 - Contribuições Sociais;siconfi-cor_RO1.2.1.0.00.00.00;2267317,08
Prefeitura Municipal de Humaitá - AM;1301704;AM;52354;Receitas Brutas Realizadas;1.2.1.0.29.00.00 - Contribuições para o Regime Próprio de Previdência do Servidor Público;siconfi-cor_RO1.2.1.0.29.00.00;2267317,08
Prefeitura Municipal de Humaitá - AM;1301704;AM;52354;Receitas Brutas Realizadas;1.2.1.0.29.07.00 - Contribuição do Servidor Ativo Civil para o Regime Próprio;siconfi-cor_RO1.2.1.0.29.07.00;2267317,08
Prefeitura Municipal de Humaitá - AM;1301704;AM;52354;Receitas Brutas Realizadas;1.3.0.0.00.00.00 - Receita Patrimonial;siconfi-cor_RO1.3.0.0.00.00.00;1600101,96
Prefeitura Municipal de Humaitá - AM;1301704;AM;52354;Receitas Brutas Realizadas;1.3.2.0.00.00.00 - Receitas de Valores Mobiliários;siconfi-cor_RO1.3.2.0.00.00.00;1600101,96
Prefeitura Municipal de Humaitá - AM;1301704;AM;52354;Receitas Brutas Realizadas;1.3.2.5.00.00.00 - Remuneração de Depósitos Bancários;siconfi-cor_RO1.3.2.5.00.00.00;283599,99
Prefeitura Municipal de Humaitá - AM;1301704;AM;52354;Receitas Brutas Realizadas;1.3.2.8.00.00.00 - Remuneração dos Investimentos do Regime Próprio de Previdência do Servidor;siconfi-cor_RO1.3.2.8.00.00.00;1316501,97
Prefeitura Municipal de Humaitá - AM;1301704;AM;52354;Receitas Brutas Realizadas;1.6.0.0.00.00.00 - Receita de Serviços;siconfi-cor_RO1.6.0.0.00.00.00;1526543,66
Prefeitura Municipal de Humaitá - AM;1301704;AM;52354;Receitas Brutas Realizadas;1.6.0.0.03.00.00 - Serviços de Transporte;siconfi-cor_RO1.6.0.0.03.00.00;17498,09
Prefeitura Municipal de Humaitá - AM;1301704;AM;52354;Receitas Brutas Realizadas;1.6.0.0.41.00.00 - Serviços de Captação, Adução, Tratamento, Reserva e Distribuição de Água;siconfi-cor_RO1.6.0.0.41.00.00;1497245,59
Prefeitura Municipal de Humaitá - AM;1301704;AM;52354;Receitas Brutas Realizadas;1.6.0.0.48.00.00 - Serviços de Religamento de Água;siconfi-cor_RO1.6.0.0.48.00.00;7984,76
Prefeitura Municipal de Humaitá - AM;1301704;AM;52354;Receitas Brutas Realizadas;1.6.0.0.99.00.00 - Outros Serviços;siconfi-cor_RO1.6.0.0.99.00.00;3815,22
Prefeitura Municipal de Humaitá - AM;1301704;AM;52354;Receitas Brutas Realizadas;1.7.0.0.00.00.00 - Transferências Correntes;siconfi-cor_RO1.7.0.0.00.00.00;89927974,02
Prefeitura Municipal de Humaitá - AM;1301704;AM;52354;Receitas Brutas Realizadas;1.7.2.0.00.00.00 - Transferências Intergovernamentais;siconfi-cor_RO1.7.2.0.00.00.00;89511136,23
Prefeitura Municipal de Humaitá - AM;1301704;AM;52354;Receitas Brutas Realizadas;1.7.2.1.00.00.00 - Transferências da União;siconfi-cor_RO1.7.2.1.00.00.00;39212066,75
Prefeitura Municipal de Humaitá - AM;1301704;AM;52354;Receitas Brutas Realizadas;1.7.2.1.01.00.00 - Participação na Receita da União;siconfi-cor_RO1.7.2.1.01.00.00;25281722,7
Prefeitura Municipal de Humaitá - AM;1301704;AM;52354;Receitas Brutas Realizadas;1.7.2.1.01.02.00 - Cota-Parte do Fundo de Participação dos Municípios ¿ FPM;siconfi-cor_RO1.7.2.1.01.02.00;23123219,07
Prefeitura Municipal de Humaitá - AM;1301704;AM;52354;Receitas Brutas Realizadas;1.7.2.1.01.03.00 - Cota-Parte do Fundo de Participação dos Municípios - 1% Cota Anual;siconfi-cor_RO1.7.2.1.01.03.00;1026301,74
Prefeitura Municipal de Humaitá - AM;1301704;AM;52354;Receitas Brutas Realizadas;1.7.2.1.01.04.00 - Cota-Parte do Fundo de Participação dos Municípios - 1% Cota entregue no mês de julho (67)(I);siconfi-cor_RO1.7.2.1.01.04.00;1061244,65
Prefeitura Municipal de Humaitá - AM;1301704;AM;52354;Receitas Brutas Realizadas;1.7.2.1.01.05.00 - Cota-Parte do Imposto Sobre a Propriedade Territorial Rural ¿ ITR;siconfi-cor_RO1.7.2.1.01.05.00;70957,24
Prefeitura Municipal de Humaitá - AM;1301704;AM;52354;Receitas Brutas Realizadas;1.7.2.1.22.00.00 - Transferências da Compensação Financeira pela Exploração de Recursos Naturais;siconfi-cor_RO1.7.2.1.22.00.00;269999,07
Prefeitura Municipal de Humaitá - AM;1301704;AM;52354;Receitas Brutas Realizadas;1.7.2.1.22.20.00 - Cota-Parte da Compensação Financeira de Recursos Minerais - CFEM;siconfi-cor_RO1.7.2.1.22.20.00;200,41
Prefeitura Municipal de Humaitá - AM;1301704;AM;52354;Receitas Brutas Realizadas;1.7.2.1.22.70.00 - Cota-Parte do Fundo Especial do Petróleo ¿ FEP;siconfi-cor_RO1.7.2.1.22.70.00;269798,66
Prefeitura Municipal de Humaitá - AM;1301704;AM;52354;Receitas Brutas Realizadas;1.7.2.1.33.00.00 - Transferências de Recursos do Sistema Único de Saúde - SUS - Repasses Fundo a Fundo;siconfi-cor_RO1.7.2.1.33.00.00;10097030,77
Prefeitura Municipal de Humaitá - AM;1301704;AM;52354;Receitas Brutas Realizadas;1.7.2.1.34.00.00 - Transferências de Recursos do Fundo Nacional de Assistência Social ¿ FNAS;siconfi-cor_RO1.7.2.1.34.00.00;1134577,86
Prefeitura Municipal de Humaitá - AM;1301704;AM;52354;Receitas Brutas Realizadas;1.7.2.1.35.00.00 - Transferências de Recursos do Fundo Nacional do Desenvolvimento da Educação ¿ FNDE;siconfi-cor_RO1.7.2.1.35.00.00;2362357,16
Prefeitura Municipal de Humaitá - AM;1301704;AM;52354;Receitas Brutas Realizadas;1.7.2.1.36.00.00 - Transferências Financeiras do ICMS ¿ Desoneração ¿ L.C. Nº 87/96;siconfi-cor_RO1.7.2.1.36.00.00;40304,76
Prefeitura Municipal de Humaitá - AM;1301704;AM;52354;Receitas Brutas Realizadas;1.7.2.1.99.00.00 - Outras Transferências da União;siconfi-cor_RO1.7.2.1.99.00.00;26074,43
Prefeitura Municipal de Humaitá - AM;1301704;AM;52354;Receitas Brutas Realizadas;1.7.2.2.00.00.00 - Transferências dos Estados;siconfi-cor_RO1.7.2.2.00.00.00;18137721,69
Prefeitura Municipal de Humaitá - AM;1301704;AM;52354;Receitas Brutas Realizadas;1.7.2.2.01.00.00 - Participação na Receita dos Estados;siconfi-cor_RO1.7.2.2.01.00.00;17599068,95
Prefeitura Municipal de Humaitá - AM;1301704;AM;52354;Receitas Brutas Realizadas;1.7.2.2.01.01.00 - Cota-Parte do ICMS;siconfi-cor_RO1.7.2.2.01.01.00;16705719,67
Prefeitura Municipal de Humaitá - AM;1301704;AM;52354;Receitas Brutas Realizadas;1.7.2.2.01.02.00 - Cota-Parte do IPVA;siconfi-cor_RO1.7.2.2.01.02.00;715225,14
Prefeitura Municipal de Humaitá - AM;1301704;AM;52354;Receitas Brutas Realizadas;1.7.2.2.01.04.00 - Cota-Parte do IPI - Municípios;siconfi-cor_RO1.7.2.2.01.04.00;67437,99
Prefeitura Municipal de Humaitá - AM;1301704;AM;52354;Receitas Brutas Realizadas;1.7.2.2.01.13.00 - Cota-Parte da Contribuição de Intervenção no Domínio Econômico;siconfi-cor_RO1.7.2.2.01.13.00;110686,15
Prefeitura Municipal de Humaitá - AM;1301704;AM;52354;Receitas Brutas Realizadas;1.7.2.2.22.00.00 - Transferências da Cota-Parte da Compensação Financeira (25%);siconfi-cor_RO1.7.2.2.22.00.00;181317,62
Prefeitura Municipal de Humaitá - AM;1301704;AM;52354;Receitas Brutas Realizadas;1.7.2.2.22.30.00 - Cota-Parte Royalties - Compensação Financeira pela Produção de Petróleo - Lei nº 7.990/89 artigo 9º;siconfi-cor_RO1.7.2.2.22.30.00;181317,62
Prefeitura Municipal de Humaitá - AM;1301704;AM;52354;Receitas Brutas Realizadas;1.7.2.2.33.00.00 - Transferências de Recursos do Estado para Programas de Saúde - Repasse Fundo a Fundo;siconfi-cor_RO1.7.2.2.33.00.00;357335,12
Prefeitura Municipal de Humaitá - AM;1301704;AM;52354;Receitas Brutas Realizadas;1.7.2.4.00.00.00 - Transferências Multigovernamentais;siconfi-cor_RO1.7.2.4.00.00.00;32161347,79
Prefeitura Municipal de Humaitá - AM;1301704;AM;52354;Receitas Brutas Realizadas;1.7.2.4.01.00.00 - Transferências de Recursos do Fundo de Manutenção e Desenvolvimento do Ensino Fundamental e de Valorização do Magistério - FUNDEB;siconfi-cor_RO1.7.2.4.01.00.00;24447069,24
Prefeitura Municipal de Humaitá - AM;1301704;AM;52354;Receitas Brutas Realizadas;1.7.2.4.02.00.00 - Transferências de Recursos da Complementação ao Fundo de Manutenção e Desenvolvimento do Ensino Fundamental e de Valorização do Magistério - FUNDEB;siconfi-cor_RO1.7.2.4.02.00.00;7714278,55
Prefeitura Municipal de Humaitá - AM;1301704;AM;52354;Receitas Brutas Realizadas;1.7.6.0.00.00.00 - Transferências de Convênios;siconfi-cor_RO1.7.6.0.00.00.00;416837,79
Prefeitura Municipal de Humaitá - AM;1301704;AM;52354;Receitas Brutas Realizadas;1.7.6.1.00.00.00 - Transferências de Convênios da União e de Suas Entidades;siconfi-cor_RO1.7.6.1.00.00.00;416837,79
Prefeitura Municipal de Humaitá - AM;1301704;AM;52354;Receitas Brutas Realizadas;1.7.6.1.99.00.00 - Outras Transferências de Convênios da União;siconfi-cor_RO1.7.6.1.99.00.00;416837,79
Prefeitura Municipal de Humaitá - AM;1301704;AM;52354;Receitas Brutas Realizadas;1.9.0.0.00.00.00 - Outras Receitas Correntes;siconfi-cor_RO1.9.0.0.00.00.00;430979,56
Prefeitura Municipal de Humaitá - AM;1301704;AM;52354;Receitas Brutas Realizadas;1.9.1.0.00.00.00 - Multas e Juros de Mora;siconfi-cor_RO1.9.1.0.00.00.00;53501,78
Prefeitura Municipal de Humaitá - AM;1301704;AM;52354;Receitas Brutas Realizadas;1.9.1.1.00.00.00 - Multas e Juros de Mora dos Tributos;siconfi-cor_RO1.9.1.1.00.00.00;11047,83
Prefeitura Municipal de Humaitá - AM;1301704;AM;52354;Receitas Brutas Realizadas;1.9.1.1.99.00.00 - Multas e Juros de Mora de Outros Tributos;siconfi-cor_RO1.9.1.1.99.00.00;11047,83
Prefeitura Municipal de Humaitá - AM;1301704;AM;52354;Receitas Brutas Realizadas;1.9.1.2.00.00.00 - Multas e Juros de Mora das Contribuições;siconfi-cor_RO1.9.1.2.00.00.00;41294,68
Prefeitura Municipal de Humaitá - AM;1301704;AM;52354;Receitas Brutas Realizadas;1.9.1.2.29.00.00 - Multas e Juros de Mora das Contribuições para o Regime Próprio de Previdência do Servidor;siconfi-cor_RO1.9.1.2.29.00.00;10806,91
Prefeitura Municipal de Humaitá - AM;1301704;AM;52354;Receitas Brutas Realizadas;1.9.1.2.30.00.00 - Multas e Juros de Mora das Contribuições Previdenciárias para o Regime Geral de Previdência Social;siconfi-cor_RO1.9.1.2.30.00.00;30487,77
Prefeitura Municipal de Humaitá - AM;1301704;AM;52354;Receitas Brutas Realizadas;1.9.1.9.00.00.00 - Multas de Outras Origens;siconfi-cor_RO1.9.1.9.00.00.00;1159,27
Prefeitura Municipal de Humaitá - AM;1301704;AM;52354;Receitas Brutas Realizadas;1.9.3.0.00.00.00 - Receita da Dívida Ativa;siconfi-cor_RO1.9.3.0.00.00.00;377267,47
Prefeitura Municipal de Humaitá - AM;1301704;AM;52354;Receitas Brutas Realizadas;1.9.3.1.00.00.00 - Receita da Dívida Ativa Tributária;siconfi-cor_RO1.9.3.1.00.00.00;374394,58
Prefeitura Municipal de Humaitá - AM;1301704;AM;52354;Receitas Brutas Realizadas;1.9.3.1.11.00.00 - Receita da Dívida Ativa do Imposto sobre a Propriedade Predial e Territorial Urbana ¿ IPTU;siconfi-cor_RO1.9.3.1.11.00.00;20707,81
Prefeitura Municipal de Humaitá - AM;1301704;AM;52354;Receitas Brutas Realizadas;1.9.3.1.13.00.00 - Receita da Dívida Ativa do Imposto sobre Serviços de Qualquer Natureza ¿ ISS;siconfi-cor_RO1.9.3.1.13.00.00;2334,31
Prefeitura Municipal de Humaitá - AM;1301704;AM;52354;Receitas Brutas Realizadas;1.9.3.1.99.00.00 - Receita da Dívida Ativa de Outros Tributos;siconfi-cor_RO1.9.3.1.99.00.00;351352,46
Prefeitura Municipal de Humaitá - AM;1301704;AM;52354;Receitas Brutas Realizadas;1.9.3.2.00.00.00 - Receita da Dívida Ativa Não Tributária;siconfi-cor_RO1.9.3.2.00.00.00;2872,89
Prefeitura Municipal de Humaitá - AM;1301704;AM;52354;Receitas Brutas Realizadas;1.9.3.2.99.00.00 - Receita da Dívida Ativa Não Tributária de Outras Receitas;siconfi-cor_RO1.9.3.2.99.00.00;2872,89
Prefeitura Municipal de Humaitá - AM;1301704;AM;52354;Receitas Brutas Realizadas;1.9.9.0.00.00.00 - Receitas Diversas;siconfi-cor_RO1.9.9.0.00.00.00;210,31
Prefeitura Municipal de Humaitá - AM;1301704;AM;52354;Receitas Brutas Realizadas;1.9.9.0.99.00.00 - Outras Receitas;siconfi-cor_RO1.9.9.0.99.00.00;210,31
Prefeitura Municipal de Humaitá - AM;1301704;AM;52354;Receitas Brutas Realizadas;2.0.0.0.00.00.00 - Receitas de Capital;siconfi-cor_RO2.0.0.0.00.00.00;218112,7
Prefeitura Municipal de Humaitá - AM;1301704;AM;52354;Receitas Brutas Realizadas;2.4.0.0.00.00.00 - Transferências de Capital;siconfi-cor_RO2.4.0.0.00.00.00;218112,7
Prefeitura Municipal de Humaitá - AM;1301704;AM;52354;Receitas Brutas Realizadas;2.4.7.0.00.00.00 - Transferências de Convênios;siconfi-cor_RO2.4.7.0.00.00.00;218112,7
Prefeitura Municipal de Humaitá - AM;1301704;AM;52354;Receitas Brutas Realizadas;2.4.7.1.00.00.00 - Transferências de Convênios da União e de suas Entidades;siconfi-cor_RO2.4.7.1.00.00.00;218112,7
Prefeitura Municipal de Humaitá - AM;1301704;AM;52354;Receitas Brutas Realizadas;2.4.7.1.99.00.00 - Outras Transferências de Convênios da União;siconfi-cor_RO2.4.7.1.99.00.00;218112,7
Prefeitura Municipal de Humaitá - AM;1301704;AM;52354;Receitas Brutas Realizadas;7.0.0.0.00.00.00 - Receitas Correntes Intraorçamentárias;siconfi-cor_RI7.0.0.0.00.00.00;4587403,04
Prefeitura Municipal de Humaitá - AM;1301704;AM;52354;Receitas Brutas Realizadas;7.2.0.0.00.00.00 - Receitas de Contribuições Intraorçamentárias;siconfi-cor_RI7.2.0.0.00.00.00;4587403,04
Prefeitura Municipal de Humaitá - AM;1301704;AM;52354;Receitas Brutas Realizadas;7.2.1.0.00.00.00 - Contribuições Sociais Intraorçamentárias;siconfi-cor_RI7.2.1.0.00.00.00;4587403,04
Prefeitura Municipal de Humaitá - AM;1301704;AM;52354;Receitas Brutas Realizadas;7.2.1.0.29.00.00 - Contribuições para o Regime Próprio de Previdência do Servidor Público Intraorçamentárias;siconfi-cor_RI7.2.1.0.29.00.00;4587403,04
Prefeitura Municipal de Humaitá - AM;1301704;AM;52354;Receitas Brutas Realizadas;7.2.1.0.29.01.00 - Contribuição Patronal de Servidor Ativo Civil para o Regime Próprio Intraorçamentária;siconfi-cor_RI7.2.1.0.29.01.00;4587403,04
Prefeitura Municipal de Humaitá - AM;1301704;AM;52354;Deduções - FUNDEB;Total Receitas;siconfi-cor_TotalReceitas;8144571,27
Prefeitura Municipal de Humaitá - AM;1301704;AM;52354;Deduções - FUNDEB;1.0.0.0.00.00.00 - Receitas Correntes;siconfi-cor_RO1.0.0.0.00.00.00;8144571,27
Prefeitura Municipal de Humaitá - AM;1301704;AM;52354;Deduções - FUNDEB;1.7.0.0.00.00.00 - Transferências Correntes;siconfi-cor_RO1.7.0.0.00.00.00;8144571,27
Prefeitura Municipal de Humaitá - AM;1301704;AM;52354;Deduções - FUNDEB;1.7.2.0.00.00.00 - Transferências Intergovernamentais;siconfi-cor_RO1.7.2.0.00.00.00;8144571,27
Prefeitura Municipal de Humaitá - AM;1301704;AM;52354;Deduções - FUNDEB;1.7.2.1.00.00.00 - Transferências da União;siconfi-cor_RO1.7.2.1.00.00.00;4646895,69
Prefeitura Municipal de Humaitá - AM;1301704;AM;52354;Deduções - FUNDEB;1.7.2.1.01.00.00 - Participação na Receita da União;siconfi-cor_RO1.7.2.1.01.00.00;4638834,81
Prefeitura Municipal de Humaitá - AM;1301704;AM;52354;Deduções - FUNDEB;1.7.2.1.01.02.00 - Cota-Parte do Fundo de Participação dos Municípios ¿ FPM;siconfi-cor_RO1.7.2.1.01.02.00;4624643,48
Prefeitura Municipal de Humaitá - AM;1301704;AM;52354;Deduções - FUNDEB;1.7.2.1.01.05.00 - Cota-Parte do Imposto Sobre a Propriedade Territorial Rural ¿ ITR;siconfi-cor_RO1.7.2.1.01.05.00;14191,33
Prefeitura Municipal de Humaitá - AM;1301704;AM;52354;Deduções - FUNDEB;1.7.2.1.36.00.00 - Transferências Financeiras do ICMS ¿ Desoneração ¿ L.C. Nº 87/96;siconfi-cor_RO1.7.2.1.36.00.00;8060,88
Prefeitura Municipal de Humaitá - AM;1301704;AM;52354;Deduções - FUNDEB;1.7.2.2.00.00.00 - Transferências dos Estados;siconfi-cor_RO1.7.2.2.00.00.00;3497675,58
Prefeitura Municipal de Humaitá - AM;1301704;AM;52354;Deduções - FUNDEB;1.7.2.2.01.00.00 - Participação na Receita dos Estados;siconfi-cor_RO1.7.2.2.01.00.00;3497675,58
Prefeitura Municipal de Humaitá - AM;1301704;AM;52354;Deduções - FUNDEB;1.7.2.2.01.01.00 - Cota-Parte do ICMS;siconfi-cor_RO1.7.2.2.01.01.00;3341143,93
Prefeitura Municipal de Humaitá - AM;1301704;AM;52354;Deduções - FUNDEB;1.7.2.2.01.02.00 - Cota-Parte do IPVA;siconfi-cor_RO1.7.2.2.01.02.00;143044,06
Prefeitura Municipal de Humaitá - AM;1301704;AM;52354;Deduções - FUNDEB;1.7.2.2.01.04.00 - Cota-Parte do IPI - Municípios;siconfi-cor_RO1.7.2.2.01.04.00;13487,59
Prefeitura Municipal de Uarini - AM;1304260;AM;13276;Receitas Brutas Realizadas;Total Receitas;siconfi-cor_TotalReceitas;36758973,47
Prefeitura Municipal de Uarini - AM;1304260;AM;13276;Receitas Brutas Realizadas;1.0.0.0.00.00.00 - Receitas Correntes;siconfi-cor_RO1.0.0.0.00.00.00;36512573,47
Prefeitura Municipal de Uarini - AM;1304260;AM;13276;Receitas Brutas Realizadas;1.1.0.0.00.00.00 - Receita Tributária;siconfi-cor_RO1.1.0.0.00.00.00;907810,73
Prefeitura Municipal de Uarini - AM;1304260;AM;13276;Receitas Brutas Realizadas;1.1.1.0.00.00.00 - Impostos;siconfi-cor_RO1.1.1.0.00.00.00;900823,66
Prefeitura Municipal de Uarini - AM;1304260;AM;13276;Receitas Brutas Realizadas;1.1.1.2.00.00.00 - Impostos sobre o Patrimônio e a Renda;siconfi-cor_RO1.1.1.2.00.00.00;636008,82
Prefeitura Municipal de Uarini - AM;1304260;AM;13276;Receitas Brutas Realizadas;1.1.1.2.04.00.00 - Imposto sobre a Renda e Proventos de Qualquer Natureza ¿ IR;siconfi-cor_RO1.1.1.2.04.00.00;636008,82
Prefeitura Municipal de Uarini - AM;1304260;AM;13276;Receitas Brutas Realizadas;1.1.1.2.04.31.00 - Retido nas Fontes - Trabalho;siconfi-cor_RO1.1.1.2.04.31.00;551609,18
Prefeitura Municipal de Uarini - AM;1304260;AM;13276;Receitas Brutas Realizadas;1.1.1.2.04.34.00 - Retido nas Fontes - Outros Rendimentos;siconfi-cor_RO1.1.1.2.04.34.00;84399,64
Prefeitura Municipal de Uarini - AM;1304260;AM;13276;Receitas Brutas Realizadas;1.1.1.3.00.00.00 - Impostos sobre a Produção e a Circulação;siconfi-cor_RO1.1.1.3.00.00.00;264814,84
Prefeitura Municipal de Uarini - AM;1304260;AM;13276;Receitas Brutas Realizadas;1.1.1.3.05.00.00 - Imposto sobre Serviços de Qualquer Natureza ¿ ISSQN;siconfi-cor_RO1.1.1.3.05.00.00;264814,84
Prefeitura Municipal de Uarini - AM;1304260;AM;13276;Receitas Brutas Realizadas;1.1.2.0.00.00.00 - Taxas;siconfi-cor_RO1.1.2.0.00.00.00;6987,07
Prefeitura Municipal de Uarini - AM;1304260;AM;13276;Receitas Brutas Realizadas;1.1.2.1.00.00.00 - Taxas pelo Exercício do Poder de Polícia;siconfi-cor_RO1.1.2.1.00.00.00;6046,41
Prefeitura Municipal de Uarini - AM;1304260;AM;13276;Receitas Brutas Realizadas;1.1.2.2.00.00.00 - Taxas pela Prestação de Serviços;siconfi-cor_RO1.1.2.2.00.00.00;940,66
Prefeitura Municipal de Uarini - AM;1304260;AM;13276;Receitas Brutas Realizadas;1.1.2.2.99.00.00 - Outras Taxas pela Prestação de Serviços;siconfi-cor_RO1.1.2.2.99.00.00;940,66
Prefeitura Municipal de Uarini - AM;1304260;AM;13276;Receitas Brutas Realizadas;1.2.0.0.00.00.00 - Receitas de Contribuições;siconfi-cor_RO1.2.0.0.00.00.00;126103,24
Prefeitura Municipal de Uarini - AM;1304260;AM;13276;Receitas Brutas Realizadas;1.2.2.0.00.00.00 - Contribuições de Intervenção no Domínio Econômico;siconfi-cor_RO1.2.2.0.00.00.00;126103,24
Prefeitura Municipal de Uarini - AM;1304260;AM;13276;Receitas Brutas Realizadas;1.2.2.0.24.00.00 - Contribuição sobre a Receita das Concessionárias e Permissionárias de Energia Elétrica;siconfi-cor_RO1.2.2.0.24.00.00;126103,24
Prefeitura Municipal de Uarini - AM;1304260;AM;13276;Receitas Brutas Realizadas;1.3.0.0.00.00.00 - Receita Patrimonial;siconfi-cor_RO1.3.0.0.00.00.00;166320,24
Prefeitura Municipal de Uarini - AM;1304260;AM;13276;Receitas Brutas Realizadas;1.3.2.0.00.00.00 - Receitas de Valores Mobiliários;siconfi-cor_RO1.3.2.0.00.00.00;166320,24
Prefeitura Municipal de Uarini - AM;1304260;AM;13276;Receitas Brutas Realizadas;1.3.2.5.00.00.00 - Remuneração de Depósitos Bancários;siconfi-cor_RO1.3.2.5.00.00.00;166320,24
Prefeitura Municipal de Uarini - AM;1304260;AM;13276;Receitas Brutas Realizadas;1.7.0.0.00.00.00 - Transferências Correntes;siconfi-cor_RO1.7.0.0.00.00.00;35289049,98
Prefeitura Municipal de Uarini - AM;1304260;AM;13276;Receitas Brutas Realizadas;1.7.2.0.00.00.00 - Transferências Intergovernamentais;siconfi-cor_RO1.7.2.0.00.00.00;35289049,98
Prefeitura Municipal de Uarini - AM;1304260;AM;13276;Receitas Brutas Realizadas;1.7.2.1.00.00.00 - Transferências da União;siconfi-cor_RO1.7.2.1.00.00.00;12960883,64
Prefeitura Municipal de Uarini - AM;1304260;AM;13276;Receitas Brutas Realizadas;1.7.2.1.01.00.00 - Participação na Receita da União;siconfi-cor_RO1.7.2.1.01.00.00;9168142,29
Prefeitura Municipal de Uarini - AM;1304260;AM;13276;Receitas Brutas Realizadas;1.7.2.1.01.02.00 - Cota-Parte do Fundo de Participação dos Municípios ¿ FPM;siconfi-cor_RO1.7.2.1.01.02.00;8408443,31
Prefeitura Municipal de Uarini - AM;1304260;AM;13276;Receitas Brutas Realizadas;1.7.2.1.01.03.00 - Cota-Parte do Fundo de Participação dos Municípios - 1% Cota Anual;siconfi-cor_RO1.7.2.1.01.03.00;373200,64
Prefeitura Municipal de Uarini - AM;1304260;AM;13276;Receitas Brutas Realizadas;1.7.2.1.01.04.00 - Cota-Parte do Fundo de Participação dos Municípios - 1% Cota entregue no mês de julho (67)(I);siconfi-cor_RO1.7.2.1.01.04.00;385907,14
Prefeitura Municipal de Uarini - AM;1304260;AM;13276;Receitas Brutas Realizadas;1.7.2.1.01.05.00 - Cota-Parte do Imposto Sobre a Propriedade Territorial Rural ¿ ITR;siconfi-cor_RO1.7.2.1.01.05.00;591,2
Prefeitura Municipal de Uarini - AM;1304260;AM;13276;Receitas Brutas Realizadas;1.7.2.1.22.00.00 - Transferências da Compensação Financeira pela Exploração de Recursos Naturais;siconfi-cor_RO1.7.2.1.22.00.00;170147,06
Prefeitura Municipal de Uarini - AM;1304260;AM;13276;Receitas Brutas Realizadas;1.7.2.1.22.40.00 - Cota-Parte Royalties pelo Excedente da Produção do Petróleo - Lei nº 9.478/97 artigo 49 I e II;siconfi-cor_RO1.7.2.1.22.40.00;71974,03
Prefeitura Municipal de Uarini - AM;1304260;AM;13276;Receitas Brutas Realizadas;1.7.2.1.22.70.00 - Cota-Parte do Fundo Especial do Petróleo ¿ FEP;siconfi-cor_RO1.7.2.1.22.70.00;98173,03
Prefeitura Municipal de Uarini - AM;1304260;AM;13276;Receitas Brutas Realizadas;1.7.2.1.33.00.00 - Transferências de Recursos do Sistema Único de Saúde - SUS - Repasses Fundo a Fundo;siconfi-cor_RO1.7.2.1.33.00.00;2491382,49
Prefeitura Municipal de Uarini - AM;1304260;AM;13276;Receitas Brutas Realizadas;1.7.2.1.34.00.00 - Transferências de Recursos do Fundo Nacional de Assistência Social ¿ FNAS;siconfi-cor_RO1.7.2.1.34.00.00;253705,88
Prefeitura Municipal de Uarini - AM;1304260;AM;13276;Receitas Brutas Realizadas;1.7.2.1.35.00.00 - Transferências de Recursos do Fundo Nacional do Desenvolvimento da Educação ¿ FNDE;siconfi-cor_RO1.7.2.1.35.00.00;851156,68
Prefeitura Municipal de Uarini - AM;1304260;AM;13276;Receitas Brutas Realizadas;1.7.2.1.36.00.00 - Transferências Financeiras do ICMS ¿ Desoneração ¿ L.C. Nº 87/96;siconfi-cor_RO1.7.2.1.36.00.00;15999
Prefeitura Municipal de Uarini - AM;1304260;AM;13276;Receitas Brutas Realizadas;1.7.2.1.99.00.00 - Outras Transferências da União;siconfi-cor_RO1.7.2.1.99.00.00;10350,24
Prefeitura Municipal de Uarini - AM;1304260;AM;13276;Receitas Brutas Realizadas;1.7.2.2.00.00.00 - Transferências dos Estados;siconfi-cor_RO1.7.2.2.00.00.00;6985462,9
Prefeitura Municipal de Uarini - AM;1304260;AM;13276;Receitas Brutas Realizadas;1.7.2.2.01.00.00 - Participação na Receita dos Estados;siconfi-cor_RO1.7.2.2.01.00.00;6757113,32
Prefeitura Municipal de Uarini - AM;1304260;AM;13276;Receitas Brutas Realizadas;1.7.2.2.01.01.00 - Cota-Parte do ICMS;siconfi-cor_RO1.7.2.2.01.01.00;6673783,19
Prefeitura Municipal de Uarini - AM;1304260;AM;13276;Receitas Brutas Realizadas;1.7.2.2.01.02.00 - Cota-Parte do IPVA;siconfi-cor_RO1.7.2.2.01.02.00;20782,52
Prefeitura Municipal de Uarini - AM;1304260;AM;13276;Receitas Brutas Realizadas;1.7.2.2.01.04.00 - Cota-Parte do IPI - Municípios;siconfi-cor_RO1.7.2.2.01.04.00;26769,53
Prefeitura Municipal de Uarini - AM;1304260;AM;13276;Receitas Brutas Realizadas;1.7.2.2.01.13.00 - Cota-Parte da Contribuição de Intervenção no Domínio Econômico;siconfi-cor_RO1.7.2.2.01.13.00;35778,08
Prefeitura Municipal de Uarini - AM;1304260;AM;13276;Receitas Brutas Realizadas;1.7.2.2.33.00.00 - Transferências de Recursos do Estado para Programas de Saúde - Repasse Fundo a Fundo;siconfi-cor_RO1.7.2.2.33.00.00;228349,58
Prefeitura Municipal de Uarini - AM;1304260;AM;13276;Receitas Brutas Realizadas;1.7.2.4.00.00.00 - Transferências Multigovernamentais;siconfi-cor_RO1.7.2.4.00.00.00;15342703,44
Prefeitura Municipal de Uarini - AM;1304260;AM;13276;Receitas Brutas Realizadas;1.7.2.4.01.00.00 - Transferências de Recursos do Fundo de Manutenção e Desenvolvimento do Ensino Fundamental e de Valorização do Magistério - FUNDEB;siconfi-cor_RO1.7.2.4.01.00.00;12044171,45
Prefeitura Municipal de Uarini - AM;1304260;AM;13276;Receitas Brutas Realizadas;1.7.2.4.02.00.00 - Transferências de Recursos da Complementação ao Fundo de Manutenção e Desenvolvimento do Ensino Fundamental e de Valorização do Magistério - FUNDEB;siconfi-cor_RO1.7.2.4.02.00.00;3298531,99
Prefeitura Municipal de Uarini - AM;1304260;AM;13276;Receitas Brutas Realizadas;1.9.0.0.00.00.00 - Outras Receitas Correntes;siconfi-cor_RO1.9.0.0.00.00.00;23289,28
Prefeitura Municipal de Uarini - AM;1304260;AM;13276;Receitas Brutas Realizadas;1.9.9.0.00.00.00 - Receitas Diversas;siconfi-cor_RO1.9.9.0.00.00.00;23289,28
Prefeitura Municipal de Uarini - AM;1304260;AM;13276;Receitas Brutas Realizadas;1.9.9.0.99.00.00 - Outras Receitas;siconfi-cor_RO1.9.9.0.99.00.00;23289,28
Prefeitura Municipal de Uarini - AM;1304260;AM;13276;Receitas Brutas Realizadas;2.0.0.0.00.00.00 - Receitas de Capital;siconfi-cor_RO2.0.0.0.00.00.00;246400
Prefeitura Municipal de Uarini - AM;1304260;AM;13276;Receitas Brutas Realizadas;2.4.0.0.00.00.00 - Transferências de Capital;siconfi-cor_RO2.4.0.0.00.00.00;246400
Prefeitura Municipal de Uarini - AM;1304260;AM;13276;Receitas Brutas Realizadas;2.4.2.0.00.00.00 - Transferências Intergovernamentais;siconfi-cor_RO2.4.2.0.00.00.00;246400
Prefeitura Municipal de Uarini - AM;1304260;AM;13276;Receitas Brutas Realizadas;2.4.2.1.00.00.00 - Transferências da União;siconfi-cor_RO2.4.2.1.00.00.00;246400
Prefeitura Municipal de Uarini - AM;1304260;AM;13276;Receitas Brutas Realizadas;2.4.2.1.01.00.00 - Participação na Receita da União;siconfi-cor_RO2.4.2.1.01.00.00;246400
Prefeitura Municipal de Uarini - AM;1304260;AM;13276;Outras Deduções da Receita;Total Receitas;siconfi-cor_TotalReceitas;3029273,21
Prefeitura Municipal de Uarini - AM;1304260;AM;13276;Outras Deduções da Receita;1.0.0.0.00.00.00 - Receitas Correntes;siconfi-cor_RO1.0.0.0.00.00.00;3029273,21
Prefeitura Municipal de Uarini - AM;1304260;AM;13276;Outras Deduções da Receita;1.7.0.0.00.00.00 - Transferências Correntes;siconfi-cor_RO1.7.0.0.00.00.00;3029273,21
Prefeitura Municipal de Uarini - AM;1304260;AM;13276;Outras Deduções da Receita;1.7.2.0.00.00.00 - Transferências Intergovernamentais;siconfi-cor_RO1.7.2.0.00.00.00;3029273,21
Prefeitura Municipal de Uarini - AM;1304260;AM;13276;Outras Deduções da Receita;1.7.2.1.00.00.00 - Transferências da União;siconfi-cor_RO1.7.2.1.00.00.00;1685006,33
Prefeitura Municipal de Uarini - AM;1304260;AM;13276;Outras Deduções da Receita;1.7.2.1.01.00.00 - Participação na Receita da União;siconfi-cor_RO1.7.2.1.01.00.00;1681806,53
Prefeitura Municipal de Uarini - AM;1304260;AM;13276;Outras Deduções da Receita;1.7.2.1.01.02.00 - Cota-Parte do Fundo de Participação dos Municípios ¿ FPM;siconfi-cor_RO1.7.2.1.01.02.00;1681688,32
Prefeitura Municipal de Uarini - AM;1304260;AM;13276;Outras Deduções da Receita;1.7.2.1.01.05.00 - Cota-Parte do Imposto Sobre a Propriedade Territorial Rural ¿ ITR;siconfi-cor_RO1.7.2.1.01.05.00;118,21
Prefeitura Municipal de Uarini - AM;1304260;AM;13276;Outras Deduções da Receita;1.7.2.1.36.00.00 - Transferências Financeiras do ICMS ¿ Desoneração ¿ L.C. Nº 87/96;siconfi-cor_RO1.7.2.1.36.00.00;3199,8
Prefeitura Municipal de Uarini - AM;1304260;AM;13276;Outras Deduções da Receita;1.7.2.2.00.00.00 - Transferências dos Estados;siconfi-cor_RO1.7.2.2.00.00.00;1344266,88
Prefeitura Municipal de Uarini - AM;1304260;AM;13276;Outras Deduções da Receita;1.7.2.2.01.00.00 - Participação na Receita dos Estados;siconfi-cor_RO1.7.2.2.01.00.00;1344266,88
Prefeitura Municipal de Uarini - AM;1304260;AM;13276;Outras Deduções da Receita;1.7.2.2.01.01.00 - Cota-Parte do ICMS;siconfi-cor_RO1.7.2.2.01.01.00;1338912,91
Prefeitura Municipal de Uarini - AM;1304260;AM;13276;Outras Deduções da Receita;1.7.2.2.01.04.00 - Cota-Parte do IPI - Municípios;siconfi-cor_RO1.7.2.2.01.04.00;5353,97
Prefeitura Municipal de Japurá - AM;1302108;AM;4660;Receitas Brutas Realizadas;Total Receitas;siconfi-cor_TotalReceitas;32835583,09
Prefeitura Municipal de Japurá - AM;1302108;AM;4660;Receitas Brutas Realizadas;1.0.0.0.00.00.00 - Receitas Correntes;siconfi-cor_RO1.0.0.0.00.00.00;32366921,9
Prefeitura Municipal de Japurá - AM;1302108;AM;4660;Receitas Brutas Realizadas;1.1.0.0.00.00.00 - Receita Tributária;siconfi-cor_RO1.1.0.0.00.00.00;609046,59
Prefeitura Municipal de Japurá - AM;1302108;AM;4660;Receitas Brutas Realizadas;1.1.1.0.00.00.00 - Impostos;siconfi-cor_RO1.1.1.0.00.00.00;402003,21
Prefeitura Municipal de Japurá - AM;1302108;AM;4660;Receitas Brutas Realizadas;1.1.1.2.00.00.00 - Impostos sobre o Patrimônio e a Renda;siconfi-cor_RO1.1.1.2.00.00.00;171770,75
Prefeitura Municipal de Japurá - AM;1302108;AM;4660;Receitas Brutas Realizadas;1.1.1.2.02.00.00 - Imposto sobre a Propriedade Predial e Territorial Urbana ¿ IPTU;siconfi-cor_RO1.1.1.2.02.00.00;753
Prefeitura Municipal de Japurá - AM;1302108;AM;4660;Receitas Brutas Realizadas;1.1.1.2.04.00.00 - Imposto sobre a Renda e Proventos de Qualquer Natureza ¿ IR;siconfi-cor_RO1.1.1.2.04.00.00;171017,75
Prefeitura Municipal de Japurá - AM;1302108;AM;4660;Receitas Brutas Realizadas;1.1.1.2.04.31.00 - Retido nas Fontes - Trabalho;siconfi-cor_RO1.1.1.2.04.31.00;162091,09
Prefeitura Municipal de Japurá - AM;1302108;AM;4660;Receitas Brutas Realizadas;1.1.1.2.04.34.00 - Retido nas Fontes - Outros Rendimentos;siconfi-cor_RO1.1.1.2.04.34.00;8926,66
Prefeitura Municipal de Japurá - AM;1302108;AM;4660;Receitas Brutas Realizadas;1.1.1.3.00.00.00 - Impostos sobre a Produção e a Circulação;siconfi-cor_RO1.1.1.3.00.00.00;230232,46
Prefeitura Municipal de Japurá - AM;1302108;AM;4660;Receitas Brutas Realizadas;1.1.1.3.05.00.00 - Imposto sobre Serviços de Qualquer Natureza ¿ ISSQN;siconfi-cor_RO1.1.1.3.05.00.00;230232,46
Prefeitura Municipal de Japurá - AM;1302108;AM;4660;Receitas Brutas Realizadas;1.1.2.0.00.00.00 - Taxas;siconfi-cor_RO1.1.2.0.00.00.00;32106,44
Prefeitura Municipal de Japurá - AM;1302108;AM;4660;Receitas Brutas Realizadas;1.1.2.1.00.00.00 - Taxas pelo Exercício do Poder de Polícia;siconfi-cor_RO1.1.2.1.00.00.00;32106,44
Prefeitura Municipal de Japurá - AM;1302108;AM;4660;Receitas Brutas Realizadas;1.1.3.0.00.00.00 - Contribuição de Melhoria;siconfi-cor_RO1.1.3.0.00.00.00;174936,94
Prefeitura Municipal de Japurá - AM;1302108;AM;4660;Receitas Brutas Realizadas;1.1.3.0.02.00.00 - Contribuição de Melhoria para Expansão da Rede de Iluminação Pública na Cidade;siconfi-cor_RO1.1.3.0.02.00.00;174936,94
Prefeitura Municipal de Japurá - AM;1302108;AM;4660;Receitas Brutas Realizadas;1.3.0.0.00.00.00 - Receita Patrimonial;siconfi-cor_RO1.3.0.0.00.00.00;75683,07
Prefeitura Municipal de Japurá - AM;1302108;AM;4660;Receitas Brutas Realizadas;1.3.2.0.00.00.00 - Receitas de Valores Mobiliários;siconfi-cor_RO1.3.2.0.00.00.00;75683,07
Prefeitura Municipal de Japurá - AM;1302108;AM;4660;Receitas Brutas Realizadas;1.3.2.5.00.00.00 - Remuneração de Depósitos Bancários;siconfi-cor_RO1.3.2.5.00.00.00;75683,07
Prefeitura Municipal de Japurá - AM;1302108;AM;4660;Receitas Brutas Realizadas;1.7.0.0.00.00.00 - Transferências Correntes;siconfi-cor_RO1.7.0.0.00.00.00;31682192,24
Prefeitura Municipal de Japurá - AM;1302108;AM;4660;Receitas Brutas Realizadas;1.7.2.0.00.00.00 - Transferências Intergovernamentais;siconfi-cor_RO1.7.2.0.00.00.00;31126854,24
Prefeitura Municipal de Japurá - AM;1302108;AM;4660;Receitas Brutas Realizadas;1.7.2.1.00.00.00 - Transferências da União;siconfi-cor_RO1.7.2.1.00.00.00;10329761,74
Prefeitura Municipal de Japurá - AM;1302108;AM;4660;Receitas Brutas Realizadas;1.7.2.1.01.00.00 - Participação na Receita da União;siconfi-cor_RO1.7.2.1.01.00.00;6875734,58
Prefeitura Municipal de Japurá - AM;1302108;AM;4660;Receitas Brutas Realizadas;1.7.2.1.01.02.00 - Cota-Parte do Fundo de Participação dos Municípios ¿ FPM;siconfi-cor_RO1.7.2.1.01.02.00;6306332,47
Prefeitura Municipal de Japurá - AM;1302108;AM;4660;Receitas Brutas Realizadas;1.7.2.1.01.03.00 - Cota-Parte do Fundo de Participação dos Municípios - 1% Cota Anual;siconfi-cor_RO1.7.2.1.01.03.00;279900,48
Prefeitura Municipal de Japurá - AM;1302108;AM;4660;Receitas Brutas Realizadas;1.7.2.1.01.04.00 - Cota-Parte do Fundo de Participação dos Municípios - 1% Cota entregue no mês de julho (67)(I);siconfi-cor_RO1.7.2.1.01.04.00;289430,36
Prefeitura Municipal de Japurá - AM;1302108;AM;4660;Receitas Brutas Realizadas;1.7.2.1.01.05.00 - Cota-Parte do Imposto Sobre a Propriedade Territorial Rural ¿ ITR;siconfi-cor_RO1.7.2.1.01.05.00;71,27
Prefeitura Municipal de Japurá - AM;1302108;AM;4660;Receitas Brutas Realizadas;1.7.2.1.22.00.00 - Transferências da Compensação Financeira pela Exploração de Recursos Naturais;siconfi-cor_RO1.7.2.1.22.00.00;73629,76
Prefeitura Municipal de Japurá - AM;1302108;AM;4660;Receitas Brutas Realizadas;1.7.2.1.22.70.00 - Cota-Parte do Fundo Especial do Petróleo ¿ FEP;siconfi-cor_RO1.7.2.1.22.70.00;73629,76
Prefeitura Municipal de Japurá - AM;1302108;AM;4660;Receitas Brutas Realizadas;1.7.2.1.33.00.00 - Transferências de Recursos do Sistema Único de Saúde - SUS - Repasses Fundo a Fundo;siconfi-cor_RO1.7.2.1.33.00.00;2016994,02
Prefeitura Municipal de Japurá - AM;1302108;AM;4660;Receitas Brutas Realizadas;1.7.2.1.34.00.00 - Transferências de Recursos do Fundo Nacional de Assistência Social ¿ FNAS;siconfi-cor_RO1.7.2.1.34.00.00;313230,27
Prefeitura Municipal de Japurá - AM;1302108;AM;4660;Receitas Brutas Realizadas;1.7.2.1.35.00.00 - Transferências de Recursos do Fundo Nacional do Desenvolvimento da Educação ¿ FNDE;siconfi-cor_RO1.7.2.1.35.00.00;1015781,83
Prefeitura Municipal de Japurá - AM;1302108;AM;4660;Receitas Brutas Realizadas;1.7.2.1.36.00.00 - Transferências Financeiras do ICMS ¿ Desoneração ¿ L.C. Nº 87/96;siconfi-cor_RO1.7.2.1.36.00.00;20882,04
Prefeitura Municipal de Japurá - AM;1302108;AM;4660;Receitas Brutas Realizadas;1.7.2.1.99.00.00 - Outras Transferências da União;siconfi-cor_RO1.7.2.1.99.00.00;13509,24
Prefeitura Municipal de Japurá - AM;1302108;AM;4660;Receitas Brutas Realizadas;1.7.2.2.00.00.00 - Transferências dos Estados;siconfi-cor_RO1.7.2.2.00.00.00;9192336,2
Prefeitura Municipal de Japurá - AM;1302108;AM;4660;Receitas Brutas Realizadas;1.7.2.2.01.00.00 - Participação na Receita dos Estados;siconfi-cor_RO1.7.2.2.01.00.00;8777545,39
Prefeitura Municipal de Japurá - AM;1302108;AM;4660;Receitas Brutas Realizadas;1.7.2.2.01.01.00 - Cota-Parte do ICMS;siconfi-cor_RO1.7.2.2.01.01.00;8710691,28
Prefeitura Municipal de Japurá - AM;1302108;AM;4660;Receitas Brutas Realizadas;1.7.2.2.01.02.00 - Cota-Parte do IPVA;siconfi-cor_RO1.7.2.2.01.02.00;9114,21
Prefeitura Municipal de Japurá - AM;1302108;AM;4660;Receitas Brutas Realizadas;1.7.2.2.01.04.00 - Cota-Parte do IPI - Municípios;siconfi-cor_RO1.7.2.2.01.04.00;34939,87
Prefeitura Municipal de Japurá - AM;1302108;AM;4660;Receitas Brutas Realizadas;1.7.2.2.01.13.00 - Cota-Parte da Contribuição de Intervenção no Domínio Econômico;siconfi-cor_RO1.7.2.2.01.13.00;22800,03
Prefeitura Municipal de Japurá - AM;1302108;AM;4660;Receitas Brutas Realizadas;1.7.2.2.22.00.00 - Transferências da Cota-Parte da Compensação Financeira (25%);siconfi-cor_RO1.7.2.2.22.00.00;93941,23
Prefeitura Municipal de Japurá - AM;1302108;AM;4660;Receitas Brutas Realizadas;1.7.2.2.22.30.00 - Cota-Parte Royalties - Compensação Financeira pela Produção de Petróleo - Lei nº 7.990/89 artigo 9º;siconfi-cor_RO1.7.2.2.22.30.00;93941,23
Prefeitura Municipal de Japurá - AM;1302108;AM;4660;Receitas Brutas Realizadas;1.7.2.2.33.00.00 - Transferências de Recursos do Estado para Programas de Saúde - Repasse Fundo a Fundo;siconfi-cor_RO1.7.2.2.33.00.00;320849,58
Prefeitura Municipal de Japurá - AM;1302108;AM;4660;Receitas Brutas Realizadas;1.7.2.4.00.00.00 - Transferências Multigovernamentais;siconfi-cor_RO1.7.2.4.00.00.00;11604756,3
Prefeitura Municipal de Japurá - AM;1302108;AM;4660;Receitas Brutas Realizadas;1.7.2.4.01.00.00 - Transferências de Recursos do Fundo de Manutenção e Desenvolvimento do Ensino Fundamental e de Valorização do Magistério - FUNDEB;siconfi-cor_RO1.7.2.4.01.00.00;6701753,1
Prefeitura Municipal de Japurá - AM;1302108;AM;4660;Receitas Brutas Realizadas;1.7.2.4.02.00.00 - Transferências de Recursos da Complementação ao Fundo de Manutenção e Desenvolvimento do Ensino Fundamental e de Valorização do Magistério - FUNDEB;siconfi-cor_RO1.7.2.4.02.00.00;4903003,2
Prefeitura Municipal de Japurá - AM;1302108;AM;4660;Receitas Brutas Realizadas;1.7.6.0.00.00.00 - Transferências de Convênios;siconfi-cor_RO1.7.6.0.00.00.00;555338
Prefeitura Municipal de Japurá - AM;1302108;AM;4660;Receitas Brutas Realizadas;1.7.6.1.00.00.00 - Transferências de Convênios da União e de Suas Entidades;siconfi-cor_RO1.7.6.1.00.00.00;555338
Prefeitura Municipal de Japurá - AM;1302108;AM;4660;Receitas Brutas Realizadas;1.7.6.1.01.00.00 - Transferências de Convênios da União para o Sistema Único de Saúde - SUS;siconfi-cor_RO1.7.6.1.01.00.00;555338
Prefeitura Municipal de Japurá - AM;1302108;AM;4660;Receitas Brutas Realizadas;2.0.0.0.00.00.00 - Receitas de Capital;siconfi-cor_RO2.0.0.0.00.00.00;468661,19
Prefeitura Municipal de Japurá - AM;1302108;AM;4660;Receitas Brutas Realizadas;2.4.0.0.00.00.00 - Transferências de Capital;siconfi-cor_RO2.4.0.0.00.00.00;468661,19
Prefeitura Municipal de Japurá - AM;1302108;AM;4660;Receitas Brutas Realizadas;2.4.7.0.00.00.00 - Transferências de Convênios;siconfi-cor_RO2.4.7.0.00.00.00;468661,19
Prefeitura Municipal de Japurá - AM;1302108;AM;4660;Receitas Brutas Realizadas;2.4.7.1.00.00.00 - Transferências de Convênios da União e de suas Entidades;siconfi-cor_RO2.4.7.1.00.00.00;325855,46
Prefeitura Municipal de Japurá - AM;1302108;AM;4660;Receitas Brutas Realizadas;2.4.7.1.02.00.00 - Transferências de Convênios da União Destinadas a Programas de Educação;siconfi-cor_RO2.4.7.1.02.00.00;325855,46
Prefeitura Municipal de Japurá - AM;1302108;AM;4660;Receitas Brutas Realizadas;2.4.7.2.00.00.00 - Transferências de Convênios dos Estados e do Distrito Federal e de suas Entidades;siconfi-cor_RO2.4.7.2.00.00.00;142805,73
Prefeitura Municipal de Japurá - AM;1302108;AM;4660;Receitas Brutas Realizadas;2.4.7.2.02.00.00 - Transferências de Convênios dos Estados Destinadas a Programas de Educação;siconfi-cor_RO2.4.7.2.02.00.00;142805,73
Prefeitura Municipal de Jutaí - AM;1302306;AM;16200;Receitas Brutas Realizadas;Total Receitas;siconfi-cor_TotalReceitas;55122626,17
Prefeitura Municipal de Jutaí - AM;1302306;AM;16200;Receitas Brutas Realizadas;1.0.0.0.00.00.00 - Receitas Correntes;siconfi-cor_RO1.0.0.0.00.00.00;55122626,17
Prefeitura Municipal de Jutaí - AM;1302306;AM;16200;Receitas Brutas Realizadas;1.1.0.0.00.00.00 - Receita Tributária;siconfi-cor_RO1.1.0.0.00.00.00;832759,92
Prefeitura Municipal de Jutaí - AM;1302306;AM;16200;Receitas Brutas Realizadas;1.1.1.0.00.00.00 - Impostos;siconfi-cor_RO1.1.1.0.00.00.00;804187,17
Prefeitura Municipal de Jutaí - AM;1302306;AM;16200;Receitas Brutas Realizadas;1.1.1.2.00.00.00 - Impostos sobre o Patrimônio e a Renda;siconfi-cor_RO1.1.1.2.00.00.00;545210,52
Prefeitura Municipal de Jutaí - AM;1302306;AM;16200;Receitas Brutas Realizadas;1.1.1.2.04.00.00 - Imposto sobre a Renda e Proventos de Qualquer Natureza ¿ IR;siconfi-cor_RO1.1.1.2.04.00.00;543989,27
Prefeitura Municipal de Jutaí - AM;1302306;AM;16200;Receitas Brutas Realizadas;1.1.1.2.04.31.00 - Retido nas Fontes - Trabalho;siconfi-cor_RO1.1.1.2.04.31.00;492961,88
Prefeitura Municipal de Jutaí - AM;1302306;AM;16200;Receitas Brutas Realizadas;1.1.1.2.04.34.00 - Retido nas Fontes - Outros Rendimentos;siconfi-cor_RO1.1.1.2.04.34.00;51027,39
Prefeitura Municipal de Jutaí - AM;1302306;AM;16200;Receitas Brutas Realizadas;"1.1.1.2.08.00.00 - Imposto sobre Transmissão Inter Vivos"" de Bens Imóveis e de Direitos Reais sobre Imóveis ¿ ITBI""";siconfi-cor_RO1.1.1.2.08.00.00;1221,25
Prefeitura Municipal de Jutaí - AM;1302306;AM;16200;Receitas Brutas Realizadas;1.1.1.3.00.00.00 - Impostos sobre a Produção e a Circulação;siconfi-cor_RO1.1.1.3.00.00.00;258976,65
Prefeitura Municipal de Jutaí - AM;1302306;AM;16200;Receitas Brutas Realizadas;1.1.1.3.05.00.00 - Imposto sobre Serviços de Qualquer Natureza ¿ ISSQN;siconfi-cor_RO1.1.1.3.05.00.00;258976,65
Prefeitura Municipal de Jutaí - AM;1302306;AM;16200;Receitas Brutas Realizadas;1.1.2.0.00.00.00 - Taxas;siconfi-cor_RO1.1.2.0.00.00.00;28572,75
Prefeitura Municipal de Jutaí - AM;1302306;AM;16200;Receitas Brutas Realizadas;1.1.2.1.00.00.00 - Taxas pelo Exercício do Poder de Polícia;siconfi-cor_RO1.1.2.1.00.00.00;16848,71
Prefeitura Municipal de Jutaí - AM;1302306;AM;16200;Receitas Brutas Realizadas;1.1.2.2.00.00.00 - Taxas pela Prestação de Serviços;siconfi-cor_RO1.1.2.2.00.00.00;11724,04
Prefeitura Municipal de Jutaí - AM;1302306;AM;16200;Receitas Brutas Realizadas;1.1.2.2.99.00.00 - Outras Taxas pela Prestação de Serviços;siconfi-cor_RO1.1.2.2.99.00.00;11724,04
Prefeitura Municipal de Jutaí - AM;1302306;AM;16200;Receitas Brutas Realizadas;1.2.0.0.00.00.00 - Receitas de Contribuições;siconfi-cor_RO1.2.0.0.00.00.00;433852,62
Prefeitura Municipal de Jutaí - AM;1302306;AM;16200;Receitas Brutas Realizadas;1.2.2.0.00.00.00 - Contribuições de Intervenção no Domínio Econômico;siconfi-cor_RO1.2.2.0.00.00.00;433852,62
Prefeitura Municipal de Jutaí - AM;1302306;AM;16200;Receitas Brutas Realizadas;1.2.2.0.24.00.00 - Contribuição sobre a Receita das Concessionárias e Permissionárias de Energia Elétrica;siconfi-cor_RO1.2.2.0.24.00.00;433852,62
Prefeitura Municipal de Jutaí - AM;1302306;AM;16200;Receitas Brutas Realizadas;1.3.0.0.00.00.00 - Receita Patrimonial;siconfi-cor_RO1.3.0.0.00.00.00;280246,35
Prefeitura Municipal de Jutaí - AM;1302306;AM;16200;Receitas Brutas Realizadas;1.3.2.0.00.00.00 - Receitas de Valores Mobiliários;siconfi-cor_RO1.3.2.0.00.00.00;280246,35
Prefeitura Municipal de Jutaí - AM;1302306;AM;16200;Receitas Brutas Realizadas;1.3.2.5.00.00.00 - Remuneração de Depósitos Bancários;siconfi-cor_RO1.3.2.5.00.00.00;280246,35
Prefeitura Municipal de Jutaí - AM;1302306;AM;16200;Receitas Brutas Realizadas;1.7.0.0.00.00.00 - Transferências Correntes;siconfi-cor_RO1.7.0.0.00.00.00;53575767,28
Prefeitura Municipal de Jutaí - AM;1302306;AM;16200;Receitas Brutas Realizadas;1.7.2.0.00.00.00 - Transferências Intergovernamentais;siconfi-cor_RO1.7.2.0.00.00.00;53575767,28
Prefeitura Municipal de Jutaí - AM;1302306;AM;16200;Receitas Brutas Realizadas;1.7.2.1.00.00.00 - Transferências da União;siconfi-cor_RO1.7.2.1.00.00.00;17146032,34
Prefeitura Municipal de Jutaí - AM;1302306;AM;16200;Receitas Brutas Realizadas;1.7.2.1.01.00.00 - Participação na Receita da União;siconfi-cor_RO1.7.2.1.01.00.00;11459481,76
Prefeitura Municipal de Jutaí - AM;1302306;AM;16200;Receitas Brutas Realizadas;1.7.2.1.01.02.00 - Cota-Parte do Fundo de Participação dos Municípios ¿ FPM;siconfi-cor_RO1.7.2.1.01.02.00;11459438,87
Prefeitura Municipal de Jutaí - AM;1302306;AM;16200;Receitas Brutas Realizadas;1.7.2.1.01.05.00 - Cota-Parte do Imposto Sobre a Propriedade Territorial Rural ¿ ITR;siconfi-cor_RO1.7.2.1.01.05.00;42,89
Prefeitura Municipal de Jutaí - AM;1302306;AM;16200;Receitas Brutas Realizadas;1.7.2.1.22.00.00 - Transferências da Compensação Financeira pela Exploração de Recursos Naturais;siconfi-cor_RO1.7.2.1.22.00.00;151996,48
Prefeitura Municipal de Jutaí - AM;1302306;AM;16200;Receitas Brutas Realizadas;1.7.2.1.22.20.00 - Cota-Parte da Compensação Financeira de Recursos Minerais - CFEM;siconfi-cor_RO1.7.2.1.22.20.00;7214,34
Prefeitura Municipal de Jutaí - AM;1302306;AM;16200;Receitas Brutas Realizadas;1.7.2.1.22.70.00 - Cota-Parte do Fundo Especial do Petróleo ¿ FEP;siconfi-cor_RO1.7.2.1.22.70.00;122716,29
Prefeitura Municipal de Jutaí - AM;1302306;AM;16200;Receitas Brutas Realizadas;1.7.2.1.22.90.00 - Outras Transferências Decorrentes de Compensação Financeira pela Exploração de Recursos Naturais;siconfi-cor_RO1.7.2.1.22.90.00;22065,85
Prefeitura Municipal de Jutaí - AM;1302306;AM;16200;Receitas Brutas Realizadas;1.7.2.1.33.00.00 - Transferências de Recursos do Sistema Único de Saúde - SUS - Repasses Fundo a Fundo;siconfi-cor_RO1.7.2.1.33.00.00;3402618,88
Prefeitura Municipal de Jutaí - AM;1302306;AM;16200;Receitas Brutas Realizadas;1.7.2.1.34.00.00 - Transferências de Recursos do Fundo Nacional de Assistência Social ¿ FNAS;siconfi-cor_RO1.7.2.1.34.00.00;591755,61
Prefeitura Municipal de Jutaí - AM;1302306;AM;16200;Receitas Brutas Realizadas;1.7.2.1.35.00.00 - Transferências de Recursos do Fundo Nacional do Desenvolvimento da Educação ¿ FNDE;siconfi-cor_RO1.7.2.1.35.00.00;1497198,06
Prefeitura Municipal de Jutaí - AM;1302306;AM;16200;Receitas Brutas Realizadas;1.7.2.1.36.00.00 - Transferências Financeiras do ICMS ¿ Desoneração ¿ L.C. Nº 87/96;siconfi-cor_RO1.7.2.1.36.00.00;25663,68
Prefeitura Municipal de Jutaí - AM;1302306;AM;16200;Receitas Brutas Realizadas;1.7.2.1.99.00.00 - Outras Transferências da União;siconfi-cor_RO1.7.2.1.99.00.00;17317,87
Prefeitura Municipal de Jutaí - AM;1302306;AM;16200;Receitas Brutas Realizadas;1.7.2.2.00.00.00 - Transferências dos Estados;siconfi-cor_RO1.7.2.2.00.00.00;11162127,22
Prefeitura Municipal de Jutaí - AM;1302306;AM;16200;Receitas Brutas Realizadas;1.7.2.2.01.00.00 - Participação na Receita dos Estados;siconfi-cor_RO1.7.2.2.01.00.00;10809325,41
Prefeitura Municipal de Jutaí - AM;1302306;AM;16200;Receitas Brutas Realizadas;1.7.2.2.01.01.00 - Cota-Parte do ICMS;siconfi-cor_RO1.7.2.2.01.01.00;10705296,04
Prefeitura Municipal de Jutaí - AM;1302306;AM;16200;Receitas Brutas Realizadas;1.7.2.2.01.02.00 - Cota-Parte do IPVA;siconfi-cor_RO1.7.2.2.01.02.00;16556,09
Prefeitura Municipal de Jutaí - AM;1302306;AM;16200;Receitas Brutas Realizadas;1.7.2.2.01.04.00 - Cota-Parte do IPI - Municípios;siconfi-cor_RO1.7.2.2.01.04.00;42940,45
Prefeitura Municipal de Jutaí - AM;1302306;AM;16200;Receitas Brutas Realizadas;1.7.2.2.01.13.00 - Cota-Parte da Contribuição de Intervenção no Domínio Econômico;siconfi-cor_RO1.7.2.2.01.13.00;44532,83
Prefeitura Municipal de Jutaí - AM;1302306;AM;16200;Receitas Brutas Realizadas;1.7.2.2.22.00.00 - Transferências da Cota-Parte da Compensação Financeira (25%);siconfi-cor_RO1.7.2.2.22.00.00;115452,23
Prefeitura Municipal de Jutaí - AM;1302306;AM;16200;Receitas Brutas Realizadas;1.7.2.2.22.30.00 - Cota-Parte Royalties - Compensação Financeira pela Produção de Petróleo - Lei nº 7.990/89 artigo 9º;siconfi-cor_RO1.7.2.2.22.30.00;115452,23
Prefeitura Municipal de Jutaí - AM;1302306;AM;16200;Receitas Brutas Realizadas;1.7.2.2.33.00.00 - Transferências de Recursos do Estado para Programas de Saúde - Repasse Fundo a Fundo;siconfi-cor_RO1.7.2.2.33.00.00;237349,58
Prefeitura Municipal de Jutaí - AM;1302306;AM;16200;Receitas Brutas Realizadas;1.7.2.4.00.00.00 - Transferências Multigovernamentais;siconfi-cor_RO1.7.2.4.00.00.00;25267607,72
Prefeitura Municipal de Jutaí - AM;1302306;AM;16200;Receitas Brutas Realizadas;1.7.2.4.01.00.00 - Transferências de Recursos do Fundo de Manutenção e Desenvolvimento do Ensino Fundamental e de Valorização do Magistério - FUNDEB;siconfi-cor_RO1.7.2.4.01.00.00;15930056,92
Prefeitura Municipal de Jutaí - AM;1302306;AM;16200;Receitas Brutas Realizadas;1.7.2.4.02.00.00 - Transferências de Recursos da Complementação ao Fundo de Manutenção e Desenvolvimento do Ensino Fundamental e de Valorização do Magistério - FUNDEB;siconfi-cor_RO1.7.2.4.02.00.00;9337550,8
Prefeitura Municipal de Jutaí - AM;1302306;AM;16200;Outras Deduções da Receita;Total Receitas;siconfi-cor_TotalReceitas;4260210,22
Prefeitura Municipal de Jutaí - AM;1302306;AM;16200;Outras Deduções da Receita;1.0.0.0.00.00.00 - Receitas Correntes;siconfi-cor_RO1.0.0.0.00.00.00;4260210,22
Prefeitura Municipal de Jutaí - AM;1302306;AM;16200;Outras Deduções da Receita;1.7.0.0.00.00.00 - Transferências Correntes;siconfi-cor_RO1.7.0.0.00.00.00;4260210,22
Prefeitura Municipal de Jutaí - AM;1302306;AM;16200;Outras Deduções da Receita;1.7.2.0.00.00.00 - Transferências Intergovernamentais;siconfi-cor_RO1.7.2.0.00.00.00;4260210,22
Prefeitura Municipal de Jutaí - AM;1302306;AM;16200;Outras Deduções da Receita;1.7.2.1.00.00.00 - Transferências da União;siconfi-cor_RO1.7.2.1.00.00.00;2107251,72
Prefeitura Municipal de Jutaí - AM;1302306;AM;16200;Outras Deduções da Receita;1.7.2.1.01.00.00 - Participação na Receita da União;siconfi-cor_RO1.7.2.1.01.00.00;2102119,08
Prefeitura Municipal de Jutaí - AM;1302306;AM;16200;Outras Deduções da Receita;1.7.2.1.01.02.00 - Cota-Parte do Fundo de Participação dos Municípios ¿ FPM;siconfi-cor_RO1.7.2.1.01.02.00;2102110,51
Prefeitura Municipal de Jutaí - AM;1302306;AM;16200;Outras Deduções da Receita;1.7.2.1.01.05.00 - Cota-Parte do Imposto Sobre a Propriedade Territorial Rural ¿ ITR;siconfi-cor_RO1.7.2.1.01.05.00;8,57
Prefeitura Municipal de Jutaí - AM;1302306;AM;16200;Outras Deduções da Receita;1.7.2.1.36.00.00 - Transferências Financeiras do ICMS ¿ Desoneração ¿ L.C. Nº 87/96;siconfi-cor_RO1.7.2.1.36.00.00;5132,64
Prefeitura Municipal de Jutaí - AM;1302306;AM;16200;Outras Deduções da Receita;1.7.2.2.00.00.00 - Transferências dos Estados;siconfi-cor_RO1.7.2.2.00.00.00;2152958,5
Prefeitura Municipal de Jutaí - AM;1302306;AM;16200;Outras Deduções da Receita;1.7.2.2.01.00.00 - Participação na Receita dos Estados;siconfi-cor_RO1.7.2.2.01.00.00;2152958,5
Prefeitura Municipal de Jutaí - AM;1302306;AM;16200;Outras Deduções da Receita;1.7.2.2.01.01.00 - Cota-Parte do ICMS;siconfi-cor_RO1.7.2.2.01.01.00;2141059,22
Prefeitura Municipal de Jutaí - AM;1302306;AM;16200;Outras Deduções da Receita;1.7.2.2.01.02.00 - Cota-Parte do IPVA;siconfi-cor_RO1.7.2.2.01.02.00;3311,21
Prefeitura Municipal de Jutaí - AM;1302306;AM;16200;Outras Deduções da Receita;1.7.2.2.01.04.00 - Cota-Parte do IPI - Municípios;siconfi-cor_RO1.7.2.2.01.04.00;8588,07
Prefeitura Municipal de Eirunepé - AM;1301407;AM;34461;Receitas Brutas Realizadas;Total Receitas;siconfi-cor_TotalReceitas;66904936,7
Prefeitura Municipal de Eirunepé - AM;1301407;AM;34461;Receitas Brutas Realizadas;1.0.0.0.00.00.00 - Receitas Correntes;siconfi-cor_RO1.0.0.0.00.00.00;66904936,7
Prefeitura Municipal de Eirunepé - AM;1301407;AM;34461;Receitas Brutas Realizadas;1.1.0.0.00.00.00 - Receita Tributária;siconfi-cor_RO1.1.0.0.00.00.00;1154661,63
Prefeitura Municipal de Eirunepé - AM;1301407;AM;34461;Receitas Brutas Realizadas;1.1.1.0.00.00.00 - Impostos;siconfi-cor_RO1.1.1.0.00.00.00;1154661,63
Prefeitura Municipal de Eirunepé - AM;1301407;AM;34461;Receitas Brutas Realizadas;1.1.1.2.00.00.00 - Impostos sobre o Patrimônio e a Renda;siconfi-cor_RO1.1.1.2.00.00.00;623265,7
Prefeitura Municipal de Eirunepé - AM;1301407;AM;34461;Receitas Brutas Realizadas;1.1.1.2.04.00.00 - Imposto sobre a Renda e Proventos de Qualquer Natureza ¿ IR;siconfi-cor_RO1.1.1.2.04.00.00;623265,7
Prefeitura Municipal de Eirunepé - AM;1301407;AM;34461;Receitas Brutas Realizadas;1.1.1.2.04.31.00 - Retido nas Fontes - Trabalho;siconfi-cor_RO1.1.1.2.04.31.00;622221,41
Prefeitura Municipal de Eirunepé - AM;1301407;AM;34461;Receitas Brutas Realizadas;1.1.1.2.04.34.00 - Retido nas Fontes - Outros Rendimentos;siconfi-cor_RO1.1.1.2.04.34.00;1044,29
Prefeitura Municipal de Eirunepé - AM;1301407;AM;34461;Receitas Brutas Realizadas;1.1.1.3.00.00.00 - Impostos sobre a Produção e a Circulação;siconfi-cor_RO1.1.1.3.00.00.00;531395,93
Prefeitura Municipal de Eirunepé - AM;1301407;AM;34461;Receitas Brutas Realizadas;1.1.1.3.05.00.00 - Imposto sobre Serviços de Qualquer Natureza ¿ ISSQN;siconfi-cor_RO1.1.1.3.05.00.00;531395,93
Prefeitura Municipal de Eirunepé - AM;1301407;AM;34461;Receitas Brutas Realizadas;1.2.0.0.00.00.00 - Receitas de Contribuições;siconfi-cor_RO1.2.0.0.00.00.00;62406,4
Prefeitura Municipal de Eirunepé - AM;1301407;AM;34461;Receitas Brutas Realizadas;1.2.3.0.00.00.00 - Contribuição para Custeio do Serviço de Iluminação Pública;siconfi-cor_RO1.2.3.0.00.00.00;62406,4
Prefeitura Municipal de Eirunepé - AM;1301407;AM;34461;Receitas Brutas Realizadas;1.3.0.0.00.00.00 - Receita Patrimonial;siconfi-cor_RO1.3.0.0.00.00.00;290009,15
Prefeitura Municipal de Eirunepé - AM;1301407;AM;34461;Receitas Brutas Realizadas;1.3.2.0.00.00.00 - Receitas de Valores Mobiliários;siconfi-cor_RO1.3.2.0.00.00.00;290009,15
Prefeitura Municipal de Eirunepé - AM;1301407;AM;34461;Receitas Brutas Realizadas;1.3.2.5.00.00.00 - Remuneração de Depósitos Bancários;siconfi-cor_RO1.3.2.5.00.00.00;290009,15
Prefeitura Municipal de Eirunepé - AM;1301407;AM;34461;Receitas Brutas Realizadas;1.7.0.0.00.00.00 - Transferências Correntes;siconfi-cor_RO1.7.0.0.00.00.00;65294346,2
Prefeitura Municipal de Eirunepé - AM;1301407;AM;34461;Receitas Brutas Realizadas;1.7.2.0.00.00.00 - Transferências Intergovernamentais;siconfi-cor_RO1.7.2.0.00.00.00;65294346,2
Prefeitura Municipal de Eirunepé - AM;1301407;AM;34461;Receitas Brutas Realizadas;1.7.2.1.00.00.00 - Transferências da União;siconfi-cor_RO1.7.2.1.00.00.00;26424633,43
Prefeitura Municipal de Eirunepé - AM;1301407;AM;34461;Receitas Brutas Realizadas;1.7.2.1.01.00.00 - Participação na Receita da União;siconfi-cor_RO1.7.2.1.01.00.00;18336194,13
Prefeitura Municipal de Eirunepé - AM;1301407;AM;34461;Receitas Brutas Realizadas;1.7.2.1.01.02.00 - Cota-Parte do Fundo de Participação dos Municípios ¿ FPM;siconfi-cor_RO1.7.2.1.01.02.00;16816886,62
Prefeitura Municipal de Eirunepé - AM;1301407;AM;34461;Receitas Brutas Realizadas;1.7.2.1.01.03.00 - Cota-Parte do Fundo de Participação dos Municípios - 1% Cota Anual;siconfi-cor_RO1.7.2.1.01.03.00;746401,26
Prefeitura Municipal de Eirunepé - AM;1301407;AM;34461;Receitas Brutas Realizadas;1.7.2.1.01.04.00 - Cota-Parte do Fundo de Participação dos Municípios - 1% Cota entregue no mês de julho (67)(I);siconfi-cor_RO1.7.2.1.01.04.00;771814,3
Prefeitura Municipal de Eirunepé - AM;1301407;AM;34461;Receitas Brutas Realizadas;1.7.2.1.01.05.00 - Cota-Parte do Imposto Sobre a Propriedade Territorial Rural ¿ ITR;siconfi-cor_RO1.7.2.1.01.05.00;1091,95
Prefeitura Municipal de Eirunepé - AM;1301407;AM;34461;Receitas Brutas Realizadas;1.7.2.1.22.00.00 - Transferências da Compensação Financeira pela Exploração de Recursos Naturais;siconfi-cor_RO1.7.2.1.22.00.00;197295,04
Prefeitura Municipal de Eirunepé - AM;1301407;AM;34461;Receitas Brutas Realizadas;1.7.2.1.22.20.00 - Cota-Parte da Compensação Financeira de Recursos Minerais - CFEM;siconfi-cor_RO1.7.2.1.22.20.00;948,98
Prefeitura Municipal de Eirunepé - AM;1301407;AM;34461;Receitas Brutas Realizadas;1.7.2.1.22.70.00 - Cota-Parte do Fundo Especial do Petróleo ¿ FEP;siconfi-cor_RO1.7.2.1.22.70.00;196346,06
Prefeitura Municipal de Eirunepé - AM;1301407;AM;34461;Receitas Brutas Realizadas;1.7.2.1.33.00.00 - Transferências de Recursos do Sistema Único de Saúde - SUS - Repasses Fundo a Fundo;siconfi-cor_RO1.7.2.1.33.00.00;5086790,79
Prefeitura Municipal de Eirunepé - AM;1301407;AM;34461;Receitas Brutas Realizadas;1.7.2.1.34.00.00 - Transferências de Recursos do Fundo Nacional de Assistência Social ¿ FNAS;siconfi-cor_RO1.7.2.1.34.00.00;755700,59
Prefeitura Municipal de Eirunepé - AM;1301407;AM;34461;Receitas Brutas Realizadas;1.7.2.1.35.00.00 - Transferências de Recursos do Fundo Nacional do Desenvolvimento da Educação ¿ FNDE;siconfi-cor_RO1.7.2.1.35.00.00;1991692,83
Prefeitura Municipal de Eirunepé - AM;1301407;AM;34461;Receitas Brutas Realizadas;1.7.2.1.36.00.00 - Transferências Financeiras do ICMS ¿ Desoneração ¿ L.C. Nº 87/96;siconfi-cor_RO1.7.2.1.36.00.00;34585,56
Prefeitura Municipal de Eirunepé - AM;1301407;AM;34461;Receitas Brutas Realizadas;1.7.2.1.99.00.00 - Outras Transferências da União;siconfi-cor_RO1.7.2.1.99.00.00;22374,49
Prefeitura Municipal de Eirunepé - AM;1301407;AM;34461;Receitas Brutas Realizadas;1.7.2.2.00.00.00 - Transferências dos Estados;siconfi-cor_RO1.7.2.2.00.00.00;15494519,6
Prefeitura Municipal de Eirunepé - AM;1301407;AM;34461;Receitas Brutas Realizadas;1.7.2.2.01.00.00 - Participação na Receita dos Estados;siconfi-cor_RO1.7.2.2.01.00.00;14649921,23
Prefeitura Municipal de Eirunepé - AM;1301407;AM;34461;Receitas Brutas Realizadas;1.7.2.2.01.01.00 - Cota-Parte do ICMS;siconfi-cor_RO1.7.2.2.01.01.00;14426954,22
Prefeitura Municipal de Eirunepé - AM;1301407;AM;34461;Receitas Brutas Realizadas;1.7.2.2.01.02.00 - Cota-Parte do IPVA;siconfi-cor_RO1.7.2.2.01.02.00;87365,85
Prefeitura Municipal de Eirunepé - AM;1301407;AM;34461;Receitas Brutas Realizadas;1.7.2.2.01.04.00 - Cota-Parte do IPI - Municípios;siconfi-cor_RO1.7.2.2.01.04.00;57868,59
Prefeitura Municipal de Eirunepé - AM;1301407;AM;34461;Receitas Brutas Realizadas;1.7.2.2.01.13.00 - Cota-Parte da Contribuição de Intervenção no Domínio Econômico;siconfi-cor_RO1.7.2.2.01.13.00;77732,57
Prefeitura Municipal de Eirunepé - AM;1301407;AM;34461;Receitas Brutas Realizadas;1.7.2.2.22.00.00 - Transferências da Cota-Parte da Compensação Financeira (25%);siconfi-cor_RO1.7.2.2.22.00.00;155588,79
Prefeitura Municipal de Eirunepé - AM;1301407;AM;34461;Receitas Brutas Realizadas;1.7.2.2.22.30.00 - Cota-Parte Royalties - Compensação Financeira pela Produção de Petróleo - Lei nº 7.990/89 artigo 9º;siconfi-cor_RO1.7.2.2.22.30.00;155588,79
Prefeitura Municipal de Eirunepé - AM;1301407;AM;34461;Receitas Brutas Realizadas;1.7.2.2.33.00.00 - Transferências de Recursos do Estado para Programas de Saúde - Repasse Fundo a Fundo;siconfi-cor_RO1.7.2.2.33.00.00;689009,58
Prefeitura Municipal de Eirunepé - AM;1301407;AM;34461;Receitas Brutas Realizadas;1.7.2.4.00.00.00 - Transferências Multigovernamentais;siconfi-cor_RO1.7.2.4.00.00.00;23375193,17
Prefeitura Municipal de Eirunepé - AM;1301407;AM;34461;Receitas Brutas Realizadas;1.7.2.4.01.00.00 - Transferências de Recursos do Fundo de Manutenção e Desenvolvimento do Ensino Fundamental e de Valorização do Magistério - FUNDEB;siconfi-cor_RO1.7.2.4.01.00.00;17722509,21
Prefeitura Municipal de Eirunepé - AM;1301407;AM;34461;Receitas Brutas Realizadas;1.7.2.4.02.00.00 - Transferências de Recursos da Complementação ao Fundo de Manutenção e Desenvolvimento do Ensino Fundamental e de Valorização do Magistério - FUNDEB;siconfi-cor_RO1.7.2.4.02.00.00;5652683,96
Prefeitura Municipal de Eirunepé - AM;1301407;AM;34461;Receitas Brutas Realizadas;1.9.0.0.00.00.00 - Outras Receitas Correntes;siconfi-cor_RO1.9.0.0.00.00.00;103513,32
Prefeitura Municipal de Eirunepé - AM;1301407;AM;34461;Receitas Brutas Realizadas;1.9.9.0.00.00.00 - Receitas Diversas;siconfi-cor_RO1.9.9.0.00.00.00;103513,32
Prefeitura Municipal de Eirunepé - AM;1301407;AM;34461;Receitas Brutas Realizadas;1.9.9.0.99.00.00 - Outras Receitas;siconfi-cor_RO1.9.9.0.99.00.00;103513,32
Prefeitura Municipal de Eirunepé - AM;1301407;AM;34461;Deduções - FUNDEB;Total Receitas;siconfi-cor_TotalReceitas;6284949,36
Prefeitura Municipal de Eirunepé - AM;1301407;AM;34461;Deduções - FUNDEB;1.0.0.0.00.00.00 - Receitas Correntes;siconfi-cor_RO1.0.0.0.00.00.00;6284949,36
Prefeitura Municipal de Eirunepé - AM;1301407;AM;34461;Deduções - FUNDEB;1.7.0.0.00.00.00 - Transferências Correntes;siconfi-cor_RO1.7.0.0.00.00.00;6284949,36
Prefeitura Municipal de Eirunepé - AM;1301407;AM;34461;Deduções - FUNDEB;1.7.2.0.00.00.00 - Transferências Intergovernamentais;siconfi-cor_RO1.7.2.0.00.00.00;6284949,36
Prefeitura Municipal de Eirunepé - AM;1301407;AM;34461;Deduções - FUNDEB;1.7.2.1.00.00.00 - Transferências da União;siconfi-cor_RO1.7.2.1.00.00.00;3370512,37
Prefeitura Municipal de Eirunepé - AM;1301407;AM;34461;Deduções - FUNDEB;1.7.2.1.01.00.00 - Participação na Receita da União;siconfi-cor_RO1.7.2.1.01.00.00;3363595,33
Prefeitura Municipal de Eirunepé - AM;1301407;AM;34461;Deduções - FUNDEB;1.7.2.1.01.02.00 - Cota-Parte do Fundo de Participação dos Municípios ¿ FPM;siconfi-cor_RO1.7.2.1.01.02.00;3363376,97
Prefeitura Municipal de Eirunepé - AM;1301407;AM;34461;Deduções - FUNDEB;1.7.2.1.01.05.00 - Cota-Parte do Imposto Sobre a Propriedade Territorial Rural ¿ ITR;siconfi-cor_RO1.7.2.1.01.05.00;218,36
Prefeitura Municipal de Eirunepé - AM;1301407;AM;34461;Deduções - FUNDEB;1.7.2.1.36.00.00 - Transferências Financeiras do ICMS ¿ Desoneração ¿ L.C. Nº 87/96;siconfi-cor_RO1.7.2.1.36.00.00;6917,04
Prefeitura Municipal de Eirunepé - AM;1301407;AM;34461;Deduções - FUNDEB;1.7.2.2.00.00.00 - Transferências dos Estados;siconfi-cor_RO1.7.2.2.00.00.00;2914436,99
Prefeitura Municipal de Eirunepé - AM;1301407;AM;34461;Deduções - FUNDEB;1.7.2.2.01.00.00 - Participação na Receita dos Estados;siconfi-cor_RO1.7.2.2.01.00.00;2914436,99
Prefeitura Municipal de Eirunepé - AM;1301407;AM;34461;Deduções - FUNDEB;1.7.2.2.01.01.00 - Cota-Parte do ICMS;siconfi-cor_RO1.7.2.2.01.01.00;2885390,81
Prefeitura Municipal de Eirunepé - AM;1301407;AM;34461;Deduções - FUNDEB;1.7.2.2.01.02.00 - Cota-Parte do IPVA;siconfi-cor_RO1.7.2.2.01.02.00;17472,44
Prefeitura Municipal de Eirunepé - AM;1301407;AM;34461;Deduções - FUNDEB;1.7.2.2.01.04.00 - Cota-Parte do IPI - Municípios;siconfi-cor_RO1.7.2.2.01.04.00;11573,74
Prefeitura Municipal de Urucará - AM;1304302;AM;17065;Receitas Brutas Realizadas;Total Receitas;siconfi-cor_TotalReceitas;48232762,59
Prefeitura Municipal de Urucará - AM;1304302;AM;17065;Receitas Brutas Realizadas;1.0.0.0.00.00.00 - Receitas Correntes;siconfi-cor_RO1.0.0.0.00.00.00;47098159,7
Prefeitura Municipal de Urucará - AM;1304302;AM;17065;Receitas Brutas Realizadas;1.1.0.0.00.00.00 - Receita Tributária;siconfi-cor_RO1.1.0.0.00.00.00;1079243,02
Prefeitura Municipal de Urucará - AM;1304302;AM;17065;Receitas Brutas Realizadas;1.1.1.0.00.00.00 - Impostos;siconfi-cor_RO1.1.1.0.00.00.00;1047821,77
Prefeitura Municipal de Urucará - AM;1304302;AM;17065;Receitas Brutas Realizadas;1.1.1.2.00.00.00 - Impostos sobre o Patrimônio e a Renda;siconfi-cor_RO1.1.1.2.00.00.00;469416,78
Prefeitura Municipal de Urucará - AM;1304302;AM;17065;Receitas Brutas Realizadas;1.1.1.2.02.00.00 - Imposto sobre a Propriedade Predial e Territorial Urbana ¿ IPTU;siconfi-cor_RO1.1.1.2.02.00.00;25633,08
Prefeitura Municipal de Urucará - AM;1304302;AM;17065;Receitas Brutas Realizadas;1.1.1.2.04.00.00 - Imposto sobre a Renda e Proventos de Qualquer Natureza ¿ IR;siconfi-cor_RO1.1.1.2.04.00.00;442783,7
Prefeitura Municipal de Urucará - AM;1304302;AM;17065;Receitas Brutas Realizadas;1.1.1.2.04.31.00 - Retido nas Fontes - Trabalho;siconfi-cor_RO1.1.1.2.04.31.00;407616,19
Prefeitura Municipal de Urucará - AM;1304302;AM;17065;Receitas Brutas Realizadas;1.1.1.2.04.34.00 - Retido nas Fontes - Outros Rendimentos;siconfi-cor_RO1.1.1.2.04.34.00;35167,51
Prefeitura Municipal de Urucará - AM;1304302;AM;17065;Receitas Brutas Realizadas;"1.1.1.2.08.00.00 - Imposto sobre Transmissão Inter Vivos"" de Bens Imóveis e de Direitos Reais sobre Imóveis ¿ ITBI""";siconfi-cor_RO1.1.1.2.08.00.00;1000
Prefeitura Municipal de Urucará - AM;1304302;AM;17065;Receitas Brutas Realizadas;1.1.1.3.00.00.00 - Impostos sobre a Produção e a Circulação;siconfi-cor_RO1.1.1.3.00.00.00;578404,99
Prefeitura Municipal de Urucará - AM;1304302;AM;17065;Receitas Brutas Realizadas;1.1.1.3.05.00.00 - Imposto sobre Serviços de Qualquer Natureza ¿ ISSQN;siconfi-cor_RO1.1.1.3.05.00.00;578404,99
Prefeitura Municipal de Urucará - AM;1304302;AM;17065;Receitas Brutas Realizadas;1.1.2.0.00.00.00 - Taxas;siconfi-cor_RO1.1.2.0.00.00.00;31421,25
Prefeitura Municipal de Urucará - AM;1304302;AM;17065;Receitas Brutas Realizadas;1.1.2.1.00.00.00 - Taxas pelo Exercício do Poder de Polícia;siconfi-cor_RO1.1.2.1.00.00.00;31421,25
Prefeitura Municipal de Urucará - AM;1304302;AM;17065;Receitas Brutas Realizadas;1.2.0.0.00.00.00 - Receitas de Contribuições;siconfi-cor_RO1.2.0.0.00.00.00;1006091,56
Prefeitura Municipal de Urucará - AM;1304302;AM;17065;Receitas Brutas Realizadas;1.2.1.0.00.00.00 - Contribuições Sociais;siconfi-cor_RO1.2.1.0.00.00.00;1006091,56
Prefeitura Municipal de Urucará - AM;1304302;AM;17065;Receitas Brutas Realizadas;1.2.1.0.29.00.00 - Contribuições para o Regime Próprio de Previdência do Servidor Público;siconfi-cor_RO1.2.1.0.29.00.00;1006091,56
Prefeitura Municipal de Urucará - AM;1304302;AM;17065;Receitas Brutas Realizadas;1.2.1.0.29.07.00 - Contribuição do Servidor Ativo Civil para o Regime Próprio;siconfi-cor_RO1.2.1.0.29.07.00;1006091,56
Prefeitura Municipal de Urucará - AM;1304302;AM;17065;Receitas Brutas Realizadas;1.3.0.0.00.00.00 - Receita Patrimonial;siconfi-cor_RO1.3.0.0.00.00.00;753063,88
Prefeitura Municipal de Urucará - AM;1304302;AM;17065;Receitas Brutas Realizadas;1.3.2.0.00.00.00 - Receitas de Valores Mobiliários;siconfi-cor_RO1.3.2.0.00.00.00;753063,88
Prefeitura Municipal de Urucará - AM;1304302;AM;17065;Receitas Brutas Realizadas;1.3.2.5.00.00.00 - Remuneração de Depósitos Bancários;siconfi-cor_RO1.3.2.5.00.00.00;202780,26
Prefeitura Municipal de Urucará - AM;1304302;AM;17065;Receitas Brutas Realizadas;1.3.2.8.00.00.00 - Remuneração dos Investimentos do Regime Próprio de Previdência do Servidor;siconfi-cor_RO1.3.2.8.00.00.00;550283,62
Prefeitura Municipal de Urucará - AM;1304302;AM;17065;Receitas Brutas Realizadas;1.6.0.0.00.00.00 - Receita de Serviços;siconfi-cor_RO1.6.0.0.00.00.00;576832,62
Prefeitura Municipal de Urucará - AM;1304302;AM;17065;Receitas Brutas Realizadas;1.6.0.0.13.00.00 - Serviços Administrativos;siconfi-cor_RO1.6.0.0.13.00.00;3170
Prefeitura Municipal de Urucará - AM;1304302;AM;17065;Receitas Brutas Realizadas;1.6.0.0.41.00.00 - Serviços de Captação, Adução, Tratamento, Reserva e Distribuição de Água;siconfi-cor_RO1.6.0.0.41.00.00;572340,42
Prefeitura Municipal de Urucará - AM;1304302;AM;17065;Receitas Brutas Realizadas;1.6.0.0.48.00.00 - Serviços de Religamento de Água;siconfi-cor_RO1.6.0.0.48.00.00;1007,05
Prefeitura Municipal de Urucará - AM;1304302;AM;17065;Receitas Brutas Realizadas;1.6.0.0.99.00.00 - Outros Serviços;siconfi-cor_RO1.6.0.0.99.00.00;315,15
Prefeitura Municipal de Urucará - AM;1304302;AM;17065;Receitas Brutas Realizadas;1.7.0.0.00.00.00 - Transferências Correntes;siconfi-cor_RO1.7.0.0.00.00.00;43600053,29
Prefeitura Municipal de Urucará - AM;1304302;AM;17065;Receitas Brutas Realizadas;1.7.2.0.00.00.00 - Transferências Intergovernamentais;siconfi-cor_RO1.7.2.0.00.00.00;43580053,29
Prefeitura Municipal de Urucará - AM;1304302;AM;17065;Receitas Brutas Realizadas;1.7.2.1.00.00.00 - Transferências da União;siconfi-cor_RO1.7.2.1.00.00.00;20844336,05
Prefeitura Municipal de Urucará - AM;1304302;AM;17065;Receitas Brutas Realizadas;1.7.2.1.01.00.00 - Participação na Receita da União;siconfi-cor_RO1.7.2.1.01.00.00;13753393,43
Prefeitura Municipal de Urucará - AM;1304302;AM;17065;Receitas Brutas Realizadas;1.7.2.1.01.02.00 - Cota-Parte do Fundo de Participação dos Municípios ¿ FPM;siconfi-cor_RO1.7.2.1.01.02.00;12612664,95
Prefeitura Municipal de Urucará - AM;1304302;AM;17065;Receitas Brutas Realizadas;1.7.2.1.01.03.00 - Cota-Parte do Fundo de Participação dos Municípios - 1% Cota Anual;siconfi-cor_RO1.7.2.1.01.03.00;559800,94
Prefeitura Municipal de Urucará - AM;1304302;AM;17065;Receitas Brutas Realizadas;1.7.2.1.01.04.00 - Cota-Parte do Fundo de Participação dos Municípios - 1% Cota entregue no mês de julho (67)(I);siconfi-cor_RO1.7.2.1.01.04.00;578860,71
Prefeitura Municipal de Urucará - AM;1304302;AM;17065;Receitas Brutas Realizadas;1.7.2.1.01.05.00 - Cota-Parte do Imposto Sobre a Propriedade Territorial Rural ¿ ITR;siconfi-cor_RO1.7.2.1.01.05.00;2066,83
Prefeitura Municipal de Urucará - AM;1304302;AM;17065;Receitas Brutas Realizadas;1.7.2.1.22.00.00 - Transferências da Compensação Financeira pela Exploração de Recursos Naturais;siconfi-cor_RO1.7.2.1.22.00.00;625220,41
Prefeitura Municipal de Urucará - AM;1304302;AM;17065;Receitas Brutas Realizadas;1.7.2.1.22.11.00 - Cota-Parte da Compensação Financeira de Recursos Hídricos;siconfi-cor_RO1.7.2.1.22.11.00;7745,28
Prefeitura Municipal de Urucará - AM;1304302;AM;17065;Receitas Brutas Realizadas;1.7.2.1.22.20.00 - Cota-Parte da Compensação Financeira de Recursos Minerais - CFEM;siconfi-cor_RO1.7.2.1.22.20.00;4606,17
Prefeitura Municipal de Urucará - AM;1304302;AM;17065;Receitas Brutas Realizadas;1.7.2.1.22.40.00 - Cota-Parte Royalties pelo Excedente da Produção do Petróleo - Lei nº 9.478/97 artigo 49 I e II;siconfi-cor_RO1.7.2.1.22.40.00;83133,93
Prefeitura Municipal de Urucará - AM;1304302;AM;17065;Receitas Brutas Realizadas;1.7.2.1.22.70.00 - Cota-Parte do Fundo Especial do Petróleo ¿ FEP;siconfi-cor_RO1.7.2.1.22.70.00;147259,54
Prefeitura Municipal de Urucará - AM;1304302;AM;17065;Receitas Brutas Realizadas;1.7.2.1.22.90.00 - Outras Transferências Decorrentes de Compensação Financeira pela Exploração de Recursos Naturais;siconfi-cor_RO1.7.2.1.22.90.00;382475,49
Prefeitura Municipal de Urucará - AM;1304302;AM;17065;Receitas Brutas Realizadas;1.7.2.1.33.00.00 - Transferências de Recursos do Sistema Único de Saúde - SUS - Repasses Fundo a Fundo;siconfi-cor_RO1.7.2.1.33.00.00;5177771,45
Prefeitura Municipal de Urucará - AM;1304302;AM;17065;Receitas Brutas Realizadas;1.7.2.1.34.00.00 - Transferências de Recursos do Fundo Nacional de Assistência Social ¿ FNAS;siconfi-cor_RO1.7.2.1.34.00.00;494918,15
Prefeitura Municipal de Urucará - AM;1304302;AM;17065;Receitas Brutas Realizadas;1.7.2.1.35.00.00 - Transferências de Recursos do Fundo Nacional do Desenvolvimento da Educação ¿ FNDE;siconfi-cor_RO1.7.2.1.35.00.00;751795,51
Prefeitura Municipal de Urucará - AM;1304302;AM;17065;Receitas Brutas Realizadas;1.7.2.1.36.00.00 - Transferências Financeiras do ICMS ¿ Desoneração ¿ L.C. Nº 87/96;siconfi-cor_RO1.7.2.1.36.00.00;25038,72
Prefeitura Municipal de Urucará - AM;1304302;AM;17065;Receitas Brutas Realizadas;1.7.2.1.99.00.00 - Outras Transferências da União;siconfi-cor_RO1.7.2.1.99.00.00;16198,38
Prefeitura Municipal de Urucará - AM;1304302;AM;17065;Receitas Brutas Realizadas;1.7.2.2.00.00.00 - Transferências dos Estados;siconfi-cor_RO1.7.2.2.00.00.00;10943526,52
Prefeitura Municipal de Urucará - AM;1304302;AM;17065;Receitas Brutas Realizadas;1.7.2.2.01.00.00 - Participação na Receita dos Estados;siconfi-cor_RO1.7.2.2.01.00.00;10590926,2
Prefeitura Municipal de Urucará - AM;1304302;AM;17065;Receitas Brutas Realizadas;1.7.2.2.01.01.00 - Cota-Parte do ICMS;siconfi-cor_RO1.7.2.2.01.01.00;10444631,12
Prefeitura Municipal de Urucará - AM;1304302;AM;17065;Receitas Brutas Realizadas;1.7.2.2.01.02.00 - Cota-Parte do IPVA;siconfi-cor_RO1.7.2.2.01.02.00;52898,67
Prefeitura Municipal de Urucará - AM;1304302;AM;17065;Receitas Brutas Realizadas;1.7.2.2.01.04.00 - Cota-Parte do IPI - Municípios;siconfi-cor_RO1.7.2.2.01.04.00;41894,99
Prefeitura Municipal de Urucará - AM;1304302;AM;17065;Receitas Brutas Realizadas;1.7.2.2.01.13.00 - Cota-Parte da Contribuição de Intervenção no Domínio Econômico;siconfi-cor_RO1.7.2.2.01.13.00;51501,42
Prefeitura Municipal de Urucará - AM;1304302;AM;17065;Receitas Brutas Realizadas;1.7.2.2.22.00.00 - Transferências da Cota-Parte da Compensação Financeira (25%);siconfi-cor_RO1.7.2.2.22.00.00;112641,09
Prefeitura Municipal de Urucará - AM;1304302;AM;17065;Receitas Brutas Realizadas;1.7.2.2.22.30.00 - Cota-Parte Royalties - Compensação Financeira pela Produção de Petróleo - Lei nº 7.990/89 artigo 9º;siconfi-cor_RO1.7.2.2.22.30.00;112641,09
Prefeitura Municipal de Urucará - AM;1304302;AM;17065;Receitas Brutas Realizadas;1.7.2.2.33.00.00 - Transferências de Recursos do Estado para Programas de Saúde - Repasse Fundo a Fundo;siconfi-cor_RO1.7.2.2.33.00.00;163349,58
Prefeitura Municipal de Urucará - AM;1304302;AM;17065;Receitas Brutas Realizadas;1.7.2.2.99.00.00 - Outras Transferências dos Estados;siconfi-cor_RO1.7.2.2.99.00.00;76609,65
Prefeitura Municipal de Urucará - AM;1304302;AM;17065;Receitas Brutas Realizadas;1.7.2.4.00.00.00 - Transferências Multigovernamentais;siconfi-cor_RO1.7.2.4.00.00.00;11792190,72
Prefeitura Municipal de Urucará - AM;1304302;AM;17065;Receitas Brutas Realizadas;1.7.2.4.01.00.00 - Transferências de Recursos do Fundo de Manutenção e Desenvolvimento do Ensino Fundamental e de Valorização do Magistério - FUNDEB;siconfi-cor_RO1.7.2.4.01.00.00;8942959,52
Prefeitura Municipal de Urucará - AM;1304302;AM;17065;Receitas Brutas Realizadas;1.7.2.4.02.00.00 - Transferências de Recursos da Complementação ao Fundo de Manutenção e Desenvolvimento do Ensino Fundamental e de Valorização do Magistério - FUNDEB;siconfi-cor_RO1.7.2.4.02.00.00;2849231,2
Prefeitura Municipal de Urucará - AM;1304302;AM;17065;Receitas Brutas Realizadas;1.7.3.0.00.00.00 - Transferências de Instituições Privadas;siconfi-cor_RO1.7.3.0.00.00.00;20000
Prefeitura Municipal de Urucará - AM;1304302;AM;17065;Receitas Brutas Realizadas;1.9.0.0.00.00.00 - Outras Receitas Correntes;siconfi-cor_RO1.9.0.0.00.00.00;82875,33
Prefeitura Municipal de Urucará - AM;1304302;AM;17065;Receitas Brutas Realizadas;1.9.1.0.00.00.00 - Multas e Juros de Mora;siconfi-cor_RO1.9.1.0.00.00.00;7553,09
Prefeitura Municipal de Urucará - AM;1304302;AM;17065;Receitas Brutas Realizadas;1.9.1.9.00.00.00 - Multas de Outras Origens;siconfi-cor_RO1.9.1.9.00.00.00;7553,09
Prefeitura Municipal de Urucará - AM;1304302;AM;17065;Receitas Brutas Realizadas;1.9.2.0.00.00.00 - Indenizações e Restituições;siconfi-cor_RO1.9.2.0.00.00.00;1100
Prefeitura Municipal de Urucará - AM;1304302;AM;17065;Receitas Brutas Realizadas;1.9.2.2.00.00.00 - Restituições;siconfi-cor_RO1.9.2.2.00.00.00;1100
Prefeitura Municipal de Urucará - AM;1304302;AM;17065;Receitas Brutas Realizadas;1.9.2.2.99.00.00 - Outras Restituições;siconfi-cor_RO1.9.2.2.99.00.00;1100
Prefeitura Municipal de Urucará - AM;1304302;AM;17065;Receitas Brutas Realizadas;1.9.3.0.00.00.00 - Receita da Dívida Ativa;siconfi-cor_RO1.9.3.0.00.00.00;71284,85
Prefeitura Municipal de Urucará - AM;1304302;AM;17065;Receitas Brutas Realizadas;1.9.3.2.00.00.00 - Receita da Dívida Ativa Não Tributária;siconfi-cor_RO1.9.3.2.00.00.00;71284,85
Prefeitura Municipal de Urucará - AM;1304302;AM;17065;Receitas Brutas Realizadas;1.9.3.2.99.00.00 - Receita da Dívida Ativa Não Tributária de Outras Receitas;siconfi-cor_RO1.9.3.2.99.00.00;71284,85
Prefeitura Municipal de Urucará - AM;1304302;AM;17065;Receitas Brutas Realizadas;1.9.9.0.00.00.00 - Receitas Diversas;siconfi-cor_RO1.9.9.0.00.00.00;2937,39
Prefeitura Municipal de Urucará - AM;1304302;AM;17065;Receitas Brutas Realizadas;1.9.9.0.99.00.00 - Outras Receitas;siconfi-cor_RO1.9.9.0.99.00.00;2937,39
Prefeitura Municipal de Urucará - AM;1304302;AM;17065;Receitas Brutas Realizadas;2.0.0.0.00.00.00 - Receitas de Capital;siconfi-cor_RO2.0.0.0.00.00.00;101525,28
Prefeitura Municipal de Urucará - AM;1304302;AM;17065;Receitas Brutas Realizadas;2.4.0.0.00.00.00 - Transferências de Capital;siconfi-cor_RO2.4.0.0.00.00.00;101525,28
Prefeitura Municipal de Urucará - AM;1304302;AM;17065;Receitas Brutas Realizadas;2.4.7.0.00.00.00 - Transferências de Convênios;siconfi-cor_RO2.4.7.0.00.00.00;101525,28
Prefeitura Municipal de Urucará - AM;1304302;AM;17065;Receitas Brutas Realizadas;2.4.7.1.00.00.00 - Transferências de Convênios da União e de suas Entidades;siconfi-cor_RO2.4.7.1.00.00.00;101525,28
Prefeitura Municipal de Urucará - AM;1304302;AM;17065;Receitas Brutas Realizadas;2.4.7.1.05.00.00 - Transferências de Convênios da União Destinadas a Programas de Infraestrutura em Transporte;siconfi-cor_RO2.4.7.1.05.00.00;101525,28
Prefeitura Municipal de Urucará - AM;1304302;AM;17065;Receitas Brutas Realizadas;7.0.0.0.00.00.00 - Receitas Correntes Intraorçamentárias;siconfi-cor_RI7.0.0.0.00.00.00;1033077,61
Prefeitura Municipal de Urucará - AM;1304302;AM;17065;Receitas Brutas Realizadas;7.2.0.0.00.00.00 - Receitas de Contribuições Intraorçamentárias;siconfi-cor_RI7.2.0.0.00.00.00;1033077,61
Prefeitura Municipal de Urucará - AM;1304302;AM;17065;Receitas Brutas Realizadas;7.2.1.0.00.00.00 - Contribuições Sociais Intraorçamentárias;siconfi-cor_RI7.2.1.0.00.00.00;1033077,61
Prefeitura Municipal de Urucará - AM;1304302;AM;17065;Receitas Brutas Realizadas;7.2.1.0.29.00.00 - Contribuições para o Regime Próprio de Previdência do Servidor Público Intraorçamentárias;siconfi-cor_RI7.2.1.0.29.00.00;1033077,61
Prefeitura Municipal de Urucará - AM;1304302;AM;17065;Receitas Brutas Realizadas;7.2.1.0.29.01.00 - Contribuição Patronal de Servidor Ativo Civil para o Regime Próprio Intraorçamentária;siconfi-cor_RI7.2.1.0.29.01.00;1033077,61
Prefeitura Municipal de Urucará - AM;1304302;AM;17065;Outras Deduções da Receita;Total Receitas;siconfi-cor_TotalReceitas;4635838,23
Prefeitura Municipal de Urucará - AM;1304302;AM;17065;Outras Deduções da Receita;1.0.0.0.00.00.00 - Receitas Correntes;siconfi-cor_RO1.0.0.0.00.00.00;4635838,23
Prefeitura Municipal de Urucará - AM;1304302;AM;17065;Outras Deduções da Receita;1.7.0.0.00.00.00 - Transferências Correntes;siconfi-cor_RO1.7.0.0.00.00.00;4635838,23
Prefeitura Municipal de Urucará - AM;1304302;AM;17065;Outras Deduções da Receita;1.7.2.0.00.00.00 - Transferências Intergovernamentais;siconfi-cor_RO1.7.2.0.00.00.00;4635838,23
Prefeitura Municipal de Urucará - AM;1304302;AM;17065;Outras Deduções da Receita;1.7.2.1.00.00.00 - Transferências da União;siconfi-cor_RO1.7.2.1.00.00.00;2527953,68
Prefeitura Municipal de Urucará - AM;1304302;AM;17065;Outras Deduções da Receita;1.7.2.1.01.00.00 - Participação na Receita da União;siconfi-cor_RO1.7.2.1.01.00.00;2522945,96
Prefeitura Municipal de Urucará - AM;1304302;AM;17065;Outras Deduções da Receita;1.7.2.1.01.02.00 - Cota-Parte do Fundo de Participação dos Municípios ¿ FPM;siconfi-cor_RO1.7.2.1.01.02.00;2522532,65
Prefeitura Municipal de Urucará - AM;1304302;AM;17065;Outras Deduções da Receita;1.7.2.1.01.05.00 - Cota-Parte do Imposto Sobre a Propriedade Territorial Rural ¿ ITR;siconfi-cor_RO1.7.2.1.01.05.00;413,31
Prefeitura Municipal de Urucará - AM;1304302;AM;17065;Outras Deduções da Receita;1.7.2.1.36.00.00 - Transferências Financeiras do ICMS ¿ Desoneração ¿ L.C. Nº 87/96;siconfi-cor_RO1.7.2.1.36.00.00;5007,72
Prefeitura Municipal de Urucará - AM;1304302;AM;17065;Outras Deduções da Receita;1.7.2.2.00.00.00 - Transferências dos Estados;siconfi-cor_RO1.7.2.2.00.00.00;2107884,55
Prefeitura Municipal de Urucará - AM;1304302;AM;17065;Outras Deduções da Receita;1.7.2.2.01.00.00 - Participação na Receita dos Estados;siconfi-cor_RO1.7.2.2.01.00.00;2107884,55
Prefeitura Municipal de Urucará - AM;1304302;AM;17065;Outras Deduções da Receita;1.7.2.2.01.01.00 - Cota-Parte do ICMS;siconfi-cor_RO1.7.2.2.01.01.00;2088926,21
Prefeitura Municipal de Urucará - AM;1304302;AM;17065;Outras Deduções da Receita;1.7.2.2.01.02.00 - Cota-Parte do IPVA;siconfi-cor_RO1.7.2.2.01.02.00;10579,38
Prefeitura Municipal de Urucará - AM;1304302;AM;17065;Outras Deduções da Receita;1.7.2.2.01.04.00 - Cota-Parte do IPI - Municípios;siconfi-cor_RO1.7.2.2.01.04.00;8378,96
Prefeitura Municipal de Itapiranga - AM;1302009;AM;9040;Receitas Brutas Realizadas;Total Receitas;siconfi-cor_TotalReceitas;25171894,3
Prefeitura Municipal de Itapiranga - AM;1302009;AM;9040;Receitas Brutas Realizadas;1.0.0.0.00.00.00 - Receitas Correntes;siconfi-cor_RO1.0.0.0.00.00.00;25171894,3
Prefeitura Municipal de Itapiranga - AM;1302009;AM;9040;Receitas Brutas Realizadas;1.1.0.0.00.00.00 - Receita Tributária;siconfi-cor_RO1.1.0.0.00.00.00;578469,78
Prefeitura Municipal de Itapiranga - AM;1302009;AM;9040;Receitas Brutas Realizadas;1.1.1.0.00.00.00 - Impostos;siconfi-cor_RO1.1.1.0.00.00.00;578469,78
Prefeitura Municipal de Itapiranga - AM;1302009;AM;9040;Receitas Brutas Realizadas;1.1.1.2.00.00.00 - Impostos sobre o Patrimônio e a Renda;siconfi-cor_RO1.1.1.2.00.00.00;221159,96
Prefeitura Municipal de Itapiranga - AM;1302009;AM;9040;Receitas Brutas Realizadas;1.1.1.2.02.00.00 - Imposto sobre a Propriedade Predial e Territorial Urbana ¿ IPTU;siconfi-cor_RO1.1.1.2.02.00.00;356,91
Prefeitura Municipal de Itapiranga - AM;1302009;AM;9040;Receitas Brutas Realizadas;1.1.1.2.04.00.00 - Imposto sobre a Renda e Proventos de Qualquer Natureza ¿ IR;siconfi-cor_RO1.1.1.2.04.00.00;220803,05
Prefeitura Municipal de Itapiranga - AM;1302009;AM;9040;Receitas Brutas Realizadas;1.1.1.2.04.31.00 - Retido nas Fontes - Trabalho;siconfi-cor_RO1.1.1.2.04.31.00;220455,15
Prefeitura Municipal de Itapiranga - AM;1302009;AM;9040;Receitas Brutas Realizadas;1.1.1.2.04.34.00 - Retido nas Fontes - Outros Rendimentos;siconfi-cor_RO1.1.1.2.04.34.00;347,9
Prefeitura Municipal de Itapiranga - AM;1302009;AM;9040;Receitas Brutas Realizadas;1.1.1.3.00.00.00 - Impostos sobre a Produção e a Circulação;siconfi-cor_RO1.1.1.3.00.00.00;357309,82
Prefeitura Municipal de Itapiranga - AM;1302009;AM;9040;Receitas Brutas Realizadas;1.1.1.3.05.00.00 - Imposto sobre Serviços de Qualquer Natureza ¿ ISSQN;siconfi-cor_RO1.1.1.3.05.00.00;357309,82
Prefeitura Municipal de Itapiranga - AM;1302009;AM;9040;Receitas Brutas Realizadas;1.2.0.0.00.00.00 - Receitas de Contribuições;siconfi-cor_RO1.2.0.0.00.00.00;45352,45
Prefeitura Municipal de Itapiranga - AM;1302009;AM;9040;Receitas Brutas Realizadas;1.2.3.0.00.00.00 - Contribuição para Custeio do Serviço de Iluminação Pública;siconfi-cor_RO1.2.3.0.00.00.00;45352,45
Prefeitura Municipal de Itapiranga - AM;1302009;AM;9040;Receitas Brutas Realizadas;1.3.0.0.00.00.00 - Receita Patrimonial;siconfi-cor_RO1.3.0.0.00.00.00;101633,48
Prefeitura Municipal de Itapiranga - AM;1302009;AM;9040;Receitas Brutas Realizadas;1.3.2.0.00.00.00 - Receitas de Valores Mobiliários;siconfi-cor_RO1.3.2.0.00.00.00;101633,48
Prefeitura Municipal de Itapiranga - AM;1302009;AM;9040;Receitas Brutas Realizadas;1.3.2.5.00.00.00 - Remuneração de Depósitos Bancários;siconfi-cor_RO1.3.2.5.00.00.00;101633,48
Prefeitura Municipal de Itapiranga - AM;1302009;AM;9040;Receitas Brutas Realizadas;1.6.0.0.00.00.00 - Receita de Serviços;siconfi-cor_RO1.6.0.0.00.00.00;27149,86
Prefeitura Municipal de Itapiranga - AM;1302009;AM;9040;Receitas Brutas Realizadas;1.6.0.0.41.00.00 - Serviços de Captação, Adução, Tratamento, Reserva e Distribuição de Água;siconfi-cor_RO1.6.0.0.41.00.00;27149,86
Prefeitura Municipal de Itapiranga - AM;1302009;AM;9040;Receitas Brutas Realizadas;1.7.0.0.00.00.00 - Transferências Correntes;siconfi-cor_RO1.7.0.0.00.00.00;24417401,83
Prefeitura Municipal de Itapiranga - AM;1302009;AM;9040;Receitas Brutas Realizadas;1.7.2.0.00.00.00 - Transferências Intergovernamentais;siconfi-cor_RO1.7.2.0.00.00.00;23755271,52
Prefeitura Municipal de Itapiranga - AM;1302009;AM;9040;Receitas Brutas Realizadas;1.7.2.1.00.00.00 - Transferências da União;siconfi-cor_RO1.7.2.1.00.00.00;9866146,04
Prefeitura Municipal de Itapiranga - AM;1302009;AM;9040;Receitas Brutas Realizadas;1.7.2.1.01.00.00 - Participação na Receita da União;siconfi-cor_RO1.7.2.1.01.00.00;6881154,09
Prefeitura Municipal de Itapiranga - AM;1302009;AM;9040;Receitas Brutas Realizadas;1.7.2.1.01.02.00 - Cota-Parte do Fundo de Participação dos Municípios ¿ FPM;siconfi-cor_RO1.7.2.1.01.02.00;6306332,47
Prefeitura Municipal de Itapiranga - AM;1302009;AM;9040;Receitas Brutas Realizadas;1.7.2.1.01.03.00 - Cota-Parte do Fundo de Participação dos Municípios - 1% Cota Anual;siconfi-cor_RO1.7.2.1.01.03.00;279900,48
Prefeitura Municipal de Itapiranga - AM;1302009;AM;9040;Receitas Brutas Realizadas;1.7.2.1.01.04.00 - Cota-Parte do Fundo de Participação dos Municípios - 1% Cota entregue no mês de julho (67)(I);siconfi-cor_RO1.7.2.1.01.04.00;289430,36
Prefeitura Municipal de Itapiranga - AM;1302009;AM;9040;Receitas Brutas Realizadas;1.7.2.1.01.05.00 - Cota-Parte do Imposto Sobre a Propriedade Territorial Rural ¿ ITR;siconfi-cor_RO1.7.2.1.01.05.00;5490,78
Prefeitura Municipal de Itapiranga - AM;1302009;AM;9040;Receitas Brutas Realizadas;1.7.2.1.22.00.00 - Transferências da Compensação Financeira pela Exploração de Recursos Naturais;siconfi-cor_RO1.7.2.1.22.00.00;156763,69
Prefeitura Municipal de Itapiranga - AM;1302009;AM;9040;Receitas Brutas Realizadas;1.7.2.1.22.40.00 - Cota-Parte Royalties pelo Excedente da Produção do Petróleo - Lei nº 9.478/97 artigo 49 I e II;siconfi-cor_RO1.7.2.1.22.40.00;83133,93
Prefeitura Municipal de Itapiranga - AM;1302009;AM;9040;Receitas Brutas Realizadas;1.7.2.1.22.70.00 - Cota-Parte do Fundo Especial do Petróleo ¿ FEP;siconfi-cor_RO1.7.2.1.22.70.00;73629,76
Prefeitura Municipal de Itapiranga - AM;1302009;AM;9040;Receitas Brutas Realizadas;1.7.2.1.33.00.00 - Transferências de Recursos do Sistema Único de Saúde - SUS - Repasses Fundo a Fundo;siconfi-cor_RO1.7.2.1.33.00.00;1934902,47
Prefeitura Municipal de Itapiranga - AM;1302009;AM;9040;Receitas Brutas Realizadas;1.7.2.1.34.00.00 - Transferências de Recursos do Fundo Nacional de Assistência Social ¿ FNAS;siconfi-cor_RO1.7.2.1.34.00.00;260101,16
Prefeitura Municipal de Itapiranga - AM;1302009;AM;9040;Receitas Brutas Realizadas;1.7.2.1.35.00.00 - Transferências de Recursos do Fundo Nacional do Desenvolvimento da Educação ¿ FNDE;siconfi-cor_RO1.7.2.1.35.00.00;606843,11
Prefeitura Municipal de Itapiranga - AM;1302009;AM;9040;Receitas Brutas Realizadas;1.7.2.1.36.00.00 - Transferências Financeiras do ICMS ¿ Desoneração ¿ L.C. Nº 87/96;siconfi-cor_RO1.7.2.1.36.00.00;16018,56
Prefeitura Municipal de Itapiranga - AM;1302009;AM;9040;Receitas Brutas Realizadas;1.7.2.1.99.00.00 - Outras Transferências da União;siconfi-cor_RO1.7.2.1.99.00.00;10362,96
Prefeitura Municipal de Itapiranga - AM;1302009;AM;9040;Receitas Brutas Realizadas;1.7.2.2.00.00.00 - Transferências dos Estados;siconfi-cor_RO1.7.2.2.00.00.00;7205071,85
Prefeitura Municipal de Itapiranga - AM;1302009;AM;9040;Receitas Brutas Realizadas;1.7.2.2.01.00.00 - Participação na Receita dos Estados;siconfi-cor_RO1.7.2.2.01.00.00;6794659,83
Prefeitura Municipal de Itapiranga - AM;1302009;AM;9040;Receitas Brutas Realizadas;1.7.2.2.01.01.00 - Cota-Parte do ICMS;siconfi-cor_RO1.7.2.2.01.01.00;6681981,45
Prefeitura Municipal de Itapiranga - AM;1302009;AM;9040;Receitas Brutas Realizadas;1.7.2.2.01.02.00 - Cota-Parte do IPVA;siconfi-cor_RO1.7.2.2.01.02.00;59755,48
Prefeitura Municipal de Itapiranga - AM;1302009;AM;9040;Receitas Brutas Realizadas;1.7.2.2.01.04.00 - Cota-Parte do IPI - Municípios;siconfi-cor_RO1.7.2.2.01.04.00;26802,39
Prefeitura Municipal de Itapiranga - AM;1302009;AM;9040;Receitas Brutas Realizadas;1.7.2.2.01.13.00 - Cota-Parte da Contribuição de Intervenção no Domínio Econômico;siconfi-cor_RO1.7.2.2.01.13.00;26120,51
Prefeitura Municipal de Itapiranga - AM;1302009;AM;9040;Receitas Brutas Realizadas;1.7.2.2.22.00.00 - Transferências da Cota-Parte da Compensação Financeira (25%);siconfi-cor_RO1.7.2.2.22.00.00;72062,44
Prefeitura Municipal de Itapiranga - AM;1302009;AM;9040;Receitas Brutas Realizadas;1.7.2.2.22.30.00 - Cota-Parte Royalties - Compensação Financeira pela Produção de Petróleo - Lei nº 7.990/89 artigo 9º;siconfi-cor_RO1.7.2.2.22.30.00;72062,44
Prefeitura Municipal de Itapiranga - AM;1302009;AM;9040;Receitas Brutas Realizadas;1.7.2.2.33.00.00 - Transferências de Recursos do Estado para Programas de Saúde - Repasse Fundo a Fundo;siconfi-cor_RO1.7.2.2.33.00.00;338349,58
Prefeitura Municipal de Itapiranga - AM;1302009;AM;9040;Receitas Brutas Realizadas;1.7.2.4.00.00.00 - Transferências Multigovernamentais;siconfi-cor_RO1.7.2.4.00.00.00;6684053,63
Prefeitura Municipal de Itapiranga - AM;1302009;AM;9040;Receitas Brutas Realizadas;1.7.2.4.01.00.00 - Transferências de Recursos do Fundo de Manutenção e Desenvolvimento do Ensino Fundamental e de Valorização do Magistério - FUNDEB;siconfi-cor_RO1.7.2.4.01.00.00;5069660,77
Prefeitura Municipal de Itapiranga - AM;1302009;AM;9040;Receitas Brutas Realizadas;1.7.2.4.02.00.00 - Transferências de Recursos da Complementação ao Fundo de Manutenção e Desenvolvimento do Ensino Fundamental e de Valorização do Magistério - FUNDEB;siconfi-cor_RO1.7.2.4.02.00.00;1614392,86
Prefeitura Municipal de Itapiranga - AM;1302009;AM;9040;Receitas Brutas Realizadas;1.7.3.0.00.00.00 - Transferências de Instituições Privadas;siconfi-cor_RO1.7.3.0.00.00.00;662130,31
Prefeitura Municipal de Itapiranga - AM;1302009;AM;9040;Receitas Brutas Realizadas;1.9.0.0.00.00.00 - Outras Receitas Correntes;siconfi-cor_RO1.9.0.0.00.00.00;1886,9
Prefeitura Municipal de Itapiranga - AM;1302009;AM;9040;Receitas Brutas Realizadas;1.9.2.0.00.00.00 - Indenizações e Restituições;siconfi-cor_RO1.9.2.0.00.00.00;81,27
Prefeitura Municipal de Itapiranga - AM;1302009;AM;9040;Receitas Brutas Realizadas;1.9.2.2.00.00.00 - Restituições;siconfi-cor_RO1.9.2.2.00.00.00;81,27
Prefeitura Municipal de Itapiranga - AM;1302009;AM;9040;Receitas Brutas Realizadas;1.9.2.2.99.00.00 - Outras Restituições;siconfi-cor_RO1.9.2.2.99.00.00;81,27
Prefeitura Municipal de Itapiranga - AM;1302009;AM;9040;Receitas Brutas Realizadas;1.9.9.0.00.00.00 - Receitas Diversas;siconfi-cor_RO1.9.9.0.00.00.00;1805,63
Prefeitura Municipal de Itapiranga - AM;1302009;AM;9040;Receitas Brutas Realizadas;1.9.9.0.99.00.00 - Outras Receitas;siconfi-cor_RO1.9.9.0.99.00.00;1805,63
Prefeitura Municipal de Itapiranga - AM;1302009;AM;9040;Outras Deduções da Receita;Total Receitas;siconfi-cor_TotalReceitas;2619275,31
Prefeitura Municipal de Itapiranga - AM;1302009;AM;9040;Outras Deduções da Receita;1.0.0.0.00.00.00 - Receitas Correntes;siconfi-cor_RO1.0.0.0.00.00.00;2619275,31
Prefeitura Municipal de Itapiranga - AM;1302009;AM;9040;Outras Deduções da Receita;1.7.0.0.00.00.00 - Transferências Correntes;siconfi-cor_RO1.7.0.0.00.00.00;2619275,31
Prefeitura Municipal de Itapiranga - AM;1302009;AM;9040;Outras Deduções da Receita;1.7.2.0.00.00.00 - Transferências Intergovernamentais;siconfi-cor_RO1.7.2.0.00.00.00;2619275,31
Prefeitura Municipal de Itapiranga - AM;1302009;AM;9040;Outras Deduções da Receita;1.7.2.1.00.00.00 - Transferências da União;siconfi-cor_RO1.7.2.1.00.00.00;1265567,93
Prefeitura Municipal de Itapiranga - AM;1302009;AM;9040;Outras Deduções da Receita;1.7.2.1.01.00.00 - Participação na Receita da União;siconfi-cor_RO1.7.2.1.01.00.00;1262364,29
Prefeitura Municipal de Itapiranga - AM;1302009;AM;9040;Outras Deduções da Receita;1.7.2.1.01.02.00 - Cota-Parte do Fundo de Participação dos Municípios ¿ FPM;siconfi-cor_RO1.7.2.1.01.02.00;1261266,17
Prefeitura Municipal de Itapiranga - AM;1302009;AM;9040;Outras Deduções da Receita;1.7.2.1.01.05.00 - Cota-Parte do Imposto Sobre a Propriedade Territorial Rural ¿ ITR;siconfi-cor_RO1.7.2.1.01.05.00;1098,12
Prefeitura Municipal de Itapiranga - AM;1302009;AM;9040;Outras Deduções da Receita;1.7.2.1.36.00.00 - Transferências Financeiras do ICMS ¿ Desoneração ¿ L.C. Nº 87/96;siconfi-cor_RO1.7.2.1.36.00.00;3203,64
Prefeitura Municipal de Itapiranga - AM;1302009;AM;9040;Outras Deduções da Receita;1.7.2.2.00.00.00 - Transferências dos Estados;siconfi-cor_RO1.7.2.2.00.00.00;1353707,38
Prefeitura Municipal de Itapiranga - AM;1302009;AM;9040;Outras Deduções da Receita;1.7.2.2.01.00.00 - Participação na Receita dos Estados;siconfi-cor_RO1.7.2.2.01.00.00;1353707,38
Prefeitura Municipal de Itapiranga - AM;1302009;AM;9040;Outras Deduções da Receita;1.7.2.2.01.01.00 - Cota-Parte do ICMS;siconfi-cor_RO1.7.2.2.01.01.00;1336396,27
Prefeitura Municipal de Itapiranga - AM;1302009;AM;9040;Outras Deduções da Receita;1.7.2.2.01.02.00 - Cota-Parte do IPVA;siconfi-cor_RO1.7.2.2.01.02.00;11950,61
Prefeitura Municipal de Itapiranga - AM;1302009;AM;9040;Outras Deduções da Receita;1.7.2.2.01.04.00 - Cota-Parte do IPI - Municípios;siconfi-cor_RO1.7.2.2.01.04.00;5360,5
Prefeitura Municipal de Guajará - AM;1301654;AM;16085;Receitas Brutas Realizadas;Total Receitas;siconfi-cor_TotalReceitas;37941682,39
Prefeitura Municipal de Guajará - AM;1301654;AM;16085;Receitas Brutas Realizadas;1.0.0.0.00.00.00 - Receitas Correntes;siconfi-cor_RO1.0.0.0.00.00.00;34129322,02
Prefeitura Municipal de Guajará - AM;1301654;AM;16085;Receitas Brutas Realizadas;1.1.0.0.00.00.00 - Receita Tributária;siconfi-cor_RO1.1.0.0.00.00.00;591415,57
Prefeitura Municipal de Guajará - AM;1301654;AM;16085;Receitas Brutas Realizadas;1.1.1.0.00.00.00 - Impostos;siconfi-cor_RO1.1.1.0.00.00.00;411420,07
Prefeitura Municipal de Guajará - AM;1301654;AM;16085;Receitas Brutas Realizadas;1.1.1.2.00.00.00 - Impostos sobre o Patrimônio e a Renda;siconfi-cor_RO1.1.1.2.00.00.00;217249,72
Prefeitura Municipal de Guajará - AM;1301654;AM;16085;Receitas Brutas Realizadas;1.1.1.2.02.00.00 - Imposto sobre a Propriedade Predial e Territorial Urbana ¿ IPTU;siconfi-cor_RO1.1.1.2.02.00.00;25856,69
Prefeitura Municipal de Guajará - AM;1301654;AM;16085;Receitas Brutas Realizadas;1.1.1.2.04.00.00 - Imposto sobre a Renda e Proventos de Qualquer Natureza ¿ IR;siconfi-cor_RO1.1.1.2.04.00.00;177721,13
Prefeitura Municipal de Guajará - AM;1301654;AM;16085;Receitas Brutas Realizadas;1.1.1.2.04.31.00 - Retido nas Fontes - Trabalho;siconfi-cor_RO1.1.1.2.04.31.00;177721,13
Prefeitura Municipal de Guajará - AM;1301654;AM;16085;Receitas Brutas Realizadas;"1.1.1.2.08.00.00 - Imposto sobre Transmissão Inter Vivos"" de Bens Imóveis e de Direitos Reais sobre Imóveis ¿ ITBI""";siconfi-cor_RO1.1.1.2.08.00.00;13671,9
Prefeitura Municipal de Guajará - AM;1301654;AM;16085;Receitas Brutas Realizadas;1.1.1.3.00.00.00 - Impostos sobre a Produção e a Circulação;siconfi-cor_RO1.1.1.3.00.00.00;194170,35
Prefeitura Municipal de Guajará - AM;1301654;AM;16085;Receitas Brutas Realizadas;1.1.1.3.05.00.00 - Imposto sobre Serviços de Qualquer Natureza ¿ ISSQN;siconfi-cor_RO1.1.1.3.05.00.00;194170,35
Prefeitura Municipal de Guajará - AM;1301654;AM;16085;Receitas Brutas Realizadas;1.1.2.0.00.00.00 - Taxas;siconfi-cor_RO1.1.2.0.00.00.00;30384,58
Prefeitura Municipal de Guajará - AM;1301654;AM;16085;Receitas Brutas Realizadas;1.1.2.1.00.00.00 - Taxas pelo Exercício do Poder de Polícia;siconfi-cor_RO1.1.2.1.00.00.00;29721,28
Prefeitura Municipal de Guajará - AM;1301654;AM;16085;Receitas Brutas Realizadas;1.1.2.2.00.00.00 - Taxas pela Prestação de Serviços;siconfi-cor_RO1.1.2.2.00.00.00;663,3
Prefeitura Municipal de Guajará - AM;1301654;AM;16085;Receitas Brutas Realizadas;1.1.2.2.99.00.00 - Outras Taxas pela Prestação de Serviços;siconfi-cor_RO1.1.2.2.99.00.00;663,3
Prefeitura Municipal de Guajará - AM;1301654;AM;16085;Receitas Brutas Realizadas;1.1.3.0.00.00.00 - Contribuição de Melhoria;siconfi-cor_RO1.1.3.0.00.00.00;149610,92
Prefeitura Municipal de Guajará - AM;1301654;AM;16085;Receitas Brutas Realizadas;1.1.3.0.02.00.00 - Contribuição de Melhoria para Expansão da Rede de Iluminação Pública na Cidade;siconfi-cor_RO1.1.3.0.02.00.00;149610,92
Prefeitura Municipal de Guajará - AM;1301654;AM;16085;Receitas Brutas Realizadas;1.3.0.0.00.00.00 - Receita Patrimonial;siconfi-cor_RO1.3.0.0.00.00.00;100339,09
Prefeitura Municipal de Guajará - AM;1301654;AM;16085;Receitas Brutas Realizadas;1.3.2.0.00.00.00 - Receitas de Valores Mobiliários;siconfi-cor_RO1.3.2.0.00.00.00;100339,09
Prefeitura Municipal de Guajará - AM;1301654;AM;16085;Receitas Brutas Realizadas;1.3.2.5.00.00.00 - Remuneração de Depósitos Bancários;siconfi-cor_RO1.3.2.5.00.00.00;100339,09
Prefeitura Municipal de Guajará - AM;1301654;AM;16085;Receitas Brutas Realizadas;1.6.0.0.00.00.00 - Receita de Serviços;siconfi-cor_RO1.6.0.0.00.00.00;5838,93
Prefeitura Municipal de Guajará - AM;1301654;AM;16085;Receitas Brutas Realizadas;1.6.0.0.01.00.00 - Serviços Comerciais;siconfi-cor_RO1.6.0.0.01.00.00;5838,93
Prefeitura Municipal de Guajará - AM;1301654;AM;16085;Receitas Brutas Realizadas;1.7.0.0.00.00.00 - Transferências Correntes;siconfi-cor_RO1.7.0.0.00.00.00;33431728,43
Prefeitura Municipal de Guajará - AM;1301654;AM;16085;Receitas Brutas Realizadas;1.7.2.0.00.00.00 - Transferências Intergovernamentais;siconfi-cor_RO1.7.2.0.00.00.00;33431728,43
Prefeitura Municipal de Guajará - AM;1301654;AM;16085;Receitas Brutas Realizadas;1.7.2.1.00.00.00 - Transferências da União;siconfi-cor_RO1.7.2.1.00.00.00;15959779,17
Prefeitura Municipal de Guajará - AM;1301654;AM;16085;Receitas Brutas Realizadas;1.7.2.1.01.00.00 - Participação na Receita da União;siconfi-cor_RO1.7.2.1.01.00.00;11471361,66
Prefeitura Municipal de Guajará - AM;1301654;AM;16085;Receitas Brutas Realizadas;1.7.2.1.01.02.00 - Cota-Parte do Fundo de Participação dos Municípios ¿ FPM;siconfi-cor_RO1.7.2.1.01.02.00;10510554,16
Prefeitura Municipal de Guajará - AM;1301654;AM;16085;Receitas Brutas Realizadas;1.7.2.1.01.03.00 - Cota-Parte do Fundo de Participação dos Municípios - 1% Cota Anual;siconfi-cor_RO1.7.2.1.01.03.00;466500,78
Prefeitura Municipal de Guajará - AM;1301654;AM;16085;Receitas Brutas Realizadas;1.7.2.1.01.04.00 - Cota-Parte do Fundo de Participação dos Municípios - 1% Cota entregue no mês de julho (67)(I);siconfi-cor_RO1.7.2.1.01.04.00;482383,93
Prefeitura Municipal de Guajará - AM;1301654;AM;16085;Receitas Brutas Realizadas;1.7.2.1.01.05.00 - Cota-Parte do Imposto Sobre a Propriedade Territorial Rural ¿ ITR;siconfi-cor_RO1.7.2.1.01.05.00;11922,79
Prefeitura Municipal de Guajará - AM;1301654;AM;16085;Receitas Brutas Realizadas;1.7.2.1.22.00.00 - Transferências da Compensação Financeira pela Exploração de Recursos Naturais;siconfi-cor_RO1.7.2.1.22.00.00;122716,29
Prefeitura Municipal de Guajará - AM;1301654;AM;16085;Receitas Brutas Realizadas;1.7.2.1.22.70.00 - Cota-Parte do Fundo Especial do Petróleo ¿ FEP;siconfi-cor_RO1.7.2.1.22.70.00;122716,29
Prefeitura Municipal de Guajará - AM;1301654;AM;16085;Receitas Brutas Realizadas;1.7.2.1.33.00.00 - Transferências de Recursos do Sistema Único de Saúde - SUS - Repasses Fundo a Fundo;siconfi-cor_RO1.7.2.1.33.00.00;3220213,81
Prefeitura Municipal de Guajará - AM;1301654;AM;16085;Receitas Brutas Realizadas;1.7.2.1.34.00.00 - Transferências de Recursos do Fundo Nacional de Assistência Social ¿ FNAS;siconfi-cor_RO1.7.2.1.34.00.00;407204
Prefeitura Municipal de Guajará - AM;1301654;AM;16085;Receitas Brutas Realizadas;1.7.2.1.35.00.00 - Transferências de Recursos do Fundo Nacional do Desenvolvimento da Educação ¿ FNDE;siconfi-cor_RO1.7.2.1.35.00.00;709862,59
Prefeitura Municipal de Guajará - AM;1301654;AM;16085;Receitas Brutas Realizadas;1.7.2.1.36.00.00 - Transferências Financeiras do ICMS ¿ Desoneração ¿ L.C. Nº 87/96;siconfi-cor_RO1.7.2.1.36.00.00;17256,84
Prefeitura Municipal de Guajará - AM;1301654;AM;16085;Receitas Brutas Realizadas;1.7.2.1.99.00.00 - Outras Transferências da União;siconfi-cor_RO1.7.2.1.99.00.00;11163,98
Prefeitura Municipal de Guajará - AM;1301654;AM;16085;Receitas Brutas Realizadas;1.7.2.2.00.00.00 - Transferências dos Estados;siconfi-cor_RO1.7.2.2.00.00.00;7952625,17
Prefeitura Municipal de Guajará - AM;1301654;AM;16085;Receitas Brutas Realizadas;1.7.2.2.01.00.00 - Participação na Receita dos Estados;siconfi-cor_RO1.7.2.2.01.00.00;7327983,01
Prefeitura Municipal de Guajará - AM;1301654;AM;16085;Receitas Brutas Realizadas;1.7.2.2.01.01.00 - Cota-Parte do ICMS;siconfi-cor_RO1.7.2.2.01.01.00;7198474,24
Prefeitura Municipal de Guajará - AM;1301654;AM;16085;Receitas Brutas Realizadas;1.7.2.2.01.02.00 - Cota-Parte do IPVA;siconfi-cor_RO1.7.2.2.01.02.00;56325,55
Prefeitura Municipal de Guajará - AM;1301654;AM;16085;Receitas Brutas Realizadas;1.7.2.2.01.04.00 - Cota-Parte do IPI - Municípios;siconfi-cor_RO1.7.2.2.01.04.00;28874,1
Prefeitura Municipal de Guajará - AM;1301654;AM;16085;Receitas Brutas Realizadas;1.7.2.2.01.13.00 - Cota-Parte da Contribuição de Intervenção no Domínio Econômico;siconfi-cor_RO1.7.2.2.01.13.00;44309,12
Prefeitura Municipal de Guajará - AM;1301654;AM;16085;Receitas Brutas Realizadas;1.7.2.2.22.00.00 - Transferências da Cota-Parte da Compensação Financeira (25%);siconfi-cor_RO1.7.2.2.22.00.00;77632,58
Prefeitura Municipal de Guajará - AM;1301654;AM;16085;Receitas Brutas Realizadas;1.7.2.2.22.30.00 - Cota-Parte Royalties - Compensação Financeira pela Produção de Petróleo - Lei nº 7.990/89 artigo 9º;siconfi-cor_RO1.7.2.2.22.30.00;77632,58
Prefeitura Municipal de Guajará - AM;1301654;AM;16085;Receitas Brutas Realizadas;1.7.2.2.33.00.00 - Transferências de Recursos do Estado para Programas de Saúde - Repasse Fundo a Fundo;siconfi-cor_RO1.7.2.2.33.00.00;547009,58
Prefeitura Municipal de Guajará - AM;1301654;AM;16085;Receitas Brutas Realizadas;1.7.2.4.00.00.00 - Transferências Multigovernamentais;siconfi-cor_RO1.7.2.4.00.00.00;9519324,09
Prefeitura Municipal de Guajará - AM;1301654;AM;16085;Receitas Brutas Realizadas;1.7.2.4.01.00.00 - Transferências de Recursos do Fundo de Manutenção e Desenvolvimento do Ensino Fundamental e de Valorização do Magistério - FUNDEB;siconfi-cor_RO1.7.2.4.01.00.00;5915927,93
Prefeitura Municipal de Guajará - AM;1301654;AM;16085;Receitas Brutas Realizadas;1.7.2.4.02.00.00 - Transferências de Recursos da Complementação ao Fundo de Manutenção e Desenvolvimento do Ensino Fundamental e de Valorização do Magistério - FUNDEB;siconfi-cor_RO1.7.2.4.02.00.00;3603396,16
Prefeitura Municipal de Guajará - AM;1301654;AM;16085;Receitas Brutas Realizadas;2.0.0.0.00.00.00 - Receitas de Capital;siconfi-cor_RO2.0.0.0.00.00.00;3812360,37
Prefeitura Municipal de Guajará - AM;1301654;AM;16085;Receitas Brutas Realizadas;2.4.0.0.00.00.00 - Transferências de Capital;siconfi-cor_RO2.4.0.0.00.00.00;3812360,37
Prefeitura Municipal de Guajará - AM;1301654;AM;16085;Receitas Brutas Realizadas;2.4.2.0.00.00.00 - Transferências Intergovernamentais;siconfi-cor_RO2.4.2.0.00.00.00;98655,79
Prefeitura Municipal de Guajará - AM;1301654;AM;16085;Receitas Brutas Realizadas;2.4.2.1.00.00.00 - Transferências da União;siconfi-cor_RO2.4.2.1.00.00.00;98655,79
Prefeitura Municipal de Guajará - AM;1301654;AM;16085;Receitas Brutas Realizadas;2.4.2.1.02.00.00 - Transferências de Recursos Destinados a Programas de Educação;siconfi-cor_RO2.4.2.1.02.00.00;48765,79
Prefeitura Municipal de Guajará - AM;1301654;AM;16085;Receitas Brutas Realizadas;2.4.2.1.99.00.00 - Outras Transferências da União;siconfi-cor_RO2.4.2.1.99.00.00;49890
Prefeitura Municipal de Guajará - AM;1301654;AM;16085;Receitas Brutas Realizadas;2.4.7.0.00.00.00 - Transferências de Convênios;siconfi-cor_RO2.4.7.0.00.00.00;3713704,58
Prefeitura Municipal de Guajará - AM;1301654;AM;16085;Receitas Brutas Realizadas;2.4.7.1.00.00.00 - Transferências de Convênios da União e de suas Entidades;siconfi-cor_RO2.4.7.1.00.00.00;3713704,58
Prefeitura Municipal de Guajará - AM;1301654;AM;16085;Receitas Brutas Realizadas;2.4.7.1.99.00.00 - Outras Transferências de Convênios da União;siconfi-cor_RO2.4.7.1.99.00.00;3713704,58
Prefeitura Municipal de Guajará - AM;1301654;AM;16085;Deduções - FUNDEB;Total Receitas;siconfi-cor_TotalReceitas;3564680,79
Prefeitura Municipal de Guajará - AM;1301654;AM;16085;Deduções - FUNDEB;1.0.0.0.00.00.00 - Receitas Correntes;siconfi-cor_RO1.0.0.0.00.00.00;3564680,79
Prefeitura Municipal de Guajará - AM;1301654;AM;16085;Deduções - FUNDEB;1.7.0.0.00.00.00 - Transferências Correntes;siconfi-cor_RO1.7.0.0.00.00.00;3564680,79
Prefeitura Municipal de Guajará - AM;1301654;AM;16085;Deduções - FUNDEB;1.7.2.0.00.00.00 - Transferências Intergovernamentais;siconfi-cor_RO1.7.2.0.00.00.00;3564680,79
Prefeitura Municipal de Guajará - AM;1301654;AM;16085;Deduções - FUNDEB;1.7.2.1.00.00.00 - Transferências da União;siconfi-cor_RO1.7.2.1.00.00.00;2107946,33
Prefeitura Municipal de Guajará - AM;1301654;AM;16085;Deduções - FUNDEB;1.7.2.1.01.00.00 - Participação na Receita da União;siconfi-cor_RO1.7.2.1.01.00.00;2104495,01
Prefeitura Municipal de Guajará - AM;1301654;AM;16085;Deduções - FUNDEB;1.7.2.1.01.02.00 - Cota-Parte do Fundo de Participação dos Municípios ¿ FPM;siconfi-cor_RO1.7.2.1.01.02.00;2102110,51
Prefeitura Municipal de Guajará - AM;1301654;AM;16085;Deduções - FUNDEB;1.7.2.1.01.05.00 - Cota-Parte do Imposto Sobre a Propriedade Territorial Rural ¿ ITR;siconfi-cor_RO1.7.2.1.01.05.00;2384,5
Prefeitura Municipal de Guajará - AM;1301654;AM;16085;Deduções - FUNDEB;1.7.2.1.36.00.00 - Transferências Financeiras do ICMS ¿ Desoneração ¿ L.C. Nº 87/96;siconfi-cor_RO1.7.2.1.36.00.00;3451,32
Prefeitura Municipal de Guajará - AM;1301654;AM;16085;Deduções - FUNDEB;1.7.2.2.00.00.00 - Transferências dos Estados;siconfi-cor_RO1.7.2.2.00.00.00;1456734,46
Prefeitura Municipal de Guajará - AM;1301654;AM;16085;Deduções - FUNDEB;1.7.2.2.01.00.00 - Participação na Receita dos Estados;siconfi-cor_RO1.7.2.2.01.00.00;1456734,46
Prefeitura Municipal de Guajará - AM;1301654;AM;16085;Deduções - FUNDEB;1.7.2.2.01.01.00 - Cota-Parte do ICMS;siconfi-cor_RO1.7.2.2.01.01.00;1439694,86
Prefeitura Municipal de Guajará - AM;1301654;AM;16085;Deduções - FUNDEB;1.7.2.2.01.02.00 - Cota-Parte do IPVA;siconfi-cor_RO1.7.2.2.01.02.00;11264,8
Prefeitura Municipal de Guajará - AM;1301654;AM;16085;Deduções - FUNDEB;1.7.2.2.01.04.00 - Cota-Parte do IPI - Municípios;siconfi-cor_RO1.7.2.2.01.04.00;5774,8
Prefeitura Municipal de Novo Airão - AM;1303205;AM;18133;Receitas Brutas Realizadas;Total Receitas;siconfi-cor_TotalReceitas;39098998,8
Prefeitura Municipal de Novo Airão - AM;1303205;AM;18133;Receitas Brutas Realizadas;1.0.0.0.00.00.00 - Receitas Correntes;siconfi-cor_RO1.0.0.0.00.00.00;39017398,8
Prefeitura Municipal de Novo Airão - AM;1303205;AM;18133;Receitas Brutas Realizadas;1.1.0.0.00.00.00 - Receita Tributária;siconfi-cor_RO1.1.0.0.00.00.00;1104953,09
Prefeitura Municipal de Novo Airão - AM;1303205;AM;18133;Receitas Brutas Realizadas;1.1.1.0.00.00.00 - Impostos;siconfi-cor_RO1.1.1.0.00.00.00;1080644,03
Prefeitura Municipal de Novo Airão - AM;1303205;AM;18133;Receitas Brutas Realizadas;1.1.1.2.00.00.00 - Impostos sobre o Patrimônio e a Renda;siconfi-cor_RO1.1.1.2.00.00.00;209374,79
Prefeitura Municipal de Novo Airão - AM;1303205;AM;18133;Receitas Brutas Realizadas;1.1.1.2.04.00.00 - Imposto sobre a Renda e Proventos de Qualquer Natureza ¿ IR;siconfi-cor_RO1.1.1.2.04.00.00;199996,28
Prefeitura Municipal de Novo Airão - AM;1303205;AM;18133;Receitas Brutas Realizadas;1.1.1.2.04.31.00 - Retido nas Fontes - Trabalho;siconfi-cor_RO1.1.1.2.04.31.00;195918,97
Prefeitura Municipal de Novo Airão - AM;1303205;AM;18133;Receitas Brutas Realizadas;1.1.1.2.04.34.00 - Retido nas Fontes - Outros Rendimentos;siconfi-cor_RO1.1.1.2.04.34.00;4077,31
Prefeitura Municipal de Novo Airão - AM;1303205;AM;18133;Receitas Brutas Realizadas;"1.1.1.2.08.00.00 - Imposto sobre Transmissão Inter Vivos"" de Bens Imóveis e de Direitos Reais sobre Imóveis ¿ ITBI""";siconfi-cor_RO1.1.1.2.08.00.00;9378,51
Prefeitura Municipal de Novo Airão - AM;1303205;AM;18133;Receitas Brutas Realizadas;1.1.1.3.00.00.00 - Impostos sobre a Produção e a Circulação;siconfi-cor_RO1.1.1.3.00.00.00;871269,24
Prefeitura Municipal de Novo Airão - AM;1303205;AM;18133;Receitas Brutas Realizadas;1.1.1.3.05.00.00 - Imposto sobre Serviços de Qualquer Natureza ¿ ISSQN;siconfi-cor_RO1.1.1.3.05.00.00;871269,24
Prefeitura Municipal de Novo Airão - AM;1303205;AM;18133;Receitas Brutas Realizadas;1.1.2.0.00.00.00 - Taxas;siconfi-cor_RO1.1.2.0.00.00.00;24309,06
Prefeitura Municipal de Novo Airão - AM;1303205;AM;18133;Receitas Brutas Realizadas;1.1.2.1.00.00.00 - Taxas pelo Exercício do Poder de Polícia;siconfi-cor_RO1.1.2.1.00.00.00;19109,06
Prefeitura Municipal de Novo Airão - AM;1303205;AM;18133;Receitas Brutas Realizadas;1.1.2.2.00.00.00 - Taxas pela Prestação de Serviços;siconfi-cor_RO1.1.2.2.00.00.00;5200
Prefeitura Municipal de Novo Airão - AM;1303205;AM;18133;Receitas Brutas Realizadas;1.1.2.2.99.00.00 - Outras Taxas pela Prestação de Serviços;siconfi-cor_RO1.1.2.2.99.00.00;5200
Prefeitura Municipal de Novo Airão - AM;1303205;AM;18133;Receitas Brutas Realizadas;1.2.0.0.00.00.00 - Receitas de Contribuições;siconfi-cor_RO1.2.0.0.00.00.00;28824,4
Prefeitura Municipal de Novo Airão - AM;1303205;AM;18133;Receitas Brutas Realizadas;1.2.3.0.00.00.00 - Contribuição para Custeio do Serviço de Iluminação Pública;siconfi-cor_RO1.2.3.0.00.00.00;28824,4
Prefeitura Municipal de Novo Airão - AM;1303205;AM;18133;Receitas Brutas Realizadas;1.3.0.0.00.00.00 - Receita Patrimonial;siconfi-cor_RO1.3.0.0.00.00.00;86741,84
Prefeitura Municipal de Novo Airão - AM;1303205;AM;18133;Receitas Brutas Realizadas;1.3.2.0.00.00.00 - Receitas de Valores Mobiliários;siconfi-cor_RO1.3.2.0.00.00.00;86741,84
Prefeitura Municipal de Novo Airão - AM;1303205;AM;18133;Receitas Brutas Realizadas;1.3.2.5.00.00.00 - Remuneração de Depósitos Bancários;siconfi-cor_RO1.3.2.5.00.00.00;86741,84
Prefeitura Municipal de Novo Airão - AM;1303205;AM;18133;Receitas Brutas Realizadas;1.7.0.0.00.00.00 - Transferências Correntes;siconfi-cor_RO1.7.0.0.00.00.00;37461462,79
Prefeitura Municipal de Novo Airão - AM;1303205;AM;18133;Receitas Brutas Realizadas;1.7.2.0.00.00.00 - Transferências Intergovernamentais;siconfi-cor_RO1.7.2.0.00.00.00;37461462,79
Prefeitura Municipal de Novo Airão - AM;1303205;AM;18133;Receitas Brutas Realizadas;1.7.2.1.00.00.00 - Transferências da União;siconfi-cor_RO1.7.2.1.00.00.00;17334150,04
Prefeitura Municipal de Novo Airão - AM;1303205;AM;18133;Receitas Brutas Realizadas;1.7.2.1.01.00.00 - Participação na Receita da União;siconfi-cor_RO1.7.2.1.01.00.00;13761309,81
Prefeitura Municipal de Novo Airão - AM;1303205;AM;18133;Receitas Brutas Realizadas;1.7.2.1.01.02.00 - Cota-Parte do Fundo de Participação dos Municípios ¿ FPM;siconfi-cor_RO1.7.2.1.01.02.00;12612664,95
Prefeitura Municipal de Novo Airão - AM;1303205;AM;18133;Receitas Brutas Realizadas;1.7.2.1.01.03.00 - Cota-Parte do Fundo de Participação dos Municípios - 1% Cota Anual;siconfi-cor_RO1.7.2.1.01.03.00;559800,94
Prefeitura Municipal de Novo Airão - AM;1303205;AM;18133;Receitas Brutas Realizadas;1.7.2.1.01.04.00 - Cota-Parte do Fundo de Participação dos Municípios - 1% Cota entregue no mês de julho (67)(I);siconfi-cor_RO1.7.2.1.01.04.00;578860,71
Prefeitura Municipal de Novo Airão - AM;1303205;AM;18133;Receitas Brutas Realizadas;1.7.2.1.01.05.00 - Cota-Parte do Imposto Sobre a Propriedade Territorial Rural ¿ ITR;siconfi-cor_RO1.7.2.1.01.05.00;9881,27
Prefeitura Municipal de Novo Airão - AM;1303205;AM;18133;Receitas Brutas Realizadas;1.7.2.1.01.32.00 - Cota-Parte do Imposto Sobre Operações de Crédito Câmbio e Seguro ou Relativas a Títulos ou Valores Mobiliários ¿ Comercialização do Ouro;siconfi-cor_RO1.7.2.1.01.32.00;101,94
Prefeitura Municipal de Novo Airão - AM;1303205;AM;18133;Receitas Brutas Realizadas;1.7.2.1.22.00.00 - Transferências da Compensação Financeira pela Exploração de Recursos Naturais;siconfi-cor_RO1.7.2.1.22.00.00;245285,12
Prefeitura Municipal de Novo Airão - AM;1303205;AM;18133;Receitas Brutas Realizadas;1.7.2.1.22.20.00 - Cota-Parte da Compensação Financeira de Recursos Minerais - CFEM;siconfi-cor_RO1.7.2.1.22.20.00;1604,75
Prefeitura Municipal de Novo Airão - AM;1303205;AM;18133;Receitas Brutas Realizadas;1.7.2.1.22.30.00 - Cota-Parte Royalties ¿ Compensação Financeira pela Produção de Petróleo ¿ Lei nº 7.990/89;siconfi-cor_RO1.7.2.1.22.30.00;96420,83
Prefeitura Municipal de Novo Airão - AM;1303205;AM;18133;Receitas Brutas Realizadas;1.7.2.1.22.70.00 - Cota-Parte do Fundo Especial do Petróleo ¿ FEP;siconfi-cor_RO1.7.2.1.22.70.00;147259,54
Prefeitura Municipal de Novo Airão - AM;1303205;AM;18133;Receitas Brutas Realizadas;1.7.2.1.33.00.00 - Transferências de Recursos do Sistema Único de Saúde - SUS - Repasses Fundo a Fundo;siconfi-cor_RO1.7.2.1.33.00.00;2028778,17
Prefeitura Municipal de Novo Airão - AM;1303205;AM;18133;Receitas Brutas Realizadas;1.7.2.1.34.00.00 - Transferências de Recursos do Fundo Nacional de Assistência Social ¿ FNAS;siconfi-cor_RO1.7.2.1.34.00.00;623166,15
Prefeitura Municipal de Novo Airão - AM;1303205;AM;18133;Receitas Brutas Realizadas;1.7.2.1.35.00.00 - Transferências de Recursos do Fundo Nacional do Desenvolvimento da Educação ¿ FNDE;siconfi-cor_RO1.7.2.1.35.00.00;640311,77
Prefeitura Municipal de Novo Airão - AM;1303205;AM;18133;Receitas Brutas Realizadas;1.7.2.1.36.00.00 - Transferências Financeiras do ICMS ¿ Desoneração ¿ L.C. Nº 87/96;siconfi-cor_RO1.7.2.1.36.00.00;21433,2
Prefeitura Municipal de Novo Airão - AM;1303205;AM;18133;Receitas Brutas Realizadas;1.7.2.1.99.00.00 - Outras Transferências da União;siconfi-cor_RO1.7.2.1.99.00.00;13865,82
Prefeitura Municipal de Novo Airão - AM;1303205;AM;18133;Receitas Brutas Realizadas;1.7.2.2.00.00.00 - Transferências dos Estados;siconfi-cor_RO1.7.2.2.00.00.00;9397534,02
Prefeitura Municipal de Novo Airão - AM;1303205;AM;18133;Receitas Brutas Realizadas;1.7.2.2.01.00.00 - Participação na Receita dos Estados;siconfi-cor_RO1.7.2.2.01.00.00;9145625,04
Prefeitura Municipal de Novo Airão - AM;1303205;AM;18133;Receitas Brutas Realizadas;1.7.2.2.01.01.00 - Cota-Parte do ICMS;siconfi-cor_RO1.7.2.2.01.01.00;8940612,49
Prefeitura Municipal de Novo Airão - AM;1303205;AM;18133;Receitas Brutas Realizadas;1.7.2.2.01.02.00 - Cota-Parte do IPVA;siconfi-cor_RO1.7.2.2.01.02.00;116927,6
Prefeitura Municipal de Novo Airão - AM;1303205;AM;18133;Receitas Brutas Realizadas;1.7.2.2.01.04.00 - Cota-Parte do IPI - Municípios;siconfi-cor_RO1.7.2.2.01.04.00;35862,1
Prefeitura Municipal de Novo Airão - AM;1303205;AM;18133;Receitas Brutas Realizadas;1.7.2.2.01.13.00 - Cota-Parte da Contribuição de Intervenção no Domínio Econômico;siconfi-cor_RO1.7.2.2.01.13.00;52222,85
Prefeitura Municipal de Novo Airão - AM;1303205;AM;18133;Receitas Brutas Realizadas;1.7.2.2.33.00.00 - Transferências de Recursos do Estado para Programas de Saúde - Repasse Fundo a Fundo;siconfi-cor_RO1.7.2.2.33.00.00;251908,98
Prefeitura Municipal de Novo Airão - AM;1303205;AM;18133;Receitas Brutas Realizadas;1.7.2.4.00.00.00 - Transferências Multigovernamentais;siconfi-cor_RO1.7.2.4.00.00.00;10729778,73
Prefeitura Municipal de Novo Airão - AM;1303205;AM;18133;Receitas Brutas Realizadas;1.7.2.4.01.00.00 - Transferências de Recursos do Fundo de Manutenção e Desenvolvimento do Ensino Fundamental e de Valorização do Magistério - FUNDEB;siconfi-cor_RO1.7.2.4.01.00.00;8326795,89
Prefeitura Municipal de Novo Airão - AM;1303205;AM;18133;Receitas Brutas Realizadas;1.7.2.4.02.00.00 - Transferências de Recursos da Complementação ao Fundo de Manutenção e Desenvolvimento do Ensino Fundamental e de Valorização do Magistério - FUNDEB;siconfi-cor_RO1.7.2.4.02.00.00;2402982,84
Prefeitura Municipal de Novo Airão - AM;1303205;AM;18133;Receitas Brutas Realizadas;1.9.0.0.00.00.00 - Outras Receitas Correntes;siconfi-cor_RO1.9.0.0.00.00.00;335416,68
Prefeitura Municipal de Novo Airão - AM;1303205;AM;18133;Receitas Brutas Realizadas;1.9.9.0.00.00.00 - Receitas Diversas;siconfi-cor_RO1.9.9.0.00.00.00;335416,68
Prefeitura Municipal de Novo Airão - AM;1303205;AM;18133;Receitas Brutas Realizadas;1.9.9.0.99.00.00 - Outras Receitas;siconfi-cor_RO1.9.9.0.99.00.00;335416,68
Prefeitura Municipal de Novo Airão - AM;1303205;AM;18133;Receitas Brutas Realizadas;2.0.0.0.00.00.00 - Receitas de Capital;siconfi-cor_RO2.0.0.0.00.00.00;81600
Prefeitura Municipal de Novo Airão - AM;1303205;AM;18133;Receitas Brutas Realizadas;2.4.0.0.00.00.00 - Transferências de Capital;siconfi-cor_RO2.4.0.0.00.00.00;81600
Prefeitura Municipal de Novo Airão - AM;1303205;AM;18133;Receitas Brutas Realizadas;2.4.2.0.00.00.00 - Transferências Intergovernamentais;siconfi-cor_RO2.4.2.0.00.00.00;81600
Prefeitura Municipal de Novo Airão - AM;1303205;AM;18133;Receitas Brutas Realizadas;2.4.2.1.00.00.00 - Transferências da União;siconfi-cor_RO2.4.2.1.00.00.00;81600
Prefeitura Municipal de Novo Airão - AM;1303205;AM;18133;Receitas Brutas Realizadas;2.4.2.1.01.00.00 - Participação na Receita da União;siconfi-cor_RO2.4.2.1.01.00.00;81600
Prefeitura Municipal de Novo Airão - AM;1303205;AM;18133;Outras Deduções da Receita;Total Receitas;siconfi-cor_TotalReceitas;4347475,21
Prefeitura Municipal de Novo Airão - AM;1303205;AM;18133;Outras Deduções da Receita;1.0.0.0.00.00.00 - Receitas Correntes;siconfi-cor_RO1.0.0.0.00.00.00;4347475,21
Prefeitura Municipal de Novo Airão - AM;1303205;AM;18133;Outras Deduções da Receita;1.7.0.0.00.00.00 - Transferências Correntes;siconfi-cor_RO1.7.0.0.00.00.00;4347475,21
Prefeitura Municipal de Novo Airão - AM;1303205;AM;18133;Outras Deduções da Receita;1.7.2.0.00.00.00 - Transferências Intergovernamentais;siconfi-cor_RO1.7.2.0.00.00.00;4347475,21
Prefeitura Municipal de Novo Airão - AM;1303205;AM;18133;Outras Deduções da Receita;1.7.2.1.00.00.00 - Transferências da União;siconfi-cor_RO1.7.2.1.00.00.00;2528795,53
Prefeitura Municipal de Novo Airão - AM;1303205;AM;18133;Outras Deduções da Receita;1.7.2.1.01.00.00 - Participação na Receita da União;siconfi-cor_RO1.7.2.1.01.00.00;2524508,89
Prefeitura Municipal de Novo Airão - AM;1303205;AM;18133;Outras Deduções da Receita;1.7.2.1.01.02.00 - Cota-Parte do Fundo de Participação dos Municípios ¿ FPM;siconfi-cor_RO1.7.2.1.01.02.00;2524508,89
Prefeitura Municipal de Novo Airão - AM;1303205;AM;18133;Outras Deduções da Receita;1.7.2.1.36.00.00 - Transferências Financeiras do ICMS ¿ Desoneração ¿ L.C. Nº 87/96;siconfi-cor_RO1.7.2.1.36.00.00;4286,64
Prefeitura Municipal de Novo Airão - AM;1303205;AM;18133;Outras Deduções da Receita;1.7.2.2.00.00.00 - Transferências dos Estados;siconfi-cor_RO1.7.2.2.00.00.00;1818679,68
Prefeitura Municipal de Novo Airão - AM;1303205;AM;18133;Outras Deduções da Receita;1.7.2.2.01.00.00 - Participação na Receita dos Estados;siconfi-cor_RO1.7.2.2.01.00.00;1818679,68
Prefeitura Municipal de Novo Airão - AM;1303205;AM;18133;Outras Deduções da Receita;1.7.2.2.01.01.00 - Cota-Parte do ICMS;siconfi-cor_RO1.7.2.2.01.01.00;1788122,51
Prefeitura Municipal de Novo Airão - AM;1303205;AM;18133;Outras Deduções da Receita;1.7.2.2.01.02.00 - Cota-Parte do IPVA;siconfi-cor_RO1.7.2.2.01.02.00;23384,76
Prefeitura Municipal de Novo Airão - AM;1303205;AM;18133;Outras Deduções da Receita;1.7.2.2.01.04.00 - Cota-Parte do IPI - Municípios;siconfi-cor_RO1.7.2.2.01.04.00;7172,41
Prefeitura Municipal de Nova Olinda do Norte - AM;1303106;AM;35800;Receitas Brutas Realizadas;Total Receitas;siconfi-cor_TotalReceitas;64596919,19
Prefeitura Municipal de Nova Olinda do Norte - AM;1303106;AM;35800;Receitas Brutas Realizadas;1.0.0.0.00.00.00 - Receitas Correntes;siconfi-cor_RO1.0.0.0.00.00.00;62818506,86
Prefeitura Municipal de Nova Olinda do Norte - AM;1303106;AM;35800;Receitas Brutas Realizadas;1.1.0.0.00.00.00 - Receita Tributária;siconfi-cor_RO1.1.0.0.00.00.00;1373336,43
Prefeitura Municipal de Nova Olinda do Norte - AM;1303106;AM;35800;Receitas Brutas Realizadas;1.1.1.0.00.00.00 - Impostos;siconfi-cor_RO1.1.1.0.00.00.00;1325030,54
Prefeitura Municipal de Nova Olinda do Norte - AM;1303106;AM;35800;Receitas Brutas Realizadas;1.1.1.2.00.00.00 - Impostos sobre o Patrimônio e a Renda;siconfi-cor_RO1.1.1.2.00.00.00;685834,9
Prefeitura Municipal de Nova Olinda do Norte - AM;1303106;AM;35800;Receitas Brutas Realizadas;1.1.1.2.02.00.00 - Imposto sobre a Propriedade Predial e Territorial Urbana ¿ IPTU;siconfi-cor_RO1.1.1.2.02.00.00;8896,9
Prefeitura Municipal de Nova Olinda do Norte - AM;1303106;AM;35800;Receitas Brutas Realizadas;1.1.1.2.04.00.00 - Imposto sobre a Renda e Proventos de Qualquer Natureza ¿ IR;siconfi-cor_RO1.1.1.2.04.00.00;669938,54
Prefeitura Municipal de Nova Olinda do Norte - AM;1303106;AM;35800;Receitas Brutas Realizadas;1.1.1.2.04.31.00 - Retido nas Fontes - Trabalho;siconfi-cor_RO1.1.1.2.04.31.00;615737,74
Prefeitura Municipal de Nova Olinda do Norte - AM;1303106;AM;35800;Receitas Brutas Realizadas;1.1.1.2.04.34.00 - Retido nas Fontes - Outros Rendimentos;siconfi-cor_RO1.1.1.2.04.34.00;54200,8
Prefeitura Municipal de Nova Olinda do Norte - AM;1303106;AM;35800;Receitas Brutas Realizadas;"1.1.1.2.08.00.00 - Imposto sobre Transmissão Inter Vivos"" de Bens Imóveis e de Direitos Reais sobre Imóveis ¿ ITBI""";siconfi-cor_RO1.1.1.2.08.00.00;6999,46
Prefeitura Municipal de Nova Olinda do Norte - AM;1303106;AM;35800;Receitas Brutas Realizadas;1.1.1.3.00.00.00 - Impostos sobre a Produção e a Circulação;siconfi-cor_RO1.1.1.3.00.00.00;639195,64
Prefeitura Municipal de Nova Olinda do Norte - AM;1303106;AM;35800;Receitas Brutas Realizadas;1.1.1.3.05.00.00 - Imposto sobre Serviços de Qualquer Natureza ¿ ISSQN;siconfi-cor_RO1.1.1.3.05.00.00;639195,64
Prefeitura Municipal de Nova Olinda do Norte - AM;1303106;AM;35800;Receitas Brutas Realizadas;1.1.2.0.00.00.00 - Taxas;siconfi-cor_RO1.1.2.0.00.00.00;48305,89
Prefeitura Municipal de Nova Olinda do Norte - AM;1303106;AM;35800;Receitas Brutas Realizadas;1.1.2.1.00.00.00 - Taxas pelo Exercício do Poder de Polícia;siconfi-cor_RO1.1.2.1.00.00.00;48305,89
Prefeitura Municipal de Nova Olinda do Norte - AM;1303106;AM;35800;Receitas Brutas Realizadas;1.2.0.0.00.00.00 - Receitas de Contribuições;siconfi-cor_RO1.2.0.0.00.00.00;481271,93
Prefeitura Municipal de Nova Olinda do Norte - AM;1303106;AM;35800;Receitas Brutas Realizadas;1.2.2.0.00.00.00 - Contribuições de Intervenção no Domínio Econômico;siconfi-cor_RO1.2.2.0.00.00.00;55343,31
Prefeitura Municipal de Nova Olinda do Norte - AM;1303106;AM;35800;Receitas Brutas Realizadas;1.2.2.0.24.00.00 - Contribuição sobre a Receita das Concessionárias e Permissionárias de Energia Elétrica;siconfi-cor_RO1.2.2.0.24.00.00;55343,31
Prefeitura Municipal de Nova Olinda do Norte - AM;1303106;AM;35800;Receitas Brutas Realizadas;1.2.3.0.00.00.00 - Contribuição para Custeio do Serviço de Iluminação Pública;siconfi-cor_RO1.2.3.0.00.00.00;425928,62
Prefeitura Municipal de Nova Olinda do Norte - AM;1303106;AM;35800;Receitas Brutas Realizadas;1.3.0.0.00.00.00 - Receita Patrimonial;siconfi-cor_RO1.3.0.0.00.00.00;274047,63
Prefeitura Municipal de Nova Olinda do Norte - AM;1303106;AM;35800;Receitas Brutas Realizadas;1.3.1.0.00.00.00 - Receitas Imobiliárias;siconfi-cor_RO1.3.1.0.00.00.00;2883,62
Prefeitura Municipal de Nova Olinda do Norte - AM;1303106;AM;35800;Receitas Brutas Realizadas;1.3.1.9.00.00.00 - Outras Receitas Imobiliárias;siconfi-cor_RO1.3.1.9.00.00.00;2883,62
Prefeitura Municipal de Nova Olinda do Norte - AM;1303106;AM;35800;Receitas Brutas Realizadas;1.3.2.0.00.00.00 - Receitas de Valores Mobiliários;siconfi-cor_RO1.3.2.0.00.00.00;271164,01
Prefeitura Municipal de Nova Olinda do Norte - AM;1303106;AM;35800;Receitas Brutas Realizadas;1.3.2.5.00.00.00 - Remuneração de Depósitos Bancários;siconfi-cor_RO1.3.2.5.00.00.00;271164,01
Prefeitura Municipal de Nova Olinda do Norte - AM;1303106;AM;35800;Receitas Brutas Realizadas;1.6.0.0.00.00.00 - Receita de Serviços;siconfi-cor_RO1.6.0.0.00.00.00;221884,42
Prefeitura Municipal de Nova Olinda do Norte - AM;1303106;AM;35800;Receitas Brutas Realizadas;1.6.0.0.41.00.00 - Serviços de Captação, Adução, Tratamento, Reserva e Distribuição de Água;siconfi-cor_RO1.6.0.0.41.00.00;221884,42
Prefeitura Municipal de Nova Olinda do Norte - AM;1303106;AM;35800;Receitas Brutas Realizadas;1.7.0.0.00.00.00 - Transferências Correntes;siconfi-cor_RO1.7.0.0.00.00.00;60343135,37
Prefeitura Municipal de Nova Olinda do Norte - AM;1303106;AM;35800;Receitas Brutas Realizadas;1.7.2.0.00.00.00 - Transferências Intergovernamentais;siconfi-cor_RO1.7.2.0.00.00.00;60343135,37
Prefeitura Municipal de Nova Olinda do Norte - AM;1303106;AM;35800;Receitas Brutas Realizadas;1.7.2.1.00.00.00 - Transferências da União;siconfi-cor_RO1.7.2.1.00.00.00;27600727,62
Prefeitura Municipal de Nova Olinda do Norte - AM;1303106;AM;35800;Receitas Brutas Realizadas;1.7.2.1.01.00.00 - Participação na Receita da União;siconfi-cor_RO1.7.2.1.01.00.00;18335387,95
Prefeitura Municipal de Nova Olinda do Norte - AM;1303106;AM;35800;Receitas Brutas Realizadas;1.7.2.1.01.02.00 - Cota-Parte do Fundo de Participação dos Municípios ¿ FPM;siconfi-cor_RO1.7.2.1.01.02.00;16816886,62
Prefeitura Municipal de Nova Olinda do Norte - AM;1303106;AM;35800;Receitas Brutas Realizadas;1.7.2.1.01.03.00 - Cota-Parte do Fundo de Participação dos Municípios - 1% Cota Anual;siconfi-cor_RO1.7.2.1.01.03.00;746401,26
Prefeitura Municipal de Nova Olinda do Norte - AM;1303106;AM;35800;Receitas Brutas Realizadas;1.7.2.1.01.04.00 - Cota-Parte do Fundo de Participação dos Municípios - 1% Cota entregue no mês de julho (67)(I);siconfi-cor_RO1.7.2.1.01.04.00;771814,3
Prefeitura Municipal de Nova Olinda do Norte - AM;1303106;AM;35800;Receitas Brutas Realizadas;1.7.2.1.01.05.00 - Cota-Parte do Imposto Sobre a Propriedade Territorial Rural ¿ ITR;siconfi-cor_RO1.7.2.1.01.05.00;285,77
Prefeitura Municipal de Nova Olinda do Norte - AM;1303106;AM;35800;Receitas Brutas Realizadas;1.7.2.1.22.00.00 - Transferências da Compensação Financeira pela Exploração de Recursos Naturais;siconfi-cor_RO1.7.2.1.22.00.00;196346,06
Prefeitura Municipal de Nova Olinda do Norte - AM;1303106;AM;35800;Receitas Brutas Realizadas;1.7.2.1.22.70.00 - Cota-Parte do Fundo Especial do Petróleo ¿ FEP;siconfi-cor_RO1.7.2.1.22.70.00;196346,06
Prefeitura Municipal de Nova Olinda do Norte - AM;1303106;AM;35800;Receitas Brutas Realizadas;1.7.2.1.33.00.00 - Transferências de Recursos do Sistema Único de Saúde - SUS - Repasses Fundo a Fundo;siconfi-cor_RO1.7.2.1.33.00.00;6318305,1
Prefeitura Municipal de Nova Olinda do Norte - AM;1303106;AM;35800;Receitas Brutas Realizadas;1.7.2.1.34.00.00 - Transferências de Recursos do Fundo Nacional de Assistência Social ¿ FNAS;siconfi-cor_RO1.7.2.1.34.00.00;887584,37
Prefeitura Municipal de Nova Olinda do Norte - AM;1303106;AM;35800;Receitas Brutas Realizadas;1.7.2.1.35.00.00 - Transferências de Recursos do Fundo Nacional do Desenvolvimento da Educação ¿ FNDE;siconfi-cor_RO1.7.2.1.35.00.00;1828816,61
Prefeitura Municipal de Nova Olinda do Norte - AM;1303106;AM;35800;Receitas Brutas Realizadas;1.7.2.1.36.00.00 - Transferências Financeiras do ICMS ¿ Desoneração ¿ L.C. Nº 87/96;siconfi-cor_RO1.7.2.1.36.00.00;20819,04
Prefeitura Municipal de Nova Olinda do Norte - AM;1303106;AM;35800;Receitas Brutas Realizadas;1.7.2.1.99.00.00 - Outras Transferências da União;siconfi-cor_RO1.7.2.1.99.00.00;13468,49
Prefeitura Municipal de Nova Olinda do Norte - AM;1303106;AM;35800;Receitas Brutas Realizadas;1.7.2.2.00.00.00 - Transferências dos Estados;siconfi-cor_RO1.7.2.2.00.00.00;9723164,71
Prefeitura Municipal de Nova Olinda do Norte - AM;1303106;AM;35800;Receitas Brutas Realizadas;1.7.2.2.01.00.00 - Participação na Receita dos Estados;siconfi-cor_RO1.7.2.2.01.00.00;8848493,27
Prefeitura Municipal de Nova Olinda do Norte - AM;1303106;AM;35800;Receitas Brutas Realizadas;1.7.2.2.01.01.00 - Cota-Parte do ICMS;siconfi-cor_RO1.7.2.2.01.01.00;8684415,69
Prefeitura Municipal de Nova Olinda do Norte - AM;1303106;AM;35800;Receitas Brutas Realizadas;1.7.2.2.01.02.00 - Cota-Parte do IPVA;siconfi-cor_RO1.7.2.2.01.02.00;50503,63
Prefeitura Municipal de Nova Olinda do Norte - AM;1303106;AM;35800;Receitas Brutas Realizadas;1.7.2.2.01.04.00 - Cota-Parte do IPI - Municípios;siconfi-cor_RO1.7.2.2.01.04.00;34834,45
Prefeitura Municipal de Nova Olinda do Norte - AM;1303106;AM;35800;Receitas Brutas Realizadas;1.7.2.2.01.13.00 - Cota-Parte da Contribuição de Intervenção no Domínio Econômico;siconfi-cor_RO1.7.2.2.01.13.00;78739,5
Prefeitura Municipal de Nova Olinda do Norte - AM;1303106;AM;35800;Receitas Brutas Realizadas;1.7.2.2.22.00.00 - Transferências da Cota-Parte da Compensação Financeira (25%);siconfi-cor_RO1.7.2.2.22.00.00;93657,86
Prefeitura Municipal de Nova Olinda do Norte - AM;1303106;AM;35800;Receitas Brutas Realizadas;1.7.2.2.22.30.00 - Cota-Parte Royalties - Compensação Financeira pela Produção de Petróleo - Lei nº 7.990/89 artigo 9º;siconfi-cor_RO1.7.2.2.22.30.00;93657,86
Prefeitura Municipal de Nova Olinda do Norte - AM;1303106;AM;35800;Receitas Brutas Realizadas;1.7.2.2.33.00.00 - Transferências de Recursos do Estado para Programas de Saúde - Repasse Fundo a Fundo;siconfi-cor_RO1.7.2.2.33.00.00;781013,58
Prefeitura Municipal de Nova Olinda do Norte - AM;1303106;AM;35800;Receitas Brutas Realizadas;1.7.2.4.00.00.00 - Transferências Multigovernamentais;siconfi-cor_RO1.7.2.4.00.00.00;23019243,04
Prefeitura Municipal de Nova Olinda do Norte - AM;1303106;AM;35800;Receitas Brutas Realizadas;1.7.2.4.01.00.00 - Transferências de Recursos do Fundo de Manutenção e Desenvolvimento do Ensino Fundamental e de Valorização do Magistério - FUNDEB;siconfi-cor_RO1.7.2.4.01.00.00;14454834,75
Prefeitura Municipal de Nova Olinda do Norte - AM;1303106;AM;35800;Receitas Brutas Realizadas;1.7.2.4.02.00.00 - Transferências de Recursos da Complementação ao Fundo de Manutenção e Desenvolvimento do Ensino Fundamental e de Valorização do Magistério - FUNDEB;siconfi-cor_RO1.7.2.4.02.00.00;8564408,29
Prefeitura Municipal de Nova Olinda do Norte - AM;1303106;AM;35800;Receitas Brutas Realizadas;1.9.0.0.00.00.00 - Outras Receitas Correntes;siconfi-cor_RO1.9.0.0.00.00.00;124831,08
Prefeitura Municipal de Nova Olinda do Norte - AM;1303106;AM;35800;Receitas Brutas Realizadas;1.9.2.0.00.00.00 - Indenizações e Restituições;siconfi-cor_RO1.9.2.0.00.00.00;25753,07
Prefeitura Municipal de Nova Olinda do Norte - AM;1303106;AM;35800;Receitas Brutas Realizadas;1.9.2.2.00.00.00 - Restituições;siconfi-cor_RO1.9.2.2.00.00.00;25753,07
Prefeitura Municipal de Nova Olinda do Norte - AM;1303106;AM;35800;Receitas Brutas Realizadas;1.9.2.2.99.00.00 - Outras Restituições;siconfi-cor_RO1.9.2.2.99.00.00;25753,07
Prefeitura Municipal de Nova Olinda do Norte - AM;1303106;AM;35800;Receitas Brutas Realizadas;1.9.9.0.00.00.00 - Receitas Diversas;siconfi-cor_RO1.9.9.0.00.00.00;99078,01
Prefeitura Municipal de Nova Olinda do Norte - AM;1303106;AM;35800;Receitas Brutas Realizadas;1.9.9.0.99.00.00 - Outras Receitas;siconfi-cor_RO1.9.9.0.99.00.00;99078,01
Prefeitura Municipal de Nova Olinda do Norte - AM;1303106;AM;35800;Receitas Brutas Realizadas;2.0.0.0.00.00.00 - Receitas de Capital;siconfi-cor_RO2.0.0.0.00.00.00;1778412,33
Prefeitura Municipal de Nova Olinda do Norte - AM;1303106;AM;35800;Receitas Brutas Realizadas;2.4.0.0.00.00.00 - Transferências de Capital;siconfi-cor_RO2.4.0.0.00.00.00;1778412,33
Prefeitura Municipal de Nova Olinda do Norte - AM;1303106;AM;35800;Receitas Brutas Realizadas;2.4.2.0.00.00.00 - Transferências Intergovernamentais;siconfi-cor_RO2.4.2.0.00.00.00;1214230,61
Prefeitura Municipal de Nova Olinda do Norte - AM;1303106;AM;35800;Receitas Brutas Realizadas;2.4.2.1.00.00.00 - Transferências da União;siconfi-cor_RO2.4.2.1.00.00.00;1214230,61
Prefeitura Municipal de Nova Olinda do Norte - AM;1303106;AM;35800;Receitas Brutas Realizadas;2.4.2.1.01.00.00 - Participação na Receita da União;siconfi-cor_RO2.4.2.1.01.00.00;34500
Prefeitura Municipal de Nova Olinda do Norte - AM;1303106;AM;35800;Receitas Brutas Realizadas;2.4.2.1.02.00.00 - Transferências de Recursos Destinados a Programas de Educação;siconfi-cor_RO2.4.2.1.02.00.00;1179730,61
Prefeitura Municipal de Nova Olinda do Norte - AM;1303106;AM;35800;Receitas Brutas Realizadas;2.4.7.0.00.00.00 - Transferências de Convênios;siconfi-cor_RO2.4.7.0.00.00.00;564181,72
Prefeitura Municipal de Nova Olinda do Norte - AM;1303106;AM;35800;Receitas Brutas Realizadas;2.4.7.1.00.00.00 - Transferências de Convênios da União e de suas Entidades;siconfi-cor_RO2.4.7.1.00.00.00;564181,72
Prefeitura Municipal de Nova Olinda do Norte - AM;1303106;AM;35800;Receitas Brutas Realizadas;2.4.7.1.02.00.00 - Transferências de Convênios da União Destinadas a Programas de Educação;siconfi-cor_RO2.4.7.1.02.00.00;564181,72
Prefeitura Municipal de Nova Olinda do Norte - AM;1303106;AM;35800;Outras Deduções da Receita;Total Receitas;siconfi-cor_TotalReceitas;5121548,19
Prefeitura Municipal de Nova Olinda do Norte - AM;1303106;AM;35800;Outras Deduções da Receita;1.0.0.0.00.00.00 - Receitas Correntes;siconfi-cor_RO1.0.0.0.00.00.00;5121548,19
Prefeitura Municipal de Nova Olinda do Norte - AM;1303106;AM;35800;Outras Deduções da Receita;1.7.0.0.00.00.00 - Transferências Correntes;siconfi-cor_RO1.7.0.0.00.00.00;5121548,19
Prefeitura Municipal de Nova Olinda do Norte - AM;1303106;AM;35800;Outras Deduções da Receita;1.7.2.0.00.00.00 - Transferências Intergovernamentais;siconfi-cor_RO1.7.2.0.00.00.00;5121548,19
Prefeitura Municipal de Nova Olinda do Norte - AM;1303106;AM;35800;Outras Deduções da Receita;1.7.2.1.00.00.00 - Transferências da União;siconfi-cor_RO1.7.2.1.00.00.00;3367597,87
Prefeitura Municipal de Nova Olinda do Norte - AM;1303106;AM;35800;Outras Deduções da Receita;1.7.2.1.01.00.00 - Participação na Receita da União;siconfi-cor_RO1.7.2.1.01.00.00;3363434,11
Prefeitura Municipal de Nova Olinda do Norte - AM;1303106;AM;35800;Outras Deduções da Receita;1.7.2.1.01.02.00 - Cota-Parte do Fundo de Participação dos Municípios ¿ FPM;siconfi-cor_RO1.7.2.1.01.02.00;3363376,97
Prefeitura Municipal de Nova Olinda do Norte - AM;1303106;AM;35800;Outras Deduções da Receita;1.7.2.1.01.05.00 - Cota-Parte do Imposto Sobre a Propriedade Territorial Rural ¿ ITR;siconfi-cor_RO1.7.2.1.01.05.00;57,14
Prefeitura Municipal de Nova Olinda do Norte - AM;1303106;AM;35800;Outras Deduções da Receita;1.7.2.1.36.00.00 - Transferências Financeiras do ICMS ¿ Desoneração ¿ L.C. Nº 87/96;siconfi-cor_RO1.7.2.1.36.00.00;4163,76
Prefeitura Municipal de Nova Olinda do Norte - AM;1303106;AM;35800;Outras Deduções da Receita;1.7.2.2.00.00.00 - Transferências dos Estados;siconfi-cor_RO1.7.2.2.00.00.00;1753950,32
Prefeitura Municipal de Nova Olinda do Norte - AM;1303106;AM;35800;Outras Deduções da Receita;1.7.2.2.01.00.00 - Participação na Receita dos Estados;siconfi-cor_RO1.7.2.2.01.00.00;1753950,32
Prefeitura Municipal de Nova Olinda do Norte - AM;1303106;AM;35800;Outras Deduções da Receita;1.7.2.2.01.01.00 - Cota-Parte do ICMS;siconfi-cor_RO1.7.2.2.01.01.00;1736883,16
Prefeitura Municipal de Nova Olinda do Norte - AM;1303106;AM;35800;Outras Deduções da Receita;1.7.2.2.01.02.00 - Cota-Parte do IPVA;siconfi-cor_RO1.7.2.2.01.02.00;10100,24
Prefeitura Municipal de Nova Olinda do Norte - AM;1303106;AM;35800;Outras Deduções da Receita;1.7.2.2.01.04.00 - Cota-Parte do IPI - Municípios;siconfi-cor_RO1.7.2.2.01.04.00;6966,92
Prefeitura Municipal de Alvarães - AM;1300029;AM;15729;Receitas Brutas Realizadas;Total Receitas;siconfi-cor_TotalReceitas;38845401,39
Prefeitura Municipal de Alvarães - AM;1300029;AM;15729;Receitas Brutas Realizadas;1.0.0.0.00.00.00 - Receitas Correntes;siconfi-cor_RO1.0.0.0.00.00.00;38200717,48
Prefeitura Municipal de Alvarães - AM;1300029;AM;15729;Receitas Brutas Realizadas;1.1.0.0.00.00.00 - Receita Tributária;siconfi-cor_RO1.1.0.0.00.00.00;381953,56
Prefeitura Municipal de Alvarães - AM;1300029;AM;15729;Receitas Brutas Realizadas;1.1.1.0.00.00.00 - Impostos;siconfi-cor_RO1.1.1.0.00.00.00;381953,56
Prefeitura Municipal de Alvarães - AM;1300029;AM;15729;Receitas Brutas Realizadas;1.1.1.2.00.00.00 - Impostos sobre o Patrimônio e a Renda;siconfi-cor_RO1.1.1.2.00.00.00;332518,99
Prefeitura Municipal de Alvarães - AM;1300029;AM;15729;Receitas Brutas Realizadas;1.1.1.2.02.00.00 - Imposto sobre a Propriedade Predial e Territorial Urbana ¿ IPTU;siconfi-cor_RO1.1.1.2.02.00.00;11950,61
Prefeitura Municipal de Alvarães - AM;1300029;AM;15729;Receitas Brutas Realizadas;1.1.1.2.04.00.00 - Imposto sobre a Renda e Proventos de Qualquer Natureza ¿ IR;siconfi-cor_RO1.1.1.2.04.00.00;320568,38
Prefeitura Municipal de Alvarães - AM;1300029;AM;15729;Receitas Brutas Realizadas;1.1.1.2.04.31.00 - Retido nas Fontes - Trabalho;siconfi-cor_RO1.1.1.2.04.31.00;320568,38
Prefeitura Municipal de Alvarães - AM;1300029;AM;15729;Receitas Brutas Realizadas;1.1.1.3.00.00.00 - Impostos sobre a Produção e a Circulação;siconfi-cor_RO1.1.1.3.00.00.00;49434,57
Prefeitura Municipal de Alvarães - AM;1300029;AM;15729;Receitas Brutas Realizadas;1.1.1.3.05.00.00 - Imposto sobre Serviços de Qualquer Natureza ¿ ISSQN;siconfi-cor_RO1.1.1.3.05.00.00;49434,57
Prefeitura Municipal de Alvarães - AM;1300029;AM;15729;Receitas Brutas Realizadas;1.3.0.0.00.00.00 - Receita Patrimonial;siconfi-cor_RO1.3.0.0.00.00.00;127006,13
Prefeitura Municipal de Alvarães - AM;1300029;AM;15729;Receitas Brutas Realizadas;1.3.2.0.00.00.00 - Receitas de Valores Mobiliários;siconfi-cor_RO1.3.2.0.00.00.00;127006,13
Prefeitura Municipal de Alvarães - AM;1300029;AM;15729;Receitas Brutas Realizadas;1.3.2.5.00.00.00 - Remuneração de Depósitos Bancários;siconfi-cor_RO1.3.2.5.00.00.00;127006,13
Prefeitura Municipal de Alvarães - AM;1300029;AM;15729;Receitas Brutas Realizadas;1.7.0.0.00.00.00 - Transferências Correntes;siconfi-cor_RO1.7.0.0.00.00.00;36982903,7
Prefeitura Municipal de Alvarães - AM;1300029;AM;15729;Receitas Brutas Realizadas;1.7.2.0.00.00.00 - Transferências Intergovernamentais;siconfi-cor_RO1.7.2.0.00.00.00;36982903,7
Prefeitura Municipal de Alvarães - AM;1300029;AM;15729;Receitas Brutas Realizadas;1.7.2.1.00.00.00 - Transferências da União;siconfi-cor_RO1.7.2.1.00.00.00;15171314,49
Prefeitura Municipal de Alvarães - AM;1300029;AM;15729;Receitas Brutas Realizadas;1.7.2.1.01.00.00 - Participação na Receita da União;siconfi-cor_RO1.7.2.1.01.00.00;11459838,93
Prefeitura Municipal de Alvarães - AM;1300029;AM;15729;Receitas Brutas Realizadas;1.7.2.1.01.02.00 - Cota-Parte do Fundo de Participação dos Municípios ¿ FPM;siconfi-cor_RO1.7.2.1.01.02.00;10510554,16
Prefeitura Municipal de Alvarães - AM;1300029;AM;15729;Receitas Brutas Realizadas;1.7.2.1.01.03.00 - Cota-Parte do Fundo de Participação dos Municípios - 1% Cota Anual;siconfi-cor_RO1.7.2.1.01.03.00;466500,78
Prefeitura Municipal de Alvarães - AM;1300029;AM;15729;Receitas Brutas Realizadas;1.7.2.1.01.04.00 - Cota-Parte do Fundo de Participação dos Municípios - 1% Cota entregue no mês de julho (67)(I);siconfi-cor_RO1.7.2.1.01.04.00;482383,93
Prefeitura Municipal de Alvarães - AM;1300029;AM;15729;Receitas Brutas Realizadas;1.7.2.1.01.05.00 - Cota-Parte do Imposto Sobre a Propriedade Territorial Rural ¿ ITR;siconfi-cor_RO1.7.2.1.01.05.00;400,06
Prefeitura Municipal de Alvarães - AM;1300029;AM;15729;Receitas Brutas Realizadas;1.7.2.1.22.00.00 - Transferências da Compensação Financeira pela Exploração de Recursos Naturais;siconfi-cor_RO1.7.2.1.22.00.00;122716,26
Prefeitura Municipal de Alvarães - AM;1300029;AM;15729;Receitas Brutas Realizadas;1.7.2.1.22.70.00 - Cota-Parte do Fundo Especial do Petróleo ¿ FEP;siconfi-cor_RO1.7.2.1.22.70.00;122716,26
Prefeitura Municipal de Alvarães - AM;1300029;AM;15729;Receitas Brutas Realizadas;1.7.2.1.33.00.00 - Transferências de Recursos do Sistema Único de Saúde - SUS - Repasses Fundo a Fundo;siconfi-cor_RO1.7.2.1.33.00.00;2109747,9
Prefeitura Municipal de Alvarães - AM;1300029;AM;15729;Receitas Brutas Realizadas;1.7.2.1.34.00.00 - Transferências de Recursos do Fundo Nacional de Assistência Social ¿ FNAS;siconfi-cor_RO1.7.2.1.34.00.00;579530,98
Prefeitura Municipal de Alvarães - AM;1300029;AM;15729;Receitas Brutas Realizadas;1.7.2.1.35.00.00 - Transferências de Recursos do Fundo Nacional do Desenvolvimento da Educação ¿ FNDE;siconfi-cor_RO1.7.2.1.35.00.00;871213,36
Prefeitura Municipal de Alvarães - AM;1300029;AM;15729;Receitas Brutas Realizadas;1.7.2.1.36.00.00 - Transferências Financeiras do ICMS ¿ Desoneração ¿ L.C. Nº 87/96;siconfi-cor_RO1.7.2.1.36.00.00;17163,48
Prefeitura Municipal de Alvarães - AM;1300029;AM;15729;Receitas Brutas Realizadas;1.7.2.1.99.00.00 - Outras Transferências da União;siconfi-cor_RO1.7.2.1.99.00.00;11103,58
Prefeitura Municipal de Alvarães - AM;1300029;AM;15729;Receitas Brutas Realizadas;1.7.2.2.00.00.00 - Transferências dos Estados;siconfi-cor_RO1.7.2.2.00.00.00;7433950,48
Prefeitura Municipal de Alvarães - AM;1300029;AM;15729;Receitas Brutas Realizadas;1.7.2.2.01.00.00 - Participação na Receita dos Estados;siconfi-cor_RO1.7.2.2.01.00.00;7245613,22
Prefeitura Municipal de Alvarães - AM;1300029;AM;15729;Receitas Brutas Realizadas;1.7.2.2.01.01.00 - Cota-Parte do ICMS;siconfi-cor_RO1.7.2.2.01.01.00;7159532,37
Prefeitura Municipal de Alvarães - AM;1300029;AM;15729;Receitas Brutas Realizadas;1.7.2.2.01.02.00 - Cota-Parte do IPVA;siconfi-cor_RO1.7.2.2.01.02.00;13317,42
Prefeitura Municipal de Alvarães - AM;1300029;AM;15729;Receitas Brutas Realizadas;1.7.2.2.01.04.00 - Cota-Parte do IPI - Municípios;siconfi-cor_RO1.7.2.2.01.04.00;28717,93
Prefeitura Municipal de Alvarães - AM;1300029;AM;15729;Receitas Brutas Realizadas;1.7.2.2.01.13.00 - Cota-Parte da Contribuição de Intervenção no Domínio Econômico;siconfi-cor_RO1.7.2.2.01.13.00;44045,5
Prefeitura Municipal de Alvarães - AM;1300029;AM;15729;Receitas Brutas Realizadas;1.7.2.2.22.00.00 - Transferências da Cota-Parte da Compensação Financeira (25%);siconfi-cor_RO1.7.2.2.22.00.00;77212,61
Prefeitura Municipal de Alvarães - AM;1300029;AM;15729;Receitas Brutas Realizadas;1.7.2.2.22.30.00 - Cota-Parte Royalties - Compensação Financeira pela Produção de Petróleo - Lei nº 7.990/89 artigo 9º;siconfi-cor_RO1.7.2.2.22.30.00;77212,61
Prefeitura Municipal de Alvarães - AM;1300029;AM;15729;Receitas Brutas Realizadas;1.7.2.2.33.00.00 - Transferências de Recursos do Estado para Programas de Saúde - Repasse Fundo a Fundo;siconfi-cor_RO1.7.2.2.33.00.00;111124,65
Prefeitura Municipal de Alvarães - AM;1300029;AM;15729;Receitas Brutas Realizadas;1.7.2.4.00.00.00 - Transferências Multigovernamentais;siconfi-cor_RO1.7.2.4.00.00.00;14377638,73
Prefeitura Municipal de Alvarães - AM;1300029;AM;15729;Receitas Brutas Realizadas;1.7.2.4.01.00.00 - Transferências de Recursos do Fundo de Manutenção e Desenvolvimento do Ensino Fundamental e de Valorização do Magistério - FUNDEB;siconfi-cor_RO1.7.2.4.01.00.00;11224714,64
Prefeitura Municipal de Alvarães - AM;1300029;AM;15729;Receitas Brutas Realizadas;1.7.2.4.02.00.00 - Transferências de Recursos da Complementação ao Fundo de Manutenção e Desenvolvimento do Ensino Fundamental e de Valorização do Magistério - FUNDEB;siconfi-cor_RO1.7.2.4.02.00.00;3152924,09
Prefeitura Municipal de Alvarães - AM;1300029;AM;15729;Receitas Brutas Realizadas;1.9.0.0.00.00.00 - Outras Receitas Correntes;siconfi-cor_RO1.9.0.0.00.00.00;708854,09
Prefeitura Municipal de Alvarães - AM;1300029;AM;15729;Receitas Brutas Realizadas;1.9.9.0.00.00.00 - Receitas Diversas;siconfi-cor_RO1.9.9.0.00.00.00;708854,09
Prefeitura Municipal de Alvarães - AM;1300029;AM;15729;Receitas Brutas Realizadas;1.9.9.0.99.00.00 - Outras Receitas;siconfi-cor_RO1.9.9.0.99.00.00;708854,09
Prefeitura Municipal de Alvarães - AM;1300029;AM;15729;Receitas Brutas Realizadas;2.0.0.0.00.00.00 - Receitas de Capital;siconfi-cor_RO2.0.0.0.00.00.00;644683,91
Prefeitura Municipal de Alvarães - AM;1300029;AM;15729;Receitas Brutas Realizadas;2.4.0.0.00.00.00 - Transferências de Capital;siconfi-cor_RO2.4.0.0.00.00.00;644683,91
Prefeitura Municipal de Alvarães - AM;1300029;AM;15729;Receitas Brutas Realizadas;2.4.2.0.00.00.00 - Transferências Intergovernamentais;siconfi-cor_RO2.4.2.0.00.00.00;644683,91
Prefeitura Municipal de Alvarães - AM;1300029;AM;15729;Receitas Brutas Realizadas;2.4.2.1.00.00.00 - Transferências da União;siconfi-cor_RO2.4.2.1.00.00.00;644683,91
Prefeitura Municipal de Alvarães - AM;1300029;AM;15729;Receitas Brutas Realizadas;2.4.2.1.01.00.00 - Participação na Receita da União;siconfi-cor_RO2.4.2.1.01.00.00;81600
Prefeitura Municipal de Alvarães - AM;1300029;AM;15729;Receitas Brutas Realizadas;2.4.2.1.02.00.00 - Transferências de Recursos Destinados a Programas de Educação;siconfi-cor_RO2.4.2.1.02.00.00;563083,91
Prefeitura Municipal de Alvarães - AM;1300029;AM;15729;Deduções - Transferências Constitucionais;Total Receitas;siconfi-cor_TotalReceitas;-3545936,36
Prefeitura Municipal de Alvarães - AM;1300029;AM;15729;Deduções - Transferências Constitucionais;1.0.0.0.00.00.00 - Receitas Correntes;siconfi-cor_RO1.0.0.0.00.00.00;-3545936,36
Prefeitura Municipal de Alvarães - AM;1300029;AM;15729;Deduções - Transferências Constitucionais;1.7.0.0.00.00.00 - Transferências Correntes;siconfi-cor_RO1.7.0.0.00.00.00;-3545936,36
Prefeitura Municipal de Alvarães - AM;1300029;AM;15729;Deduções - Transferências Constitucionais;1.7.2.0.00.00.00 - Transferências Intergovernamentais;siconfi-cor_RO1.7.2.0.00.00.00;-3545936,36
Prefeitura Municipal de Alvarães - AM;1300029;AM;15729;Deduções - Transferências Constitucionais;1.7.2.1.00.00.00 - Transferências da União;siconfi-cor_RO1.7.2.1.00.00.00;-2105623,1
Prefeitura Municipal de Alvarães - AM;1300029;AM;15729;Deduções - Transferências Constitucionais;1.7.2.1.01.00.00 - Participação na Receita da União;siconfi-cor_RO1.7.2.1.01.00.00;-2102190,5
Prefeitura Municipal de Alvarães - AM;1300029;AM;15729;Deduções - Transferências Constitucionais;1.7.2.1.01.02.00 - Cota-Parte do Fundo de Participação dos Municípios ¿ FPM;siconfi-cor_RO1.7.2.1.01.02.00;-2102110,51
Prefeitura Municipal de Alvarães - AM;1300029;AM;15729;Deduções - Transferências Constitucionais;1.7.2.1.01.05.00 - Cota-Parte do Imposto Sobre a Propriedade Territorial Rural ¿ ITR;siconfi-cor_RO1.7.2.1.01.05.00;-79,99
Prefeitura Municipal de Alvarães - AM;1300029;AM;15729;Deduções - Transferências Constitucionais;1.7.2.1.36.00.00 - Transferências Financeiras do ICMS ¿ Desoneração ¿ L.C. Nº 87/96;siconfi-cor_RO1.7.2.1.36.00.00;-3432,6
Prefeitura Municipal de Alvarães - AM;1300029;AM;15729;Deduções - Transferências Constitucionais;1.7.2.2.00.00.00 - Transferências dos Estados;siconfi-cor_RO1.7.2.2.00.00.00;-1440313,26
Prefeitura Municipal de Alvarães - AM;1300029;AM;15729;Deduções - Transferências Constitucionais;1.7.2.2.01.00.00 - Participação na Receita dos Estados;siconfi-cor_RO1.7.2.2.01.00.00;-1440313,26
Prefeitura Municipal de Alvarães - AM;1300029;AM;15729;Deduções - Transferências Constitucionais;1.7.2.2.01.01.00 - Cota-Parte do ICMS;siconfi-cor_RO1.7.2.2.01.01.00;-1431931,03
Prefeitura Municipal de Alvarães - AM;1300029;AM;15729;Deduções - Transferências Constitucionais;1.7.2.2.01.02.00 - Cota-Parte do IPVA;siconfi-cor_RO1.7.2.2.01.02.00;-2638,68
Prefeitura Municipal de Alvarães - AM;1300029;AM;15729;Deduções - Transferências Constitucionais;1.7.2.2.01.04.00 - Cota-Parte do IPI - Municípios;siconfi-cor_RO1.7.2.2.01.04.00;-5743,55
Prefeitura Municipal de Atalaia do Norte - AM;1300201;AM;18599;Receitas Brutas Realizadas;Total Receitas;siconfi-cor_TotalReceitas;48638596,4
Prefeitura Municipal de Atalaia do Norte - AM;1300201;AM;18599;Receitas Brutas Realizadas;1.0.0.0.00.00.00 - Receitas Correntes;siconfi-cor_RO1.0.0.0.00.00.00;48489486,48
Prefeitura Municipal de Atalaia do Norte - AM;1300201;AM;18599;Receitas Brutas Realizadas;1.1.0.0.00.00.00 - Receita Tributária;siconfi-cor_RO1.1.0.0.00.00.00;1023040,68
Prefeitura Municipal de Atalaia do Norte - AM;1300201;AM;18599;Receitas Brutas Realizadas;1.1.1.0.00.00.00 - Impostos;siconfi-cor_RO1.1.1.0.00.00.00;1000407,52
Prefeitura Municipal de Atalaia do Norte - AM;1300201;AM;18599;Receitas Brutas Realizadas;1.1.1.2.00.00.00 - Impostos sobre o Patrimônio e a Renda;siconfi-cor_RO1.1.1.2.00.00.00;619522,14
Prefeitura Municipal de Atalaia do Norte - AM;1300201;AM;18599;Receitas Brutas Realizadas;1.1.1.2.02.00.00 - Imposto sobre a Propriedade Predial e Territorial Urbana ¿ IPTU;siconfi-cor_RO1.1.1.2.02.00.00;800
Prefeitura Municipal de Atalaia do Norte - AM;1300201;AM;18599;Receitas Brutas Realizadas;1.1.1.2.04.00.00 - Imposto sobre a Renda e Proventos de Qualquer Natureza ¿ IR;siconfi-cor_RO1.1.1.2.04.00.00;618722,14
Prefeitura Municipal de Atalaia do Norte - AM;1300201;AM;18599;Receitas Brutas Realizadas;1.1.1.2.04.31.00 - Retido nas Fontes - Trabalho;siconfi-cor_RO1.1.1.2.04.31.00;519194,41
Prefeitura Municipal de Atalaia do Norte - AM;1300201;AM;18599;Receitas Brutas Realizadas;1.1.1.2.04.34.00 - Retido nas Fontes - Outros Rendimentos;siconfi-cor_RO1.1.1.2.04.34.00;99527,73
Prefeitura Municipal de Atalaia do Norte - AM;1300201;AM;18599;Receitas Brutas Realizadas;1.1.1.3.00.00.00 - Impostos sobre a Produção e a Circulação;siconfi-cor_RO1.1.1.3.00.00.00;380885,38
Prefeitura Municipal de Atalaia do Norte - AM;1300201;AM;18599;Receitas Brutas Realizadas;1.1.1.3.05.00.00 - Imposto sobre Serviços de Qualquer Natureza ¿ ISSQN;siconfi-cor_RO1.1.1.3.05.00.00;380885,38
Prefeitura Municipal de Atalaia do Norte - AM;1300201;AM;18599;Receitas Brutas Realizadas;1.1.2.0.00.00.00 - Taxas;siconfi-cor_RO1.1.2.0.00.00.00;22633,16
Prefeitura Municipal de Atalaia do Norte - AM;1300201;AM;18599;Receitas Brutas Realizadas;1.1.2.1.00.00.00 - Taxas pelo Exercício do Poder de Polícia;siconfi-cor_RO1.1.2.1.00.00.00;16393,16
Prefeitura Municipal de Atalaia do Norte - AM;1300201;AM;18599;Receitas Brutas Realizadas;1.1.2.2.00.00.00 - Taxas pela Prestação de Serviços;siconfi-cor_RO1.1.2.2.00.00.00;6240
Prefeitura Municipal de Atalaia do Norte - AM;1300201;AM;18599;Receitas Brutas Realizadas;1.1.2.2.99.00.00 - Outras Taxas pela Prestação de Serviços;siconfi-cor_RO1.1.2.2.99.00.00;6240
Prefeitura Municipal de Atalaia do Norte - AM;1300201;AM;18599;Receitas Brutas Realizadas;1.3.0.0.00.00.00 - Receita Patrimonial;siconfi-cor_RO1.3.0.0.00.00.00;393136,35
Prefeitura Municipal de Atalaia do Norte - AM;1300201;AM;18599;Receitas Brutas Realizadas;1.3.2.0.00.00.00 - Receitas de Valores Mobiliários;siconfi-cor_RO1.3.2.0.00.00.00;393136,35
Prefeitura Municipal de Atalaia do Norte - AM;1300201;AM;18599;Receitas Brutas Realizadas;1.3.2.5.00.00.00 - Remuneração de Depósitos Bancários;siconfi-cor_RO1.3.2.5.00.00.00;393136,35
Prefeitura Municipal de Atalaia do Norte - AM;1300201;AM;18599;Receitas Brutas Realizadas;1.6.0.0.00.00.00 - Receita de Serviços;siconfi-cor_RO1.6.0.0.00.00.00;2243,5
Prefeitura Municipal de Atalaia do Norte - AM;1300201;AM;18599;Receitas Brutas Realizadas;1.6.0.0.13.00.00 - Serviços Administrativos;siconfi-cor_RO1.6.0.0.13.00.00;2243,5
Prefeitura Municipal de Atalaia do Norte - AM;1300201;AM;18599;Receitas Brutas Realizadas;1.7.0.0.00.00.00 - Transferências Correntes;siconfi-cor_RO1.7.0.0.00.00.00;46682209,97
Prefeitura Municipal de Atalaia do Norte - AM;1300201;AM;18599;Receitas Brutas Realizadas;1.7.2.0.00.00.00 - Transferências Intergovernamentais;siconfi-cor_RO1.7.2.0.00.00.00;46682209,97
Prefeitura Municipal de Atalaia do Norte - AM;1300201;AM;18599;Receitas Brutas Realizadas;1.7.2.1.00.00.00 - Transferências da União;siconfi-cor_RO1.7.2.1.00.00.00;18624467,11
Prefeitura Municipal de Atalaia do Norte - AM;1300201;AM;18599;Receitas Brutas Realizadas;1.7.2.1.01.00.00 - Participação na Receita da União;siconfi-cor_RO1.7.2.1.01.00.00;13751337,9
Prefeitura Municipal de Atalaia do Norte - AM;1300201;AM;18599;Receitas Brutas Realizadas;1.7.2.1.01.02.00 - Cota-Parte do Fundo de Participação dos Municípios ¿ FPM;siconfi-cor_RO1.7.2.1.01.02.00;12612664,95
Prefeitura Municipal de Atalaia do Norte - AM;1300201;AM;18599;Receitas Brutas Realizadas;1.7.2.1.01.03.00 - Cota-Parte do Fundo de Participação dos Municípios - 1% Cota Anual;siconfi-cor_RO1.7.2.1.01.03.00;559800,94
Prefeitura Municipal de Atalaia do Norte - AM;1300201;AM;18599;Receitas Brutas Realizadas;1.7.2.1.01.04.00 - Cota-Parte do Fundo de Participação dos Municípios - 1% Cota entregue no mês de julho (67)(I);siconfi-cor_RO1.7.2.1.01.04.00;578860,71
Prefeitura Municipal de Atalaia do Norte - AM;1300201;AM;18599;Receitas Brutas Realizadas;1.7.2.1.01.05.00 - Cota-Parte do Imposto Sobre a Propriedade Territorial Rural ¿ ITR;siconfi-cor_RO1.7.2.1.01.05.00;11,3
Prefeitura Municipal de Atalaia do Norte - AM;1300201;AM;18599;Receitas Brutas Realizadas;1.7.2.1.22.00.00 - Transferências da Compensação Financeira pela Exploração de Recursos Naturais;siconfi-cor_RO1.7.2.1.22.00.00;147259,54
Prefeitura Municipal de Atalaia do Norte - AM;1300201;AM;18599;Receitas Brutas Realizadas;1.7.2.1.22.70.00 - Cota-Parte do Fundo Especial do Petróleo ¿ FEP;siconfi-cor_RO1.7.2.1.22.70.00;147259,54
Prefeitura Municipal de Atalaia do Norte - AM;1300201;AM;18599;Receitas Brutas Realizadas;1.7.2.1.33.00.00 - Transferências de Recursos do Sistema Único de Saúde - SUS - Repasses Fundo a Fundo;siconfi-cor_RO1.7.2.1.33.00.00;2410883,93
Prefeitura Municipal de Atalaia do Norte - AM;1300201;AM;18599;Receitas Brutas Realizadas;1.7.2.1.34.00.00 - Transferências de Recursos do Fundo Nacional de Assistência Social ¿ FNAS;siconfi-cor_RO1.7.2.1.34.00.00;688805,08
Prefeitura Municipal de Atalaia do Norte - AM;1300201;AM;18599;Receitas Brutas Realizadas;1.7.2.1.35.00.00 - Transferências de Recursos do Fundo Nacional do Desenvolvimento da Educação ¿ FNDE;siconfi-cor_RO1.7.2.1.35.00.00;1585857,87
Prefeitura Municipal de Atalaia do Norte - AM;1300201;AM;18599;Receitas Brutas Realizadas;1.7.2.1.36.00.00 - Transferências Financeiras do ICMS ¿ Desoneração ¿ L.C. Nº 87/96;siconfi-cor_RO1.7.2.1.36.00.00;24483,6
Prefeitura Municipal de Atalaia do Norte - AM;1300201;AM;18599;Receitas Brutas Realizadas;1.7.2.1.99.00.00 - Outras Transferências da União;siconfi-cor_RO1.7.2.1.99.00.00;15839,19
Prefeitura Municipal de Atalaia do Norte - AM;1300201;AM;18599;Receitas Brutas Realizadas;1.7.2.2.00.00.00 - Transferências dos Estados;siconfi-cor_RO1.7.2.2.00.00.00;10690273,11
Prefeitura Municipal de Atalaia do Norte - AM;1300201;AM;18599;Receitas Brutas Realizadas;1.7.2.2.01.00.00 - Participação na Receita dos Estados;siconfi-cor_RO1.7.2.2.01.00.00;10319983,73
Prefeitura Municipal de Atalaia do Norte - AM;1300201;AM;18599;Receitas Brutas Realizadas;1.7.2.2.01.01.00 - Cota-Parte do ICMS;siconfi-cor_RO1.7.2.2.01.01.00;10213029,29
Prefeitura Municipal de Atalaia do Norte - AM;1300201;AM;18599;Receitas Brutas Realizadas;1.7.2.2.01.02.00 - Cota-Parte do IPVA;siconfi-cor_RO1.7.2.2.01.02.00;13401,03
Prefeitura Municipal de Atalaia do Norte - AM;1300201;AM;18599;Receitas Brutas Realizadas;1.7.2.2.01.04.00 - Cota-Parte do IPI - Municípios;siconfi-cor_RO1.7.2.2.01.04.00;40965,92
Prefeitura Municipal de Atalaia do Norte - AM;1300201;AM;18599;Receitas Brutas Realizadas;1.7.2.2.01.13.00 - Cota-Parte da Contribuição de Intervenção no Domínio Econômico;siconfi-cor_RO1.7.2.2.01.13.00;52587,49
Prefeitura Municipal de Atalaia do Norte - AM;1300201;AM;18599;Receitas Brutas Realizadas;1.7.2.2.22.00.00 - Transferências da Cota-Parte da Compensação Financeira (25%);siconfi-cor_RO1.7.2.2.22.00.00;110143,33
Prefeitura Municipal de Atalaia do Norte - AM;1300201;AM;18599;Receitas Brutas Realizadas;1.7.2.2.22.30.00 - Cota-Parte Royalties - Compensação Financeira pela Produção de Petróleo - Lei nº 7.990/89 artigo 9º;siconfi-cor_RO1.7.2.2.22.30.00;110143,33
Prefeitura Municipal de Atalaia do Norte - AM;1300201;AM;18599;Receitas Brutas Realizadas;1.7.2.2.33.00.00 - Transferências de Recursos do Estado para Programas de Saúde - Repasse Fundo a Fundo;siconfi-cor_RO1.7.2.2.33.00.00;260146,05
Prefeitura Municipal de Atalaia do Norte - AM;1300201;AM;18599;Receitas Brutas Realizadas;1.7.2.4.00.00.00 - Transferências Multigovernamentais;siconfi-cor_RO1.7.2.4.00.00.00;17367469,75
Prefeitura Municipal de Atalaia do Norte - AM;1300201;AM;18599;Receitas Brutas Realizadas;1.7.2.4.01.00.00 - Transferências de Recursos do Fundo de Manutenção e Desenvolvimento do Ensino Fundamental e de Valorização do Magistério - FUNDEB;siconfi-cor_RO1.7.2.4.01.00.00;13153351,28
Prefeitura Municipal de Atalaia do Norte - AM;1300201;AM;18599;Receitas Brutas Realizadas;1.7.2.4.02.00.00 - Transferências de Recursos da Complementação ao Fundo de Manutenção e Desenvolvimento do Ensino Fundamental e de Valorização do Magistério - FUNDEB;siconfi-cor_RO1.7.2.4.02.00.00;4214118,47
Prefeitura Municipal de Atalaia do Norte - AM;1300201;AM;18599;Receitas Brutas Realizadas;1.9.0.0.00.00.00 - Outras Receitas Correntes;siconfi-cor_RO1.9.0.0.00.00.00;388855,98
Prefeitura Municipal de Atalaia do Norte - AM;1300201;AM;18599;Receitas Brutas Realizadas;1.9.2.0.00.00.00 - Indenizações e Restituições;siconfi-cor_RO1.9.2.0.00.00.00;387789,1
Prefeitura Municipal de Atalaia do Norte - AM;1300201;AM;18599;Receitas Brutas Realizadas;1.9.2.2.00.00.00 - Restituições;siconfi-cor_RO1.9.2.2.00.00.00;387789,1
Prefeitura Municipal de Atalaia do Norte - AM;1300201;AM;18599;Receitas Brutas Realizadas;1.9.2.2.99.00.00 - Outras Restituições;siconfi-cor_RO1.9.2.2.99.00.00;387789,1
Prefeitura Municipal de Atalaia do Norte - AM;1300201;AM;18599;Receitas Brutas Realizadas;1.9.9.0.00.00.00 - Receitas Diversas;siconfi-cor_RO1.9.9.0.00.00.00;1066,88
Prefeitura Municipal de Atalaia do Norte - AM;1300201;AM;18599;Receitas Brutas Realizadas;1.9.9.0.99.00.00 - Outras Receitas;siconfi-cor_RO1.9.9.0.99.00.00;1066,88
Prefeitura Municipal de Atalaia do Norte - AM;1300201;AM;18599;Receitas Brutas Realizadas;2.0.0.0.00.00.00 - Receitas de Capital;siconfi-cor_RO2.0.0.0.00.00.00;149109,92
Prefeitura Municipal de Atalaia do Norte - AM;1300201;AM;18599;Receitas Brutas Realizadas;2.4.0.0.00.00.00 - Transferências de Capital;siconfi-cor_RO2.4.0.0.00.00.00;149109,92
Prefeitura Municipal de Atalaia do Norte - AM;1300201;AM;18599;Receitas Brutas Realizadas;2.4.2.0.00.00.00 - Transferências Intergovernamentais;siconfi-cor_RO2.4.2.0.00.00.00;149109,92
Prefeitura Municipal de Atalaia do Norte - AM;1300201;AM;18599;Receitas Brutas Realizadas;2.4.2.1.00.00.00 - Transferências da União;siconfi-cor_RO2.4.2.1.00.00.00;149109,92
Prefeitura Municipal de Atalaia do Norte - AM;1300201;AM;18599;Receitas Brutas Realizadas;2.4.2.1.02.00.00 - Transferências de Recursos Destinados a Programas de Educação;siconfi-cor_RO2.4.2.1.02.00.00;149109,92
Prefeitura Municipal de Atalaia do Norte - AM;1300201;AM;18599;Outras Deduções da Receita;Total Receitas;siconfi-cor_TotalReceitas;4580911,03
Prefeitura Municipal de Atalaia do Norte - AM;1300201;AM;18599;Outras Deduções da Receita;1.0.0.0.00.00.00 - Receitas Correntes;siconfi-cor_RO1.0.0.0.00.00.00;4580911,03
Prefeitura Municipal de Atalaia do Norte - AM;1300201;AM;18599;Outras Deduções da Receita;1.7.0.0.00.00.00 - Transferências Correntes;siconfi-cor_RO1.7.0.0.00.00.00;4580911,03
Prefeitura Municipal de Atalaia do Norte - AM;1300201;AM;18599;Outras Deduções da Receita;1.7.2.0.00.00.00 - Transferências Intergovernamentais;siconfi-cor_RO1.7.2.0.00.00.00;4580911,03
Prefeitura Municipal de Atalaia do Norte - AM;1300201;AM;18599;Outras Deduções da Receita;1.7.2.1.00.00.00 - Transferências da União;siconfi-cor_RO1.7.2.1.00.00.00;2527431,63
Prefeitura Municipal de Atalaia do Norte - AM;1300201;AM;18599;Outras Deduções da Receita;1.7.2.1.01.00.00 - Participação na Receita da União;siconfi-cor_RO1.7.2.1.01.00.00;2522534,91
Prefeitura Municipal de Atalaia do Norte - AM;1300201;AM;18599;Outras Deduções da Receita;1.7.2.1.01.02.00 - Cota-Parte do Fundo de Participação dos Municípios ¿ FPM;siconfi-cor_RO1.7.2.1.01.02.00;2522532,65
Prefeitura Municipal de Atalaia do Norte - AM;1300201;AM;18599;Outras Deduções da Receita;1.7.2.1.01.05.00 - Cota-Parte do Imposto Sobre a Propriedade Territorial Rural ¿ ITR;siconfi-cor_RO1.7.2.1.01.05.00;2,26
Prefeitura Municipal de Atalaia do Norte - AM;1300201;AM;18599;Outras Deduções da Receita;1.7.2.1.36.00.00 - Transferências Financeiras do ICMS ¿ Desoneração ¿ L.C. Nº 87/96;siconfi-cor_RO1.7.2.1.36.00.00;4896,72
Prefeitura Municipal de Atalaia do Norte - AM;1300201;AM;18599;Outras Deduções da Receita;1.7.2.2.00.00.00 - Transferências dos Estados;siconfi-cor_RO1.7.2.2.00.00.00;2053479,4
Prefeitura Municipal de Atalaia do Norte - AM;1300201;AM;18599;Outras Deduções da Receita;1.7.2.2.01.00.00 - Participação na Receita dos Estados;siconfi-cor_RO1.7.2.2.01.00.00;2053479,4
Prefeitura Municipal de Atalaia do Norte - AM;1300201;AM;18599;Outras Deduções da Receita;1.7.2.2.01.01.00 - Cota-Parte do ICMS;siconfi-cor_RO1.7.2.2.01.01.00;2042606,17
Prefeitura Municipal de Atalaia do Norte - AM;1300201;AM;18599;Outras Deduções da Receita;1.7.2.2.01.02.00 - Cota-Parte do IPVA;siconfi-cor_RO1.7.2.2.01.02.00;2680,01
Prefeitura Municipal de Atalaia do Norte - AM;1300201;AM;18599;Outras Deduções da Receita;1.7.2.2.01.04.00 - Cota-Parte do IPI - Municípios;siconfi-cor_RO1.7.2.2.01.04.00;8193,22
