Exercício: 2014;;;;;;;
Escopo: Municípios do Estado - AM;;;;;;;
Tabela: Receitas Orçamentárias (Anexo I-C);;;;;;;
Instituição;Cod.IBGE;UF;População;Coluna;Conta;Identificador da Conta;Valor
Prefeitura Municipal de Apuí - AM;1300144;AM;20258;Receitas Brutas Realizadas;Total Receitas;siconfi-cor_TotalReceitas;36988793,56
Prefeitura Municipal de Apuí - AM;1300144;AM;20258;Receitas Brutas Realizadas;1.0.0.0.00.00.00 - Receitas Correntes;siconfi-cor_RO1.0.0.0.00.00.00;34375500,52
Prefeitura Municipal de Apuí - AM;1300144;AM;20258;Receitas Brutas Realizadas;1.1.0.0.00.00.00 - Receita Tributária;siconfi-cor_RO1.1.0.0.00.00.00;1523921,1
Prefeitura Municipal de Apuí - AM;1300144;AM;20258;Receitas Brutas Realizadas;1.1.1.0.00.00.00 - Impostos;siconfi-cor_RO1.1.1.0.00.00.00;1458183,51
Prefeitura Municipal de Apuí - AM;1300144;AM;20258;Receitas Brutas Realizadas;1.1.1.2.00.00.00 - Impostos sobre o Patrimônio e a Renda;siconfi-cor_RO1.1.1.2.00.00.00;767969,53
Prefeitura Municipal de Apuí - AM;1300144;AM;20258;Receitas Brutas Realizadas;1.1.1.2.04.00.00 - Imposto sobre a Renda e Proventos de Qualquer Natureza ¿ IR;siconfi-cor_RO1.1.1.2.04.00.00;766659,53
Prefeitura Municipal de Apuí - AM;1300144;AM;20258;Receitas Brutas Realizadas;1.1.1.2.04.31.00 - Retido nas Fontes - Trabalho;siconfi-cor_RO1.1.1.2.04.31.00;167339,31
Prefeitura Municipal de Apuí - AM;1300144;AM;20258;Receitas Brutas Realizadas;1.1.1.2.04.34.00 - Retido nas Fontes - Outros Rendimentos;siconfi-cor_RO1.1.1.2.04.34.00;599320,22
Prefeitura Municipal de Apuí - AM;1300144;AM;20258;Receitas Brutas Realizadas;"1.1.1.2.08.00.00 - Imposto sobre Transmissão Inter Vivos"" de Bens Imóveis e de Direitos Reais sobre Imóveis ¿ ITBI""";siconfi-cor_RO1.1.1.2.08.00.00;1310
Prefeitura Municipal de Apuí - AM;1300144;AM;20258;Receitas Brutas Realizadas;1.1.1.3.00.00.00 - Impostos sobre a Produção e a Circulação;siconfi-cor_RO1.1.1.3.00.00.00;690213,98
Prefeitura Municipal de Apuí - AM;1300144;AM;20258;Receitas Brutas Realizadas;1.1.1.3.05.00.00 - Imposto sobre Serviços de Qualquer Natureza ¿ ISSQN;siconfi-cor_RO1.1.1.3.05.00.00;690213,98
Prefeitura Municipal de Apuí - AM;1300144;AM;20258;Receitas Brutas Realizadas;1.1.2.0.00.00.00 - Taxas;siconfi-cor_RO1.1.2.0.00.00.00;65737,59
Prefeitura Municipal de Apuí - AM;1300144;AM;20258;Receitas Brutas Realizadas;1.1.2.1.00.00.00 - Taxas pelo Exercício do Poder de Polícia;siconfi-cor_RO1.1.2.1.00.00.00;54515,13
Prefeitura Municipal de Apuí - AM;1300144;AM;20258;Receitas Brutas Realizadas;1.1.2.2.00.00.00 - Taxas pela Prestação de Serviços;siconfi-cor_RO1.1.2.2.00.00.00;11222,46
Prefeitura Municipal de Apuí - AM;1300144;AM;20258;Receitas Brutas Realizadas;1.2.0.0.00.00.00 - Receitas de Contribuições;siconfi-cor_RO1.2.0.0.00.00.00;327753,11
Prefeitura Municipal de Apuí - AM;1300144;AM;20258;Receitas Brutas Realizadas;1.2.3.0.00.00.00 - Contribuição para Custeio do Serviço de Iluminação Pública;siconfi-cor_RO1.2.3.0.00.00.00;327753,11
Prefeitura Municipal de Apuí - AM;1300144;AM;20258;Receitas Brutas Realizadas;1.3.0.0.00.00.00 - Receita Patrimonial;siconfi-cor_RO1.3.0.0.00.00.00;446215,15
Prefeitura Municipal de Apuí - AM;1300144;AM;20258;Receitas Brutas Realizadas;1.3.1.0.00.00.00 - Receitas Imobiliárias;siconfi-cor_RO1.3.1.0.00.00.00;27500
Prefeitura Municipal de Apuí - AM;1300144;AM;20258;Receitas Brutas Realizadas;1.3.1.1.00.00.00 - Aluguéis;siconfi-cor_RO1.3.1.1.00.00.00;27500
Prefeitura Municipal de Apuí - AM;1300144;AM;20258;Receitas Brutas Realizadas;1.3.2.0.00.00.00 - Receitas de Valores Mobiliários;siconfi-cor_RO1.3.2.0.00.00.00;418715,15
Prefeitura Municipal de Apuí - AM;1300144;AM;20258;Receitas Brutas Realizadas;1.3.2.5.00.00.00 - Remuneração de Depósitos Bancários;siconfi-cor_RO1.3.2.5.00.00.00;418715,15
Prefeitura Municipal de Apuí - AM;1300144;AM;20258;Receitas Brutas Realizadas;1.7.0.0.00.00.00 - Transferências Correntes;siconfi-cor_RO1.7.0.0.00.00.00;32000281,42
Prefeitura Municipal de Apuí - AM;1300144;AM;20258;Receitas Brutas Realizadas;1.7.2.0.00.00.00 - Transferências Intergovernamentais;siconfi-cor_RO1.7.2.0.00.00.00;30300216,82
Prefeitura Municipal de Apuí - AM;1300144;AM;20258;Receitas Brutas Realizadas;1.7.2.1.00.00.00 - Transferências da União;siconfi-cor_RO1.7.2.1.00.00.00;15726693,72
Prefeitura Municipal de Apuí - AM;1300144;AM;20258;Receitas Brutas Realizadas;1.7.2.1.01.00.00 - Participação na Receita da União;siconfi-cor_RO1.7.2.1.01.00.00;11741322,61
Prefeitura Municipal de Apuí - AM;1300144;AM;20258;Receitas Brutas Realizadas;1.7.2.1.01.02.00 - Cota-Parte do Fundo de Participação dos Municípios ¿ FPM;siconfi-cor_RO1.7.2.1.01.02.00;11721891,31
Prefeitura Municipal de Apuí - AM;1300144;AM;20258;Receitas Brutas Realizadas;1.7.2.1.01.05.00 - Cota-Parte do Imposto Sobre a Propriedade Territorial Rural ¿ ITR;siconfi-cor_RO1.7.2.1.01.05.00;19431,3
Prefeitura Municipal de Apuí - AM;1300144;AM;20258;Receitas Brutas Realizadas;1.7.2.1.22.00.00 - Transferências da Compensação Financeira pela Exploração de Recursos Naturais;siconfi-cor_RO1.7.2.1.22.00.00;175699,16
Prefeitura Municipal de Apuí - AM;1300144;AM;20258;Receitas Brutas Realizadas;1.7.2.1.22.20.00 - Cota-Parte da Compensação Financeira de Recursos Minerais - CFEM;siconfi-cor_RO1.7.2.1.22.20.00;290,42
Prefeitura Municipal de Apuí - AM;1300144;AM;20258;Receitas Brutas Realizadas;1.7.2.1.22.70.00 - Cota-Parte do Fundo Especial do Petróleo ¿ FEP;siconfi-cor_RO1.7.2.1.22.70.00;175408,74
Prefeitura Municipal de Apuí - AM;1300144;AM;20258;Receitas Brutas Realizadas;1.7.2.1.33.00.00 - Transferências de Recursos do Sistema Único de Saúde - SUS - Repasses Fundo a Fundo;siconfi-cor_RO1.7.2.1.33.00.00;2565881,45
Prefeitura Municipal de Apuí - AM;1300144;AM;20258;Receitas Brutas Realizadas;1.7.2.1.34.00.00 - Transferências de Recursos do Fundo Nacional de Assistência Social ¿ FNAS;siconfi-cor_RO1.7.2.1.34.00.00;269909,18
Prefeitura Municipal de Apuí - AM;1300144;AM;20258;Receitas Brutas Realizadas;1.7.2.1.35.00.00 - Transferências de Recursos do Fundo Nacional do Desenvolvimento da Educação ¿ FNDE;siconfi-cor_RO1.7.2.1.35.00.00;712184,03
Prefeitura Municipal de Apuí - AM;1300144;AM;20258;Receitas Brutas Realizadas;1.7.2.1.36.00.00 - Transferências Financeiras do ICMS ¿ Desoneração ¿ L.C. Nº 87/96;siconfi-cor_RO1.7.2.1.36.00.00;20529,12
Prefeitura Municipal de Apuí - AM;1300144;AM;20258;Receitas Brutas Realizadas;1.7.2.1.99.00.00 - Outras Transferências da União;siconfi-cor_RO1.7.2.1.99.00.00;241168,17
Prefeitura Municipal de Apuí - AM;1300144;AM;20258;Receitas Brutas Realizadas;1.7.2.2.00.00.00 - Transferências dos Estados;siconfi-cor_RO1.7.2.2.00.00.00;8970827,1
Prefeitura Municipal de Apuí - AM;1300144;AM;20258;Receitas Brutas Realizadas;1.7.2.2.01.00.00 - Participação na Receita dos Estados;siconfi-cor_RO1.7.2.2.01.00.00;8389228,73
Prefeitura Municipal de Apuí - AM;1300144;AM;20258;Receitas Brutas Realizadas;1.7.2.2.01.01.00 - Cota-Parte do ICMS;siconfi-cor_RO1.7.2.2.01.01.00;8151946,74
Prefeitura Municipal de Apuí - AM;1300144;AM;20258;Receitas Brutas Realizadas;1.7.2.2.01.02.00 - Cota-Parte do IPVA;siconfi-cor_RO1.7.2.2.01.02.00;193429,79
Prefeitura Municipal de Apuí - AM;1300144;AM;20258;Receitas Brutas Realizadas;1.7.2.2.01.04.00 - Cota-Parte do IPI sobre Exportação;siconfi-cor_RO1.7.2.2.01.04.00;39539,06
Prefeitura Municipal de Apuí - AM;1300144;AM;20258;Receitas Brutas Realizadas;1.7.2.2.01.13.00 - Cota-Parte da Contribuição de Intervenção no Domínio Econômico;siconfi-cor_RO1.7.2.2.01.13.00;4313,14
Prefeitura Municipal de Apuí - AM;1300144;AM;20258;Receitas Brutas Realizadas;1.7.2.2.22.00.00 - Transferências da Cota-Parte da Compensação Financeira (25%);siconfi-cor_RO1.7.2.2.22.00.00;128049,45
Prefeitura Municipal de Apuí - AM;1300144;AM;20258;Receitas Brutas Realizadas;1.7.2.2.22.30.00 - Cota-Parte Royalties - Compensação Financeira pela Produção de Petróleo - Lei nº 7.990/89 artigo 9º;siconfi-cor_RO1.7.2.2.22.30.00;128049,45
Prefeitura Municipal de Apuí - AM;1300144;AM;20258;Receitas Brutas Realizadas;1.7.2.2.33.00.00 - Transferências de Recursos do Estado para Programas de Saúde - Repasse Fundo a Fundo;siconfi-cor_RO1.7.2.2.33.00.00;453548,92
Prefeitura Municipal de Apuí - AM;1300144;AM;20258;Receitas Brutas Realizadas;1.7.2.4.00.00.00 - Transferências Multigovernamentais;siconfi-cor_RO1.7.2.4.00.00.00;5602696
Prefeitura Municipal de Apuí - AM;1300144;AM;20258;Receitas Brutas Realizadas;1.7.2.4.01.00.00 - Transferências de Recursos do Fundo de Manutenção e Desenvolvimento do Ensino Fundamental e de Valorização do Magistério - FUNDEB;siconfi-cor_RO1.7.2.4.01.00.00;4460469,11
Prefeitura Municipal de Apuí - AM;1300144;AM;20258;Receitas Brutas Realizadas;1.7.2.4.02.00.00 - Transferências de Recursos da Complementação ao Fundo de Manutenção e Desenvolvimento do Ensino Fundamental e de Valorização do Magistério - FUNDEB;siconfi-cor_RO1.7.2.4.02.00.00;1142226,89
Prefeitura Municipal de Apuí - AM;1300144;AM;20258;Receitas Brutas Realizadas;1.7.3.0.00.00.00 - Transferências de Instituições Privadas;siconfi-cor_RO1.7.3.0.00.00.00;15000
Prefeitura Municipal de Apuí - AM;1300144;AM;20258;Receitas Brutas Realizadas;1.7.6.0.00.00.00 - Transferências de Convênios;siconfi-cor_RO1.7.6.0.00.00.00;1685064,6
Prefeitura Municipal de Apuí - AM;1300144;AM;20258;Receitas Brutas Realizadas;1.7.6.2.00.00.00 - Transferências de Convênios dos Estados e do Distrito Federal e de Suas Entidades;siconfi-cor_RO1.7.6.2.00.00.00;1669622,6
Prefeitura Municipal de Apuí - AM;1300144;AM;20258;Receitas Brutas Realizadas;1.7.6.2.02.00.00 - Transferências de Convênios dos Estados Destinadas a Programas de Educação;siconfi-cor_RO1.7.6.2.02.00.00;402020
Prefeitura Municipal de Apuí - AM;1300144;AM;20258;Receitas Brutas Realizadas;1.7.6.2.99.00.00 - Outras Transferências de Convênios dos Estados;siconfi-cor_RO1.7.6.2.99.00.00;1267602,6
Prefeitura Municipal de Apuí - AM;1300144;AM;20258;Receitas Brutas Realizadas;1.7.6.4.00.00.00 - Transferências de Convênios de Instituições Privadas;siconfi-cor_RO1.7.6.4.00.00.00;15442
Prefeitura Municipal de Apuí - AM;1300144;AM;20258;Receitas Brutas Realizadas;1.9.0.0.00.00.00 - Outras Receitas Correntes;siconfi-cor_RO1.9.0.0.00.00.00;77329,74
Prefeitura Municipal de Apuí - AM;1300144;AM;20258;Receitas Brutas Realizadas;1.9.1.0.00.00.00 - Multas e Juros de Mora;siconfi-cor_RO1.9.1.0.00.00.00;3300
Prefeitura Municipal de Apuí - AM;1300144;AM;20258;Receitas Brutas Realizadas;1.9.1.9.00.00.00 - Multas de Outras Origens;siconfi-cor_RO1.9.1.9.00.00.00;3300
Prefeitura Municipal de Apuí - AM;1300144;AM;20258;Receitas Brutas Realizadas;1.9.2.0.00.00.00 - Indenizações e Restituições;siconfi-cor_RO1.9.2.0.00.00.00;29189,74
Prefeitura Municipal de Apuí - AM;1300144;AM;20258;Receitas Brutas Realizadas;1.9.2.2.00.00.00 - Restituições;siconfi-cor_RO1.9.2.2.00.00.00;29189,74
Prefeitura Municipal de Apuí - AM;1300144;AM;20258;Receitas Brutas Realizadas;1.9.2.2.99.00.00 - Outras Restituições;siconfi-cor_RO1.9.2.2.99.00.00;29189,74
Prefeitura Municipal de Apuí - AM;1300144;AM;20258;Receitas Brutas Realizadas;1.9.9.0.00.00.00 - Receitas Diversas;siconfi-cor_RO1.9.9.0.00.00.00;44840
Prefeitura Municipal de Apuí - AM;1300144;AM;20258;Receitas Brutas Realizadas;2.0.0.0.00.00.00 - Receitas de Capital;siconfi-cor_RO2.0.0.0.00.00.00;2613293,04
Prefeitura Municipal de Apuí - AM;1300144;AM;20258;Receitas Brutas Realizadas;2.4.0.0.00.00.00 - Transferências de Capital;siconfi-cor_RO2.4.0.0.00.00.00;2613293,04
Prefeitura Municipal de Apuí - AM;1300144;AM;20258;Receitas Brutas Realizadas;2.4.2.0.00.00.00 - Transferências Intergovernamentais;siconfi-cor_RO2.4.2.0.00.00.00;1506844,86
Prefeitura Municipal de Apuí - AM;1300144;AM;20258;Receitas Brutas Realizadas;2.4.2.1.00.00.00 - Transferências da União;siconfi-cor_RO2.4.2.1.00.00.00;826487,78
Prefeitura Municipal de Apuí - AM;1300144;AM;20258;Receitas Brutas Realizadas;2.4.2.1.01.00.00 - Participação na Receita da União;siconfi-cor_RO2.4.2.1.01.00.00;498600
Prefeitura Municipal de Apuí - AM;1300144;AM;20258;Receitas Brutas Realizadas;2.4.2.1.02.00.00 - Transferências de Recursos Destinados a Programas de Educação;siconfi-cor_RO2.4.2.1.02.00.00;327887,78
Prefeitura Municipal de Apuí - AM;1300144;AM;20258;Receitas Brutas Realizadas;2.4.2.2.00.00.00 - Transferências dos Estados;siconfi-cor_RO2.4.2.2.00.00.00;680357,08
Prefeitura Municipal de Apuí - AM;1300144;AM;20258;Receitas Brutas Realizadas;2.4.2.2.01.00.00 - Participação na Receita dos Estados;siconfi-cor_RO2.4.2.2.01.00.00;680357,08
Prefeitura Municipal de Apuí - AM;1300144;AM;20258;Receitas Brutas Realizadas;2.4.7.0.00.00.00 - Transferências de Convênios;siconfi-cor_RO2.4.7.0.00.00.00;1106448,18
Prefeitura Municipal de Apuí - AM;1300144;AM;20258;Receitas Brutas Realizadas;2.4.7.1.00.00.00 - Transferências de Convênios da União e de suas Entidades;siconfi-cor_RO2.4.7.1.00.00.00;39556,87
Prefeitura Municipal de Apuí - AM;1300144;AM;20258;Receitas Brutas Realizadas;2.4.7.1.99.00.00 - Outras Transferências de Convênios da União;siconfi-cor_RO2.4.7.1.99.00.00;39556,87
Prefeitura Municipal de Apuí - AM;1300144;AM;20258;Receitas Brutas Realizadas;2.4.7.2.00.00.00 - Transferências de Convênios dos Estados e do Distrito Federal e de suas Entidades;siconfi-cor_RO2.4.7.2.00.00.00;1066891,31
Prefeitura Municipal de Apuí - AM;1300144;AM;20258;Receitas Brutas Realizadas;2.4.7.2.02.00.00 - Transferências de Convênios dos Estados Destinadas a Programas de Educação;siconfi-cor_RO2.4.7.2.02.00.00;519053,8
Prefeitura Municipal de Apuí - AM;1300144;AM;20258;Receitas Brutas Realizadas;2.4.7.2.99.00.00 - Outras Transferências de Convênios dos Estados;siconfi-cor_RO2.4.7.2.99.00.00;547837,51
Prefeitura Municipal de Apuí - AM;1300144;AM;20258;Deduções - FUNDEB;Total Receitas;siconfi-cor_TotalReceitas;3929782,81
Prefeitura Municipal de Apuí - AM;1300144;AM;20258;Deduções - FUNDEB;1.0.0.0.00.00.00 - Receitas Correntes;siconfi-cor_RO1.0.0.0.00.00.00;3929782,81
Prefeitura Municipal de Apuí - AM;1300144;AM;20258;Deduções - FUNDEB;1.7.0.0.00.00.00 - Transferências Correntes;siconfi-cor_RO1.7.0.0.00.00.00;3929782,81
Prefeitura Municipal de Apuí - AM;1300144;AM;20258;Deduções - FUNDEB;1.7.2.0.00.00.00 - Transferências Intergovernamentais;siconfi-cor_RO1.7.2.0.00.00.00;3929782,81
Prefeitura Municipal de Apuí - AM;1300144;AM;20258;Deduções - FUNDEB;1.7.2.1.00.00.00 - Transferências da União;siconfi-cor_RO1.7.2.1.00.00.00;2252800,65
Prefeitura Municipal de Apuí - AM;1300144;AM;20258;Deduções - FUNDEB;1.7.2.1.01.00.00 - Participação na Receita da União;siconfi-cor_RO1.7.2.1.01.00.00;2248694,85
Prefeitura Municipal de Apuí - AM;1300144;AM;20258;Deduções - FUNDEB;1.7.2.1.01.02.00 - Cota-Parte do Fundo de Participação dos Municípios ¿ FPM;siconfi-cor_RO1.7.2.1.01.02.00;2244808,66
Prefeitura Municipal de Apuí - AM;1300144;AM;20258;Deduções - FUNDEB;1.7.2.1.01.05.00 - Cota-Parte do Imposto Sobre a Propriedade Territorial Rural ¿ ITR;siconfi-cor_RO1.7.2.1.01.05.00;3886,19
Prefeitura Municipal de Apuí - AM;1300144;AM;20258;Deduções - FUNDEB;1.7.2.1.36.00.00 - Transferências Financeiras do ICMS ¿ Desoneração ¿ L.C. Nº 87/96;siconfi-cor_RO1.7.2.1.36.00.00;4105,8
Prefeitura Municipal de Apuí - AM;1300144;AM;20258;Deduções - FUNDEB;1.7.2.2.00.00.00 - Transferências dos Estados;siconfi-cor_RO1.7.2.2.00.00.00;1676982,16
Prefeitura Municipal de Apuí - AM;1300144;AM;20258;Deduções - FUNDEB;1.7.2.2.01.00.00 - Participação na Receita dos Estados;siconfi-cor_RO1.7.2.2.01.00.00;1676982,16
Prefeitura Municipal de Apuí - AM;1300144;AM;20258;Deduções - FUNDEB;1.7.2.2.01.01.00 - Cota-Parte do ICMS;siconfi-cor_RO1.7.2.2.01.01.00;1630389,36
Prefeitura Municipal de Apuí - AM;1300144;AM;20258;Deduções - FUNDEB;1.7.2.2.01.02.00 - Cota-Parte do IPVA;siconfi-cor_RO1.7.2.2.01.02.00;38685
Prefeitura Municipal de Apuí - AM;1300144;AM;20258;Deduções - FUNDEB;1.7.2.2.01.04.00 - Cota-Parte do IPI sobre Exportação;siconfi-cor_RO1.7.2.2.01.04.00;7907,8
Prefeitura Municipal de Careiro da Várzea - AM;1301159;AM;27357;Receitas Brutas Realizadas;Total Receitas;siconfi-cor_TotalReceitas;47527011,94
Prefeitura Municipal de Careiro da Várzea - AM;1301159;AM;27357;Receitas Brutas Realizadas;1.0.0.0.00.00.00 - Receitas Correntes;siconfi-cor_RO1.0.0.0.00.00.00;41273105,75
Prefeitura Municipal de Careiro da Várzea - AM;1301159;AM;27357;Receitas Brutas Realizadas;1.1.0.0.00.00.00 - Receita Tributária;siconfi-cor_RO1.1.0.0.00.00.00;1405843,13
Prefeitura Municipal de Careiro da Várzea - AM;1301159;AM;27357;Receitas Brutas Realizadas;1.1.1.0.00.00.00 - Impostos;siconfi-cor_RO1.1.1.0.00.00.00;1383793,13
Prefeitura Municipal de Careiro da Várzea - AM;1301159;AM;27357;Receitas Brutas Realizadas;1.1.1.2.00.00.00 - Impostos sobre o Patrimônio e a Renda;siconfi-cor_RO1.1.1.2.00.00.00;488252,85
Prefeitura Municipal de Careiro da Várzea - AM;1301159;AM;27357;Receitas Brutas Realizadas;1.1.1.2.02.00.00 - Imposto sobre a Propriedade Predial e Territorial Urbana ¿ IPTU;siconfi-cor_RO1.1.1.2.02.00.00;1242,5
Prefeitura Municipal de Careiro da Várzea - AM;1301159;AM;27357;Receitas Brutas Realizadas;1.1.1.2.04.00.00 - Imposto sobre a Renda e Proventos de Qualquer Natureza ¿ IR;siconfi-cor_RO1.1.1.2.04.00.00;485510,35
Prefeitura Municipal de Careiro da Várzea - AM;1301159;AM;27357;Receitas Brutas Realizadas;1.1.1.2.04.31.00 - Retido nas Fontes - Trabalho;siconfi-cor_RO1.1.1.2.04.31.00;386069,13
Prefeitura Municipal de Careiro da Várzea - AM;1301159;AM;27357;Receitas Brutas Realizadas;1.1.1.2.04.32.00 - Retido nas Fontes - Capital;siconfi-cor_RO1.1.1.2.04.32.00;99441,22
Prefeitura Municipal de Careiro da Várzea - AM;1301159;AM;27357;Receitas Brutas Realizadas;"1.1.1.2.08.00.00 - Imposto sobre Transmissão Inter Vivos"" de Bens Imóveis e de Direitos Reais sobre Imóveis ¿ ITBI""";siconfi-cor_RO1.1.1.2.08.00.00;1500
Prefeitura Municipal de Careiro da Várzea - AM;1301159;AM;27357;Receitas Brutas Realizadas;1.1.1.3.00.00.00 - Impostos sobre a Produção e a Circulação;siconfi-cor_RO1.1.1.3.00.00.00;895540,28
Prefeitura Municipal de Careiro da Várzea - AM;1301159;AM;27357;Receitas Brutas Realizadas;1.1.1.3.05.00.00 - Imposto sobre Serviços de Qualquer Natureza ¿ ISSQN;siconfi-cor_RO1.1.1.3.05.00.00;895540,28
Prefeitura Municipal de Careiro da Várzea - AM;1301159;AM;27357;Receitas Brutas Realizadas;1.1.2.0.00.00.00 - Taxas;siconfi-cor_RO1.1.2.0.00.00.00;22050
Prefeitura Municipal de Careiro da Várzea - AM;1301159;AM;27357;Receitas Brutas Realizadas;1.1.2.1.00.00.00 - Taxas pelo Exercício do Poder de Polícia;siconfi-cor_RO1.1.2.1.00.00.00;15530
Prefeitura Municipal de Careiro da Várzea - AM;1301159;AM;27357;Receitas Brutas Realizadas;1.1.2.2.00.00.00 - Taxas pela Prestação de Serviços;siconfi-cor_RO1.1.2.2.00.00.00;6520
Prefeitura Municipal de Careiro da Várzea - AM;1301159;AM;27357;Receitas Brutas Realizadas;1.2.0.0.00.00.00 - Receitas de Contribuições;siconfi-cor_RO1.2.0.0.00.00.00;35864,56
Prefeitura Municipal de Careiro da Várzea - AM;1301159;AM;27357;Receitas Brutas Realizadas;1.2.3.0.00.00.00 - Contribuição para Custeio do Serviço de Iluminação Pública;siconfi-cor_RO1.2.3.0.00.00.00;35864,56
Prefeitura Municipal de Careiro da Várzea - AM;1301159;AM;27357;Receitas Brutas Realizadas;1.3.0.0.00.00.00 - Receita Patrimonial;siconfi-cor_RO1.3.0.0.00.00.00;300763,89
Prefeitura Municipal de Careiro da Várzea - AM;1301159;AM;27357;Receitas Brutas Realizadas;1.3.2.0.00.00.00 - Receitas de Valores Mobiliários;siconfi-cor_RO1.3.2.0.00.00.00;300763,89
Prefeitura Municipal de Careiro da Várzea - AM;1301159;AM;27357;Receitas Brutas Realizadas;1.3.2.5.00.00.00 - Remuneração de Depósitos Bancários;siconfi-cor_RO1.3.2.5.00.00.00;300763,89
Prefeitura Municipal de Careiro da Várzea - AM;1301159;AM;27357;Receitas Brutas Realizadas;1.6.0.0.00.00.00 - Receita de Serviços;siconfi-cor_RO1.6.0.0.00.00.00;2610
Prefeitura Municipal de Careiro da Várzea - AM;1301159;AM;27357;Receitas Brutas Realizadas;1.6.0.0.13.00.00 - Serviços Administrativos;siconfi-cor_RO1.6.0.0.13.00.00;2610
Prefeitura Municipal de Careiro da Várzea - AM;1301159;AM;27357;Receitas Brutas Realizadas;1.7.0.0.00.00.00 - Transferências Correntes;siconfi-cor_RO1.7.0.0.00.00.00;39527731,95
Prefeitura Municipal de Careiro da Várzea - AM;1301159;AM;27357;Receitas Brutas Realizadas;1.7.2.0.00.00.00 - Transferências Intergovernamentais;siconfi-cor_RO1.7.2.0.00.00.00;37264251,95
Prefeitura Municipal de Careiro da Várzea - AM;1301159;AM;27357;Receitas Brutas Realizadas;1.7.2.1.00.00.00 - Transferências da União;siconfi-cor_RO1.7.2.1.00.00.00;19128343,51
Prefeitura Municipal de Careiro da Várzea - AM;1301159;AM;27357;Receitas Brutas Realizadas;1.7.2.1.01.00.00 - Participação na Receita da União;siconfi-cor_RO1.7.2.1.01.00.00;13678483,09
Prefeitura Municipal de Careiro da Várzea - AM;1301159;AM;27357;Receitas Brutas Realizadas;1.7.2.1.01.02.00 - Cota-Parte do Fundo de Participação dos Municípios ¿ FPM;siconfi-cor_RO1.7.2.1.01.02.00;13675539,4
Prefeitura Municipal de Careiro da Várzea - AM;1301159;AM;27357;Receitas Brutas Realizadas;1.7.2.1.01.05.00 - Cota-Parte do Imposto Sobre a Propriedade Territorial Rural ¿ ITR;siconfi-cor_RO1.7.2.1.01.05.00;2943,69
Prefeitura Municipal de Careiro da Várzea - AM;1301159;AM;27357;Receitas Brutas Realizadas;1.7.2.1.22.00.00 - Transferências da Compensação Financeira pela Exploração de Recursos Naturais;siconfi-cor_RO1.7.2.1.22.00.00;321070,05
Prefeitura Municipal de Careiro da Várzea - AM;1301159;AM;27357;Receitas Brutas Realizadas;1.7.2.1.22.40.00 - Cota-Parte Royalties pelo Excedente da Produção do Petróleo - Lei nº 9.478/97 artigo 49 I e II;siconfi-cor_RO1.7.2.1.22.40.00;116426,45
Prefeitura Municipal de Careiro da Várzea - AM;1301159;AM;27357;Receitas Brutas Realizadas;1.7.2.1.22.70.00 - Cota-Parte do Fundo Especial do Petróleo ¿ FEP;siconfi-cor_RO1.7.2.1.22.70.00;204643,6
Prefeitura Municipal de Careiro da Várzea - AM;1301159;AM;27357;Receitas Brutas Realizadas;1.7.2.1.33.00.00 - Transferências de Recursos do Sistema Único de Saúde - SUS - Repasses Fundo a Fundo;siconfi-cor_RO1.7.2.1.33.00.00;3033369
Prefeitura Municipal de Careiro da Várzea - AM;1301159;AM;27357;Receitas Brutas Realizadas;1.7.2.1.34.00.00 - Transferências de Recursos do Fundo Nacional de Assistência Social ¿ FNAS;siconfi-cor_RO1.7.2.1.34.00.00;303258,32
Prefeitura Municipal de Careiro da Várzea - AM;1301159;AM;27357;Receitas Brutas Realizadas;1.7.2.1.35.00.00 - Transferências de Recursos do Fundo Nacional do Desenvolvimento da Educação ¿ FNDE;siconfi-cor_RO1.7.2.1.35.00.00;1496725,54
Prefeitura Municipal de Careiro da Várzea - AM;1301159;AM;27357;Receitas Brutas Realizadas;1.7.2.1.36.00.00 - Transferências Financeiras do ICMS ¿ Desoneração ¿ L.C. Nº 87/96;siconfi-cor_RO1.7.2.1.36.00.00;18897,84
Prefeitura Municipal de Careiro da Várzea - AM;1301159;AM;27357;Receitas Brutas Realizadas;1.7.2.1.99.00.00 - Outras Transferências da União;siconfi-cor_RO1.7.2.1.99.00.00;276539,67
Prefeitura Municipal de Careiro da Várzea - AM;1301159;AM;27357;Receitas Brutas Realizadas;1.7.2.2.00.00.00 - Transferências dos Estados;siconfi-cor_RO1.7.2.2.00.00.00;7822799,04
Prefeitura Municipal de Careiro da Várzea - AM;1301159;AM;27357;Receitas Brutas Realizadas;1.7.2.2.01.00.00 - Participação na Receita dos Estados;siconfi-cor_RO1.7.2.2.01.00.00;7594340,37
Prefeitura Municipal de Careiro da Várzea - AM;1301159;AM;27357;Receitas Brutas Realizadas;1.7.2.2.01.01.00 - Cota-Parte do ICMS;siconfi-cor_RO1.7.2.2.01.01.00;7504189,48
Prefeitura Municipal de Careiro da Várzea - AM;1301159;AM;27357;Receitas Brutas Realizadas;1.7.2.2.01.02.00 - Cota-Parte do IPVA;siconfi-cor_RO1.7.2.2.01.02.00;48508,05
Prefeitura Municipal de Careiro da Várzea - AM;1301159;AM;27357;Receitas Brutas Realizadas;1.7.2.2.01.04.00 - Cota-Parte do IPI sobre Exportação;siconfi-cor_RO1.7.2.2.01.04.00;36397,28
Prefeitura Municipal de Careiro da Várzea - AM;1301159;AM;27357;Receitas Brutas Realizadas;1.7.2.2.01.13.00 - Cota-Parte da Contribuição de Intervenção no Domínio Econômico;siconfi-cor_RO1.7.2.2.01.13.00;5245,56
Prefeitura Municipal de Careiro da Várzea - AM;1301159;AM;27357;Receitas Brutas Realizadas;1.7.2.2.22.00.00 - Transferências da Cota-Parte da Compensação Financeira (25%);siconfi-cor_RO1.7.2.2.22.00.00;117874,57
Prefeitura Municipal de Careiro da Várzea - AM;1301159;AM;27357;Receitas Brutas Realizadas;1.7.2.2.22.30.00 - Cota-Parte Royalties - Compensação Financeira pela Produção de Petróleo - Lei nº 7.990/89 artigo 9º;siconfi-cor_RO1.7.2.2.22.30.00;117874,57
Prefeitura Municipal de Careiro da Várzea - AM;1301159;AM;27357;Receitas Brutas Realizadas;1.7.2.2.33.00.00 - Transferências de Recursos do Estado para Programas de Saúde - Repasse Fundo a Fundo;siconfi-cor_RO1.7.2.2.33.00.00;110584,1
Prefeitura Municipal de Careiro da Várzea - AM;1301159;AM;27357;Receitas Brutas Realizadas;1.7.2.4.00.00.00 - Transferências Multigovernamentais;siconfi-cor_RO1.7.2.4.00.00.00;10313109,4
Prefeitura Municipal de Careiro da Várzea - AM;1301159;AM;27357;Receitas Brutas Realizadas;1.7.2.4.01.00.00 - Transferências de Recursos do Fundo de Manutenção e Desenvolvimento do Ensino Fundamental e de Valorização do Magistério - FUNDEB;siconfi-cor_RO1.7.2.4.01.00.00;8207275,39
Prefeitura Municipal de Careiro da Várzea - AM;1301159;AM;27357;Receitas Brutas Realizadas;1.7.2.4.02.00.00 - Transferências de Recursos da Complementação ao Fundo de Manutenção e Desenvolvimento do Ensino Fundamental e de Valorização do Magistério - FUNDEB;siconfi-cor_RO1.7.2.4.02.00.00;2105834,01
Prefeitura Municipal de Careiro da Várzea - AM;1301159;AM;27357;Receitas Brutas Realizadas;1.7.6.0.00.00.00 - Transferências de Convênios;siconfi-cor_RO1.7.6.0.00.00.00;2263480
Prefeitura Municipal de Careiro da Várzea - AM;1301159;AM;27357;Receitas Brutas Realizadas;1.7.6.2.00.00.00 - Transferências de Convênios dos Estados e do Distrito Federal e de Suas Entidades;siconfi-cor_RO1.7.6.2.00.00.00;2263480
Prefeitura Municipal de Careiro da Várzea - AM;1301159;AM;27357;Receitas Brutas Realizadas;1.7.6.2.02.00.00 - Transferências de Convênios dos Estados Destinadas a Programas de Educação;siconfi-cor_RO1.7.6.2.02.00.00;1863480
Prefeitura Municipal de Careiro da Várzea - AM;1301159;AM;27357;Receitas Brutas Realizadas;1.7.6.2.99.00.00 - Outras Transferências de Convênios dos Estados;siconfi-cor_RO1.7.6.2.99.00.00;400000
Prefeitura Municipal de Careiro da Várzea - AM;1301159;AM;27357;Receitas Brutas Realizadas;1.9.0.0.00.00.00 - Outras Receitas Correntes;siconfi-cor_RO1.9.0.0.00.00.00;292,22
Prefeitura Municipal de Careiro da Várzea - AM;1301159;AM;27357;Receitas Brutas Realizadas;1.9.9.0.00.00.00 - Receitas Diversas;siconfi-cor_RO1.9.9.0.00.00.00;292,22
Prefeitura Municipal de Careiro da Várzea - AM;1301159;AM;27357;Receitas Brutas Realizadas;2.0.0.0.00.00.00 - Receitas de Capital;siconfi-cor_RO2.0.0.0.00.00.00;6253906,19
Prefeitura Municipal de Careiro da Várzea - AM;1301159;AM;27357;Receitas Brutas Realizadas;2.4.0.0.00.00.00 - Transferências de Capital;siconfi-cor_RO2.4.0.0.00.00.00;6253906,19
Prefeitura Municipal de Careiro da Várzea - AM;1301159;AM;27357;Receitas Brutas Realizadas;2.4.2.0.00.00.00 - Transferências Intergovernamentais;siconfi-cor_RO2.4.2.0.00.00.00;303549,11
Prefeitura Municipal de Careiro da Várzea - AM;1301159;AM;27357;Receitas Brutas Realizadas;2.4.2.1.00.00.00 - Transferências da União;siconfi-cor_RO2.4.2.1.00.00.00;303549,11
Prefeitura Municipal de Careiro da Várzea - AM;1301159;AM;27357;Receitas Brutas Realizadas;2.4.2.1.01.00.00 - Participação na Receita da União;siconfi-cor_RO2.4.2.1.01.00.00;12000
Prefeitura Municipal de Careiro da Várzea - AM;1301159;AM;27357;Receitas Brutas Realizadas;2.4.2.1.02.00.00 - Transferências de Recursos Destinados a Programas de Educação;siconfi-cor_RO2.4.2.1.02.00.00;291549,11
Prefeitura Municipal de Careiro da Várzea - AM;1301159;AM;27357;Receitas Brutas Realizadas;2.4.7.0.00.00.00 - Transferências de Convênios;siconfi-cor_RO2.4.7.0.00.00.00;5950357,08
Prefeitura Municipal de Careiro da Várzea - AM;1301159;AM;27357;Receitas Brutas Realizadas;2.4.7.2.00.00.00 - Transferências de Convênios dos Estados e do Distrito Federal e de suas Entidades;siconfi-cor_RO2.4.7.2.00.00.00;5950357,08
Prefeitura Municipal de Careiro da Várzea - AM;1301159;AM;27357;Receitas Brutas Realizadas;2.4.7.2.05.00.00 - Transferências de Convênios dos Estados Destinadas a Programas de Infraestrutura em Transporte;siconfi-cor_RO2.4.7.2.05.00.00;3669783,77
Prefeitura Municipal de Careiro da Várzea - AM;1301159;AM;27357;Receitas Brutas Realizadas;2.4.7.2.99.00.00 - Outras Transferências de Convênios dos Estados;siconfi-cor_RO2.4.7.2.99.00.00;2280573,31
Prefeitura Municipal de Careiro da Várzea - AM;1301159;AM;27357;Deduções - FUNDEB;Total Receitas;siconfi-cor_TotalReceitas;4141130,14
Prefeitura Municipal de Careiro da Várzea - AM;1301159;AM;27357;Deduções - FUNDEB;1.0.0.0.00.00.00 - Receitas Correntes;siconfi-cor_RO1.0.0.0.00.00.00;4141130,14
Prefeitura Municipal de Careiro da Várzea - AM;1301159;AM;27357;Deduções - FUNDEB;1.7.0.0.00.00.00 - Transferências Correntes;siconfi-cor_RO1.7.0.0.00.00.00;4141130,14
Prefeitura Municipal de Careiro da Várzea - AM;1301159;AM;27357;Deduções - FUNDEB;1.7.2.0.00.00.00 - Transferências Intergovernamentais;siconfi-cor_RO1.7.2.0.00.00.00;4141130,14
Prefeitura Municipal de Careiro da Várzea - AM;1301159;AM;27357;Deduções - FUNDEB;1.7.2.1.00.00.00 - Transferências da União;siconfi-cor_RO1.7.2.1.00.00.00;2623311,58
Prefeitura Municipal de Careiro da Várzea - AM;1301159;AM;27357;Deduções - FUNDEB;1.7.2.1.01.00.00 - Participação na Receita da União;siconfi-cor_RO1.7.2.1.01.00.00;2619532,06
Prefeitura Municipal de Careiro da Várzea - AM;1301159;AM;27357;Deduções - FUNDEB;1.7.2.1.01.02.00 - Cota-Parte do Fundo de Participação dos Municípios ¿ FPM;siconfi-cor_RO1.7.2.1.01.02.00;2618943,4
Prefeitura Municipal de Careiro da Várzea - AM;1301159;AM;27357;Deduções - FUNDEB;1.7.2.1.01.05.00 - Cota-Parte do Imposto Sobre a Propriedade Territorial Rural ¿ ITR;siconfi-cor_RO1.7.2.1.01.05.00;588,66
Prefeitura Municipal de Careiro da Várzea - AM;1301159;AM;27357;Deduções - FUNDEB;1.7.2.1.36.00.00 - Transferências Financeiras do ICMS ¿ Desoneração ¿ L.C. Nº 87/96;siconfi-cor_RO1.7.2.1.36.00.00;3779,52
Prefeitura Municipal de Careiro da Várzea - AM;1301159;AM;27357;Deduções - FUNDEB;1.7.2.2.00.00.00 - Transferências dos Estados;siconfi-cor_RO1.7.2.2.00.00.00;1517818,56
Prefeitura Municipal de Careiro da Várzea - AM;1301159;AM;27357;Deduções - FUNDEB;1.7.2.2.01.00.00 - Participação na Receita dos Estados;siconfi-cor_RO1.7.2.2.01.00.00;1517818,56
Prefeitura Municipal de Careiro da Várzea - AM;1301159;AM;27357;Deduções - FUNDEB;1.7.2.2.01.01.00 - Cota-Parte do ICMS;siconfi-cor_RO1.7.2.2.01.01.00;1500837,88
Prefeitura Municipal de Careiro da Várzea - AM;1301159;AM;27357;Deduções - FUNDEB;1.7.2.2.01.02.00 - Cota-Parte do IPVA;siconfi-cor_RO1.7.2.2.01.02.00;9701,21
Prefeitura Municipal de Careiro da Várzea - AM;1301159;AM;27357;Deduções - FUNDEB;1.7.2.2.01.04.00 - Cota-Parte do IPI sobre Exportação;siconfi-cor_RO1.7.2.2.01.04.00;7279,47
Prefeitura Municipal de Boa Vista do Ramos - AM;1300680;AM;17248;Receitas Brutas Realizadas;Total Receitas;siconfi-cor_TotalReceitas;30653976,86
Prefeitura Municipal de Boa Vista do Ramos - AM;1300680;AM;17248;Receitas Brutas Realizadas;1.0.0.0.00.00.00 - Receitas Correntes;siconfi-cor_RO1.0.0.0.00.00.00;29061609,34
Prefeitura Municipal de Boa Vista do Ramos - AM;1300680;AM;17248;Receitas Brutas Realizadas;1.1.0.0.00.00.00 - Receita Tributária;siconfi-cor_RO1.1.0.0.00.00.00;876583,48
Prefeitura Municipal de Boa Vista do Ramos - AM;1300680;AM;17248;Receitas Brutas Realizadas;1.1.1.0.00.00.00 - Impostos;siconfi-cor_RO1.1.1.0.00.00.00;870295,23
Prefeitura Municipal de Boa Vista do Ramos - AM;1300680;AM;17248;Receitas Brutas Realizadas;1.1.1.2.00.00.00 - Impostos sobre o Patrimônio e a Renda;siconfi-cor_RO1.1.1.2.00.00.00;426550,63
Prefeitura Municipal de Boa Vista do Ramos - AM;1300680;AM;17248;Receitas Brutas Realizadas;1.1.1.2.02.00.00 - Imposto sobre a Propriedade Predial e Territorial Urbana ¿ IPTU;siconfi-cor_RO1.1.1.2.02.00.00;5470,5
Prefeitura Municipal de Boa Vista do Ramos - AM;1300680;AM;17248;Receitas Brutas Realizadas;1.1.1.2.04.00.00 - Imposto sobre a Renda e Proventos de Qualquer Natureza ¿ IR;siconfi-cor_RO1.1.1.2.04.00.00;418284,78
Prefeitura Municipal de Boa Vista do Ramos - AM;1300680;AM;17248;Receitas Brutas Realizadas;1.1.1.2.04.31.00 - Retido nas Fontes - Trabalho;siconfi-cor_RO1.1.1.2.04.31.00;197335,04
Prefeitura Municipal de Boa Vista do Ramos - AM;1300680;AM;17248;Receitas Brutas Realizadas;1.1.1.2.04.34.00 - Retido nas Fontes - Outros Rendimentos;siconfi-cor_RO1.1.1.2.04.34.00;220949,74
Prefeitura Municipal de Boa Vista do Ramos - AM;1300680;AM;17248;Receitas Brutas Realizadas;"1.1.1.2.08.00.00 - Imposto sobre Transmissão Inter Vivos"" de Bens Imóveis e de Direitos Reais sobre Imóveis ¿ ITBI""";siconfi-cor_RO1.1.1.2.08.00.00;2795,35
Prefeitura Municipal de Boa Vista do Ramos - AM;1300680;AM;17248;Receitas Brutas Realizadas;1.1.1.3.00.00.00 - Impostos sobre a Produção e a Circulação;siconfi-cor_RO1.1.1.3.00.00.00;443744,6
Prefeitura Municipal de Boa Vista do Ramos - AM;1300680;AM;17248;Receitas Brutas Realizadas;1.1.1.3.05.00.00 - Imposto sobre Serviços de Qualquer Natureza ¿ ISSQN;siconfi-cor_RO1.1.1.3.05.00.00;443744,6
Prefeitura Municipal de Boa Vista do Ramos - AM;1300680;AM;17248;Receitas Brutas Realizadas;1.1.2.0.00.00.00 - Taxas;siconfi-cor_RO1.1.2.0.00.00.00;6288,25
Prefeitura Municipal de Boa Vista do Ramos - AM;1300680;AM;17248;Receitas Brutas Realizadas;1.1.2.1.00.00.00 - Taxas pelo Exercício do Poder de Polícia;siconfi-cor_RO1.1.2.1.00.00.00;6288,25
Prefeitura Municipal de Boa Vista do Ramos - AM;1300680;AM;17248;Receitas Brutas Realizadas;1.2.0.0.00.00.00 - Receitas de Contribuições;siconfi-cor_RO1.2.0.0.00.00.00;35600,14
Prefeitura Municipal de Boa Vista do Ramos - AM;1300680;AM;17248;Receitas Brutas Realizadas;1.2.2.0.00.00.00 - Contribuições de Intervenção no Domínio Econômico;siconfi-cor_RO1.2.2.0.00.00.00;3307,55
Prefeitura Municipal de Boa Vista do Ramos - AM;1300680;AM;17248;Receitas Brutas Realizadas;1.2.3.0.00.00.00 - Contribuição para Custeio do Serviço de Iluminação Pública;siconfi-cor_RO1.2.3.0.00.00.00;32292,59
Prefeitura Municipal de Boa Vista do Ramos - AM;1300680;AM;17248;Receitas Brutas Realizadas;1.3.0.0.00.00.00 - Receita Patrimonial;siconfi-cor_RO1.3.0.0.00.00.00;91127,21
Prefeitura Municipal de Boa Vista do Ramos - AM;1300680;AM;17248;Receitas Brutas Realizadas;1.3.2.0.00.00.00 - Receitas de Valores Mobiliários;siconfi-cor_RO1.3.2.0.00.00.00;91127,21
Prefeitura Municipal de Boa Vista do Ramos - AM;1300680;AM;17248;Receitas Brutas Realizadas;1.3.2.5.00.00.00 - Remuneração de Depósitos Bancários;siconfi-cor_RO1.3.2.5.00.00.00;91127,21
Prefeitura Municipal de Boa Vista do Ramos - AM;1300680;AM;17248;Receitas Brutas Realizadas;1.7.0.0.00.00.00 - Transferências Correntes;siconfi-cor_RO1.7.0.0.00.00.00;28024103,38
Prefeitura Municipal de Boa Vista do Ramos - AM;1300680;AM;17248;Receitas Brutas Realizadas;1.7.2.0.00.00.00 - Transferências Intergovernamentais;siconfi-cor_RO1.7.2.0.00.00.00;27674103,38
Prefeitura Municipal de Boa Vista do Ramos - AM;1300680;AM;17248;Receitas Brutas Realizadas;1.7.2.1.00.00.00 - Transferências da União;siconfi-cor_RO1.7.2.1.00.00.00;12844883,2
Prefeitura Municipal de Boa Vista do Ramos - AM;1300680;AM;17248;Receitas Brutas Realizadas;1.7.2.1.01.00.00 - Participação na Receita da União;siconfi-cor_RO1.7.2.1.01.00.00;9768949,21
Prefeitura Municipal de Boa Vista do Ramos - AM;1300680;AM;17248;Receitas Brutas Realizadas;1.7.2.1.01.02.00 - Cota-Parte do Fundo de Participação dos Municípios ¿ FPM;siconfi-cor_RO1.7.2.1.01.02.00;9768242,74
Prefeitura Municipal de Boa Vista do Ramos - AM;1300680;AM;17248;Receitas Brutas Realizadas;1.7.2.1.01.05.00 - Cota-Parte do Imposto Sobre a Propriedade Territorial Rural ¿ ITR;siconfi-cor_RO1.7.2.1.01.05.00;706,47
Prefeitura Municipal de Boa Vista do Ramos - AM;1300680;AM;17248;Receitas Brutas Realizadas;1.7.2.1.22.00.00 - Transferências da Compensação Financeira pela Exploração de Recursos Naturais;siconfi-cor_RO1.7.2.1.22.00.00;146173,95
Prefeitura Municipal de Boa Vista do Ramos - AM;1300680;AM;17248;Receitas Brutas Realizadas;1.7.2.1.22.70.00 - Cota-Parte do Fundo Especial do Petróleo ¿ FEP;siconfi-cor_RO1.7.2.1.22.70.00;146173,95
Prefeitura Municipal de Boa Vista do Ramos - AM;1300680;AM;17248;Receitas Brutas Realizadas;1.7.2.1.33.00.00 - Transferências de Recursos do Sistema Único de Saúde - SUS - Repasses Fundo a Fundo;siconfi-cor_RO1.7.2.1.33.00.00;1602125,28
Prefeitura Municipal de Boa Vista do Ramos - AM;1300680;AM;17248;Receitas Brutas Realizadas;1.7.2.1.34.00.00 - Transferências de Recursos do Fundo Nacional de Assistência Social ¿ FNAS;siconfi-cor_RO1.7.2.1.34.00.00;547831,33
Prefeitura Municipal de Boa Vista do Ramos - AM;1300680;AM;17248;Receitas Brutas Realizadas;1.7.2.1.35.00.00 - Transferências de Recursos do Fundo Nacional do Desenvolvimento da Educação ¿ FNDE;siconfi-cor_RO1.7.2.1.35.00.00;563908,46
Prefeitura Municipal de Boa Vista do Ramos - AM;1300680;AM;17248;Receitas Brutas Realizadas;1.7.2.1.36.00.00 - Transferências Financeiras do ICMS ¿ Desoneração ¿ L.C. Nº 87/96;siconfi-cor_RO1.7.2.1.36.00.00;15989,16
Prefeitura Municipal de Boa Vista do Ramos - AM;1300680;AM;17248;Receitas Brutas Realizadas;1.7.2.1.99.00.00 - Outras Transferências da União;siconfi-cor_RO1.7.2.1.99.00.00;199905,81
Prefeitura Municipal de Boa Vista do Ramos - AM;1300680;AM;17248;Receitas Brutas Realizadas;1.7.2.2.00.00.00 - Transferências dos Estados;siconfi-cor_RO1.7.2.2.00.00.00;6658248,81
Prefeitura Municipal de Boa Vista do Ramos - AM;1300680;AM;17248;Receitas Brutas Realizadas;1.7.2.2.01.00.00 - Participação na Receita dos Estados;siconfi-cor_RO1.7.2.2.01.00.00;6397254,72
Prefeitura Municipal de Boa Vista do Ramos - AM;1300680;AM;17248;Receitas Brutas Realizadas;1.7.2.2.01.01.00 - Cota-Parte do ICMS;siconfi-cor_RO1.7.2.2.01.01.00;6349152,55
Prefeitura Municipal de Boa Vista do Ramos - AM;1300680;AM;17248;Receitas Brutas Realizadas;1.7.2.2.01.02.00 - Cota-Parte do IPVA;siconfi-cor_RO1.7.2.2.01.02.00;13704,03
Prefeitura Municipal de Boa Vista do Ramos - AM;1300680;AM;17248;Receitas Brutas Realizadas;1.7.2.2.01.04.00 - Cota-Parte do IPI sobre Exportação;siconfi-cor_RO1.7.2.2.01.04.00;30795,08
Prefeitura Municipal de Boa Vista do Ramos - AM;1300680;AM;17248;Receitas Brutas Realizadas;1.7.2.2.01.13.00 - Cota-Parte da Contribuição de Intervenção no Domínio Econômico;siconfi-cor_RO1.7.2.2.01.13.00;3603,06
Prefeitura Municipal de Boa Vista do Ramos - AM;1300680;AM;17248;Receitas Brutas Realizadas;1.7.2.2.22.00.00 - Transferências da Cota-Parte da Compensação Financeira (25%);siconfi-cor_RO1.7.2.2.22.00.00;99731,45
Prefeitura Municipal de Boa Vista do Ramos - AM;1300680;AM;17248;Receitas Brutas Realizadas;1.7.2.2.22.30.00 - Cota-Parte Royalties - Compensação Financeira pela Produção de Petróleo - Lei nº 7.990/89 artigo 9º;siconfi-cor_RO1.7.2.2.22.30.00;99731,45
Prefeitura Municipal de Boa Vista do Ramos - AM;1300680;AM;17248;Receitas Brutas Realizadas;1.7.2.2.33.00.00 - Transferências de Recursos do Estado para Programas de Saúde - Repasse Fundo a Fundo;siconfi-cor_RO1.7.2.2.33.00.00;161262,64
Prefeitura Municipal de Boa Vista do Ramos - AM;1300680;AM;17248;Receitas Brutas Realizadas;1.7.2.4.00.00.00 - Transferências Multigovernamentais;siconfi-cor_RO1.7.2.4.00.00.00;8170971,37
Prefeitura Municipal de Boa Vista do Ramos - AM;1300680;AM;17248;Receitas Brutas Realizadas;1.7.2.4.01.00.00 - Transferências de Recursos do Fundo de Manutenção e Desenvolvimento do Ensino Fundamental e de Valorização do Magistério - FUNDEB;siconfi-cor_RO1.7.2.4.01.00.00;6594954,77
Prefeitura Municipal de Boa Vista do Ramos - AM;1300680;AM;17248;Receitas Brutas Realizadas;1.7.2.4.02.00.00 - Transferências de Recursos da Complementação ao Fundo de Manutenção e Desenvolvimento do Ensino Fundamental e de Valorização do Magistério - FUNDEB;siconfi-cor_RO1.7.2.4.02.00.00;1576016,6
Prefeitura Municipal de Boa Vista do Ramos - AM;1300680;AM;17248;Receitas Brutas Realizadas;1.7.6.0.00.00.00 - Transferências de Convênios;siconfi-cor_RO1.7.6.0.00.00.00;350000
Prefeitura Municipal de Boa Vista do Ramos - AM;1300680;AM;17248;Receitas Brutas Realizadas;1.7.6.2.00.00.00 - Transferências de Convênios dos Estados e do Distrito Federal e de Suas Entidades;siconfi-cor_RO1.7.6.2.00.00.00;350000
Prefeitura Municipal de Boa Vista do Ramos - AM;1300680;AM;17248;Receitas Brutas Realizadas;1.7.6.2.99.00.00 - Outras Transferências de Convênios dos Estados;siconfi-cor_RO1.7.6.2.99.00.00;350000
Prefeitura Municipal de Boa Vista do Ramos - AM;1300680;AM;17248;Receitas Brutas Realizadas;1.9.0.0.00.00.00 - Outras Receitas Correntes;siconfi-cor_RO1.9.0.0.00.00.00;34195,13
Prefeitura Municipal de Boa Vista do Ramos - AM;1300680;AM;17248;Receitas Brutas Realizadas;1.9.2.0.00.00.00 - Indenizações e Restituições;siconfi-cor_RO1.9.2.0.00.00.00;25779,71
Prefeitura Municipal de Boa Vista do Ramos - AM;1300680;AM;17248;Receitas Brutas Realizadas;1.9.2.2.00.00.00 - Restituições;siconfi-cor_RO1.9.2.2.00.00.00;25779,71
Prefeitura Municipal de Boa Vista do Ramos - AM;1300680;AM;17248;Receitas Brutas Realizadas;1.9.2.2.99.00.00 - Outras Restituições;siconfi-cor_RO1.9.2.2.99.00.00;25779,71
Prefeitura Municipal de Boa Vista do Ramos - AM;1300680;AM;17248;Receitas Brutas Realizadas;1.9.9.0.00.00.00 - Receitas Diversas;siconfi-cor_RO1.9.9.0.00.00.00;8415,42
Prefeitura Municipal de Boa Vista do Ramos - AM;1300680;AM;17248;Receitas Brutas Realizadas;2.0.0.0.00.00.00 - Receitas de Capital;siconfi-cor_RO2.0.0.0.00.00.00;1592367,52
Prefeitura Municipal de Boa Vista do Ramos - AM;1300680;AM;17248;Receitas Brutas Realizadas;2.4.0.0.00.00.00 - Transferências de Capital;siconfi-cor_RO2.4.0.0.00.00.00;1592367,52
Prefeitura Municipal de Boa Vista do Ramos - AM;1300680;AM;17248;Receitas Brutas Realizadas;2.4.2.0.00.00.00 - Transferências Intergovernamentais;siconfi-cor_RO2.4.2.0.00.00.00;1592367,52
Prefeitura Municipal de Boa Vista do Ramos - AM;1300680;AM;17248;Receitas Brutas Realizadas;2.4.2.1.00.00.00 - Transferências da União;siconfi-cor_RO2.4.2.1.00.00.00;1097767,52
Prefeitura Municipal de Boa Vista do Ramos - AM;1300680;AM;17248;Receitas Brutas Realizadas;2.4.2.1.01.00.00 - Participação na Receita da União;siconfi-cor_RO2.4.2.1.01.00.00;296640
Prefeitura Municipal de Boa Vista do Ramos - AM;1300680;AM;17248;Receitas Brutas Realizadas;2.4.2.1.02.00.00 - Transferências de Recursos Destinados a Programas de Educação;siconfi-cor_RO2.4.2.1.02.00.00;801127,52
Prefeitura Municipal de Boa Vista do Ramos - AM;1300680;AM;17248;Receitas Brutas Realizadas;2.4.2.2.00.00.00 - Transferências dos Estados;siconfi-cor_RO2.4.2.2.00.00.00;494600
Prefeitura Municipal de Boa Vista do Ramos - AM;1300680;AM;17248;Receitas Brutas Realizadas;2.4.2.2.01.00.00 - Participação na Receita dos Estados;siconfi-cor_RO2.4.2.2.01.00.00;494600
Prefeitura Municipal de Boa Vista do Ramos - AM;1300680;AM;17248;Deduções - FUNDEB;Total Receitas;siconfi-cor_TotalReceitas;3152742,81
Prefeitura Municipal de Boa Vista do Ramos - AM;1300680;AM;17248;Deduções - FUNDEB;1.0.0.0.00.00.00 - Receitas Correntes;siconfi-cor_RO1.0.0.0.00.00.00;3152742,81
Prefeitura Municipal de Boa Vista do Ramos - AM;1300680;AM;17248;Deduções - FUNDEB;1.7.0.0.00.00.00 - Transferências Correntes;siconfi-cor_RO1.7.0.0.00.00.00;3152742,81
Prefeitura Municipal de Boa Vista do Ramos - AM;1300680;AM;17248;Deduções - FUNDEB;1.7.2.0.00.00.00 - Transferências Intergovernamentais;siconfi-cor_RO1.7.2.0.00.00.00;3152742,81
Prefeitura Municipal de Boa Vista do Ramos - AM;1300680;AM;17248;Deduções - FUNDEB;1.7.2.1.00.00.00 - Transferências da União;siconfi-cor_RO1.7.2.1.00.00.00;1874012,79
Prefeitura Municipal de Boa Vista do Ramos - AM;1300680;AM;17248;Deduções - FUNDEB;1.7.2.1.01.00.00 - Participação na Receita da União;siconfi-cor_RO1.7.2.1.01.00.00;1870815,03
Prefeitura Municipal de Boa Vista do Ramos - AM;1300680;AM;17248;Deduções - FUNDEB;1.7.2.1.01.02.00 - Cota-Parte do Fundo de Participação dos Municípios ¿ FPM;siconfi-cor_RO1.7.2.1.01.02.00;1870673,78
Prefeitura Municipal de Boa Vista do Ramos - AM;1300680;AM;17248;Deduções - FUNDEB;1.7.2.1.01.05.00 - Cota-Parte do Imposto Sobre a Propriedade Territorial Rural ¿ ITR;siconfi-cor_RO1.7.2.1.01.05.00;141,25
Prefeitura Municipal de Boa Vista do Ramos - AM;1300680;AM;17248;Deduções - FUNDEB;1.7.2.1.36.00.00 - Transferências Financeiras do ICMS ¿ Desoneração ¿ L.C. Nº 87/96;siconfi-cor_RO1.7.2.1.36.00.00;3197,76
Prefeitura Municipal de Boa Vista do Ramos - AM;1300680;AM;17248;Deduções - FUNDEB;1.7.2.2.00.00.00 - Transferências dos Estados;siconfi-cor_RO1.7.2.2.00.00.00;1278730,02
Prefeitura Municipal de Boa Vista do Ramos - AM;1300680;AM;17248;Deduções - FUNDEB;1.7.2.2.01.00.00 - Participação na Receita dos Estados;siconfi-cor_RO1.7.2.2.01.00.00;1278730,02
Prefeitura Municipal de Boa Vista do Ramos - AM;1300680;AM;17248;Deduções - FUNDEB;1.7.2.2.01.01.00 - Cota-Parte do ICMS;siconfi-cor_RO1.7.2.2.01.01.00;1269830,5
Prefeitura Municipal de Boa Vista do Ramos - AM;1300680;AM;17248;Deduções - FUNDEB;1.7.2.2.01.02.00 - Cota-Parte do IPVA;siconfi-cor_RO1.7.2.2.01.02.00;2740,52
Prefeitura Municipal de Boa Vista do Ramos - AM;1300680;AM;17248;Deduções - FUNDEB;1.7.2.2.01.04.00 - Cota-Parte do IPI sobre Exportação;siconfi-cor_RO1.7.2.2.01.04.00;6159
Prefeitura Municipal de Anamã - AM;1300086;AM;11981;Receitas Brutas Realizadas;Total Receitas;siconfi-cor_TotalReceitas;25051730,6
Prefeitura Municipal de Anamã - AM;1300086;AM;11981;Receitas Brutas Realizadas;1.0.0.0.00.00.00 - Receitas Correntes;siconfi-cor_RO1.0.0.0.00.00.00;23640537,81
Prefeitura Municipal de Anamã - AM;1300086;AM;11981;Receitas Brutas Realizadas;1.1.0.0.00.00.00 - Receita Tributária;siconfi-cor_RO1.1.0.0.00.00.00;492293,74
Prefeitura Municipal de Anamã - AM;1300086;AM;11981;Receitas Brutas Realizadas;1.1.1.0.00.00.00 - Impostos;siconfi-cor_RO1.1.1.0.00.00.00;492143,74
Prefeitura Municipal de Anamã - AM;1300086;AM;11981;Receitas Brutas Realizadas;1.1.1.2.00.00.00 - Impostos sobre o Patrimônio e a Renda;siconfi-cor_RO1.1.1.2.00.00.00;112899,75
Prefeitura Municipal de Anamã - AM;1300086;AM;11981;Receitas Brutas Realizadas;1.1.1.2.04.00.00 - Imposto sobre a Renda e Proventos de Qualquer Natureza ¿ IR;siconfi-cor_RO1.1.1.2.04.00.00;112899,75
Prefeitura Municipal de Anamã - AM;1300086;AM;11981;Receitas Brutas Realizadas;1.1.1.2.04.31.00 - Retido nas Fontes - Trabalho;siconfi-cor_RO1.1.1.2.04.31.00;112899,75
Prefeitura Municipal de Anamã - AM;1300086;AM;11981;Receitas Brutas Realizadas;1.1.1.3.00.00.00 - Impostos sobre a Produção e a Circulação;siconfi-cor_RO1.1.1.3.00.00.00;379243,99
Prefeitura Municipal de Anamã - AM;1300086;AM;11981;Receitas Brutas Realizadas;1.1.1.3.05.00.00 - Imposto sobre Serviços de Qualquer Natureza ¿ ISSQN;siconfi-cor_RO1.1.1.3.05.00.00;379243,99
Prefeitura Municipal de Anamã - AM;1300086;AM;11981;Receitas Brutas Realizadas;1.1.2.0.00.00.00 - Taxas;siconfi-cor_RO1.1.2.0.00.00.00;150
Prefeitura Municipal de Anamã - AM;1300086;AM;11981;Receitas Brutas Realizadas;1.1.2.1.00.00.00 - Taxas pelo Exercício do Poder de Polícia;siconfi-cor_RO1.1.2.1.00.00.00;150
Prefeitura Municipal de Anamã - AM;1300086;AM;11981;Receitas Brutas Realizadas;1.3.0.0.00.00.00 - Receita Patrimonial;siconfi-cor_RO1.3.0.0.00.00.00;60457,22
Prefeitura Municipal de Anamã - AM;1300086;AM;11981;Receitas Brutas Realizadas;1.3.2.0.00.00.00 - Receitas de Valores Mobiliários;siconfi-cor_RO1.3.2.0.00.00.00;60457,22
Prefeitura Municipal de Anamã - AM;1300086;AM;11981;Receitas Brutas Realizadas;1.3.2.5.00.00.00 - Remuneração de Depósitos Bancários;siconfi-cor_RO1.3.2.5.00.00.00;60457,22
Prefeitura Municipal de Anamã - AM;1300086;AM;11981;Receitas Brutas Realizadas;1.6.0.0.00.00.00 - Receita de Serviços;siconfi-cor_RO1.6.0.0.00.00.00;54577,05
Prefeitura Municipal de Anamã - AM;1300086;AM;11981;Receitas Brutas Realizadas;1.6.0.0.13.00.00 - Serviços Administrativos;siconfi-cor_RO1.6.0.0.13.00.00;12,5
Prefeitura Municipal de Anamã - AM;1300086;AM;11981;Receitas Brutas Realizadas;1.6.0.0.99.00.00 - Demais Receitas de Serviços;siconfi-cor_RO1.6.0.0.99.00.00;54564,55
Prefeitura Municipal de Anamã - AM;1300086;AM;11981;Receitas Brutas Realizadas;1.7.0.0.00.00.00 - Transferências Correntes;siconfi-cor_RO1.7.0.0.00.00.00;23032509,8
Prefeitura Municipal de Anamã - AM;1300086;AM;11981;Receitas Brutas Realizadas;1.7.2.0.00.00.00 - Transferências Intergovernamentais;siconfi-cor_RO1.7.2.0.00.00.00;22262509,8
Prefeitura Municipal de Anamã - AM;1300086;AM;11981;Receitas Brutas Realizadas;1.7.2.1.00.00.00 - Transferências da União;siconfi-cor_RO1.7.2.1.00.00.00;10827126,01
Prefeitura Municipal de Anamã - AM;1300086;AM;11981;Receitas Brutas Realizadas;1.7.2.1.01.00.00 - Participação na Receita da União;siconfi-cor_RO1.7.2.1.01.00.00;7814755,35
Prefeitura Municipal de Anamã - AM;1300086;AM;11981;Receitas Brutas Realizadas;1.7.2.1.01.02.00 - Cota-Parte do Fundo de Participação dos Municípios ¿ FPM;siconfi-cor_RO1.7.2.1.01.02.00;7814594,18
Prefeitura Municipal de Anamã - AM;1300086;AM;11981;Receitas Brutas Realizadas;1.7.2.1.01.05.00 - Cota-Parte do Imposto Sobre a Propriedade Territorial Rural ¿ ITR;siconfi-cor_RO1.7.2.1.01.05.00;161,17
Prefeitura Municipal de Anamã - AM;1300086;AM;11981;Receitas Brutas Realizadas;1.7.2.1.22.00.00 - Transferências da Compensação Financeira pela Exploração de Recursos Naturais;siconfi-cor_RO1.7.2.1.22.00.00;800403,26
Prefeitura Municipal de Anamã - AM;1300086;AM;11981;Receitas Brutas Realizadas;1.7.2.1.22.40.00 - Cota-Parte Royalties pelo Excedente da Produção do Petróleo - Lei nº 9.478/97 artigo 49 I e II;siconfi-cor_RO1.7.2.1.22.40.00;683464,1
Prefeitura Municipal de Anamã - AM;1300086;AM;11981;Receitas Brutas Realizadas;1.7.2.1.22.70.00 - Cota-Parte do Fundo Especial do Petróleo ¿ FEP;siconfi-cor_RO1.7.2.1.22.70.00;116939,16
Prefeitura Municipal de Anamã - AM;1300086;AM;11981;Receitas Brutas Realizadas;1.7.2.1.33.00.00 - Transferências de Recursos do Sistema Único de Saúde - SUS - Repasses Fundo a Fundo;siconfi-cor_RO1.7.2.1.33.00.00;1185660,68
Prefeitura Municipal de Anamã - AM;1300086;AM;11981;Receitas Brutas Realizadas;1.7.2.1.34.00.00 - Transferências de Recursos do Fundo Nacional de Assistência Social ¿ FNAS;siconfi-cor_RO1.7.2.1.34.00.00;322195,14
Prefeitura Municipal de Anamã - AM;1300086;AM;11981;Receitas Brutas Realizadas;1.7.2.1.35.00.00 - Transferências de Recursos do Fundo Nacional do Desenvolvimento da Educação ¿ FNDE;siconfi-cor_RO1.7.2.1.35.00.00;525692,63
Prefeitura Municipal de Anamã - AM;1300086;AM;11981;Receitas Brutas Realizadas;1.7.2.1.36.00.00 - Transferências Financeiras do ICMS ¿ Desoneração ¿ L.C. Nº 87/96;siconfi-cor_RO1.7.2.1.36.00.00;15709,08
Prefeitura Municipal de Anamã - AM;1300086;AM;11981;Receitas Brutas Realizadas;1.7.2.1.99.00.00 - Outras Transferências da União;siconfi-cor_RO1.7.2.1.99.00.00;162709,87
Prefeitura Municipal de Anamã - AM;1300086;AM;11981;Receitas Brutas Realizadas;1.7.2.2.00.00.00 - Transferências dos Estados;siconfi-cor_RO1.7.2.2.00.00.00;6480104,07
Prefeitura Municipal de Anamã - AM;1300086;AM;11981;Receitas Brutas Realizadas;1.7.2.2.01.00.00 - Participação na Receita dos Estados;siconfi-cor_RO1.7.2.2.01.00.00;6275948,83
Prefeitura Municipal de Anamã - AM;1300086;AM;11981;Receitas Brutas Realizadas;1.7.2.2.01.01.00 - Cota-Parte do ICMS;siconfi-cor_RO1.7.2.2.01.01.00;6237941,16
Prefeitura Municipal de Anamã - AM;1300086;AM;11981;Receitas Brutas Realizadas;1.7.2.2.01.02.00 - Cota-Parte do IPVA;siconfi-cor_RO1.7.2.2.01.02.00;4987,19
Prefeitura Municipal de Anamã - AM;1300086;AM;11981;Receitas Brutas Realizadas;1.7.2.2.01.04.00 - Cota-Parte do IPI sobre Exportação;siconfi-cor_RO1.7.2.2.01.04.00;30255,65
Prefeitura Municipal de Anamã - AM;1300086;AM;11981;Receitas Brutas Realizadas;1.7.2.2.01.13.00 - Cota-Parte da Contribuição de Intervenção no Domínio Econômico;siconfi-cor_RO1.7.2.2.01.13.00;2764,83
Prefeitura Municipal de Anamã - AM;1300086;AM;11981;Receitas Brutas Realizadas;1.7.2.2.22.00.00 - Transferências da Cota-Parte da Compensação Financeira (25%);siconfi-cor_RO1.7.2.2.22.00.00;97984,56
Prefeitura Municipal de Anamã - AM;1300086;AM;11981;Receitas Brutas Realizadas;1.7.2.2.22.30.00 - Cota-Parte Royalties - Compensação Financeira pela Produção de Petróleo - Lei nº 7.990/89 artigo 9º;siconfi-cor_RO1.7.2.2.22.30.00;97984,56
Prefeitura Municipal de Anamã - AM;1300086;AM;11981;Receitas Brutas Realizadas;1.7.2.2.33.00.00 - Transferências de Recursos do Estado para Programas de Saúde - Repasse Fundo a Fundo;siconfi-cor_RO1.7.2.2.33.00.00;106170,68
Prefeitura Municipal de Anamã - AM;1300086;AM;11981;Receitas Brutas Realizadas;1.7.2.4.00.00.00 - Transferências Multigovernamentais;siconfi-cor_RO1.7.2.4.00.00.00;4955279,72
Prefeitura Municipal de Anamã - AM;1300086;AM;11981;Receitas Brutas Realizadas;1.7.2.4.01.00.00 - Transferências de Recursos do Fundo de Manutenção e Desenvolvimento do Ensino Fundamental e de Valorização do Magistério - FUNDEB;siconfi-cor_RO1.7.2.4.01.00.00;3984513,09
Prefeitura Municipal de Anamã - AM;1300086;AM;11981;Receitas Brutas Realizadas;1.7.2.4.02.00.00 - Transferências de Recursos da Complementação ao Fundo de Manutenção e Desenvolvimento do Ensino Fundamental e de Valorização do Magistério - FUNDEB;siconfi-cor_RO1.7.2.4.02.00.00;970766,63
Prefeitura Municipal de Anamã - AM;1300086;AM;11981;Receitas Brutas Realizadas;1.7.6.0.00.00.00 - Transferências de Convênios;siconfi-cor_RO1.7.6.0.00.00.00;770000
Prefeitura Municipal de Anamã - AM;1300086;AM;11981;Receitas Brutas Realizadas;1.7.6.2.00.00.00 - Transferências de Convênios dos Estados e do Distrito Federal e de Suas Entidades;siconfi-cor_RO1.7.6.2.00.00.00;770000
Prefeitura Municipal de Anamã - AM;1300086;AM;11981;Receitas Brutas Realizadas;1.7.6.2.99.00.00 - Outras Transferências de Convênios dos Estados;siconfi-cor_RO1.7.6.2.99.00.00;770000
Prefeitura Municipal de Anamã - AM;1300086;AM;11981;Receitas Brutas Realizadas;1.9.0.0.00.00.00 - Outras Receitas Correntes;siconfi-cor_RO1.9.0.0.00.00.00;700
Prefeitura Municipal de Anamã - AM;1300086;AM;11981;Receitas Brutas Realizadas;1.9.2.0.00.00.00 - Indenizações e Restituições;siconfi-cor_RO1.9.2.0.00.00.00;700
Prefeitura Municipal de Anamã - AM;1300086;AM;11981;Receitas Brutas Realizadas;1.9.2.2.00.00.00 - Restituições;siconfi-cor_RO1.9.2.2.00.00.00;700
Prefeitura Municipal de Anamã - AM;1300086;AM;11981;Receitas Brutas Realizadas;1.9.2.2.99.00.00 - Outras Restituições;siconfi-cor_RO1.9.2.2.99.00.00;700
Prefeitura Municipal de Anamã - AM;1300086;AM;11981;Receitas Brutas Realizadas;2.0.0.0.00.00.00 - Receitas de Capital;siconfi-cor_RO2.0.0.0.00.00.00;1411192,79
Prefeitura Municipal de Anamã - AM;1300086;AM;11981;Receitas Brutas Realizadas;2.4.0.0.00.00.00 - Transferências de Capital;siconfi-cor_RO2.4.0.0.00.00.00;1411192,79
Prefeitura Municipal de Anamã - AM;1300086;AM;11981;Receitas Brutas Realizadas;2.4.2.0.00.00.00 - Transferências Intergovernamentais;siconfi-cor_RO2.4.2.0.00.00.00;1411192,79
Prefeitura Municipal de Anamã - AM;1300086;AM;11981;Receitas Brutas Realizadas;2.4.2.1.00.00.00 - Transferências da União;siconfi-cor_RO2.4.2.1.00.00.00;555000
Prefeitura Municipal de Anamã - AM;1300086;AM;11981;Receitas Brutas Realizadas;2.4.2.1.01.00.00 - Participação na Receita da União;siconfi-cor_RO2.4.2.1.01.00.00;555000
Prefeitura Municipal de Anamã - AM;1300086;AM;11981;Receitas Brutas Realizadas;2.4.2.2.00.00.00 - Transferências dos Estados;siconfi-cor_RO2.4.2.2.00.00.00;856192,79
Prefeitura Municipal de Anamã - AM;1300086;AM;11981;Receitas Brutas Realizadas;2.4.2.2.99.00.00 - Outras Transferências dos Estados;siconfi-cor_RO2.4.2.2.99.00.00;856192,79
Prefeitura Municipal de Anamã - AM;1300086;AM;11981;Deduções - FUNDEB;Total Receitas;siconfi-cor_TotalReceitas;2754349,55
Prefeitura Municipal de Anamã - AM;1300086;AM;11981;Deduções - FUNDEB;1.0.0.0.00.00.00 - Receitas Correntes;siconfi-cor_RO1.0.0.0.00.00.00;2754349,55
Prefeitura Municipal de Anamã - AM;1300086;AM;11981;Deduções - FUNDEB;1.7.0.0.00.00.00 - Transferências Correntes;siconfi-cor_RO1.7.0.0.00.00.00;2754349,55
Prefeitura Municipal de Anamã - AM;1300086;AM;11981;Deduções - FUNDEB;1.7.2.0.00.00.00 - Transferências Intergovernamentais;siconfi-cor_RO1.7.2.0.00.00.00;2754349,55
Prefeitura Municipal de Anamã - AM;1300086;AM;11981;Deduções - FUNDEB;1.7.2.1.00.00.00 - Transferências da União;siconfi-cor_RO1.7.2.1.00.00.00;1499712,92
Prefeitura Municipal de Anamã - AM;1300086;AM;11981;Deduções - FUNDEB;1.7.2.1.01.00.00 - Participação na Receita da União;siconfi-cor_RO1.7.2.1.01.00.00;1496571,2
Prefeitura Municipal de Anamã - AM;1300086;AM;11981;Deduções - FUNDEB;1.7.2.1.01.02.00 - Cota-Parte do Fundo de Participação dos Municípios ¿ FPM;siconfi-cor_RO1.7.2.1.01.02.00;1496538,99
Prefeitura Municipal de Anamã - AM;1300086;AM;11981;Deduções - FUNDEB;1.7.2.1.01.05.00 - Cota-Parte do Imposto Sobre a Propriedade Territorial Rural ¿ ITR;siconfi-cor_RO1.7.2.1.01.05.00;32,21
Prefeitura Municipal de Anamã - AM;1300086;AM;11981;Deduções - FUNDEB;1.7.2.1.36.00.00 - Transferências Financeiras do ICMS ¿ Desoneração ¿ L.C. Nº 87/96;siconfi-cor_RO1.7.2.1.36.00.00;3141,72
Prefeitura Municipal de Anamã - AM;1300086;AM;11981;Deduções - FUNDEB;1.7.2.2.00.00.00 - Transferências dos Estados;siconfi-cor_RO1.7.2.2.00.00.00;1254636,63
Prefeitura Municipal de Anamã - AM;1300086;AM;11981;Deduções - FUNDEB;1.7.2.2.01.00.00 - Participação na Receita dos Estados;siconfi-cor_RO1.7.2.2.01.00.00;1254636,63
Prefeitura Municipal de Anamã - AM;1300086;AM;11981;Deduções - FUNDEB;1.7.2.2.01.01.00 - Cota-Parte do ICMS;siconfi-cor_RO1.7.2.2.01.01.00;1247588,22
Prefeitura Municipal de Anamã - AM;1300086;AM;11981;Deduções - FUNDEB;1.7.2.2.01.02.00 - Cota-Parte do IPVA;siconfi-cor_RO1.7.2.2.01.02.00;997,28
Prefeitura Municipal de Anamã - AM;1300086;AM;11981;Deduções - FUNDEB;1.7.2.2.01.04.00 - Cota-Parte do IPI sobre Exportação;siconfi-cor_RO1.7.2.2.01.04.00;6051,13
Prefeitura Municipal de Canutama - AM;1300904;AM;14944;Receitas Brutas Realizadas;Total Receitas;siconfi-cor_TotalReceitas;31560806,78
Prefeitura Municipal de Canutama - AM;1300904;AM;14944;Receitas Brutas Realizadas;1.0.0.0.00.00.00 - Receitas Correntes;siconfi-cor_RO1.0.0.0.00.00.00;29738198,24
Prefeitura Municipal de Canutama - AM;1300904;AM;14944;Receitas Brutas Realizadas;1.1.0.0.00.00.00 - Receita Tributária;siconfi-cor_RO1.1.0.0.00.00.00;825293,92
Prefeitura Municipal de Canutama - AM;1300904;AM;14944;Receitas Brutas Realizadas;1.1.1.0.00.00.00 - Impostos;siconfi-cor_RO1.1.1.0.00.00.00;816757,91
Prefeitura Municipal de Canutama - AM;1300904;AM;14944;Receitas Brutas Realizadas;1.1.1.2.00.00.00 - Impostos sobre o Patrimônio e a Renda;siconfi-cor_RO1.1.1.2.00.00.00;408942,88
Prefeitura Municipal de Canutama - AM;1300904;AM;14944;Receitas Brutas Realizadas;1.1.1.2.02.00.00 - Imposto sobre a Propriedade Predial e Territorial Urbana ¿ IPTU;siconfi-cor_RO1.1.1.2.02.00.00;12125,28
Prefeitura Municipal de Canutama - AM;1300904;AM;14944;Receitas Brutas Realizadas;1.1.1.2.04.00.00 - Imposto sobre a Renda e Proventos de Qualquer Natureza ¿ IR;siconfi-cor_RO1.1.1.2.04.00.00;396817,6
Prefeitura Municipal de Canutama - AM;1300904;AM;14944;Receitas Brutas Realizadas;1.1.1.2.04.31.00 - Retido nas Fontes - Trabalho;siconfi-cor_RO1.1.1.2.04.31.00;343567,6
Prefeitura Municipal de Canutama - AM;1300904;AM;14944;Receitas Brutas Realizadas;1.1.1.2.04.34.00 - Retido nas Fontes - Outros Rendimentos;siconfi-cor_RO1.1.1.2.04.34.00;53250
Prefeitura Municipal de Canutama - AM;1300904;AM;14944;Receitas Brutas Realizadas;1.1.1.3.00.00.00 - Impostos sobre a Produção e a Circulação;siconfi-cor_RO1.1.1.3.00.00.00;407815,03
Prefeitura Municipal de Canutama - AM;1300904;AM;14944;Receitas Brutas Realizadas;1.1.1.3.05.00.00 - Imposto sobre Serviços de Qualquer Natureza ¿ ISSQN;siconfi-cor_RO1.1.1.3.05.00.00;407815,03
Prefeitura Municipal de Canutama - AM;1300904;AM;14944;Receitas Brutas Realizadas;1.1.2.0.00.00.00 - Taxas;siconfi-cor_RO1.1.2.0.00.00.00;8536,01
Prefeitura Municipal de Canutama - AM;1300904;AM;14944;Receitas Brutas Realizadas;1.1.2.1.00.00.00 - Taxas pelo Exercício do Poder de Polícia;siconfi-cor_RO1.1.2.1.00.00.00;7857,01
Prefeitura Municipal de Canutama - AM;1300904;AM;14944;Receitas Brutas Realizadas;1.1.2.2.00.00.00 - Taxas pela Prestação de Serviços;siconfi-cor_RO1.1.2.2.00.00.00;679
Prefeitura Municipal de Canutama - AM;1300904;AM;14944;Receitas Brutas Realizadas;1.2.0.0.00.00.00 - Receitas de Contribuições;siconfi-cor_RO1.2.0.0.00.00.00;561130,75
Prefeitura Municipal de Canutama - AM;1300904;AM;14944;Receitas Brutas Realizadas;1.2.1.0.00.00.00 - Contribuições Sociais;siconfi-cor_RO1.2.1.0.00.00.00;561130,75
Prefeitura Municipal de Canutama - AM;1300904;AM;14944;Receitas Brutas Realizadas;1.2.1.0.29.00.00 - Contribuições para o Regime Próprio de Previdência do Servidor Público;siconfi-cor_RO1.2.1.0.29.00.00;561130,75
Prefeitura Municipal de Canutama - AM;1300904;AM;14944;Receitas Brutas Realizadas;1.2.1.0.29.01.00 - Contribuição Patronal de Servidor Ativo Civil para o Regime Próprio;siconfi-cor_RO1.2.1.0.29.01.00;176175,1
Prefeitura Municipal de Canutama - AM;1300904;AM;14944;Receitas Brutas Realizadas;1.2.1.0.29.07.00 - Contribuição do Servidor Ativo Civil para o Regime Próprio;siconfi-cor_RO1.2.1.0.29.07.00;224342,07
Prefeitura Municipal de Canutama - AM;1300904;AM;14944;Receitas Brutas Realizadas;1.2.1.0.29.15.00 - Contribuição Previdenciária em Regime de Parcelamento de Débitos;siconfi-cor_RO1.2.1.0.29.15.00;84255,14
Prefeitura Municipal de Canutama - AM;1300904;AM;14944;Receitas Brutas Realizadas;1.2.1.0.29.17.00 - Receita de Recolhimento da Contribuição do Servidor Ativo Civil, oriunda do Pagamento de Sentenças Judiciais;siconfi-cor_RO1.2.1.0.29.17.00;9950,03
Prefeitura Municipal de Canutama - AM;1300904;AM;14944;Receitas Brutas Realizadas;1.2.1.0.29.18.00 - Receita de Recolhimento da Contribuição do Servidor Inativo Civil, oriunda do Pagamento de Sentenças Judiciais;siconfi-cor_RO1.2.1.0.29.18.00;29242,12
Prefeitura Municipal de Canutama - AM;1300904;AM;14944;Receitas Brutas Realizadas;1.2.1.0.29.19.00 - Receita de Recolhimento de Pensionista Civil, oriunda do Pagamento de Sentenças Judiciais;siconfi-cor_RO1.2.1.0.29.19.00;37166,29
Prefeitura Municipal de Canutama - AM;1300904;AM;14944;Receitas Brutas Realizadas;1.3.0.0.00.00.00 - Receita Patrimonial;siconfi-cor_RO1.3.0.0.00.00.00;126628,54
Prefeitura Municipal de Canutama - AM;1300904;AM;14944;Receitas Brutas Realizadas;1.3.2.0.00.00.00 - Receitas de Valores Mobiliários;siconfi-cor_RO1.3.2.0.00.00.00;126628,54
Prefeitura Municipal de Canutama - AM;1300904;AM;14944;Receitas Brutas Realizadas;1.3.2.5.00.00.00 - Remuneração de Depósitos Bancários;siconfi-cor_RO1.3.2.5.00.00.00;126628,54
Prefeitura Municipal de Canutama - AM;1300904;AM;14944;Receitas Brutas Realizadas;1.6.0.0.00.00.00 - Receita de Serviços;siconfi-cor_RO1.6.0.0.00.00.00;281430,59
Prefeitura Municipal de Canutama - AM;1300904;AM;14944;Receitas Brutas Realizadas;1.6.0.0.99.00.00 - Demais Receitas de Serviços;siconfi-cor_RO1.6.0.0.99.00.00;281430,59
Prefeitura Municipal de Canutama - AM;1300904;AM;14944;Receitas Brutas Realizadas;1.7.0.0.00.00.00 - Transferências Correntes;siconfi-cor_RO1.7.0.0.00.00.00;27814007,71
Prefeitura Municipal de Canutama - AM;1300904;AM;14944;Receitas Brutas Realizadas;1.7.2.0.00.00.00 - Transferências Intergovernamentais;siconfi-cor_RO1.7.2.0.00.00.00;27514007,71
Prefeitura Municipal de Canutama - AM;1300904;AM;14944;Receitas Brutas Realizadas;1.7.2.1.00.00.00 - Transferências da União;siconfi-cor_RO1.7.2.1.00.00.00;12512843,11
Prefeitura Municipal de Canutama - AM;1300904;AM;14944;Receitas Brutas Realizadas;1.7.2.1.01.00.00 - Participação na Receita da União;siconfi-cor_RO1.7.2.1.01.00.00;9963661,2
Prefeitura Municipal de Canutama - AM;1300904;AM;14944;Receitas Brutas Realizadas;1.7.2.1.01.02.00 - Cota-Parte do Fundo de Participação dos Municípios ¿ FPM;siconfi-cor_RO1.7.2.1.01.02.00;9952885,67
Prefeitura Municipal de Canutama - AM;1300904;AM;14944;Receitas Brutas Realizadas;1.7.2.1.01.05.00 - Cota-Parte do Imposto Sobre a Propriedade Territorial Rural ¿ ITR;siconfi-cor_RO1.7.2.1.01.05.00;10775,53
Prefeitura Municipal de Canutama - AM;1300904;AM;14944;Receitas Brutas Realizadas;1.7.2.1.22.00.00 - Transferências da Compensação Financeira pela Exploração de Recursos Naturais;siconfi-cor_RO1.7.2.1.22.00.00;146173,95
Prefeitura Municipal de Canutama - AM;1300904;AM;14944;Receitas Brutas Realizadas;1.7.2.1.22.70.00 - Cota-Parte do Fundo Especial do Petróleo ¿ FEP;siconfi-cor_RO1.7.2.1.22.70.00;146173,95
Prefeitura Municipal de Canutama - AM;1300904;AM;14944;Receitas Brutas Realizadas;1.7.2.1.33.00.00 - Transferências de Recursos do Sistema Único de Saúde - SUS - Repasses Fundo a Fundo;siconfi-cor_RO1.7.2.1.33.00.00;1596520,35
Prefeitura Municipal de Canutama - AM;1300904;AM;14944;Receitas Brutas Realizadas;1.7.2.1.34.00.00 - Transferências de Recursos do Fundo Nacional de Assistência Social ¿ FNAS;siconfi-cor_RO1.7.2.1.34.00.00;315880,45
Prefeitura Municipal de Canutama - AM;1300904;AM;14944;Receitas Brutas Realizadas;1.7.2.1.35.00.00 - Transferências de Recursos do Fundo Nacional do Desenvolvimento da Educação ¿ FNDE;siconfi-cor_RO1.7.2.1.35.00.00;449578,62
Prefeitura Municipal de Canutama - AM;1300904;AM;14944;Receitas Brutas Realizadas;1.7.2.1.36.00.00 - Transferências Financeiras do ICMS ¿ Desoneração ¿ L.C. Nº 87/96;siconfi-cor_RO1.7.2.1.36.00.00;20991
Prefeitura Municipal de Canutama - AM;1300904;AM;14944;Receitas Brutas Realizadas;1.7.2.1.99.00.00 - Outras Transferências da União;siconfi-cor_RO1.7.2.1.99.00.00;20037,54
Prefeitura Municipal de Canutama - AM;1300904;AM;14944;Receitas Brutas Realizadas;1.7.2.2.00.00.00 - Transferências dos Estados;siconfi-cor_RO1.7.2.2.00.00.00;9284818,26
Prefeitura Municipal de Canutama - AM;1300904;AM;14944;Receitas Brutas Realizadas;1.7.2.2.01.00.00 - Participação na Receita dos Estados;siconfi-cor_RO1.7.2.2.01.00.00;8386005,97
Prefeitura Municipal de Canutama - AM;1300904;AM;14944;Receitas Brutas Realizadas;1.7.2.2.01.01.00 - Cota-Parte do ICMS;siconfi-cor_RO1.7.2.2.01.01.00;8335347,88
Prefeitura Municipal de Canutama - AM;1300904;AM;14944;Receitas Brutas Realizadas;1.7.2.2.01.02.00 - Cota-Parte do IPVA;siconfi-cor_RO1.7.2.2.01.02.00;9603,15
Prefeitura Municipal de Canutama - AM;1300904;AM;14944;Receitas Brutas Realizadas;1.7.2.2.01.04.00 - Cota-Parte do IPI sobre Exportação;siconfi-cor_RO1.7.2.2.01.04.00;37563,61
Prefeitura Municipal de Canutama - AM;1300904;AM;14944;Receitas Brutas Realizadas;1.7.2.2.01.13.00 - Cota-Parte da Contribuição de Intervenção no Domínio Econômico;siconfi-cor_RO1.7.2.2.01.13.00;3491,33
Prefeitura Municipal de Canutama - AM;1300904;AM;14944;Receitas Brutas Realizadas;1.7.2.2.22.00.00 - Transferências da Cota-Parte da Compensação Financeira (25%);siconfi-cor_RO1.7.2.2.22.00.00;133795,33
Prefeitura Municipal de Canutama - AM;1300904;AM;14944;Receitas Brutas Realizadas;1.7.2.2.22.30.00 - Cota-Parte Royalties - Compensação Financeira pela Produção de Petróleo - Lei nº 7.990/89 artigo 9º;siconfi-cor_RO1.7.2.2.22.30.00;133795,33
Prefeitura Municipal de Canutama - AM;1300904;AM;14944;Receitas Brutas Realizadas;1.7.2.2.33.00.00 - Transferências de Recursos do Estado para Programas de Saúde - Repasse Fundo a Fundo;siconfi-cor_RO1.7.2.2.33.00.00;765016,96
Prefeitura Municipal de Canutama - AM;1300904;AM;14944;Receitas Brutas Realizadas;1.7.2.4.00.00.00 - Transferências Multigovernamentais;siconfi-cor_RO1.7.2.4.00.00.00;5716346,34
Prefeitura Municipal de Canutama - AM;1300904;AM;14944;Receitas Brutas Realizadas;1.7.2.4.01.00.00 - Transferências de Recursos do Fundo de Manutenção e Desenvolvimento do Ensino Fundamental e de Valorização do Magistério - FUNDEB;siconfi-cor_RO1.7.2.4.01.00.00;4652128,32
Prefeitura Municipal de Canutama - AM;1300904;AM;14944;Receitas Brutas Realizadas;1.7.2.4.02.00.00 - Transferências de Recursos da Complementação ao Fundo de Manutenção e Desenvolvimento do Ensino Fundamental e de Valorização do Magistério - FUNDEB;siconfi-cor_RO1.7.2.4.02.00.00;1064218,02
Prefeitura Municipal de Canutama - AM;1300904;AM;14944;Receitas Brutas Realizadas;1.7.6.0.00.00.00 - Transferências de Convênios;siconfi-cor_RO1.7.6.0.00.00.00;300000
Prefeitura Municipal de Canutama - AM;1300904;AM;14944;Receitas Brutas Realizadas;1.7.6.2.00.00.00 - Transferências de Convênios dos Estados e do Distrito Federal e de Suas Entidades;siconfi-cor_RO1.7.6.2.00.00.00;300000
Prefeitura Municipal de Canutama - AM;1300904;AM;14944;Receitas Brutas Realizadas;1.7.6.2.01.00.00 - Transferências de Convênios dos Estados para o Sistema Único de Saúde - SUS;siconfi-cor_RO1.7.6.2.01.00.00;300000
Prefeitura Municipal de Canutama - AM;1300904;AM;14944;Receitas Brutas Realizadas;1.9.0.0.00.00.00 - Outras Receitas Correntes;siconfi-cor_RO1.9.0.0.00.00.00;129706,73
Prefeitura Municipal de Canutama - AM;1300904;AM;14944;Receitas Brutas Realizadas;1.9.2.0.00.00.00 - Indenizações e Restituições;siconfi-cor_RO1.9.2.0.00.00.00;1440
Prefeitura Municipal de Canutama - AM;1300904;AM;14944;Receitas Brutas Realizadas;1.9.2.2.00.00.00 - Restituições;siconfi-cor_RO1.9.2.2.00.00.00;1440
Prefeitura Municipal de Canutama - AM;1300904;AM;14944;Receitas Brutas Realizadas;1.9.2.2.99.00.00 - Outras Restituições;siconfi-cor_RO1.9.2.2.99.00.00;1440
Prefeitura Municipal de Canutama - AM;1300904;AM;14944;Receitas Brutas Realizadas;1.9.9.0.00.00.00 - Receitas Diversas;siconfi-cor_RO1.9.9.0.00.00.00;128266,73
Prefeitura Municipal de Canutama - AM;1300904;AM;14944;Receitas Brutas Realizadas;2.0.0.0.00.00.00 - Receitas de Capital;siconfi-cor_RO2.0.0.0.00.00.00;1822608,54
Prefeitura Municipal de Canutama - AM;1300904;AM;14944;Receitas Brutas Realizadas;2.4.0.0.00.00.00 - Transferências de Capital;siconfi-cor_RO2.4.0.0.00.00.00;1822608,54
Prefeitura Municipal de Canutama - AM;1300904;AM;14944;Receitas Brutas Realizadas;2.4.2.0.00.00.00 - Transferências Intergovernamentais;siconfi-cor_RO2.4.2.0.00.00.00;591400
Prefeitura Municipal de Canutama - AM;1300904;AM;14944;Receitas Brutas Realizadas;2.4.2.1.00.00.00 - Transferências da União;siconfi-cor_RO2.4.2.1.00.00.00;591400
Prefeitura Municipal de Canutama - AM;1300904;AM;14944;Receitas Brutas Realizadas;2.4.2.1.01.00.00 - Participação na Receita da União;siconfi-cor_RO2.4.2.1.01.00.00;401400
Prefeitura Municipal de Canutama - AM;1300904;AM;14944;Receitas Brutas Realizadas;2.4.2.1.02.00.00 - Transferências de Recursos Destinados a Programas de Educação;siconfi-cor_RO2.4.2.1.02.00.00;190000
Prefeitura Municipal de Canutama - AM;1300904;AM;14944;Receitas Brutas Realizadas;2.4.7.0.00.00.00 - Transferências de Convênios;siconfi-cor_RO2.4.7.0.00.00.00;1231208,54
Prefeitura Municipal de Canutama - AM;1300904;AM;14944;Receitas Brutas Realizadas;2.4.7.2.00.00.00 - Transferências de Convênios dos Estados e do Distrito Federal e de suas Entidades;siconfi-cor_RO2.4.7.2.00.00.00;1231208,54
Prefeitura Municipal de Canutama - AM;1300904;AM;14944;Receitas Brutas Realizadas;2.4.7.2.02.00.00 - Transferências de Convênios dos Estados Destinadas a Programas de Educação;siconfi-cor_RO2.4.7.2.02.00.00;1231208,54
Prefeitura Municipal de Canutama - AM;1300904;AM;14944;Deduções - FUNDEB;Total Receitas;siconfi-cor_TotalReceitas;-3553925,42
Prefeitura Municipal de Canutama - AM;1300904;AM;14944;Deduções - FUNDEB;1.0.0.0.00.00.00 - Receitas Correntes;siconfi-cor_RO1.0.0.0.00.00.00;-3553925,42
Prefeitura Municipal de Canutama - AM;1300904;AM;14944;Deduções - FUNDEB;1.7.0.0.00.00.00 - Transferências Correntes;siconfi-cor_RO1.7.0.0.00.00.00;-3553925,42
Prefeitura Municipal de Canutama - AM;1300904;AM;14944;Deduções - FUNDEB;1.7.2.0.00.00.00 - Transferências Intergovernamentais;siconfi-cor_RO1.7.2.0.00.00.00;-3553925,42
Prefeitura Municipal de Canutama - AM;1300904;AM;14944;Deduções - FUNDEB;1.7.2.1.00.00.00 - Transferências da União;siconfi-cor_RO1.7.2.1.00.00.00;-1877026,99
Prefeitura Municipal de Canutama - AM;1300904;AM;14944;Deduções - FUNDEB;1.7.2.1.01.00.00 - Participação na Receita da União;siconfi-cor_RO1.7.2.1.01.00.00;-1872828,79
Prefeitura Municipal de Canutama - AM;1300904;AM;14944;Deduções - FUNDEB;1.7.2.1.01.02.00 - Cota-Parte do Fundo de Participação dos Municípios ¿ FPM;siconfi-cor_RO1.7.2.1.01.02.00;-1870673,78
Prefeitura Municipal de Canutama - AM;1300904;AM;14944;Deduções - FUNDEB;1.7.2.1.01.05.00 - Cota-Parte do Imposto Sobre a Propriedade Territorial Rural ¿ ITR;siconfi-cor_RO1.7.2.1.01.05.00;-2155,01
Prefeitura Municipal de Canutama - AM;1300904;AM;14944;Deduções - FUNDEB;1.7.2.1.36.00.00 - Transferências Financeiras do ICMS ¿ Desoneração ¿ L.C. Nº 87/96;siconfi-cor_RO1.7.2.1.36.00.00;-4198,2
Prefeitura Municipal de Canutama - AM;1300904;AM;14944;Deduções - FUNDEB;1.7.2.2.00.00.00 - Transferências dos Estados;siconfi-cor_RO1.7.2.2.00.00.00;-1676898,43
Prefeitura Municipal de Canutama - AM;1300904;AM;14944;Deduções - FUNDEB;1.7.2.2.01.00.00 - Participação na Receita dos Estados;siconfi-cor_RO1.7.2.2.01.00.00;-1676898,43
Prefeitura Municipal de Canutama - AM;1300904;AM;14944;Deduções - FUNDEB;1.7.2.2.01.01.00 - Cota-Parte do ICMS;siconfi-cor_RO1.7.2.2.01.01.00;-1667069,52
Prefeitura Municipal de Canutama - AM;1300904;AM;14944;Deduções - FUNDEB;1.7.2.2.01.02.00 - Cota-Parte do IPVA;siconfi-cor_RO1.7.2.2.01.02.00;-1743,18
Prefeitura Municipal de Canutama - AM;1300904;AM;14944;Deduções - FUNDEB;1.7.2.2.01.04.00 - Cota-Parte do IPI sobre Exportação;siconfi-cor_RO1.7.2.2.01.04.00;-8085,73
Prefeitura Municipal de Alvarães - AM;1300029;AM;15357;Receitas Brutas Realizadas;Total Receitas;siconfi-cor_TotalReceitas;32757698,15
Prefeitura Municipal de Alvarães - AM;1300029;AM;15357;Receitas Brutas Realizadas;1.0.0.0.00.00.00 - Receitas Correntes;siconfi-cor_RO1.0.0.0.00.00.00;32757698,15
Prefeitura Municipal de Alvarães - AM;1300029;AM;15357;Receitas Brutas Realizadas;1.1.0.0.00.00.00 - Receita Tributária;siconfi-cor_RO1.1.0.0.00.00.00;719105,01
Prefeitura Municipal de Alvarães - AM;1300029;AM;15357;Receitas Brutas Realizadas;1.1.1.0.00.00.00 - Impostos;siconfi-cor_RO1.1.1.0.00.00.00;719105,01
Prefeitura Municipal de Alvarães - AM;1300029;AM;15357;Receitas Brutas Realizadas;1.1.1.2.00.00.00 - Impostos sobre o Patrimônio e a Renda;siconfi-cor_RO1.1.1.2.00.00.00;323999,17
Prefeitura Municipal de Alvarães - AM;1300029;AM;15357;Receitas Brutas Realizadas;1.1.1.2.04.00.00 - Imposto sobre a Renda e Proventos de Qualquer Natureza ¿ IR;siconfi-cor_RO1.1.1.2.04.00.00;323999,17
Prefeitura Municipal de Alvarães - AM;1300029;AM;15357;Receitas Brutas Realizadas;1.1.1.2.04.31.00 - Retido nas Fontes - Trabalho;siconfi-cor_RO1.1.1.2.04.31.00;272895,29
Prefeitura Municipal de Alvarães - AM;1300029;AM;15357;Receitas Brutas Realizadas;1.1.1.2.04.34.00 - Retido nas Fontes - Outros Rendimentos;siconfi-cor_RO1.1.1.2.04.34.00;51103,88
Prefeitura Municipal de Alvarães - AM;1300029;AM;15357;Receitas Brutas Realizadas;1.1.1.3.00.00.00 - Impostos sobre a Produção e a Circulação;siconfi-cor_RO1.1.1.3.00.00.00;395105,84
Prefeitura Municipal de Alvarães - AM;1300029;AM;15357;Receitas Brutas Realizadas;1.1.1.3.05.00.00 - Imposto sobre Serviços de Qualquer Natureza ¿ ISSQN;siconfi-cor_RO1.1.1.3.05.00.00;395105,84
Prefeitura Municipal de Alvarães - AM;1300029;AM;15357;Receitas Brutas Realizadas;1.3.0.0.00.00.00 - Receita Patrimonial;siconfi-cor_RO1.3.0.0.00.00.00;9591,41
Prefeitura Municipal de Alvarães - AM;1300029;AM;15357;Receitas Brutas Realizadas;1.3.2.0.00.00.00 - Receitas de Valores Mobiliários;siconfi-cor_RO1.3.2.0.00.00.00;9591,41
Prefeitura Municipal de Alvarães - AM;1300029;AM;15357;Receitas Brutas Realizadas;1.3.2.5.00.00.00 - Remuneração de Depósitos Bancários;siconfi-cor_RO1.3.2.5.00.00.00;9591,41
Prefeitura Municipal de Alvarães - AM;1300029;AM;15357;Receitas Brutas Realizadas;1.7.0.0.00.00.00 - Transferências Correntes;siconfi-cor_RO1.7.0.0.00.00.00;31944782,79
Prefeitura Municipal de Alvarães - AM;1300029;AM;15357;Receitas Brutas Realizadas;1.7.2.0.00.00.00 - Transferências Intergovernamentais;siconfi-cor_RO1.7.2.0.00.00.00;31747782,79
Prefeitura Municipal de Alvarães - AM;1300029;AM;15357;Receitas Brutas Realizadas;1.7.2.1.00.00.00 - Transferências da União;siconfi-cor_RO1.7.2.1.00.00.00;13650147,29
Prefeitura Municipal de Alvarães - AM;1300029;AM;15357;Receitas Brutas Realizadas;1.7.2.1.01.00.00 - Participação na Receita da União;siconfi-cor_RO1.7.2.1.01.00.00;9969626,15
Prefeitura Municipal de Alvarães - AM;1300029;AM;15357;Receitas Brutas Realizadas;1.7.2.1.01.02.00 - Cota-Parte do Fundo de Participação dos Municípios ¿ FPM;siconfi-cor_RO1.7.2.1.01.02.00;9969269,51
Prefeitura Municipal de Alvarães - AM;1300029;AM;15357;Receitas Brutas Realizadas;1.7.2.1.01.05.00 - Cota-Parte do Imposto Sobre a Propriedade Territorial Rural ¿ ITR;siconfi-cor_RO1.7.2.1.01.05.00;356,64
Prefeitura Municipal de Alvarães - AM;1300029;AM;15357;Receitas Brutas Realizadas;1.7.2.1.22.00.00 - Transferências da Compensação Financeira pela Exploração de Recursos Naturais;siconfi-cor_RO1.7.2.1.22.00.00;146173,95
Prefeitura Municipal de Alvarães - AM;1300029;AM;15357;Receitas Brutas Realizadas;1.7.2.1.22.70.00 - Cota-Parte do Fundo Especial do Petróleo ¿ FEP;siconfi-cor_RO1.7.2.1.22.70.00;146173,95
Prefeitura Municipal de Alvarães - AM;1300029;AM;15357;Receitas Brutas Realizadas;1.7.2.1.33.00.00 - Transferências de Recursos do Sistema Único de Saúde - SUS - Repasses Fundo a Fundo;siconfi-cor_RO1.7.2.1.33.00.00;2069393,11
Prefeitura Municipal de Alvarães - AM;1300029;AM;15357;Receitas Brutas Realizadas;1.7.2.1.34.00.00 - Transferências de Recursos do Fundo Nacional de Assistência Social ¿ FNAS;siconfi-cor_RO1.7.2.1.34.00.00;474305,93
Prefeitura Municipal de Alvarães - AM;1300029;AM;15357;Receitas Brutas Realizadas;1.7.2.1.35.00.00 - Transferências de Recursos do Fundo Nacional do Desenvolvimento da Educação ¿ FNDE;siconfi-cor_RO1.7.2.1.35.00.00;973484,67
Prefeitura Municipal de Alvarães - AM;1300029;AM;15357;Receitas Brutas Realizadas;1.7.2.1.36.00.00 - Transferências Financeiras do ICMS ¿ Desoneração ¿ L.C. Nº 87/96;siconfi-cor_RO1.7.2.1.36.00.00;17163,48
Prefeitura Municipal de Alvarães - AM;1300029;AM;15357;Receitas Brutas Realizadas;1.7.2.2.00.00.00 - Transferências dos Estados;siconfi-cor_RO1.7.2.2.00.00.00;7106538,43
Prefeitura Municipal de Alvarães - AM;1300029;AM;15357;Receitas Brutas Realizadas;1.7.2.2.01.00.00 - Participação na Receita dos Estados;siconfi-cor_RO1.7.2.2.01.00.00;6867292,59
Prefeitura Municipal de Alvarães - AM;1300029;AM;15357;Receitas Brutas Realizadas;1.7.2.2.01.01.00 - Cota-Parte do ICMS;siconfi-cor_RO1.7.2.2.01.01.00;6664347,35
Prefeitura Municipal de Alvarães - AM;1300029;AM;15357;Receitas Brutas Realizadas;1.7.2.2.01.02.00 - Cota-Parte do IPVA;siconfi-cor_RO1.7.2.2.01.02.00;166370,76
Prefeitura Municipal de Alvarães - AM;1300029;AM;15357;Receitas Brutas Realizadas;1.7.2.2.01.04.00 - Cota-Parte do IPI sobre Exportação;siconfi-cor_RO1.7.2.2.01.04.00;33056,77
Prefeitura Municipal de Alvarães - AM;1300029;AM;15357;Receitas Brutas Realizadas;1.7.2.2.01.13.00 - Cota-Parte da Contribuição de Intervenção no Domínio Econômico;siconfi-cor_RO1.7.2.2.01.13.00;3517,71
Prefeitura Municipal de Alvarães - AM;1300029;AM;15357;Receitas Brutas Realizadas;1.7.2.2.22.00.00 - Transferências da Cota-Parte da Compensação Financeira (25%);siconfi-cor_RO1.7.2.2.22.00.00;107056,12
Prefeitura Municipal de Alvarães - AM;1300029;AM;15357;Receitas Brutas Realizadas;1.7.2.2.22.30.00 - Cota-Parte Royalties - Compensação Financeira pela Produção de Petróleo - Lei nº 7.990/89 artigo 9º;siconfi-cor_RO1.7.2.2.22.30.00;107056,12
Prefeitura Municipal de Alvarães - AM;1300029;AM;15357;Receitas Brutas Realizadas;1.7.2.2.33.00.00 - Transferências de Recursos do Estado para Programas de Saúde - Repasse Fundo a Fundo;siconfi-cor_RO1.7.2.2.33.00.00;53599,32
Prefeitura Municipal de Alvarães - AM;1300029;AM;15357;Receitas Brutas Realizadas;1.7.2.2.99.00.00 - Outras Transferências dos Estados;siconfi-cor_RO1.7.2.2.99.00.00;78590,4
Prefeitura Municipal de Alvarães - AM;1300029;AM;15357;Receitas Brutas Realizadas;1.7.2.4.00.00.00 - Transferências Multigovernamentais;siconfi-cor_RO1.7.2.4.00.00.00;10991097,07
Prefeitura Municipal de Alvarães - AM;1300029;AM;15357;Receitas Brutas Realizadas;1.7.2.4.01.00.00 - Transferências de Recursos do Fundo de Manutenção e Desenvolvimento do Ensino Fundamental e de Valorização do Magistério - FUNDEB;siconfi-cor_RO1.7.2.4.01.00.00;9107313,47
Prefeitura Municipal de Alvarães - AM;1300029;AM;15357;Receitas Brutas Realizadas;1.7.2.4.02.00.00 - Transferências de Recursos da Complementação ao Fundo de Manutenção e Desenvolvimento do Ensino Fundamental e de Valorização do Magistério - FUNDEB;siconfi-cor_RO1.7.2.4.02.00.00;1883783,6
Prefeitura Municipal de Alvarães - AM;1300029;AM;15357;Receitas Brutas Realizadas;1.7.6.0.00.00.00 - Transferências de Convênios;siconfi-cor_RO1.7.6.0.00.00.00;197000
Prefeitura Municipal de Alvarães - AM;1300029;AM;15357;Receitas Brutas Realizadas;1.7.6.2.00.00.00 - Transferências de Convênios dos Estados e do Distrito Federal e de Suas Entidades;siconfi-cor_RO1.7.6.2.00.00.00;197000
Prefeitura Municipal de Alvarães - AM;1300029;AM;15357;Receitas Brutas Realizadas;1.7.6.2.02.00.00 - Transferências de Convênios dos Estados Destinadas a Programas de Educação;siconfi-cor_RO1.7.6.2.02.00.00;197000
Prefeitura Municipal de Alvarães - AM;1300029;AM;15357;Receitas Brutas Realizadas;1.9.0.0.00.00.00 - Outras Receitas Correntes;siconfi-cor_RO1.9.0.0.00.00.00;84218,94
Prefeitura Municipal de Alvarães - AM;1300029;AM;15357;Receitas Brutas Realizadas;1.9.9.0.00.00.00 - Receitas Diversas;siconfi-cor_RO1.9.9.0.00.00.00;84218,94
Prefeitura Municipal de Alvarães - AM;1300029;AM;15357;Deduções - FUNDEB;Total Receitas;siconfi-cor_TotalReceitas;-3246932,28
Prefeitura Municipal de Alvarães - AM;1300029;AM;15357;Deduções - FUNDEB;1.0.0.0.00.00.00 - Receitas Correntes;siconfi-cor_RO1.0.0.0.00.00.00;-3246932,28
Prefeitura Municipal de Alvarães - AM;1300029;AM;15357;Deduções - FUNDEB;1.7.0.0.00.00.00 - Transferências Correntes;siconfi-cor_RO1.7.0.0.00.00.00;-3246932,28
Prefeitura Municipal de Alvarães - AM;1300029;AM;15357;Deduções - FUNDEB;1.7.2.0.00.00.00 - Transferências Intergovernamentais;siconfi-cor_RO1.7.2.0.00.00.00;-3246932,28
Prefeitura Municipal de Alvarães - AM;1300029;AM;15357;Deduções - FUNDEB;1.7.2.1.00.00.00 - Transferências da União;siconfi-cor_RO1.7.2.1.00.00.00;-1874177,7
Prefeitura Municipal de Alvarães - AM;1300029;AM;15357;Deduções - FUNDEB;1.7.2.1.01.00.00 - Participação na Receita da União;siconfi-cor_RO1.7.2.1.01.00.00;-1870745,1
Prefeitura Municipal de Alvarães - AM;1300029;AM;15357;Deduções - FUNDEB;1.7.2.1.01.02.00 - Cota-Parte do Fundo de Participação dos Municípios ¿ FPM;siconfi-cor_RO1.7.2.1.01.02.00;-1870673,78
Prefeitura Municipal de Alvarães - AM;1300029;AM;15357;Deduções - FUNDEB;1.7.2.1.01.05.00 - Cota-Parte do Imposto Sobre a Propriedade Territorial Rural ¿ ITR;siconfi-cor_RO1.7.2.1.01.05.00;-71,32
Prefeitura Municipal de Alvarães - AM;1300029;AM;15357;Deduções - FUNDEB;1.7.2.1.36.00.00 - Transferências Financeiras do ICMS ¿ Desoneração ¿ L.C. Nº 87/96;siconfi-cor_RO1.7.2.1.36.00.00;-3432,6
Prefeitura Municipal de Alvarães - AM;1300029;AM;15357;Deduções - FUNDEB;1.7.2.2.00.00.00 - Transferências dos Estados;siconfi-cor_RO1.7.2.2.00.00.00;-1372754,58
Prefeitura Municipal de Alvarães - AM;1300029;AM;15357;Deduções - FUNDEB;1.7.2.2.01.00.00 - Participação na Receita dos Estados;siconfi-cor_RO1.7.2.2.01.00.00;-1372754,58
Prefeitura Municipal de Alvarães - AM;1300029;AM;15357;Deduções - FUNDEB;1.7.2.2.01.01.00 - Cota-Parte do ICMS;siconfi-cor_RO1.7.2.2.01.01.00;-1363091,92
Prefeitura Municipal de Alvarães - AM;1300029;AM;15357;Deduções - FUNDEB;1.7.2.2.01.02.00 - Cota-Parte do IPVA;siconfi-cor_RO1.7.2.2.01.02.00;-3051,31
Prefeitura Municipal de Alvarães - AM;1300029;AM;15357;Deduções - FUNDEB;1.7.2.2.01.04.00 - Cota-Parte do IPI sobre Exportação;siconfi-cor_RO1.7.2.2.01.04.00;-6611,35
Prefeitura Municipal de Amaturá - AM;1300060;AM;10644;Receitas Brutas Realizadas;Total Receitas;siconfi-cor_TotalReceitas;24239327,85
Prefeitura Municipal de Amaturá - AM;1300060;AM;10644;Receitas Brutas Realizadas;1.0.0.0.00.00.00 - Receitas Correntes;siconfi-cor_RO1.0.0.0.00.00.00;23345327,85
Prefeitura Municipal de Amaturá - AM;1300060;AM;10644;Receitas Brutas Realizadas;1.1.0.0.00.00.00 - Receita Tributária;siconfi-cor_RO1.1.0.0.00.00.00;389549,7
Prefeitura Municipal de Amaturá - AM;1300060;AM;10644;Receitas Brutas Realizadas;1.1.1.0.00.00.00 - Impostos;siconfi-cor_RO1.1.1.0.00.00.00;389549,7
Prefeitura Municipal de Amaturá - AM;1300060;AM;10644;Receitas Brutas Realizadas;1.1.1.2.00.00.00 - Impostos sobre o Patrimônio e a Renda;siconfi-cor_RO1.1.1.2.00.00.00;257977,28
Prefeitura Municipal de Amaturá - AM;1300060;AM;10644;Receitas Brutas Realizadas;1.1.1.2.04.00.00 - Imposto sobre a Renda e Proventos de Qualquer Natureza ¿ IR;siconfi-cor_RO1.1.1.2.04.00.00;257977,28
Prefeitura Municipal de Amaturá - AM;1300060;AM;10644;Receitas Brutas Realizadas;1.1.1.2.04.31.00 - Retido nas Fontes - Trabalho;siconfi-cor_RO1.1.1.2.04.31.00;245873,51
Prefeitura Municipal de Amaturá - AM;1300060;AM;10644;Receitas Brutas Realizadas;1.1.1.2.04.34.00 - Retido nas Fontes - Outros Rendimentos;siconfi-cor_RO1.1.1.2.04.34.00;12103,77
Prefeitura Municipal de Amaturá - AM;1300060;AM;10644;Receitas Brutas Realizadas;1.1.1.3.00.00.00 - Impostos sobre a Produção e a Circulação;siconfi-cor_RO1.1.1.3.00.00.00;131572,42
Prefeitura Municipal de Amaturá - AM;1300060;AM;10644;Receitas Brutas Realizadas;1.1.1.3.05.00.00 - Imposto sobre Serviços de Qualquer Natureza ¿ ISSQN;siconfi-cor_RO1.1.1.3.05.00.00;131572,42
Prefeitura Municipal de Amaturá - AM;1300060;AM;10644;Receitas Brutas Realizadas;1.3.0.0.00.00.00 - Receita Patrimonial;siconfi-cor_RO1.3.0.0.00.00.00;179036,6
Prefeitura Municipal de Amaturá - AM;1300060;AM;10644;Receitas Brutas Realizadas;1.3.2.0.00.00.00 - Receitas de Valores Mobiliários;siconfi-cor_RO1.3.2.0.00.00.00;179036,6
Prefeitura Municipal de Amaturá - AM;1300060;AM;10644;Receitas Brutas Realizadas;1.3.2.5.00.00.00 - Remuneração de Depósitos Bancários;siconfi-cor_RO1.3.2.5.00.00.00;179036,6
Prefeitura Municipal de Amaturá - AM;1300060;AM;10644;Receitas Brutas Realizadas;1.6.0.0.00.00.00 - Receita de Serviços;siconfi-cor_RO1.6.0.0.00.00.00;58268,2
Prefeitura Municipal de Amaturá - AM;1300060;AM;10644;Receitas Brutas Realizadas;1.6.0.0.13.00.00 - Serviços Administrativos;siconfi-cor_RO1.6.0.0.13.00.00;20
Prefeitura Municipal de Amaturá - AM;1300060;AM;10644;Receitas Brutas Realizadas;1.6.0.0.99.00.00 - Demais Receitas de Serviços;siconfi-cor_RO1.6.0.0.99.00.00;58248,2
Prefeitura Municipal de Amaturá - AM;1300060;AM;10644;Receitas Brutas Realizadas;1.7.0.0.00.00.00 - Transferências Correntes;siconfi-cor_RO1.7.0.0.00.00.00;22718058,76
Prefeitura Municipal de Amaturá - AM;1300060;AM;10644;Receitas Brutas Realizadas;1.7.2.0.00.00.00 - Transferências Intergovernamentais;siconfi-cor_RO1.7.2.0.00.00.00;22530375,66
Prefeitura Municipal de Amaturá - AM;1300060;AM;10644;Receitas Brutas Realizadas;1.7.2.1.00.00.00 - Transferências da União;siconfi-cor_RO1.7.2.1.00.00.00;9716748,13
Prefeitura Municipal de Amaturá - AM;1300060;AM;10644;Receitas Brutas Realizadas;1.7.2.1.01.00.00 - Participação na Receita da União;siconfi-cor_RO1.7.2.1.01.00.00;7814599,18
Prefeitura Municipal de Amaturá - AM;1300060;AM;10644;Receitas Brutas Realizadas;1.7.2.1.01.02.00 - Cota-Parte do Fundo de Participação dos Municípios ¿ FPM;siconfi-cor_RO1.7.2.1.01.02.00;7814594,18
Prefeitura Municipal de Amaturá - AM;1300060;AM;10644;Receitas Brutas Realizadas;1.7.2.1.01.05.00 - Cota-Parte do Imposto Sobre a Propriedade Territorial Rural ¿ ITR;siconfi-cor_RO1.7.2.1.01.05.00;5
Prefeitura Municipal de Amaturá - AM;1300060;AM;10644;Receitas Brutas Realizadas;1.7.2.1.22.00.00 - Transferências da Compensação Financeira pela Exploração de Recursos Naturais;siconfi-cor_RO1.7.2.1.22.00.00;116939,16
Prefeitura Municipal de Amaturá - AM;1300060;AM;10644;Receitas Brutas Realizadas;1.7.2.1.22.70.00 - Cota-Parte do Fundo Especial do Petróleo ¿ FEP;siconfi-cor_RO1.7.2.1.22.70.00;116939,16
Prefeitura Municipal de Amaturá - AM;1300060;AM;10644;Receitas Brutas Realizadas;1.7.2.1.33.00.00 - Transferências de Recursos do Sistema Único de Saúde - SUS - Repasses Fundo a Fundo;siconfi-cor_RO1.7.2.1.33.00.00;892731,97
Prefeitura Municipal de Amaturá - AM;1300060;AM;10644;Receitas Brutas Realizadas;1.7.2.1.34.00.00 - Transferências de Recursos do Fundo Nacional de Assistência Social ¿ FNAS;siconfi-cor_RO1.7.2.1.34.00.00;157160,04
Prefeitura Municipal de Amaturá - AM;1300060;AM;10644;Receitas Brutas Realizadas;1.7.2.1.35.00.00 - Transferências de Recursos do Fundo Nacional do Desenvolvimento da Educação ¿ FNDE;siconfi-cor_RO1.7.2.1.35.00.00;557283
Prefeitura Municipal de Amaturá - AM;1300060;AM;10644;Receitas Brutas Realizadas;1.7.2.1.36.00.00 - Transferências Financeiras do ICMS ¿ Desoneração ¿ L.C. Nº 87/96;siconfi-cor_RO1.7.2.1.36.00.00;15512,52
Prefeitura Municipal de Amaturá - AM;1300060;AM;10644;Receitas Brutas Realizadas;1.7.2.1.99.00.00 - Outras Transferências da União;siconfi-cor_RO1.7.2.1.99.00.00;162522,26
Prefeitura Municipal de Amaturá - AM;1300060;AM;10644;Receitas Brutas Realizadas;1.7.2.2.00.00.00 - Transferências dos Estados;siconfi-cor_RO1.7.2.2.00.00.00;6515613,96
Prefeitura Municipal de Amaturá - AM;1300060;AM;10644;Receitas Brutas Realizadas;1.7.2.2.01.00.00 - Participação na Receita dos Estados;siconfi-cor_RO1.7.2.2.01.00.00;6196086,14
Prefeitura Municipal de Amaturá - AM;1300060;AM;10644;Receitas Brutas Realizadas;1.7.2.2.01.01.00 - Cota-Parte do ICMS;siconfi-cor_RO1.7.2.2.01.01.00;6159898,08
Prefeitura Municipal de Amaturá - AM;1300060;AM;10644;Receitas Brutas Realizadas;1.7.2.2.01.02.00 - Cota-Parte do IPVA;siconfi-cor_RO1.7.2.2.01.02.00;4122,46
Prefeitura Municipal de Amaturá - AM;1300060;AM;10644;Receitas Brutas Realizadas;1.7.2.2.01.04.00 - Cota-Parte do IPI sobre Exportação;siconfi-cor_RO1.7.2.2.01.04.00;29877,14
Prefeitura Municipal de Amaturá - AM;1300060;AM;10644;Receitas Brutas Realizadas;1.7.2.2.01.13.00 - Cota-Parte da Contribuição de Intervenção no Domínio Econômico;siconfi-cor_RO1.7.2.2.01.13.00;2188,46
Prefeitura Municipal de Amaturá - AM;1300060;AM;10644;Receitas Brutas Realizadas;1.7.2.2.22.00.00 - Transferências da Cota-Parte da Compensação Financeira (25%);siconfi-cor_RO1.7.2.2.22.00.00;96758,68
Prefeitura Municipal de Amaturá - AM;1300060;AM;10644;Receitas Brutas Realizadas;1.7.2.2.22.30.00 - Cota-Parte Royalties - Compensação Financeira pela Produção de Petróleo - Lei nº 7.990/89 artigo 9º;siconfi-cor_RO1.7.2.2.22.30.00;96758,68
Prefeitura Municipal de Amaturá - AM;1300060;AM;10644;Receitas Brutas Realizadas;1.7.2.2.33.00.00 - Transferências de Recursos do Estado para Programas de Saúde - Repasse Fundo a Fundo;siconfi-cor_RO1.7.2.2.33.00.00;222769,14
Prefeitura Municipal de Amaturá - AM;1300060;AM;10644;Receitas Brutas Realizadas;1.7.2.4.00.00.00 - Transferências Multigovernamentais;siconfi-cor_RO1.7.2.4.00.00.00;6298013,57
Prefeitura Municipal de Amaturá - AM;1300060;AM;10644;Receitas Brutas Realizadas;1.7.2.4.01.00.00 - Transferências de Recursos do Fundo de Manutenção e Desenvolvimento do Ensino Fundamental e de Valorização do Magistério - FUNDEB;siconfi-cor_RO1.7.2.4.01.00.00;5110562,12
Prefeitura Municipal de Amaturá - AM;1300060;AM;10644;Receitas Brutas Realizadas;1.7.2.4.02.00.00 - Transferências de Recursos da Complementação ao Fundo de Manutenção e Desenvolvimento do Ensino Fundamental e de Valorização do Magistério - FUNDEB;siconfi-cor_RO1.7.2.4.02.00.00;1187451,45
Prefeitura Municipal de Amaturá - AM;1300060;AM;10644;Receitas Brutas Realizadas;1.7.6.0.00.00.00 - Transferências de Convênios;siconfi-cor_RO1.7.6.0.00.00.00;187683,1
Prefeitura Municipal de Amaturá - AM;1300060;AM;10644;Receitas Brutas Realizadas;1.7.6.2.00.00.00 - Transferências de Convênios dos Estados e do Distrito Federal e de Suas Entidades;siconfi-cor_RO1.7.6.2.00.00.00;187683,1
Prefeitura Municipal de Amaturá - AM;1300060;AM;10644;Receitas Brutas Realizadas;1.7.6.2.02.00.00 - Transferências de Convênios dos Estados Destinadas a Programas de Educação;siconfi-cor_RO1.7.6.2.02.00.00;187683,1
Prefeitura Municipal de Amaturá - AM;1300060;AM;10644;Receitas Brutas Realizadas;1.9.0.0.00.00.00 - Outras Receitas Correntes;siconfi-cor_RO1.9.0.0.00.00.00;414,59
Prefeitura Municipal de Amaturá - AM;1300060;AM;10644;Receitas Brutas Realizadas;1.9.2.0.00.00.00 - Indenizações e Restituições;siconfi-cor_RO1.9.2.0.00.00.00;414,59
Prefeitura Municipal de Amaturá - AM;1300060;AM;10644;Receitas Brutas Realizadas;1.9.2.2.00.00.00 - Restituições;siconfi-cor_RO1.9.2.2.00.00.00;414,59
Prefeitura Municipal de Amaturá - AM;1300060;AM;10644;Receitas Brutas Realizadas;1.9.2.2.99.00.00 - Outras Restituições;siconfi-cor_RO1.9.2.2.99.00.00;414,59
Prefeitura Municipal de Amaturá - AM;1300060;AM;10644;Receitas Brutas Realizadas;2.0.0.0.00.00.00 - Receitas de Capital;siconfi-cor_RO2.0.0.0.00.00.00;894000
Prefeitura Municipal de Amaturá - AM;1300060;AM;10644;Receitas Brutas Realizadas;2.4.0.0.00.00.00 - Transferências de Capital;siconfi-cor_RO2.4.0.0.00.00.00;894000
Prefeitura Municipal de Amaturá - AM;1300060;AM;10644;Receitas Brutas Realizadas;2.4.2.0.00.00.00 - Transferências Intergovernamentais;siconfi-cor_RO2.4.2.0.00.00.00;130000
Prefeitura Municipal de Amaturá - AM;1300060;AM;10644;Receitas Brutas Realizadas;2.4.2.2.00.00.00 - Transferências dos Estados;siconfi-cor_RO2.4.2.2.00.00.00;130000
Prefeitura Municipal de Amaturá - AM;1300060;AM;10644;Receitas Brutas Realizadas;2.4.2.2.01.00.00 - Participação na Receita dos Estados;siconfi-cor_RO2.4.2.2.01.00.00;130000
Prefeitura Municipal de Amaturá - AM;1300060;AM;10644;Receitas Brutas Realizadas;2.4.7.0.00.00.00 - Transferências de Convênios;siconfi-cor_RO2.4.7.0.00.00.00;764000
Prefeitura Municipal de Amaturá - AM;1300060;AM;10644;Receitas Brutas Realizadas;2.4.7.1.00.00.00 - Transferências de Convênios da União e de suas Entidades;siconfi-cor_RO2.4.7.1.00.00.00;500000
Prefeitura Municipal de Amaturá - AM;1300060;AM;10644;Receitas Brutas Realizadas;2.4.7.1.99.00.00 - Outras Transferências de Convênios da União;siconfi-cor_RO2.4.7.1.99.00.00;500000
Prefeitura Municipal de Amaturá - AM;1300060;AM;10644;Receitas Brutas Realizadas;2.4.7.2.00.00.00 - Transferências de Convênios dos Estados e do Distrito Federal e de suas Entidades;siconfi-cor_RO2.4.7.2.00.00.00;264000
Prefeitura Municipal de Amaturá - AM;1300060;AM;10644;Receitas Brutas Realizadas;2.4.7.2.99.00.00 - Outras Transferências de Convênios dos Estados;siconfi-cor_RO2.4.7.2.99.00.00;264000
Prefeitura Municipal de Amaturá - AM;1300060;AM;10644;Deduções - FUNDEB;Total Receitas;siconfi-cor_TotalReceitas;2738421,9
Prefeitura Municipal de Amaturá - AM;1300060;AM;10644;Deduções - FUNDEB;1.0.0.0.00.00.00 - Receitas Correntes;siconfi-cor_RO1.0.0.0.00.00.00;2738421,9
Prefeitura Municipal de Amaturá - AM;1300060;AM;10644;Deduções - FUNDEB;1.7.0.0.00.00.00 - Transferências Correntes;siconfi-cor_RO1.7.0.0.00.00.00;2738421,9
Prefeitura Municipal de Amaturá - AM;1300060;AM;10644;Deduções - FUNDEB;1.7.2.0.00.00.00 - Transferências Intergovernamentais;siconfi-cor_RO1.7.2.0.00.00.00;2738421,9
Prefeitura Municipal de Amaturá - AM;1300060;AM;10644;Deduções - FUNDEB;1.7.2.1.00.00.00 - Transferências da União;siconfi-cor_RO1.7.2.1.00.00.00;1499642,47
Prefeitura Municipal de Amaturá - AM;1300060;AM;10644;Deduções - FUNDEB;1.7.2.1.01.00.00 - Participação na Receita da União;siconfi-cor_RO1.7.2.1.01.00.00;1496539,99
Prefeitura Municipal de Amaturá - AM;1300060;AM;10644;Deduções - FUNDEB;1.7.2.1.01.02.00 - Cota-Parte do Fundo de Participação dos Municípios ¿ FPM;siconfi-cor_RO1.7.2.1.01.02.00;1496538,99
Prefeitura Municipal de Amaturá - AM;1300060;AM;10644;Deduções - FUNDEB;1.7.2.1.01.05.00 - Cota-Parte do Imposto Sobre a Propriedade Territorial Rural ¿ ITR;siconfi-cor_RO1.7.2.1.01.05.00;1
Prefeitura Municipal de Amaturá - AM;1300060;AM;10644;Deduções - FUNDEB;1.7.2.1.36.00.00 - Transferências Financeiras do ICMS ¿ Desoneração ¿ L.C. Nº 87/96;siconfi-cor_RO1.7.2.1.36.00.00;3102,48
Prefeitura Municipal de Amaturá - AM;1300060;AM;10644;Deduções - FUNDEB;1.7.2.2.00.00.00 - Transferências dos Estados;siconfi-cor_RO1.7.2.2.00.00.00;1238779,43
Prefeitura Municipal de Amaturá - AM;1300060;AM;10644;Deduções - FUNDEB;1.7.2.2.01.00.00 - Participação na Receita dos Estados;siconfi-cor_RO1.7.2.2.01.00.00;1238779,43
Prefeitura Municipal de Amaturá - AM;1300060;AM;10644;Deduções - FUNDEB;1.7.2.2.01.01.00 - Cota-Parte do ICMS;siconfi-cor_RO1.7.2.2.01.01.00;1231979,62
Prefeitura Municipal de Amaturá - AM;1300060;AM;10644;Deduções - FUNDEB;1.7.2.2.01.02.00 - Cota-Parte do IPVA;siconfi-cor_RO1.7.2.2.01.02.00;824,38
Prefeitura Municipal de Amaturá - AM;1300060;AM;10644;Deduções - FUNDEB;1.7.2.2.01.04.00 - Cota-Parte do IPI sobre Exportação;siconfi-cor_RO1.7.2.2.01.04.00;5975,43
Prefeitura Municipal de Anori - AM;1300102;AM;18826;Receitas Brutas Realizadas;Total Receitas;siconfi-cor_TotalReceitas;32429623,29
Prefeitura Municipal de Anori - AM;1300102;AM;18826;Receitas Brutas Realizadas;1.0.0.0.00.00.00 - Receitas Correntes;siconfi-cor_RO1.0.0.0.00.00.00;30492913,94
Prefeitura Municipal de Anori - AM;1300102;AM;18826;Receitas Brutas Realizadas;1.1.0.0.00.00.00 - Receita Tributária;siconfi-cor_RO1.1.0.0.00.00.00;823949,2
Prefeitura Municipal de Anori - AM;1300102;AM;18826;Receitas Brutas Realizadas;1.1.1.0.00.00.00 - Impostos;siconfi-cor_RO1.1.1.0.00.00.00;810889,78
Prefeitura Municipal de Anori - AM;1300102;AM;18826;Receitas Brutas Realizadas;1.1.1.2.00.00.00 - Impostos sobre o Patrimônio e a Renda;siconfi-cor_RO1.1.1.2.00.00.00;502405,35
Prefeitura Municipal de Anori - AM;1300102;AM;18826;Receitas Brutas Realizadas;1.1.1.2.02.00.00 - Imposto sobre a Propriedade Predial e Territorial Urbana ¿ IPTU;siconfi-cor_RO1.1.1.2.02.00.00;669,24
Prefeitura Municipal de Anori - AM;1300102;AM;18826;Receitas Brutas Realizadas;1.1.1.2.04.00.00 - Imposto sobre a Renda e Proventos de Qualquer Natureza ¿ IR;siconfi-cor_RO1.1.1.2.04.00.00;501736,11
Prefeitura Municipal de Anori - AM;1300102;AM;18826;Receitas Brutas Realizadas;1.1.1.2.04.31.00 - Retido nas Fontes - Trabalho;siconfi-cor_RO1.1.1.2.04.31.00;414610,58
Prefeitura Municipal de Anori - AM;1300102;AM;18826;Receitas Brutas Realizadas;1.1.1.2.04.34.00 - Retido nas Fontes - Outros Rendimentos;siconfi-cor_RO1.1.1.2.04.34.00;87125,53
Prefeitura Municipal de Anori - AM;1300102;AM;18826;Receitas Brutas Realizadas;1.1.1.3.00.00.00 - Impostos sobre a Produção e a Circulação;siconfi-cor_RO1.1.1.3.00.00.00;308484,43
Prefeitura Municipal de Anori - AM;1300102;AM;18826;Receitas Brutas Realizadas;1.1.1.3.05.00.00 - Imposto sobre Serviços de Qualquer Natureza ¿ ISSQN;siconfi-cor_RO1.1.1.3.05.00.00;308484,43
Prefeitura Municipal de Anori - AM;1300102;AM;18826;Receitas Brutas Realizadas;1.1.2.0.00.00.00 - Taxas;siconfi-cor_RO1.1.2.0.00.00.00;13059,42
Prefeitura Municipal de Anori - AM;1300102;AM;18826;Receitas Brutas Realizadas;1.1.2.1.00.00.00 - Taxas pelo Exercício do Poder de Polícia;siconfi-cor_RO1.1.2.1.00.00.00;13059,42
Prefeitura Municipal de Anori - AM;1300102;AM;18826;Receitas Brutas Realizadas;1.2.0.0.00.00.00 - Receitas de Contribuições;siconfi-cor_RO1.2.0.0.00.00.00;62649,13
Prefeitura Municipal de Anori - AM;1300102;AM;18826;Receitas Brutas Realizadas;1.2.3.0.00.00.00 - Contribuição para Custeio do Serviço de Iluminação Pública;siconfi-cor_RO1.2.3.0.00.00.00;62649,13
Prefeitura Municipal de Anori - AM;1300102;AM;18826;Receitas Brutas Realizadas;1.3.0.0.00.00.00 - Receita Patrimonial;siconfi-cor_RO1.3.0.0.00.00.00;140711,12
Prefeitura Municipal de Anori - AM;1300102;AM;18826;Receitas Brutas Realizadas;1.3.2.0.00.00.00 - Receitas de Valores Mobiliários;siconfi-cor_RO1.3.2.0.00.00.00;140711,12
Prefeitura Municipal de Anori - AM;1300102;AM;18826;Receitas Brutas Realizadas;1.3.2.5.00.00.00 - Remuneração de Depósitos Bancários;siconfi-cor_RO1.3.2.5.00.00.00;140711,12
Prefeitura Municipal de Anori - AM;1300102;AM;18826;Receitas Brutas Realizadas;1.6.0.0.00.00.00 - Receita de Serviços;siconfi-cor_RO1.6.0.0.00.00.00;103842,23
Prefeitura Municipal de Anori - AM;1300102;AM;18826;Receitas Brutas Realizadas;1.6.0.0.99.00.00 - Demais Receitas de Serviços;siconfi-cor_RO1.6.0.0.99.00.00;103842,23
Prefeitura Municipal de Anori - AM;1300102;AM;18826;Receitas Brutas Realizadas;1.7.0.0.00.00.00 - Transferências Correntes;siconfi-cor_RO1.7.0.0.00.00.00;29329548,37
Prefeitura Municipal de Anori - AM;1300102;AM;18826;Receitas Brutas Realizadas;1.7.2.0.00.00.00 - Transferências Intergovernamentais;siconfi-cor_RO1.7.2.0.00.00.00;28942548,37
Prefeitura Municipal de Anori - AM;1300102;AM;18826;Receitas Brutas Realizadas;1.7.2.1.00.00.00 - Transferências da União;siconfi-cor_RO1.7.2.1.00.00.00;15892933,73
Prefeitura Municipal de Anori - AM;1300102;AM;18826;Receitas Brutas Realizadas;1.7.2.1.01.00.00 - Participação na Receita da União;siconfi-cor_RO1.7.2.1.01.00.00;11721904,74
Prefeitura Municipal de Anori - AM;1300102;AM;18826;Receitas Brutas Realizadas;1.7.2.1.01.02.00 - Cota-Parte do Fundo de Participação dos Municípios ¿ FPM;siconfi-cor_RO1.7.2.1.01.02.00;11721891,31
Prefeitura Municipal de Anori - AM;1300102;AM;18826;Receitas Brutas Realizadas;1.7.2.1.01.05.00 - Cota-Parte do Imposto Sobre a Propriedade Territorial Rural ¿ ITR;siconfi-cor_RO1.7.2.1.01.05.00;13,43
Prefeitura Municipal de Anori - AM;1300102;AM;18826;Receitas Brutas Realizadas;1.7.2.1.22.00.00 - Transferências da Compensação Financeira pela Exploração de Recursos Naturais;siconfi-cor_RO1.7.2.1.22.00.00;860737,59
Prefeitura Municipal de Anori - AM;1300102;AM;18826;Receitas Brutas Realizadas;1.7.2.1.22.40.00 - Cota-Parte Royalties pelo Excedente da Produção do Petróleo - Lei nº 9.478/97 artigo 49 I e II;siconfi-cor_RO1.7.2.1.22.40.00;685328,85
Prefeitura Municipal de Anori - AM;1300102;AM;18826;Receitas Brutas Realizadas;1.7.2.1.22.70.00 - Cota-Parte do Fundo Especial do Petróleo ¿ FEP;siconfi-cor_RO1.7.2.1.22.70.00;175408,74
Prefeitura Municipal de Anori - AM;1300102;AM;18826;Receitas Brutas Realizadas;1.7.2.1.33.00.00 - Transferências de Recursos do Sistema Único de Saúde - SUS - Repasses Fundo a Fundo;siconfi-cor_RO1.7.2.1.33.00.00;2201971,19
Prefeitura Municipal de Anori - AM;1300102;AM;18826;Receitas Brutas Realizadas;1.7.2.1.34.00.00 - Transferências de Recursos do Fundo Nacional de Assistência Social ¿ FNAS;siconfi-cor_RO1.7.2.1.34.00.00;424956,87
Prefeitura Municipal de Anori - AM;1300102;AM;18826;Receitas Brutas Realizadas;1.7.2.1.35.00.00 - Transferências de Recursos do Fundo Nacional do Desenvolvimento da Educação ¿ FNDE;siconfi-cor_RO1.7.2.1.35.00.00;427629,93
Prefeitura Municipal de Anori - AM;1300102;AM;18826;Receitas Brutas Realizadas;1.7.2.1.36.00.00 - Transferências Financeiras do ICMS ¿ Desoneração ¿ L.C. Nº 87/96;siconfi-cor_RO1.7.2.1.36.00.00;17477,88
Prefeitura Municipal de Anori - AM;1300102;AM;18826;Receitas Brutas Realizadas;1.7.2.1.99.00.00 - Outras Transferências da União;siconfi-cor_RO1.7.2.1.99.00.00;238255,53
Prefeitura Municipal de Anori - AM;1300102;AM;18826;Receitas Brutas Realizadas;1.7.2.2.00.00.00 - Transferências dos Estados;siconfi-cor_RO1.7.2.2.00.00.00;7273773,08
Prefeitura Municipal de Anori - AM;1300102;AM;18826;Receitas Brutas Realizadas;1.7.2.2.01.00.00 - Participação na Receita dos Estados;siconfi-cor_RO1.7.2.2.01.00.00;7001350,13
Prefeitura Municipal de Anori - AM;1300102;AM;18826;Receitas Brutas Realizadas;1.7.2.2.01.01.00 - Cota-Parte do ICMS;siconfi-cor_RO1.7.2.2.01.01.00;6940328,56
Prefeitura Municipal de Anori - AM;1300102;AM;18826;Receitas Brutas Realizadas;1.7.2.2.01.02.00 - Cota-Parte do IPVA;siconfi-cor_RO1.7.2.2.01.02.00;23150,28
Prefeitura Municipal de Anori - AM;1300102;AM;18826;Receitas Brutas Realizadas;1.7.2.2.01.04.00 - Cota-Parte do IPI sobre Exportação;siconfi-cor_RO1.7.2.2.01.04.00;33662,4
Prefeitura Municipal de Anori - AM;1300102;AM;18826;Receitas Brutas Realizadas;1.7.2.2.01.13.00 - Cota-Parte da Contribuição de Intervenção no Domínio Econômico;siconfi-cor_RO1.7.2.2.01.13.00;4208,89
Prefeitura Municipal de Anori - AM;1300102;AM;18826;Receitas Brutas Realizadas;1.7.2.2.22.00.00 - Transferências da Cota-Parte da Compensação Financeira (25%);siconfi-cor_RO1.7.2.2.22.00.00;109017,55
Prefeitura Municipal de Anori - AM;1300102;AM;18826;Receitas Brutas Realizadas;1.7.2.2.22.30.00 - Cota-Parte Royalties - Compensação Financeira pela Produção de Petróleo - Lei nº 7.990/89 artigo 9º;siconfi-cor_RO1.7.2.2.22.30.00;109017,55
Prefeitura Municipal de Anori - AM;1300102;AM;18826;Receitas Brutas Realizadas;1.7.2.2.33.00.00 - Transferências de Recursos do Estado para Programas de Saúde - Repasse Fundo a Fundo;siconfi-cor_RO1.7.2.2.33.00.00;163405,4
Prefeitura Municipal de Anori - AM;1300102;AM;18826;Receitas Brutas Realizadas;1.7.2.4.00.00.00 - Transferências Multigovernamentais;siconfi-cor_RO1.7.2.4.00.00.00;5775841,56
Prefeitura Municipal de Anori - AM;1300102;AM;18826;Receitas Brutas Realizadas;1.7.2.4.01.00.00 - Transferências de Recursos do Fundo de Manutenção e Desenvolvimento do Ensino Fundamental e de Valorização do Magistério - FUNDEB;siconfi-cor_RO1.7.2.4.01.00.00;4708160,06
Prefeitura Municipal de Anori - AM;1300102;AM;18826;Receitas Brutas Realizadas;1.7.2.4.02.00.00 - Transferências de Recursos da Complementação ao Fundo de Manutenção e Desenvolvimento do Ensino Fundamental e de Valorização do Magistério - FUNDEB;siconfi-cor_RO1.7.2.4.02.00.00;1067681,5
Prefeitura Municipal de Anori - AM;1300102;AM;18826;Receitas Brutas Realizadas;1.7.3.0.00.00.00 - Transferências de Instituições Privadas;siconfi-cor_RO1.7.3.0.00.00.00;7000
Prefeitura Municipal de Anori - AM;1300102;AM;18826;Receitas Brutas Realizadas;1.7.6.0.00.00.00 - Transferências de Convênios;siconfi-cor_RO1.7.6.0.00.00.00;380000
Prefeitura Municipal de Anori - AM;1300102;AM;18826;Receitas Brutas Realizadas;1.7.6.2.00.00.00 - Transferências de Convênios dos Estados e do Distrito Federal e de Suas Entidades;siconfi-cor_RO1.7.6.2.00.00.00;380000
Prefeitura Municipal de Anori - AM;1300102;AM;18826;Receitas Brutas Realizadas;1.7.6.2.99.00.00 - Outras Transferências de Convênios dos Estados;siconfi-cor_RO1.7.6.2.99.00.00;380000
Prefeitura Municipal de Anori - AM;1300102;AM;18826;Receitas Brutas Realizadas;1.9.0.0.00.00.00 - Outras Receitas Correntes;siconfi-cor_RO1.9.0.0.00.00.00;32213,89
Prefeitura Municipal de Anori - AM;1300102;AM;18826;Receitas Brutas Realizadas;1.9.2.0.00.00.00 - Indenizações e Restituições;siconfi-cor_RO1.9.2.0.00.00.00;21731,52
Prefeitura Municipal de Anori - AM;1300102;AM;18826;Receitas Brutas Realizadas;1.9.2.2.00.00.00 - Restituições;siconfi-cor_RO1.9.2.2.00.00.00;21731,52
Prefeitura Municipal de Anori - AM;1300102;AM;18826;Receitas Brutas Realizadas;1.9.2.2.99.00.00 - Outras Restituições;siconfi-cor_RO1.9.2.2.99.00.00;21731,52
Prefeitura Municipal de Anori - AM;1300102;AM;18826;Receitas Brutas Realizadas;1.9.9.0.00.00.00 - Receitas Diversas;siconfi-cor_RO1.9.9.0.00.00.00;10482,37
Prefeitura Municipal de Anori - AM;1300102;AM;18826;Receitas Brutas Realizadas;2.0.0.0.00.00.00 - Receitas de Capital;siconfi-cor_RO2.0.0.0.00.00.00;1936709,35
Prefeitura Municipal de Anori - AM;1300102;AM;18826;Receitas Brutas Realizadas;2.4.0.0.00.00.00 - Transferências de Capital;siconfi-cor_RO2.4.0.0.00.00.00;1936709,35
Prefeitura Municipal de Anori - AM;1300102;AM;18826;Receitas Brutas Realizadas;2.4.2.0.00.00.00 - Transferências Intergovernamentais;siconfi-cor_RO2.4.2.0.00.00.00;513297,41
Prefeitura Municipal de Anori - AM;1300102;AM;18826;Receitas Brutas Realizadas;2.4.2.1.00.00.00 - Transferências da União;siconfi-cor_RO2.4.2.1.00.00.00;513297,41
Prefeitura Municipal de Anori - AM;1300102;AM;18826;Receitas Brutas Realizadas;2.4.2.1.02.00.00 - Transferências de Recursos Destinados a Programas de Educação;siconfi-cor_RO2.4.2.1.02.00.00;513297,41
Prefeitura Municipal de Anori - AM;1300102;AM;18826;Receitas Brutas Realizadas;2.4.7.0.00.00.00 - Transferências de Convênios;siconfi-cor_RO2.4.7.0.00.00.00;1423411,94
Prefeitura Municipal de Anori - AM;1300102;AM;18826;Receitas Brutas Realizadas;2.4.7.2.00.00.00 - Transferências de Convênios dos Estados e do Distrito Federal e de suas Entidades;siconfi-cor_RO2.4.7.2.00.00.00;1423411,94
Prefeitura Municipal de Anori - AM;1300102;AM;18826;Receitas Brutas Realizadas;2.4.7.2.99.00.00 - Outras Transferências de Convênios dos Estados;siconfi-cor_RO2.4.7.2.99.00.00;1423411,94
Prefeitura Municipal de Anori - AM;1300102;AM;18826;Deduções - FUNDEB;Total Receitas;siconfi-cor_TotalReceitas;3647734,85
Prefeitura Municipal de Anori - AM;1300102;AM;18826;Deduções - FUNDEB;1.0.0.0.00.00.00 - Receitas Correntes;siconfi-cor_RO1.0.0.0.00.00.00;3647734,85
Prefeitura Municipal de Anori - AM;1300102;AM;18826;Deduções - FUNDEB;1.7.0.0.00.00.00 - Transferências Correntes;siconfi-cor_RO1.7.0.0.00.00.00;3647734,85
Prefeitura Municipal de Anori - AM;1300102;AM;18826;Deduções - FUNDEB;1.7.2.0.00.00.00 - Transferências Intergovernamentais;siconfi-cor_RO1.7.2.0.00.00.00;3647734,85
Prefeitura Municipal de Anori - AM;1300102;AM;18826;Deduções - FUNDEB;1.7.2.1.00.00.00 - Transferências da União;siconfi-cor_RO1.7.2.1.00.00.00;2248306,82
Prefeitura Municipal de Anori - AM;1300102;AM;18826;Deduções - FUNDEB;1.7.2.1.01.00.00 - Participação na Receita da União;siconfi-cor_RO1.7.2.1.01.00.00;2244811,34
Prefeitura Municipal de Anori - AM;1300102;AM;18826;Deduções - FUNDEB;1.7.2.1.01.02.00 - Cota-Parte do Fundo de Participação dos Municípios ¿ FPM;siconfi-cor_RO1.7.2.1.01.02.00;2244808,66
Prefeitura Municipal de Anori - AM;1300102;AM;18826;Deduções - FUNDEB;1.7.2.1.01.05.00 - Cota-Parte do Imposto Sobre a Propriedade Territorial Rural ¿ ITR;siconfi-cor_RO1.7.2.1.01.05.00;2,68
Prefeitura Municipal de Anori - AM;1300102;AM;18826;Deduções - FUNDEB;1.7.2.1.36.00.00 - Transferências Financeiras do ICMS ¿ Desoneração ¿ L.C. Nº 87/96;siconfi-cor_RO1.7.2.1.36.00.00;3495,48
Prefeitura Municipal de Anori - AM;1300102;AM;18826;Deduções - FUNDEB;1.7.2.2.00.00.00 - Transferências dos Estados;siconfi-cor_RO1.7.2.2.00.00.00;1399428,03
Prefeitura Municipal de Anori - AM;1300102;AM;18826;Deduções - FUNDEB;1.7.2.2.01.00.00 - Participação na Receita dos Estados;siconfi-cor_RO1.7.2.2.01.00.00;1399428,03
Prefeitura Municipal de Anori - AM;1300102;AM;18826;Deduções - FUNDEB;1.7.2.2.01.01.00 - Cota-Parte do ICMS;siconfi-cor_RO1.7.2.2.01.01.00;1388065,74
Prefeitura Municipal de Anori - AM;1300102;AM;18826;Deduções - FUNDEB;1.7.2.2.01.02.00 - Cota-Parte do IPVA;siconfi-cor_RO1.7.2.2.01.02.00;4629,79
Prefeitura Municipal de Anori - AM;1300102;AM;18826;Deduções - FUNDEB;1.7.2.2.01.04.00 - Cota-Parte do IPI sobre Exportação;siconfi-cor_RO1.7.2.2.01.04.00;6732,5
Prefeitura Municipal de Boca do Acre - AM;1300706;AM;33148;Receitas Brutas Realizadas;Total Receitas;siconfi-cor_TotalReceitas;57455592,36
Prefeitura Municipal de Boca do Acre - AM;1300706;AM;33148;Receitas Brutas Realizadas;1.0.0.0.00.00.00 - Receitas Correntes;siconfi-cor_RO1.0.0.0.00.00.00;52211460,89
Prefeitura Municipal de Boca do Acre - AM;1300706;AM;33148;Receitas Brutas Realizadas;1.1.0.0.00.00.00 - Receita Tributária;siconfi-cor_RO1.1.0.0.00.00.00;1818271,07
Prefeitura Municipal de Boca do Acre - AM;1300706;AM;33148;Receitas Brutas Realizadas;1.1.1.0.00.00.00 - Impostos;siconfi-cor_RO1.1.1.0.00.00.00;1790210,69
Prefeitura Municipal de Boca do Acre - AM;1300706;AM;33148;Receitas Brutas Realizadas;1.1.1.2.00.00.00 - Impostos sobre o Patrimônio e a Renda;siconfi-cor_RO1.1.1.2.00.00.00;683759,23
Prefeitura Municipal de Boca do Acre - AM;1300706;AM;33148;Receitas Brutas Realizadas;1.1.1.2.02.00.00 - Imposto sobre a Propriedade Predial e Territorial Urbana ¿ IPTU;siconfi-cor_RO1.1.1.2.02.00.00;3700,86
Prefeitura Municipal de Boca do Acre - AM;1300706;AM;33148;Receitas Brutas Realizadas;1.1.1.2.04.00.00 - Imposto sobre a Renda e Proventos de Qualquer Natureza ¿ IR;siconfi-cor_RO1.1.1.2.04.00.00;668188,85
Prefeitura Municipal de Boca do Acre - AM;1300706;AM;33148;Receitas Brutas Realizadas;1.1.1.2.04.31.00 - Retido nas Fontes - Trabalho;siconfi-cor_RO1.1.1.2.04.31.00;601022,08
Prefeitura Municipal de Boca do Acre - AM;1300706;AM;33148;Receitas Brutas Realizadas;1.1.1.2.04.34.00 - Retido nas Fontes - Outros Rendimentos;siconfi-cor_RO1.1.1.2.04.34.00;67166,77
Prefeitura Municipal de Boca do Acre - AM;1300706;AM;33148;Receitas Brutas Realizadas;"1.1.1.2.08.00.00 - Imposto sobre Transmissão Inter Vivos"" de Bens Imóveis e de Direitos Reais sobre Imóveis ¿ ITBI""";siconfi-cor_RO1.1.1.2.08.00.00;11869,52
Prefeitura Municipal de Boca do Acre - AM;1300706;AM;33148;Receitas Brutas Realizadas;1.1.1.3.00.00.00 - Impostos sobre a Produção e a Circulação;siconfi-cor_RO1.1.1.3.00.00.00;1106451,46
Prefeitura Municipal de Boca do Acre - AM;1300706;AM;33148;Receitas Brutas Realizadas;1.1.1.3.05.00.00 - Imposto sobre Serviços de Qualquer Natureza ¿ ISSQN;siconfi-cor_RO1.1.1.3.05.00.00;1106451,46
Prefeitura Municipal de Boca do Acre - AM;1300706;AM;33148;Receitas Brutas Realizadas;1.1.2.0.00.00.00 - Taxas;siconfi-cor_RO1.1.2.0.00.00.00;28060,38
Prefeitura Municipal de Boca do Acre - AM;1300706;AM;33148;Receitas Brutas Realizadas;1.1.2.1.00.00.00 - Taxas pelo Exercício do Poder de Polícia;siconfi-cor_RO1.1.2.1.00.00.00;10063,8
Prefeitura Municipal de Boca do Acre - AM;1300706;AM;33148;Receitas Brutas Realizadas;1.1.2.2.00.00.00 - Taxas pela Prestação de Serviços;siconfi-cor_RO1.1.2.2.00.00.00;17996,58
Prefeitura Municipal de Boca do Acre - AM;1300706;AM;33148;Receitas Brutas Realizadas;1.3.0.0.00.00.00 - Receita Patrimonial;siconfi-cor_RO1.3.0.0.00.00.00;319609,79
Prefeitura Municipal de Boca do Acre - AM;1300706;AM;33148;Receitas Brutas Realizadas;1.3.2.0.00.00.00 - Receitas de Valores Mobiliários;siconfi-cor_RO1.3.2.0.00.00.00;319609,79
Prefeitura Municipal de Boca do Acre - AM;1300706;AM;33148;Receitas Brutas Realizadas;1.3.2.5.00.00.00 - Remuneração de Depósitos Bancários;siconfi-cor_RO1.3.2.5.00.00.00;319609,79
Prefeitura Municipal de Boca do Acre - AM;1300706;AM;33148;Receitas Brutas Realizadas;1.6.0.0.00.00.00 - Receita de Serviços;siconfi-cor_RO1.6.0.0.00.00.00;48244,66
Prefeitura Municipal de Boca do Acre - AM;1300706;AM;33148;Receitas Brutas Realizadas;1.6.0.0.99.00.00 - Demais Receitas de Serviços;siconfi-cor_RO1.6.0.0.99.00.00;48244,66
Prefeitura Municipal de Boca do Acre - AM;1300706;AM;33148;Receitas Brutas Realizadas;1.7.0.0.00.00.00 - Transferências Correntes;siconfi-cor_RO1.7.0.0.00.00.00;49490815,54
Prefeitura Municipal de Boca do Acre - AM;1300706;AM;33148;Receitas Brutas Realizadas;1.7.2.0.00.00.00 - Transferências Intergovernamentais;siconfi-cor_RO1.7.2.0.00.00.00;48670815,54
Prefeitura Municipal de Boca do Acre - AM;1300706;AM;33148;Receitas Brutas Realizadas;1.7.2.1.00.00.00 - Transferências da União;siconfi-cor_RO1.7.2.1.00.00.00;22161480,78
Prefeitura Municipal de Boca do Acre - AM;1300706;AM;33148;Receitas Brutas Realizadas;1.7.2.1.01.00.00 - Participação na Receita da União;siconfi-cor_RO1.7.2.1.01.00.00;15687443,1
Prefeitura Municipal de Boca do Acre - AM;1300706;AM;33148;Receitas Brutas Realizadas;1.7.2.1.01.02.00 - Cota-Parte do Fundo de Participação dos Municípios ¿ FPM;siconfi-cor_RO1.7.2.1.01.02.00;15629188,4
Prefeitura Municipal de Boca do Acre - AM;1300706;AM;33148;Receitas Brutas Realizadas;1.7.2.1.01.05.00 - Cota-Parte do Imposto Sobre a Propriedade Territorial Rural ¿ ITR;siconfi-cor_RO1.7.2.1.01.05.00;58254,7
Prefeitura Municipal de Boca do Acre - AM;1300706;AM;33148;Receitas Brutas Realizadas;1.7.2.1.22.00.00 - Transferências da Compensação Financeira pela Exploração de Recursos Naturais;siconfi-cor_RO1.7.2.1.22.00.00;233878,32
Prefeitura Municipal de Boca do Acre - AM;1300706;AM;33148;Receitas Brutas Realizadas;1.7.2.1.22.70.00 - Cota-Parte do Fundo Especial do Petróleo ¿ FEP;siconfi-cor_RO1.7.2.1.22.70.00;233878,32
Prefeitura Municipal de Boca do Acre - AM;1300706;AM;33148;Receitas Brutas Realizadas;1.7.2.1.33.00.00 - Transferências de Recursos do Sistema Único de Saúde - SUS - Repasses Fundo a Fundo;siconfi-cor_RO1.7.2.1.33.00.00;3968636,01
Prefeitura Municipal de Boca do Acre - AM;1300706;AM;33148;Receitas Brutas Realizadas;1.7.2.1.34.00.00 - Transferências de Recursos do Fundo Nacional de Assistência Social ¿ FNAS;siconfi-cor_RO1.7.2.1.34.00.00;515672,98
Prefeitura Municipal de Boca do Acre - AM;1300706;AM;33148;Receitas Brutas Realizadas;1.7.2.1.35.00.00 - Transferências de Recursos do Fundo Nacional do Desenvolvimento da Educação ¿ FNDE;siconfi-cor_RO1.7.2.1.35.00.00;1403875,36
Prefeitura Municipal de Boca do Acre - AM;1300706;AM;33148;Receitas Brutas Realizadas;1.7.2.1.36.00.00 - Transferências Financeiras do ICMS ¿ Desoneração ¿ L.C. Nº 87/96;siconfi-cor_RO1.7.2.1.36.00.00;28930,2
Prefeitura Municipal de Boca do Acre - AM;1300706;AM;33148;Receitas Brutas Realizadas;1.7.2.1.99.00.00 - Outras Transferências da União;siconfi-cor_RO1.7.2.1.99.00.00;323044,81
Prefeitura Municipal de Boca do Acre - AM;1300706;AM;33148;Receitas Brutas Realizadas;1.7.2.2.00.00.00 - Transferências dos Estados;siconfi-cor_RO1.7.2.2.00.00.00;11971758,04
Prefeitura Municipal de Boca do Acre - AM;1300706;AM;33148;Receitas Brutas Realizadas;1.7.2.2.01.00.00 - Participação na Receita dos Estados;siconfi-cor_RO1.7.2.2.01.00.00;11703579,03
Prefeitura Municipal de Boca do Acre - AM;1300706;AM;33148;Receitas Brutas Realizadas;1.7.2.2.01.01.00 - Cota-Parte do ICMS;siconfi-cor_RO1.7.2.2.01.01.00;11487935,46
Prefeitura Municipal de Boca do Acre - AM;1300706;AM;33148;Receitas Brutas Realizadas;1.7.2.2.01.02.00 - Cota-Parte do IPVA;siconfi-cor_RO1.7.2.2.01.02.00;153750,69
Prefeitura Municipal de Boca do Acre - AM;1300706;AM;33148;Receitas Brutas Realizadas;1.7.2.2.01.04.00 - Cota-Parte do IPI sobre Exportação;siconfi-cor_RO1.7.2.2.01.04.00;55719,49
Prefeitura Municipal de Boca do Acre - AM;1300706;AM;33148;Receitas Brutas Realizadas;1.7.2.2.01.13.00 - Cota-Parte da Contribuição de Intervenção no Domínio Econômico;siconfi-cor_RO1.7.2.2.01.13.00;6173,39
Prefeitura Municipal de Boca do Acre - AM;1300706;AM;33148;Receitas Brutas Realizadas;1.7.2.2.22.00.00 - Transferências da Cota-Parte da Compensação Financeira (25%);siconfi-cor_RO1.7.2.2.22.00.00;180450,64
Prefeitura Municipal de Boca do Acre - AM;1300706;AM;33148;Receitas Brutas Realizadas;1.7.2.2.22.30.00 - Cota-Parte Royalties - Compensação Financeira pela Produção de Petróleo - Lei nº 7.990/89 artigo 9º;siconfi-cor_RO1.7.2.2.22.30.00;180450,64
Prefeitura Municipal de Boca do Acre - AM;1300706;AM;33148;Receitas Brutas Realizadas;1.7.2.2.33.00.00 - Transferências de Recursos do Estado para Programas de Saúde - Repasse Fundo a Fundo;siconfi-cor_RO1.7.2.2.33.00.00;87728,37
Prefeitura Municipal de Boca do Acre - AM;1300706;AM;33148;Receitas Brutas Realizadas;1.7.2.4.00.00.00 - Transferências Multigovernamentais;siconfi-cor_RO1.7.2.4.00.00.00;14537576,72
Prefeitura Municipal de Boca do Acre - AM;1300706;AM;33148;Receitas Brutas Realizadas;1.7.2.4.01.00.00 - Transferências de Recursos do Fundo de Manutenção e Desenvolvimento do Ensino Fundamental e de Valorização do Magistério - FUNDEB;siconfi-cor_RO1.7.2.4.01.00.00;12050638,86
Prefeitura Municipal de Boca do Acre - AM;1300706;AM;33148;Receitas Brutas Realizadas;1.7.2.4.02.00.00 - Transferências de Recursos da Complementação ao Fundo de Manutenção e Desenvolvimento do Ensino Fundamental e de Valorização do Magistério - FUNDEB;siconfi-cor_RO1.7.2.4.02.00.00;2486937,86
Prefeitura Municipal de Boca do Acre - AM;1300706;AM;33148;Receitas Brutas Realizadas;1.7.6.0.00.00.00 - Transferências de Convênios;siconfi-cor_RO1.7.6.0.00.00.00;820000
Prefeitura Municipal de Boca do Acre - AM;1300706;AM;33148;Receitas Brutas Realizadas;1.7.6.2.00.00.00 - Transferências de Convênios dos Estados e do Distrito Federal e de Suas Entidades;siconfi-cor_RO1.7.6.2.00.00.00;820000
Prefeitura Municipal de Boca do Acre - AM;1300706;AM;33148;Receitas Brutas Realizadas;1.7.6.2.99.00.00 - Outras Transferências de Convênios dos Estados;siconfi-cor_RO1.7.6.2.99.00.00;820000
Prefeitura Municipal de Boca do Acre - AM;1300706;AM;33148;Receitas Brutas Realizadas;1.9.0.0.00.00.00 - Outras Receitas Correntes;siconfi-cor_RO1.9.0.0.00.00.00;534519,83
Prefeitura Municipal de Boca do Acre - AM;1300706;AM;33148;Receitas Brutas Realizadas;1.9.2.0.00.00.00 - Indenizações e Restituições;siconfi-cor_RO1.9.2.0.00.00.00;2305,2
Prefeitura Municipal de Boca do Acre - AM;1300706;AM;33148;Receitas Brutas Realizadas;1.9.2.2.00.00.00 - Restituições;siconfi-cor_RO1.9.2.2.00.00.00;2305,2
Prefeitura Municipal de Boca do Acre - AM;1300706;AM;33148;Receitas Brutas Realizadas;1.9.2.2.99.00.00 - Outras Restituições;siconfi-cor_RO1.9.2.2.99.00.00;2305,2
Prefeitura Municipal de Boca do Acre - AM;1300706;AM;33148;Receitas Brutas Realizadas;1.9.9.0.00.00.00 - Receitas Diversas;siconfi-cor_RO1.9.9.0.00.00.00;532214,63
Prefeitura Municipal de Boca do Acre - AM;1300706;AM;33148;Receitas Brutas Realizadas;2.0.0.0.00.00.00 - Receitas de Capital;siconfi-cor_RO2.0.0.0.00.00.00;5244131,47
Prefeitura Municipal de Boca do Acre - AM;1300706;AM;33148;Receitas Brutas Realizadas;2.4.0.0.00.00.00 - Transferências de Capital;siconfi-cor_RO2.4.0.0.00.00.00;5244131,47
Prefeitura Municipal de Boca do Acre - AM;1300706;AM;33148;Receitas Brutas Realizadas;2.4.2.0.00.00.00 - Transferências Intergovernamentais;siconfi-cor_RO2.4.2.0.00.00.00;1869803,99
Prefeitura Municipal de Boca do Acre - AM;1300706;AM;33148;Receitas Brutas Realizadas;2.4.2.1.00.00.00 - Transferências da União;siconfi-cor_RO2.4.2.1.00.00.00;1869803,99
Prefeitura Municipal de Boca do Acre - AM;1300706;AM;33148;Receitas Brutas Realizadas;2.4.2.1.01.00.00 - Participação na Receita da União;siconfi-cor_RO2.4.2.1.01.00.00;552000
Prefeitura Municipal de Boca do Acre - AM;1300706;AM;33148;Receitas Brutas Realizadas;2.4.2.1.02.00.00 - Transferências de Recursos Destinados a Programas de Educação;siconfi-cor_RO2.4.2.1.02.00.00;1317803,99
Prefeitura Municipal de Boca do Acre - AM;1300706;AM;33148;Receitas Brutas Realizadas;2.4.7.0.00.00.00 - Transferências de Convênios;siconfi-cor_RO2.4.7.0.00.00.00;3374327,48
Prefeitura Municipal de Boca do Acre - AM;1300706;AM;33148;Receitas Brutas Realizadas;2.4.7.2.00.00.00 - Transferências de Convênios dos Estados e do Distrito Federal e de suas Entidades;siconfi-cor_RO2.4.7.2.00.00.00;3374327,48
Prefeitura Municipal de Boca do Acre - AM;1300706;AM;33148;Receitas Brutas Realizadas;2.4.7.2.99.00.00 - Outras Transferências de Convênios dos Estados;siconfi-cor_RO2.4.7.2.99.00.00;3374327,48
Prefeitura Municipal de Boca do Acre - AM;1300706;AM;33148;Deduções - FUNDEB;Total Receitas;siconfi-cor_TotalReceitas;5349997,21
Prefeitura Municipal de Boca do Acre - AM;1300706;AM;33148;Deduções - FUNDEB;1.0.0.0.00.00.00 - Receitas Correntes;siconfi-cor_RO1.0.0.0.00.00.00;5349997,21
Prefeitura Municipal de Boca do Acre - AM;1300706;AM;33148;Deduções - FUNDEB;1.7.0.0.00.00.00 - Transferências Correntes;siconfi-cor_RO1.7.0.0.00.00.00;5349997,21
Prefeitura Municipal de Boca do Acre - AM;1300706;AM;33148;Deduções - FUNDEB;1.7.2.0.00.00.00 - Transferências Intergovernamentais;siconfi-cor_RO1.7.2.0.00.00.00;5349997,21
Prefeitura Municipal de Boca do Acre - AM;1300706;AM;33148;Deduções - FUNDEB;1.7.2.1.00.00.00 - Transferências da União;siconfi-cor_RO1.7.2.1.00.00.00;3010515,23
Prefeitura Municipal de Boca do Acre - AM;1300706;AM;33148;Deduções - FUNDEB;1.7.2.1.01.00.00 - Participação na Receita da União;siconfi-cor_RO1.7.2.1.01.00.00;3004729,19
Prefeitura Municipal de Boca do Acre - AM;1300706;AM;33148;Deduções - FUNDEB;1.7.2.1.01.02.00 - Cota-Parte do Fundo de Participação dos Municípios ¿ FPM;siconfi-cor_RO1.7.2.1.01.02.00;2993078,33
Prefeitura Municipal de Boca do Acre - AM;1300706;AM;33148;Deduções - FUNDEB;1.7.2.1.01.05.00 - Cota-Parte do Imposto Sobre a Propriedade Territorial Rural ¿ ITR;siconfi-cor_RO1.7.2.1.01.05.00;11650,86
Prefeitura Municipal de Boca do Acre - AM;1300706;AM;33148;Deduções - FUNDEB;1.7.2.1.36.00.00 - Transferências Financeiras do ICMS ¿ Desoneração ¿ L.C. Nº 87/96;siconfi-cor_RO1.7.2.1.36.00.00;5786,04
Prefeitura Municipal de Boca do Acre - AM;1300706;AM;33148;Deduções - FUNDEB;1.7.2.2.00.00.00 - Transferências dos Estados;siconfi-cor_RO1.7.2.2.00.00.00;2339481,98
Prefeitura Municipal de Boca do Acre - AM;1300706;AM;33148;Deduções - FUNDEB;1.7.2.2.01.00.00 - Participação na Receita dos Estados;siconfi-cor_RO1.7.2.2.01.00.00;2339481,98
Prefeitura Municipal de Boca do Acre - AM;1300706;AM;33148;Deduções - FUNDEB;1.7.2.2.01.01.00 - Cota-Parte do ICMS;siconfi-cor_RO1.7.2.2.01.01.00;2297587,1
Prefeitura Municipal de Boca do Acre - AM;1300706;AM;33148;Deduções - FUNDEB;1.7.2.2.01.02.00 - Cota-Parte do IPVA;siconfi-cor_RO1.7.2.2.01.02.00;30751,01
Prefeitura Municipal de Boca do Acre - AM;1300706;AM;33148;Deduções - FUNDEB;1.7.2.2.01.04.00 - Cota-Parte do IPI sobre Exportação;siconfi-cor_RO1.7.2.2.01.04.00;11143,87
Prefeitura Municipal de Carauari - AM;1301001;AM;27645;Receitas Brutas Realizadas;Total Receitas;siconfi-cor_TotalReceitas;56088245,32
Prefeitura Municipal de Carauari - AM;1301001;AM;27645;Receitas Brutas Realizadas;1.0.0.0.00.00.00 - Receitas Correntes;siconfi-cor_RO1.0.0.0.00.00.00;47891074,67
Prefeitura Municipal de Carauari - AM;1301001;AM;27645;Receitas Brutas Realizadas;1.1.0.0.00.00.00 - Receita Tributária;siconfi-cor_RO1.1.0.0.00.00.00;3906763,06
Prefeitura Municipal de Carauari - AM;1301001;AM;27645;Receitas Brutas Realizadas;1.1.1.0.00.00.00 - Impostos;siconfi-cor_RO1.1.1.0.00.00.00;3836483,84
Prefeitura Municipal de Carauari - AM;1301001;AM;27645;Receitas Brutas Realizadas;1.1.1.2.00.00.00 - Impostos sobre o Patrimônio e a Renda;siconfi-cor_RO1.1.1.2.00.00.00;676443,15
Prefeitura Municipal de Carauari - AM;1301001;AM;27645;Receitas Brutas Realizadas;1.1.1.2.02.00.00 - Imposto sobre a Propriedade Predial e Territorial Urbana ¿ IPTU;siconfi-cor_RO1.1.1.2.02.00.00;11861,32
Prefeitura Municipal de Carauari - AM;1301001;AM;27645;Receitas Brutas Realizadas;1.1.1.2.04.00.00 - Imposto sobre a Renda e Proventos de Qualquer Natureza ¿ IR;siconfi-cor_RO1.1.1.2.04.00.00;647767,88
Prefeitura Municipal de Carauari - AM;1301001;AM;27645;Receitas Brutas Realizadas;1.1.1.2.04.31.00 - Retido nas Fontes - Trabalho;siconfi-cor_RO1.1.1.2.04.31.00;455538,46
Prefeitura Municipal de Carauari - AM;1301001;AM;27645;Receitas Brutas Realizadas;1.1.1.2.04.34.00 - Retido nas Fontes - Outros Rendimentos;siconfi-cor_RO1.1.1.2.04.34.00;192229,42
Prefeitura Municipal de Carauari - AM;1301001;AM;27645;Receitas Brutas Realizadas;"1.1.1.2.08.00.00 - Imposto sobre Transmissão Inter Vivos"" de Bens Imóveis e de Direitos Reais sobre Imóveis ¿ ITBI""";siconfi-cor_RO1.1.1.2.08.00.00;16813,95
Prefeitura Municipal de Carauari - AM;1301001;AM;27645;Receitas Brutas Realizadas;1.1.1.3.00.00.00 - Impostos sobre a Produção e a Circulação;siconfi-cor_RO1.1.1.3.00.00.00;3160040,69
Prefeitura Municipal de Carauari - AM;1301001;AM;27645;Receitas Brutas Realizadas;1.1.1.3.05.00.00 - Imposto sobre Serviços de Qualquer Natureza ¿ ISSQN;siconfi-cor_RO1.1.1.3.05.00.00;3160040,69
Prefeitura Municipal de Carauari - AM;1301001;AM;27645;Receitas Brutas Realizadas;1.1.2.0.00.00.00 - Taxas;siconfi-cor_RO1.1.2.0.00.00.00;70279,22
Prefeitura Municipal de Carauari - AM;1301001;AM;27645;Receitas Brutas Realizadas;1.1.2.1.00.00.00 - Taxas pelo Exercício do Poder de Polícia;siconfi-cor_RO1.1.2.1.00.00.00;53309,52
Prefeitura Municipal de Carauari - AM;1301001;AM;27645;Receitas Brutas Realizadas;1.1.2.2.00.00.00 - Taxas pela Prestação de Serviços;siconfi-cor_RO1.1.2.2.00.00.00;16969,7
Prefeitura Municipal de Carauari - AM;1301001;AM;27645;Receitas Brutas Realizadas;1.2.0.0.00.00.00 - Receitas de Contribuições;siconfi-cor_RO1.2.0.0.00.00.00;791577,68
Prefeitura Municipal de Carauari - AM;1301001;AM;27645;Receitas Brutas Realizadas;1.2.1.0.00.00.00 - Contribuições Sociais;siconfi-cor_RO1.2.1.0.00.00.00;791577,68
Prefeitura Municipal de Carauari - AM;1301001;AM;27645;Receitas Brutas Realizadas;1.2.1.0.29.00.00 - Contribuições para o Regime Próprio de Previdência do Servidor Público;siconfi-cor_RO1.2.1.0.29.00.00;791577,68
Prefeitura Municipal de Carauari - AM;1301001;AM;27645;Receitas Brutas Realizadas;1.2.1.0.29.01.00 - Contribuição Patronal de Servidor Ativo Civil para o Regime Próprio;siconfi-cor_RO1.2.1.0.29.01.00;352132,83
Prefeitura Municipal de Carauari - AM;1301001;AM;27645;Receitas Brutas Realizadas;1.2.1.0.29.07.00 - Contribuição do Servidor Ativo Civil para o Regime Próprio;siconfi-cor_RO1.2.1.0.29.07.00;439444,85
Prefeitura Municipal de Carauari - AM;1301001;AM;27645;Receitas Brutas Realizadas;1.3.0.0.00.00.00 - Receita Patrimonial;siconfi-cor_RO1.3.0.0.00.00.00;275418,04
Prefeitura Municipal de Carauari - AM;1301001;AM;27645;Receitas Brutas Realizadas;1.3.2.0.00.00.00 - Receitas de Valores Mobiliários;siconfi-cor_RO1.3.2.0.00.00.00;275418,04
Prefeitura Municipal de Carauari - AM;1301001;AM;27645;Receitas Brutas Realizadas;1.3.2.5.00.00.00 - Remuneração de Depósitos Bancários;siconfi-cor_RO1.3.2.5.00.00.00;275418,04
Prefeitura Municipal de Carauari - AM;1301001;AM;27645;Receitas Brutas Realizadas;1.7.0.0.00.00.00 - Transferências Correntes;siconfi-cor_RO1.7.0.0.00.00.00;42701407,38
Prefeitura Municipal de Carauari - AM;1301001;AM;27645;Receitas Brutas Realizadas;1.7.2.0.00.00.00 - Transferências Intergovernamentais;siconfi-cor_RO1.7.2.0.00.00.00;41700957,38
Prefeitura Municipal de Carauari - AM;1301001;AM;27645;Receitas Brutas Realizadas;1.7.2.1.00.00.00 - Transferências da União;siconfi-cor_RO1.7.2.1.00.00.00;18381957,68
Prefeitura Municipal de Carauari - AM;1301001;AM;27645;Receitas Brutas Realizadas;1.7.2.1.01.00.00 - Participação na Receita da União;siconfi-cor_RO1.7.2.1.01.00.00;13676908,4
Prefeitura Municipal de Carauari - AM;1301001;AM;27645;Receitas Brutas Realizadas;1.7.2.1.01.02.00 - Cota-Parte do Fundo de Participação dos Municípios ¿ FPM;siconfi-cor_RO1.7.2.1.01.02.00;13675539,83
Prefeitura Municipal de Carauari - AM;1301001;AM;27645;Receitas Brutas Realizadas;1.7.2.1.01.05.00 - Cota-Parte do Imposto Sobre a Propriedade Territorial Rural ¿ ITR;siconfi-cor_RO1.7.2.1.01.05.00;1368,57
Prefeitura Municipal de Carauari - AM;1301001;AM;27645;Receitas Brutas Realizadas;1.7.2.1.22.00.00 - Transferências da Compensação Financeira pela Exploração de Recursos Naturais;siconfi-cor_RO1.7.2.1.22.00.00;204733,99
Prefeitura Municipal de Carauari - AM;1301001;AM;27645;Receitas Brutas Realizadas;1.7.2.1.22.20.00 - Cota-Parte da Compensação Financeira de Recursos Minerais - CFEM;siconfi-cor_RO1.7.2.1.22.20.00;90,44
Prefeitura Municipal de Carauari - AM;1301001;AM;27645;Receitas Brutas Realizadas;1.7.2.1.22.70.00 - Cota-Parte do Fundo Especial do Petróleo ¿ FEP;siconfi-cor_RO1.7.2.1.22.70.00;204643,55
Prefeitura Municipal de Carauari - AM;1301001;AM;27645;Receitas Brutas Realizadas;1.7.2.1.33.00.00 - Transferências de Recursos do Sistema Único de Saúde - SUS - Repasses Fundo a Fundo;siconfi-cor_RO1.7.2.1.33.00.00;2364645,14
Prefeitura Municipal de Carauari - AM;1301001;AM;27645;Receitas Brutas Realizadas;1.7.2.1.34.00.00 - Transferências de Recursos do Fundo Nacional de Assistência Social ¿ FNAS;siconfi-cor_RO1.7.2.1.34.00.00;724150,85
Prefeitura Municipal de Carauari - AM;1301001;AM;27645;Receitas Brutas Realizadas;1.7.2.1.35.00.00 - Transferências de Recursos do Fundo Nacional do Desenvolvimento da Educação ¿ FNDE;siconfi-cor_RO1.7.2.1.35.00.00;1102235,06
Prefeitura Municipal de Carauari - AM;1301001;AM;27645;Receitas Brutas Realizadas;1.7.2.1.36.00.00 - Transferências Financeiras do ICMS ¿ Desoneração ¿ L.C. Nº 87/96;siconfi-cor_RO1.7.2.1.36.00.00;25982,16
Prefeitura Municipal de Carauari - AM;1301001;AM;27645;Receitas Brutas Realizadas;1.7.2.1.99.00.00 - Outras Transferências da União;siconfi-cor_RO1.7.2.1.99.00.00;283302,08
Prefeitura Municipal de Carauari - AM;1301001;AM;27645;Receitas Brutas Realizadas;1.7.2.2.00.00.00 - Transferências dos Estados;siconfi-cor_RO1.7.2.2.00.00.00;11047139,21
Prefeitura Municipal de Carauari - AM;1301001;AM;27645;Receitas Brutas Realizadas;1.7.2.2.01.00.00 - Participação na Receita dos Estados;siconfi-cor_RO1.7.2.2.01.00.00;10500887,38
Prefeitura Municipal de Carauari - AM;1301001;AM;27645;Receitas Brutas Realizadas;1.7.2.2.01.01.00 - Cota-Parte do ICMS;siconfi-cor_RO1.7.2.2.01.01.00;10317289,86
Prefeitura Municipal de Carauari - AM;1301001;AM;27645;Receitas Brutas Realizadas;1.7.2.2.01.02.00 - Cota-Parte do IPVA;siconfi-cor_RO1.7.2.2.01.02.00;128230,71
Prefeitura Municipal de Carauari - AM;1301001;AM;27645;Receitas Brutas Realizadas;1.7.2.2.01.04.00 - Cota-Parte do IPI sobre Exportação;siconfi-cor_RO1.7.2.2.01.04.00;50041,54
Prefeitura Municipal de Carauari - AM;1301001;AM;27645;Receitas Brutas Realizadas;1.7.2.2.01.13.00 - Cota-Parte da Contribuição de Intervenção no Domínio Econômico;siconfi-cor_RO1.7.2.2.01.13.00;5325,27
Prefeitura Municipal de Carauari - AM;1301001;AM;27645;Receitas Brutas Realizadas;1.7.2.2.22.00.00 - Transferências da Cota-Parte da Compensação Financeira (25%);siconfi-cor_RO1.7.2.2.22.00.00;162062,31
Prefeitura Municipal de Carauari - AM;1301001;AM;27645;Receitas Brutas Realizadas;1.7.2.2.22.30.00 - Cota-Parte Royalties - Compensação Financeira pela Produção de Petróleo - Lei nº 7.990/89 artigo 9º;siconfi-cor_RO1.7.2.2.22.30.00;162062,31
Prefeitura Municipal de Carauari - AM;1301001;AM;27645;Receitas Brutas Realizadas;1.7.2.2.33.00.00 - Transferências de Recursos do Estado para Programas de Saúde - Repasse Fundo a Fundo;siconfi-cor_RO1.7.2.2.33.00.00;384189,52
Prefeitura Municipal de Carauari - AM;1301001;AM;27645;Receitas Brutas Realizadas;1.7.2.4.00.00.00 - Transferências Multigovernamentais;siconfi-cor_RO1.7.2.4.00.00.00;12271860,49
Prefeitura Municipal de Carauari - AM;1301001;AM;27645;Receitas Brutas Realizadas;1.7.2.4.01.00.00 - Transferências de Recursos do Fundo de Manutenção e Desenvolvimento do Ensino Fundamental e de Valorização do Magistério - FUNDEB;siconfi-cor_RO1.7.2.4.01.00.00;10013676,59
Prefeitura Municipal de Carauari - AM;1301001;AM;27645;Receitas Brutas Realizadas;1.7.2.4.02.00.00 - Transferências de Recursos da Complementação ao Fundo de Manutenção e Desenvolvimento do Ensino Fundamental e de Valorização do Magistério - FUNDEB;siconfi-cor_RO1.7.2.4.02.00.00;2258183,9
Prefeitura Municipal de Carauari - AM;1301001;AM;27645;Receitas Brutas Realizadas;1.7.3.0.00.00.00 - Transferências de Instituições Privadas;siconfi-cor_RO1.7.3.0.00.00.00;264450
Prefeitura Municipal de Carauari - AM;1301001;AM;27645;Receitas Brutas Realizadas;1.7.6.0.00.00.00 - Transferências de Convênios;siconfi-cor_RO1.7.6.0.00.00.00;736000
Prefeitura Municipal de Carauari - AM;1301001;AM;27645;Receitas Brutas Realizadas;1.7.6.2.00.00.00 - Transferências de Convênios dos Estados e do Distrito Federal e de Suas Entidades;siconfi-cor_RO1.7.6.2.00.00.00;736000
Prefeitura Municipal de Carauari - AM;1301001;AM;27645;Receitas Brutas Realizadas;1.7.6.2.02.00.00 - Transferências de Convênios dos Estados Destinadas a Programas de Educação;siconfi-cor_RO1.7.6.2.02.00.00;736000
Prefeitura Municipal de Carauari - AM;1301001;AM;27645;Receitas Brutas Realizadas;1.9.0.0.00.00.00 - Outras Receitas Correntes;siconfi-cor_RO1.9.0.0.00.00.00;215908,51
Prefeitura Municipal de Carauari - AM;1301001;AM;27645;Receitas Brutas Realizadas;1.9.2.0.00.00.00 - Indenizações e Restituições;siconfi-cor_RO1.9.2.0.00.00.00;138564,07
Prefeitura Municipal de Carauari - AM;1301001;AM;27645;Receitas Brutas Realizadas;1.9.2.2.00.00.00 - Restituições;siconfi-cor_RO1.9.2.2.00.00.00;138564,07
Prefeitura Municipal de Carauari - AM;1301001;AM;27645;Receitas Brutas Realizadas;1.9.2.2.99.00.00 - Outras Restituições;siconfi-cor_RO1.9.2.2.99.00.00;138564,07
Prefeitura Municipal de Carauari - AM;1301001;AM;27645;Receitas Brutas Realizadas;1.9.9.0.00.00.00 - Receitas Diversas;siconfi-cor_RO1.9.9.0.00.00.00;77344,44
Prefeitura Municipal de Carauari - AM;1301001;AM;27645;Receitas Brutas Realizadas;2.0.0.0.00.00.00 - Receitas de Capital;siconfi-cor_RO2.0.0.0.00.00.00;8197170,65
Prefeitura Municipal de Carauari - AM;1301001;AM;27645;Receitas Brutas Realizadas;2.4.0.0.00.00.00 - Transferências de Capital;siconfi-cor_RO2.4.0.0.00.00.00;8197170,65
Prefeitura Municipal de Carauari - AM;1301001;AM;27645;Receitas Brutas Realizadas;2.4.2.0.00.00.00 - Transferências Intergovernamentais;siconfi-cor_RO2.4.2.0.00.00.00;2999433,61
Prefeitura Municipal de Carauari - AM;1301001;AM;27645;Receitas Brutas Realizadas;2.4.2.1.00.00.00 - Transferências da União;siconfi-cor_RO2.4.2.1.00.00.00;2012994,47
Prefeitura Municipal de Carauari - AM;1301001;AM;27645;Receitas Brutas Realizadas;2.4.2.1.01.00.00 - Participação na Receita da União;siconfi-cor_RO2.4.2.1.01.00.00;489600
Prefeitura Municipal de Carauari - AM;1301001;AM;27645;Receitas Brutas Realizadas;2.4.2.1.02.00.00 - Transferências de Recursos Destinados a Programas de Educação;siconfi-cor_RO2.4.2.1.02.00.00;1523394,47
Prefeitura Municipal de Carauari - AM;1301001;AM;27645;Receitas Brutas Realizadas;2.4.2.2.00.00.00 - Transferências dos Estados;siconfi-cor_RO2.4.2.2.00.00.00;986439,14
Prefeitura Municipal de Carauari - AM;1301001;AM;27645;Receitas Brutas Realizadas;2.4.2.2.01.00.00 - Participação na Receita dos Estados;siconfi-cor_RO2.4.2.2.01.00.00;986439,14
Prefeitura Municipal de Carauari - AM;1301001;AM;27645;Receitas Brutas Realizadas;2.4.7.0.00.00.00 - Transferências de Convênios;siconfi-cor_RO2.4.7.0.00.00.00;5197737,04
Prefeitura Municipal de Carauari - AM;1301001;AM;27645;Receitas Brutas Realizadas;2.4.7.2.00.00.00 - Transferências de Convênios dos Estados e do Distrito Federal e de suas Entidades;siconfi-cor_RO2.4.7.2.00.00.00;5197737,04
Prefeitura Municipal de Carauari - AM;1301001;AM;27645;Receitas Brutas Realizadas;2.4.7.2.02.00.00 - Transferências de Convênios dos Estados Destinadas a Programas de Educação;siconfi-cor_RO2.4.7.2.02.00.00;4764514,22
Prefeitura Municipal de Carauari - AM;1301001;AM;27645;Receitas Brutas Realizadas;2.4.7.2.99.00.00 - Outras Transferências de Convênios dos Estados;siconfi-cor_RO2.4.7.2.99.00.00;433222,82
Prefeitura Municipal de Carauari - AM;1301001;AM;27645;Deduções - FUNDEB;Total Receitas;siconfi-cor_TotalReceitas;4723525,04
Prefeitura Municipal de Carauari - AM;1301001;AM;27645;Deduções - FUNDEB;1.0.0.0.00.00.00 - Receitas Correntes;siconfi-cor_RO1.0.0.0.00.00.00;4723525,04
Prefeitura Municipal de Carauari - AM;1301001;AM;27645;Deduções - FUNDEB;1.7.0.0.00.00.00 - Transferências Correntes;siconfi-cor_RO1.7.0.0.00.00.00;4723525,04
Prefeitura Municipal de Carauari - AM;1301001;AM;27645;Deduções - FUNDEB;1.7.2.0.00.00.00 - Transferências Intergovernamentais;siconfi-cor_RO1.7.2.0.00.00.00;4723525,04
Prefeitura Municipal de Carauari - AM;1301001;AM;27645;Deduções - FUNDEB;1.7.2.1.00.00.00 - Transferências da União;siconfi-cor_RO1.7.2.1.00.00.00;2624413,53
Prefeitura Municipal de Carauari - AM;1301001;AM;27645;Deduções - FUNDEB;1.7.2.1.01.00.00 - Participação na Receita da União;siconfi-cor_RO1.7.2.1.01.00.00;2619217,17
Prefeitura Municipal de Carauari - AM;1301001;AM;27645;Deduções - FUNDEB;1.7.2.1.01.02.00 - Cota-Parte do Fundo de Participação dos Municípios ¿ FPM;siconfi-cor_RO1.7.2.1.01.02.00;2618943,48
Prefeitura Municipal de Carauari - AM;1301001;AM;27645;Deduções - FUNDEB;1.7.2.1.01.05.00 - Cota-Parte do Imposto Sobre a Propriedade Territorial Rural ¿ ITR;siconfi-cor_RO1.7.2.1.01.05.00;273,69
Prefeitura Municipal de Carauari - AM;1301001;AM;27645;Deduções - FUNDEB;1.7.2.1.36.00.00 - Transferências Financeiras do ICMS ¿ Desoneração ¿ L.C. Nº 87/96;siconfi-cor_RO1.7.2.1.36.00.00;5196,36
Prefeitura Municipal de Carauari - AM;1301001;AM;27645;Deduções - FUNDEB;1.7.2.2.00.00.00 - Transferências dos Estados;siconfi-cor_RO1.7.2.2.00.00.00;2099111,51
Prefeitura Municipal de Carauari - AM;1301001;AM;27645;Deduções - FUNDEB;1.7.2.2.01.00.00 - Participação na Receita dos Estados;siconfi-cor_RO1.7.2.2.01.00.00;2099111,51
Prefeitura Municipal de Carauari - AM;1301001;AM;27645;Deduções - FUNDEB;1.7.2.2.01.01.00 - Cota-Parte do ICMS;siconfi-cor_RO1.7.2.2.01.01.00;2063457,94
Prefeitura Municipal de Carauari - AM;1301001;AM;27645;Deduções - FUNDEB;1.7.2.2.01.02.00 - Cota-Parte do IPVA;siconfi-cor_RO1.7.2.2.01.02.00;25645,28
Prefeitura Municipal de Carauari - AM;1301001;AM;27645;Deduções - FUNDEB;1.7.2.2.01.04.00 - Cota-Parte do IPI sobre Exportação;siconfi-cor_RO1.7.2.2.01.04.00;10008,29
Prefeitura Municipal de São Sebastião do Uatumã - AM;1303957;AM;12451;Receitas Brutas Realizadas;Total Receitas;siconfi-cor_TotalReceitas;24625687,29
Prefeitura Municipal de São Sebastião do Uatumã - AM;1303957;AM;12451;Receitas Brutas Realizadas;1.0.0.0.00.00.00 - Receitas Correntes;siconfi-cor_RO1.0.0.0.00.00.00;21824261,2
Prefeitura Municipal de São Sebastião do Uatumã - AM;1303957;AM;12451;Receitas Brutas Realizadas;1.1.0.0.00.00.00 - Receita Tributária;siconfi-cor_RO1.1.0.0.00.00.00;889968,32
Prefeitura Municipal de São Sebastião do Uatumã - AM;1303957;AM;12451;Receitas Brutas Realizadas;1.1.1.0.00.00.00 - Impostos;siconfi-cor_RO1.1.1.0.00.00.00;881347,91
Prefeitura Municipal de São Sebastião do Uatumã - AM;1303957;AM;12451;Receitas Brutas Realizadas;1.1.1.2.00.00.00 - Impostos sobre o Patrimônio e a Renda;siconfi-cor_RO1.1.1.2.00.00.00;353370,59
Prefeitura Municipal de São Sebastião do Uatumã - AM;1303957;AM;12451;Receitas Brutas Realizadas;1.1.1.2.02.00.00 - Imposto sobre a Propriedade Predial e Territorial Urbana ¿ IPTU;siconfi-cor_RO1.1.1.2.02.00.00;1918,91
Prefeitura Municipal de São Sebastião do Uatumã - AM;1303957;AM;12451;Receitas Brutas Realizadas;1.1.1.2.04.00.00 - Imposto sobre a Renda e Proventos de Qualquer Natureza ¿ IR;siconfi-cor_RO1.1.1.2.04.00.00;351451,68
Prefeitura Municipal de São Sebastião do Uatumã - AM;1303957;AM;12451;Receitas Brutas Realizadas;1.1.1.2.04.31.00 - Retido nas Fontes - Trabalho;siconfi-cor_RO1.1.1.2.04.31.00;319866,54
Prefeitura Municipal de São Sebastião do Uatumã - AM;1303957;AM;12451;Receitas Brutas Realizadas;1.1.1.2.04.34.00 - Retido nas Fontes - Outros Rendimentos;siconfi-cor_RO1.1.1.2.04.34.00;31585,14
Prefeitura Municipal de São Sebastião do Uatumã - AM;1303957;AM;12451;Receitas Brutas Realizadas;1.1.1.3.00.00.00 - Impostos sobre a Produção e a Circulação;siconfi-cor_RO1.1.1.3.00.00.00;527977,32
Prefeitura Municipal de São Sebastião do Uatumã - AM;1303957;AM;12451;Receitas Brutas Realizadas;1.1.1.3.05.00.00 - Imposto sobre Serviços de Qualquer Natureza ¿ ISSQN;siconfi-cor_RO1.1.1.3.05.00.00;527977,32
Prefeitura Municipal de São Sebastião do Uatumã - AM;1303957;AM;12451;Receitas Brutas Realizadas;1.1.2.0.00.00.00 - Taxas;siconfi-cor_RO1.1.2.0.00.00.00;8620,41
Prefeitura Municipal de São Sebastião do Uatumã - AM;1303957;AM;12451;Receitas Brutas Realizadas;1.1.2.1.00.00.00 - Taxas pelo Exercício do Poder de Polícia;siconfi-cor_RO1.1.2.1.00.00.00;8620,41
Prefeitura Municipal de São Sebastião do Uatumã - AM;1303957;AM;12451;Receitas Brutas Realizadas;1.2.0.0.00.00.00 - Receitas de Contribuições;siconfi-cor_RO1.2.0.0.00.00.00;27401,49
Prefeitura Municipal de São Sebastião do Uatumã - AM;1303957;AM;12451;Receitas Brutas Realizadas;1.2.2.0.00.00.00 - Contribuições de Intervenção no Domínio Econômico;siconfi-cor_RO1.2.2.0.00.00.00;27401,49
Prefeitura Municipal de São Sebastião do Uatumã - AM;1303957;AM;12451;Receitas Brutas Realizadas;1.3.0.0.00.00.00 - Receita Patrimonial;siconfi-cor_RO1.3.0.0.00.00.00;180135,39
Prefeitura Municipal de São Sebastião do Uatumã - AM;1303957;AM;12451;Receitas Brutas Realizadas;1.3.2.0.00.00.00 - Receitas de Valores Mobiliários;siconfi-cor_RO1.3.2.0.00.00.00;180135,39
Prefeitura Municipal de São Sebastião do Uatumã - AM;1303957;AM;12451;Receitas Brutas Realizadas;1.3.2.5.00.00.00 - Remuneração de Depósitos Bancários;siconfi-cor_RO1.3.2.5.00.00.00;180135,39
Prefeitura Municipal de São Sebastião do Uatumã - AM;1303957;AM;12451;Receitas Brutas Realizadas;1.6.0.0.00.00.00 - Receita de Serviços;siconfi-cor_RO1.6.0.0.00.00.00;230632,1
Prefeitura Municipal de São Sebastião do Uatumã - AM;1303957;AM;12451;Receitas Brutas Realizadas;1.6.0.0.99.00.00 - Demais Receitas de Serviços;siconfi-cor_RO1.6.0.0.99.00.00;230632,1
Prefeitura Municipal de São Sebastião do Uatumã - AM;1303957;AM;12451;Receitas Brutas Realizadas;1.7.0.0.00.00.00 - Transferências Correntes;siconfi-cor_RO1.7.0.0.00.00.00;20456507,31
Prefeitura Municipal de São Sebastião do Uatumã - AM;1303957;AM;12451;Receitas Brutas Realizadas;1.7.2.0.00.00.00 - Transferências Intergovernamentais;siconfi-cor_RO1.7.2.0.00.00.00;20126507,31
Prefeitura Municipal de São Sebastião do Uatumã - AM;1303957;AM;12451;Receitas Brutas Realizadas;1.7.2.1.00.00.00 - Transferências da União;siconfi-cor_RO1.7.2.1.00.00.00;10313557,54
Prefeitura Municipal de São Sebastião do Uatumã - AM;1303957;AM;12451;Receitas Brutas Realizadas;1.7.2.1.01.00.00 - Participação na Receita da União;siconfi-cor_RO1.7.2.1.01.00.00;7815001,42
Prefeitura Municipal de São Sebastião do Uatumã - AM;1303957;AM;12451;Receitas Brutas Realizadas;1.7.2.1.01.02.00 - Cota-Parte do Fundo de Participação dos Municípios ¿ FPM;siconfi-cor_RO1.7.2.1.01.02.00;7814594,18
Prefeitura Municipal de São Sebastião do Uatumã - AM;1303957;AM;12451;Receitas Brutas Realizadas;1.7.2.1.01.05.00 - Cota-Parte do Imposto Sobre a Propriedade Territorial Rural ¿ ITR;siconfi-cor_RO1.7.2.1.01.05.00;407,24
Prefeitura Municipal de São Sebastião do Uatumã - AM;1303957;AM;12451;Receitas Brutas Realizadas;1.7.2.1.22.00.00 - Transferências da Compensação Financeira pela Exploração de Recursos Naturais;siconfi-cor_RO1.7.2.1.22.00.00;262071,56
Prefeitura Municipal de São Sebastião do Uatumã - AM;1303957;AM;12451;Receitas Brutas Realizadas;1.7.2.1.22.20.00 - Cota-Parte da Compensação Financeira de Recursos Minerais - CFEM;siconfi-cor_RO1.7.2.1.22.20.00;145132,4
Prefeitura Municipal de São Sebastião do Uatumã - AM;1303957;AM;12451;Receitas Brutas Realizadas;1.7.2.1.22.70.00 - Cota-Parte do Fundo Especial do Petróleo ¿ FEP;siconfi-cor_RO1.7.2.1.22.70.00;116939,16
Prefeitura Municipal de São Sebastião do Uatumã - AM;1303957;AM;12451;Receitas Brutas Realizadas;1.7.2.1.33.00.00 - Transferências de Recursos do Sistema Único de Saúde - SUS - Repasses Fundo a Fundo;siconfi-cor_RO1.7.2.1.33.00.00;1615298,71
Prefeitura Municipal de São Sebastião do Uatumã - AM;1303957;AM;12451;Receitas Brutas Realizadas;1.7.2.1.34.00.00 - Transferências de Recursos do Fundo Nacional de Assistência Social ¿ FNAS;siconfi-cor_RO1.7.2.1.34.00.00;201074,96
Prefeitura Municipal de São Sebastião do Uatumã - AM;1303957;AM;12451;Receitas Brutas Realizadas;1.7.2.1.35.00.00 - Transferências de Recursos do Fundo Nacional do Desenvolvimento da Educação ¿ FNDE;siconfi-cor_RO1.7.2.1.35.00.00;241019,7
Prefeitura Municipal de São Sebastião do Uatumã - AM;1303957;AM;12451;Receitas Brutas Realizadas;1.7.2.1.36.00.00 - Transferências Financeiras do ICMS ¿ Desoneração ¿ L.C. Nº 87/96;siconfi-cor_RO1.7.2.1.36.00.00;16053
Prefeitura Municipal de São Sebastião do Uatumã - AM;1303957;AM;12451;Receitas Brutas Realizadas;1.7.2.1.99.00.00 - Outras Transferências da União;siconfi-cor_RO1.7.2.1.99.00.00;163038,19
Prefeitura Municipal de São Sebastião do Uatumã - AM;1303957;AM;12451;Receitas Brutas Realizadas;1.7.2.2.00.00.00 - Transferências dos Estados;siconfi-cor_RO1.7.2.2.00.00.00;6560832,79
Prefeitura Municipal de São Sebastião do Uatumã - AM;1303957;AM;12451;Receitas Brutas Realizadas;1.7.2.2.01.00.00 - Participação na Receita dos Estados;siconfi-cor_RO1.7.2.2.01.00.00;6414797,21
Prefeitura Municipal de São Sebastião do Uatumã - AM;1303957;AM;12451;Receitas Brutas Realizadas;1.7.2.2.01.01.00 - Cota-Parte do ICMS;siconfi-cor_RO1.7.2.2.01.01.00;6374516,49
Prefeitura Municipal de São Sebastião do Uatumã - AM;1303957;AM;12451;Receitas Brutas Realizadas;1.7.2.2.01.02.00 - Cota-Parte do IPVA;siconfi-cor_RO1.7.2.2.01.02.00;6566,09
Prefeitura Municipal de São Sebastião do Uatumã - AM;1303957;AM;12451;Receitas Brutas Realizadas;1.7.2.2.01.04.00 - Cota-Parte do IPI sobre Exportação;siconfi-cor_RO1.7.2.2.01.04.00;30918,08
Prefeitura Municipal de São Sebastião do Uatumã - AM;1303957;AM;12451;Receitas Brutas Realizadas;1.7.2.2.01.13.00 - Cota-Parte da Contribuição de Intervenção no Domínio Econômico;siconfi-cor_RO1.7.2.2.01.13.00;2796,55
Prefeitura Municipal de São Sebastião do Uatumã - AM;1303957;AM;12451;Receitas Brutas Realizadas;1.7.2.2.22.00.00 - Transferências da Cota-Parte da Compensação Financeira (25%);siconfi-cor_RO1.7.2.2.22.00.00;100129,86
Prefeitura Municipal de São Sebastião do Uatumã - AM;1303957;AM;12451;Receitas Brutas Realizadas;1.7.2.2.22.30.00 - Cota-Parte Royalties - Compensação Financeira pela Produção de Petróleo - Lei nº 7.990/89 artigo 9º;siconfi-cor_RO1.7.2.2.22.30.00;100129,86
Prefeitura Municipal de São Sebastião do Uatumã - AM;1303957;AM;12451;Receitas Brutas Realizadas;1.7.2.2.33.00.00 - Transferências de Recursos do Estado para Programas de Saúde - Repasse Fundo a Fundo;siconfi-cor_RO1.7.2.2.33.00.00;45905,72
Prefeitura Municipal de São Sebastião do Uatumã - AM;1303957;AM;12451;Receitas Brutas Realizadas;1.7.2.3.00.00.00 - Transferências dos Municípios;siconfi-cor_RO1.7.2.3.00.00.00;91899,33
Prefeitura Municipal de São Sebastião do Uatumã - AM;1303957;AM;12451;Receitas Brutas Realizadas;1.7.2.3.99.00.00 - Outras Transferências dos Municípios;siconfi-cor_RO1.7.2.3.99.00.00;91899,33
Prefeitura Municipal de São Sebastião do Uatumã - AM;1303957;AM;12451;Receitas Brutas Realizadas;1.7.2.4.00.00.00 - Transferências Multigovernamentais;siconfi-cor_RO1.7.2.4.00.00.00;3160217,65
Prefeitura Municipal de São Sebastião do Uatumã - AM;1303957;AM;12451;Receitas Brutas Realizadas;1.7.2.4.01.00.00 - Transferências de Recursos do Fundo de Manutenção e Desenvolvimento do Ensino Fundamental e de Valorização do Magistério - FUNDEB;siconfi-cor_RO1.7.2.4.01.00.00;2547109,35
Prefeitura Municipal de São Sebastião do Uatumã - AM;1303957;AM;12451;Receitas Brutas Realizadas;1.7.2.4.02.00.00 - Transferências de Recursos da Complementação ao Fundo de Manutenção e Desenvolvimento do Ensino Fundamental e de Valorização do Magistério - FUNDEB;siconfi-cor_RO1.7.2.4.02.00.00;613108,3
Prefeitura Municipal de São Sebastião do Uatumã - AM;1303957;AM;12451;Receitas Brutas Realizadas;1.7.6.0.00.00.00 - Transferências de Convênios;siconfi-cor_RO1.7.6.0.00.00.00;330000
Prefeitura Municipal de São Sebastião do Uatumã - AM;1303957;AM;12451;Receitas Brutas Realizadas;1.7.6.2.00.00.00 - Transferências de Convênios dos Estados e do Distrito Federal e de Suas Entidades;siconfi-cor_RO1.7.6.2.00.00.00;330000
Prefeitura Municipal de São Sebastião do Uatumã - AM;1303957;AM;12451;Receitas Brutas Realizadas;1.7.6.2.99.00.00 - Outras Transferências de Convênios dos Estados;siconfi-cor_RO1.7.6.2.99.00.00;330000
Prefeitura Municipal de São Sebastião do Uatumã - AM;1303957;AM;12451;Receitas Brutas Realizadas;1.9.0.0.00.00.00 - Outras Receitas Correntes;siconfi-cor_RO1.9.0.0.00.00.00;39616,59
Prefeitura Municipal de São Sebastião do Uatumã - AM;1303957;AM;12451;Receitas Brutas Realizadas;1.9.1.0.00.00.00 - Multas e Juros de Mora;siconfi-cor_RO1.9.1.0.00.00.00;12906,14
Prefeitura Municipal de São Sebastião do Uatumã - AM;1303957;AM;12451;Receitas Brutas Realizadas;1.9.1.9.00.00.00 - Multas de Outras Origens;siconfi-cor_RO1.9.1.9.00.00.00;12906,14
Prefeitura Municipal de São Sebastião do Uatumã - AM;1303957;AM;12451;Receitas Brutas Realizadas;1.9.2.0.00.00.00 - Indenizações e Restituições;siconfi-cor_RO1.9.2.0.00.00.00;546,74
Prefeitura Municipal de São Sebastião do Uatumã - AM;1303957;AM;12451;Receitas Brutas Realizadas;1.9.2.2.00.00.00 - Restituições;siconfi-cor_RO1.9.2.2.00.00.00;546,74
Prefeitura Municipal de São Sebastião do Uatumã - AM;1303957;AM;12451;Receitas Brutas Realizadas;1.9.2.2.99.00.00 - Outras Restituições;siconfi-cor_RO1.9.2.2.99.00.00;546,74
Prefeitura Municipal de São Sebastião do Uatumã - AM;1303957;AM;12451;Receitas Brutas Realizadas;1.9.3.0.00.00.00 - Receita da Dívida Ativa;siconfi-cor_RO1.9.3.0.00.00.00;24880,39
Prefeitura Municipal de São Sebastião do Uatumã - AM;1303957;AM;12451;Receitas Brutas Realizadas;1.9.3.1.00.00.00 - Receita da Dívida Ativa Tributária;siconfi-cor_RO1.9.3.1.00.00.00;24880,39
Prefeitura Municipal de São Sebastião do Uatumã - AM;1303957;AM;12451;Receitas Brutas Realizadas;1.9.9.0.00.00.00 - Receitas Diversas;siconfi-cor_RO1.9.9.0.00.00.00;1283,32
Prefeitura Municipal de São Sebastião do Uatumã - AM;1303957;AM;12451;Receitas Brutas Realizadas;2.0.0.0.00.00.00 - Receitas de Capital;siconfi-cor_RO2.0.0.0.00.00.00;2801426,09
Prefeitura Municipal de São Sebastião do Uatumã - AM;1303957;AM;12451;Receitas Brutas Realizadas;2.4.0.0.00.00.00 - Transferências de Capital;siconfi-cor_RO2.4.0.0.00.00.00;2801426,09
Prefeitura Municipal de São Sebastião do Uatumã - AM;1303957;AM;12451;Receitas Brutas Realizadas;2.4.2.0.00.00.00 - Transferências Intergovernamentais;siconfi-cor_RO2.4.2.0.00.00.00;397799,99
Prefeitura Municipal de São Sebastião do Uatumã - AM;1303957;AM;12451;Receitas Brutas Realizadas;2.4.2.1.00.00.00 - Transferências da União;siconfi-cor_RO2.4.2.1.00.00.00;397799,99
Prefeitura Municipal de São Sebastião do Uatumã - AM;1303957;AM;12451;Receitas Brutas Realizadas;2.4.2.1.01.00.00 - Participação na Receita da União;siconfi-cor_RO2.4.2.1.01.00.00;244800
Prefeitura Municipal de São Sebastião do Uatumã - AM;1303957;AM;12451;Receitas Brutas Realizadas;2.4.2.1.02.00.00 - Transferências de Recursos Destinados a Programas de Educação;siconfi-cor_RO2.4.2.1.02.00.00;152999,99
Prefeitura Municipal de São Sebastião do Uatumã - AM;1303957;AM;12451;Receitas Brutas Realizadas;2.4.7.0.00.00.00 - Transferências de Convênios;siconfi-cor_RO2.4.7.0.00.00.00;2403626,1
Prefeitura Municipal de São Sebastião do Uatumã - AM;1303957;AM;12451;Receitas Brutas Realizadas;2.4.7.1.00.00.00 - Transferências de Convênios da União e de suas Entidades;siconfi-cor_RO2.4.7.1.00.00.00;7875,79
Prefeitura Municipal de São Sebastião do Uatumã - AM;1303957;AM;12451;Receitas Brutas Realizadas;2.4.7.1.99.00.00 - Outras Transferências de Convênios da União;siconfi-cor_RO2.4.7.1.99.00.00;7875,79
Prefeitura Municipal de São Sebastião do Uatumã - AM;1303957;AM;12451;Receitas Brutas Realizadas;2.4.7.2.00.00.00 - Transferências de Convênios dos Estados e do Distrito Federal e de suas Entidades;siconfi-cor_RO2.4.7.2.00.00.00;2395750,31
Prefeitura Municipal de São Sebastião do Uatumã - AM;1303957;AM;12451;Receitas Brutas Realizadas;2.4.7.2.99.00.00 - Outras Transferências de Convênios dos Estados;siconfi-cor_RO2.4.7.2.99.00.00;2395750,31
Prefeitura Municipal de São Sebastião do Uatumã - AM;1303957;AM;12451;Deduções - FUNDEB;Total Receitas;siconfi-cor_TotalReceitas;2782231,01
Prefeitura Municipal de São Sebastião do Uatumã - AM;1303957;AM;12451;Deduções - FUNDEB;1.0.0.0.00.00.00 - Receitas Correntes;siconfi-cor_RO1.0.0.0.00.00.00;2782231,01
Prefeitura Municipal de São Sebastião do Uatumã - AM;1303957;AM;12451;Deduções - FUNDEB;1.7.0.0.00.00.00 - Transferências Correntes;siconfi-cor_RO1.7.0.0.00.00.00;2782231,01
Prefeitura Municipal de São Sebastião do Uatumã - AM;1303957;AM;12451;Deduções - FUNDEB;1.7.2.0.00.00.00 - Transferências Intergovernamentais;siconfi-cor_RO1.7.2.0.00.00.00;2782231,01
Prefeitura Municipal de São Sebastião do Uatumã - AM;1303957;AM;12451;Deduções - FUNDEB;1.7.2.1.00.00.00 - Transferências da União;siconfi-cor_RO1.7.2.1.00.00.00;1499831,03
Prefeitura Municipal de São Sebastião do Uatumã - AM;1303957;AM;12451;Deduções - FUNDEB;1.7.2.1.01.00.00 - Participação na Receita da União;siconfi-cor_RO1.7.2.1.01.00.00;1496620,43
Prefeitura Municipal de São Sebastião do Uatumã - AM;1303957;AM;12451;Deduções - FUNDEB;1.7.2.1.01.02.00 - Cota-Parte do Fundo de Participação dos Municípios ¿ FPM;siconfi-cor_RO1.7.2.1.01.02.00;1496538,99
Prefeitura Municipal de São Sebastião do Uatumã - AM;1303957;AM;12451;Deduções - FUNDEB;1.7.2.1.01.05.00 - Cota-Parte do Imposto Sobre a Propriedade Territorial Rural ¿ ITR;siconfi-cor_RO1.7.2.1.01.05.00;81,44
Prefeitura Municipal de São Sebastião do Uatumã - AM;1303957;AM;12451;Deduções - FUNDEB;1.7.2.1.36.00.00 - Transferências Financeiras do ICMS ¿ Desoneração ¿ L.C. Nº 87/96;siconfi-cor_RO1.7.2.1.36.00.00;3210,6
Prefeitura Municipal de São Sebastião do Uatumã - AM;1303957;AM;12451;Deduções - FUNDEB;1.7.2.2.00.00.00 - Transferências dos Estados;siconfi-cor_RO1.7.2.2.00.00.00;1282399,98
Prefeitura Municipal de São Sebastião do Uatumã - AM;1303957;AM;12451;Deduções - FUNDEB;1.7.2.2.01.00.00 - Participação na Receita dos Estados;siconfi-cor_RO1.7.2.2.01.00.00;1282399,98
Prefeitura Municipal de São Sebastião do Uatumã - AM;1303957;AM;12451;Deduções - FUNDEB;1.7.2.2.01.01.00 - Cota-Parte do ICMS;siconfi-cor_RO1.7.2.2.01.01.00;1274903,3
Prefeitura Municipal de São Sebastião do Uatumã - AM;1303957;AM;12451;Deduções - FUNDEB;1.7.2.2.01.02.00 - Cota-Parte do IPVA;siconfi-cor_RO1.7.2.2.01.02.00;1313,06
Prefeitura Municipal de São Sebastião do Uatumã - AM;1303957;AM;12451;Deduções - FUNDEB;1.7.2.2.01.04.00 - Cota-Parte do IPI sobre Exportação;siconfi-cor_RO1.7.2.2.01.04.00;6183,62
Prefeitura Municipal de Borba - AM;1300805;AM;38688;Receitas Brutas Realizadas;Total Receitas;siconfi-cor_TotalReceitas;87994679,99
Prefeitura Municipal de Borba - AM;1300805;AM;38688;Receitas Brutas Realizadas;1.0.0.0.00.00.00 - Receitas Correntes;siconfi-cor_RO1.0.0.0.00.00.00;68335513,95
Prefeitura Municipal de Borba - AM;1300805;AM;38688;Receitas Brutas Realizadas;1.1.0.0.00.00.00 - Receita Tributária;siconfi-cor_RO1.1.0.0.00.00.00;2814698,99
Prefeitura Municipal de Borba - AM;1300805;AM;38688;Receitas Brutas Realizadas;1.1.1.0.00.00.00 - Impostos;siconfi-cor_RO1.1.1.0.00.00.00;2788737,94
Prefeitura Municipal de Borba - AM;1300805;AM;38688;Receitas Brutas Realizadas;1.1.1.2.00.00.00 - Impostos sobre o Patrimônio e a Renda;siconfi-cor_RO1.1.1.2.00.00.00;1191989,48
Prefeitura Municipal de Borba - AM;1300805;AM;38688;Receitas Brutas Realizadas;1.1.1.2.02.00.00 - Imposto sobre a Propriedade Predial e Territorial Urbana ¿ IPTU;siconfi-cor_RO1.1.1.2.02.00.00;10193
Prefeitura Municipal de Borba - AM;1300805;AM;38688;Receitas Brutas Realizadas;1.1.1.2.04.00.00 - Imposto sobre a Renda e Proventos de Qualquer Natureza ¿ IR;siconfi-cor_RO1.1.1.2.04.00.00;1141556,06
Prefeitura Municipal de Borba - AM;1300805;AM;38688;Receitas Brutas Realizadas;1.1.1.2.04.31.00 - Retido nas Fontes - Trabalho;siconfi-cor_RO1.1.1.2.04.31.00;844072,02
Prefeitura Municipal de Borba - AM;1300805;AM;38688;Receitas Brutas Realizadas;1.1.1.2.04.34.00 - Retido nas Fontes - Outros Rendimentos;siconfi-cor_RO1.1.1.2.04.34.00;297484,04
Prefeitura Municipal de Borba - AM;1300805;AM;38688;Receitas Brutas Realizadas;"1.1.1.2.08.00.00 - Imposto sobre Transmissão Inter Vivos"" de Bens Imóveis e de Direitos Reais sobre Imóveis ¿ ITBI""";siconfi-cor_RO1.1.1.2.08.00.00;40240,42
Prefeitura Municipal de Borba - AM;1300805;AM;38688;Receitas Brutas Realizadas;1.1.1.3.00.00.00 - Impostos sobre a Produção e a Circulação;siconfi-cor_RO1.1.1.3.00.00.00;1596748,46
Prefeitura Municipal de Borba - AM;1300805;AM;38688;Receitas Brutas Realizadas;1.1.1.3.05.00.00 - Imposto sobre Serviços de Qualquer Natureza ¿ ISSQN;siconfi-cor_RO1.1.1.3.05.00.00;1596748,46
Prefeitura Municipal de Borba - AM;1300805;AM;38688;Receitas Brutas Realizadas;1.1.2.0.00.00.00 - Taxas;siconfi-cor_RO1.1.2.0.00.00.00;25961,05
Prefeitura Municipal de Borba - AM;1300805;AM;38688;Receitas Brutas Realizadas;1.1.2.1.00.00.00 - Taxas pelo Exercício do Poder de Polícia;siconfi-cor_RO1.1.2.1.00.00.00;15713,12
Prefeitura Municipal de Borba - AM;1300805;AM;38688;Receitas Brutas Realizadas;1.1.2.2.00.00.00 - Taxas pela Prestação de Serviços;siconfi-cor_RO1.1.2.2.00.00.00;10247,93
Prefeitura Municipal de Borba - AM;1300805;AM;38688;Receitas Brutas Realizadas;1.2.0.0.00.00.00 - Receitas de Contribuições;siconfi-cor_RO1.2.0.0.00.00.00;1730352,28
Prefeitura Municipal de Borba - AM;1300805;AM;38688;Receitas Brutas Realizadas;1.2.1.0.00.00.00 - Contribuições Sociais;siconfi-cor_RO1.2.1.0.00.00.00;1673205,92
Prefeitura Municipal de Borba - AM;1300805;AM;38688;Receitas Brutas Realizadas;1.2.1.0.29.00.00 - Contribuições para o Regime Próprio de Previdência do Servidor Público;siconfi-cor_RO1.2.1.0.29.00.00;1673205,92
Prefeitura Municipal de Borba - AM;1300805;AM;38688;Receitas Brutas Realizadas;1.2.1.0.29.01.00 - Contribuição Patronal de Servidor Ativo Civil para o Regime Próprio;siconfi-cor_RO1.2.1.0.29.01.00;907606,27
Prefeitura Municipal de Borba - AM;1300805;AM;38688;Receitas Brutas Realizadas;1.2.1.0.29.07.00 - Contribuição do Servidor Ativo Civil para o Regime Próprio;siconfi-cor_RO1.2.1.0.29.07.00;765599,65
Prefeitura Municipal de Borba - AM;1300805;AM;38688;Receitas Brutas Realizadas;1.2.3.0.00.00.00 - Contribuição para Custeio do Serviço de Iluminação Pública;siconfi-cor_RO1.2.3.0.00.00.00;57146,36
Prefeitura Municipal de Borba - AM;1300805;AM;38688;Receitas Brutas Realizadas;1.3.0.0.00.00.00 - Receita Patrimonial;siconfi-cor_RO1.3.0.0.00.00.00;679737,97
Prefeitura Municipal de Borba - AM;1300805;AM;38688;Receitas Brutas Realizadas;1.3.1.0.00.00.00 - Receitas Imobiliárias;siconfi-cor_RO1.3.1.0.00.00.00;1207,55
Prefeitura Municipal de Borba - AM;1300805;AM;38688;Receitas Brutas Realizadas;1.3.1.9.00.00.00 - Outras Receitas Imobiliárias;siconfi-cor_RO1.3.1.9.00.00.00;1207,55
Prefeitura Municipal de Borba - AM;1300805;AM;38688;Receitas Brutas Realizadas;1.3.2.0.00.00.00 - Receitas de Valores Mobiliários;siconfi-cor_RO1.3.2.0.00.00.00;678530,42
Prefeitura Municipal de Borba - AM;1300805;AM;38688;Receitas Brutas Realizadas;1.3.2.5.00.00.00 - Remuneração de Depósitos Bancários;siconfi-cor_RO1.3.2.5.00.00.00;673542,71
Prefeitura Municipal de Borba - AM;1300805;AM;38688;Receitas Brutas Realizadas;1.3.2.8.00.00.00 - Remuneração dos Investimentos do Regime Próprio de Previdência do Servidor;siconfi-cor_RO1.3.2.8.00.00.00;4987,71
Prefeitura Municipal de Borba - AM;1300805;AM;38688;Receitas Brutas Realizadas;1.6.0.0.00.00.00 - Receita de Serviços;siconfi-cor_RO1.6.0.0.00.00.00;217237,46
Prefeitura Municipal de Borba - AM;1300805;AM;38688;Receitas Brutas Realizadas;1.6.0.0.13.00.00 - Serviços Administrativos;siconfi-cor_RO1.6.0.0.13.00.00;4840,95
Prefeitura Municipal de Borba - AM;1300805;AM;38688;Receitas Brutas Realizadas;1.6.0.0.99.00.00 - Demais Receitas de Serviços;siconfi-cor_RO1.6.0.0.99.00.00;212396,51
Prefeitura Municipal de Borba - AM;1300805;AM;38688;Receitas Brutas Realizadas;1.7.0.0.00.00.00 - Transferências Correntes;siconfi-cor_RO1.7.0.0.00.00.00;62693169,53
Prefeitura Municipal de Borba - AM;1300805;AM;38688;Receitas Brutas Realizadas;1.7.2.0.00.00.00 - Transferências Intergovernamentais;siconfi-cor_RO1.7.2.0.00.00.00;59907312,83
Prefeitura Municipal de Borba - AM;1300805;AM;38688;Receitas Brutas Realizadas;1.7.2.1.00.00.00 - Transferências da União;siconfi-cor_RO1.7.2.1.00.00.00;28274579,02
Prefeitura Municipal de Borba - AM;1300805;AM;38688;Receitas Brutas Realizadas;1.7.2.1.01.00.00 - Participação na Receita da União;siconfi-cor_RO1.7.2.1.01.00.00;17585755,21
Prefeitura Municipal de Borba - AM;1300805;AM;38688;Receitas Brutas Realizadas;1.7.2.1.01.02.00 - Cota-Parte do Fundo de Participação dos Municípios ¿ FPM;siconfi-cor_RO1.7.2.1.01.02.00;17582836,92
Prefeitura Municipal de Borba - AM;1300805;AM;38688;Receitas Brutas Realizadas;1.7.2.1.01.05.00 - Cota-Parte do Imposto Sobre a Propriedade Territorial Rural ¿ ITR;siconfi-cor_RO1.7.2.1.01.05.00;2918,29
Prefeitura Municipal de Borba - AM;1300805;AM;38688;Receitas Brutas Realizadas;1.7.2.1.22.00.00 - Transferências da Compensação Financeira pela Exploração de Recursos Naturais;siconfi-cor_RO1.7.2.1.22.00.00;263113,12
Prefeitura Municipal de Borba - AM;1300805;AM;38688;Receitas Brutas Realizadas;1.7.2.1.22.70.00 - Cota-Parte do Fundo Especial do Petróleo ¿ FEP;siconfi-cor_RO1.7.2.1.22.70.00;263113,12
Prefeitura Municipal de Borba - AM;1300805;AM;38688;Receitas Brutas Realizadas;1.7.2.1.33.00.00 - Transferências de Recursos do Sistema Único de Saúde - SUS - Repasses Fundo a Fundo;siconfi-cor_RO1.7.2.1.33.00.00;7610026,25
Prefeitura Municipal de Borba - AM;1300805;AM;38688;Receitas Brutas Realizadas;1.7.2.1.34.00.00 - Transferências de Recursos do Fundo Nacional de Assistência Social ¿ FNAS;siconfi-cor_RO1.7.2.1.34.00.00;552342,36
Prefeitura Municipal de Borba - AM;1300805;AM;38688;Receitas Brutas Realizadas;1.7.2.1.35.00.00 - Transferências de Recursos do Fundo Nacional do Desenvolvimento da Educação ¿ FNDE;siconfi-cor_RO1.7.2.1.35.00.00;1881985,29
Prefeitura Municipal de Borba - AM;1300805;AM;38688;Receitas Brutas Realizadas;1.7.2.1.36.00.00 - Transferências Financeiras do ICMS ¿ Desoneração ¿ L.C. Nº 87/96;siconfi-cor_RO1.7.2.1.36.00.00;25069,08
Prefeitura Municipal de Borba - AM;1300805;AM;38688;Receitas Brutas Realizadas;1.7.2.1.99.00.00 - Outras Transferências da União;siconfi-cor_RO1.7.2.1.99.00.00;356287,71
Prefeitura Municipal de Borba - AM;1300805;AM;38688;Receitas Brutas Realizadas;1.7.2.2.00.00.00 - Transferências dos Estados;siconfi-cor_RO1.7.2.2.00.00.00;11338704,97
Prefeitura Municipal de Borba - AM;1300805;AM;38688;Receitas Brutas Realizadas;1.7.2.2.01.00.00 - Participação na Receita dos Estados;siconfi-cor_RO1.7.2.2.01.00.00;10046094,9
Prefeitura Municipal de Borba - AM;1300805;AM;38688;Receitas Brutas Realizadas;1.7.2.2.01.01.00 - Cota-Parte do ICMS;siconfi-cor_RO1.7.2.2.01.01.00;9954740,95
Prefeitura Municipal de Borba - AM;1300805;AM;38688;Receitas Brutas Realizadas;1.7.2.2.01.02.00 - Cota-Parte do IPVA;siconfi-cor_RO1.7.2.2.01.02.00;36580,32
Prefeitura Municipal de Borba - AM;1300805;AM;38688;Receitas Brutas Realizadas;1.7.2.2.01.04.00 - Cota-Parte do IPI sobre Exportação;siconfi-cor_RO1.7.2.2.01.04.00;48283,15
Prefeitura Municipal de Borba - AM;1300805;AM;38688;Receitas Brutas Realizadas;1.7.2.2.01.13.00 - Cota-Parte da Contribuição de Intervenção no Domínio Econômico;siconfi-cor_RO1.7.2.2.01.13.00;6490,48
Prefeitura Municipal de Borba - AM;1300805;AM;38688;Receitas Brutas Realizadas;1.7.2.2.22.00.00 - Transferências da Cota-Parte da Compensação Financeira (25%);siconfi-cor_RO1.7.2.2.22.00.00;156367,45
Prefeitura Municipal de Borba - AM;1300805;AM;38688;Receitas Brutas Realizadas;1.7.2.2.22.30.00 - Cota-Parte Royalties - Compensação Financeira pela Produção de Petróleo - Lei nº 7.990/89 artigo 9º;siconfi-cor_RO1.7.2.2.22.30.00;156367,45
Prefeitura Municipal de Borba - AM;1300805;AM;38688;Receitas Brutas Realizadas;1.7.2.2.33.00.00 - Transferências de Recursos do Estado para Programas de Saúde - Repasse Fundo a Fundo;siconfi-cor_RO1.7.2.2.33.00.00;1136242,62
Prefeitura Municipal de Borba - AM;1300805;AM;38688;Receitas Brutas Realizadas;1.7.2.4.00.00.00 - Transferências Multigovernamentais;siconfi-cor_RO1.7.2.4.00.00.00;20294028,84
Prefeitura Municipal de Borba - AM;1300805;AM;38688;Receitas Brutas Realizadas;1.7.2.4.01.00.00 - Transferências de Recursos do Fundo de Manutenção e Desenvolvimento do Ensino Fundamental e de Valorização do Magistério - FUNDEB;siconfi-cor_RO1.7.2.4.01.00.00;16587549,23
Prefeitura Municipal de Borba - AM;1300805;AM;38688;Receitas Brutas Realizadas;1.7.2.4.02.00.00 - Transferências de Recursos da Complementação ao Fundo de Manutenção e Desenvolvimento do Ensino Fundamental e de Valorização do Magistério - FUNDEB;siconfi-cor_RO1.7.2.4.02.00.00;3706479,61
Prefeitura Municipal de Borba - AM;1300805;AM;38688;Receitas Brutas Realizadas;1.7.4.0.00.00.00 - Transferências do Exterior;siconfi-cor_RO1.7.4.0.00.00.00;967564,7
Prefeitura Municipal de Borba - AM;1300805;AM;38688;Receitas Brutas Realizadas;1.7.6.0.00.00.00 - Transferências de Convênios;siconfi-cor_RO1.7.6.0.00.00.00;1818292
Prefeitura Municipal de Borba - AM;1300805;AM;38688;Receitas Brutas Realizadas;1.7.6.1.00.00.00 - Transferências de Convênios da União e de Suas Entidades;siconfi-cor_RO1.7.6.1.00.00.00;66240
Prefeitura Municipal de Borba - AM;1300805;AM;38688;Receitas Brutas Realizadas;1.7.6.1.01.00.00 - Transferências de Convênios da União para o Sistema Único de Saúde - SUS;siconfi-cor_RO1.7.6.1.01.00.00;66240
Prefeitura Municipal de Borba - AM;1300805;AM;38688;Receitas Brutas Realizadas;1.7.6.2.00.00.00 - Transferências de Convênios dos Estados e do Distrito Federal e de Suas Entidades;siconfi-cor_RO1.7.6.2.00.00.00;1752052
Prefeitura Municipal de Borba - AM;1300805;AM;38688;Receitas Brutas Realizadas;1.7.6.2.02.00.00 - Transferências de Convênios dos Estados Destinadas a Programas de Educação;siconfi-cor_RO1.7.6.2.02.00.00;996300
Prefeitura Municipal de Borba - AM;1300805;AM;38688;Receitas Brutas Realizadas;1.7.6.2.99.00.00 - Outras Transferências de Convênios dos Estados;siconfi-cor_RO1.7.6.2.99.00.00;755752
Prefeitura Municipal de Borba - AM;1300805;AM;38688;Receitas Brutas Realizadas;1.9.0.0.00.00.00 - Outras Receitas Correntes;siconfi-cor_RO1.9.0.0.00.00.00;200317,72
Prefeitura Municipal de Borba - AM;1300805;AM;38688;Receitas Brutas Realizadas;1.9.2.0.00.00.00 - Indenizações e Restituições;siconfi-cor_RO1.9.2.0.00.00.00;58243,59
Prefeitura Municipal de Borba - AM;1300805;AM;38688;Receitas Brutas Realizadas;1.9.2.1.00.00.00 - Indenizações;siconfi-cor_RO1.9.2.1.00.00.00;45947,53
Prefeitura Municipal de Borba - AM;1300805;AM;38688;Receitas Brutas Realizadas;1.9.2.2.00.00.00 - Restituições;siconfi-cor_RO1.9.2.2.00.00.00;12296,06
Prefeitura Municipal de Borba - AM;1300805;AM;38688;Receitas Brutas Realizadas;1.9.2.2.99.00.00 - Outras Restituições;siconfi-cor_RO1.9.2.2.99.00.00;12296,06
Prefeitura Municipal de Borba - AM;1300805;AM;38688;Receitas Brutas Realizadas;1.9.3.0.00.00.00 - Receita da Dívida Ativa;siconfi-cor_RO1.9.3.0.00.00.00;15275,06
Prefeitura Municipal de Borba - AM;1300805;AM;38688;Receitas Brutas Realizadas;1.9.3.1.00.00.00 - Receita da Dívida Ativa Tributária;siconfi-cor_RO1.9.3.1.00.00.00;15275,06
Prefeitura Municipal de Borba - AM;1300805;AM;38688;Receitas Brutas Realizadas;1.9.9.0.00.00.00 - Receitas Diversas;siconfi-cor_RO1.9.9.0.00.00.00;126799,07
Prefeitura Municipal de Borba - AM;1300805;AM;38688;Receitas Brutas Realizadas;2.0.0.0.00.00.00 - Receitas de Capital;siconfi-cor_RO2.0.0.0.00.00.00;19659166,04
Prefeitura Municipal de Borba - AM;1300805;AM;38688;Receitas Brutas Realizadas;2.4.0.0.00.00.00 - Transferências de Capital;siconfi-cor_RO2.4.0.0.00.00.00;19659166,04
Prefeitura Municipal de Borba - AM;1300805;AM;38688;Receitas Brutas Realizadas;2.4.2.0.00.00.00 - Transferências Intergovernamentais;siconfi-cor_RO2.4.2.0.00.00.00;19567339,5
Prefeitura Municipal de Borba - AM;1300805;AM;38688;Receitas Brutas Realizadas;2.4.2.1.00.00.00 - Transferências da União;siconfi-cor_RO2.4.2.1.00.00.00;2030571,15
Prefeitura Municipal de Borba - AM;1300805;AM;38688;Receitas Brutas Realizadas;2.4.2.1.01.00.00 - Participação na Receita da União;siconfi-cor_RO2.4.2.1.01.00.00;280800
Prefeitura Municipal de Borba - AM;1300805;AM;38688;Receitas Brutas Realizadas;2.4.2.1.02.00.00 - Transferências de Recursos Destinados a Programas de Educação;siconfi-cor_RO2.4.2.1.02.00.00;690631,15
Prefeitura Municipal de Borba - AM;1300805;AM;38688;Receitas Brutas Realizadas;2.4.2.1.99.00.00 - Outras Transferências da União;siconfi-cor_RO2.4.2.1.99.00.00;1059140
Prefeitura Municipal de Borba - AM;1300805;AM;38688;Receitas Brutas Realizadas;2.4.2.2.00.00.00 - Transferências dos Estados;siconfi-cor_RO2.4.2.2.00.00.00;17536768,35
Prefeitura Municipal de Borba - AM;1300805;AM;38688;Receitas Brutas Realizadas;2.4.2.2.02.00.00 - Transferências de Recursos Destinados a Programas de Educação;siconfi-cor_RO2.4.2.2.02.00.00;7315944,34
Prefeitura Municipal de Borba - AM;1300805;AM;38688;Receitas Brutas Realizadas;2.4.2.2.99.00.00 - Outras Transferências dos Estados;siconfi-cor_RO2.4.2.2.99.00.00;10220824,01
Prefeitura Municipal de Borba - AM;1300805;AM;38688;Receitas Brutas Realizadas;2.4.7.0.00.00.00 - Transferências de Convênios;siconfi-cor_RO2.4.7.0.00.00.00;91826,54
Prefeitura Municipal de Borba - AM;1300805;AM;38688;Receitas Brutas Realizadas;2.4.7.1.00.00.00 - Transferências de Convênios da União e de suas Entidades;siconfi-cor_RO2.4.7.1.00.00.00;91826,54
Prefeitura Municipal de Borba - AM;1300805;AM;38688;Receitas Brutas Realizadas;2.4.7.1.99.00.00 - Outras Transferências de Convênios da União;siconfi-cor_RO2.4.7.1.99.00.00;91826,54
Prefeitura Municipal de Borba - AM;1300805;AM;38688;Deduções - FUNDEB;Total Receitas;siconfi-cor_TotalReceitas;5380730,84
Prefeitura Municipal de Borba - AM;1300805;AM;38688;Deduções - FUNDEB;1.0.0.0.00.00.00 - Receitas Correntes;siconfi-cor_RO1.0.0.0.00.00.00;5380730,84
Prefeitura Municipal de Borba - AM;1300805;AM;38688;Deduções - FUNDEB;1.7.0.0.00.00.00 - Transferências Correntes;siconfi-cor_RO1.7.0.0.00.00.00;5380730,84
Prefeitura Municipal de Borba - AM;1300805;AM;38688;Deduções - FUNDEB;1.7.2.0.00.00.00 - Transferências Intergovernamentais;siconfi-cor_RO1.7.2.0.00.00.00;5380730,84
Prefeitura Municipal de Borba - AM;1300805;AM;38688;Deduções - FUNDEB;1.7.2.1.00.00.00 - Transferências da União;siconfi-cor_RO1.7.2.1.00.00.00;3372810,47
Prefeitura Municipal de Borba - AM;1300805;AM;38688;Deduções - FUNDEB;1.7.2.1.01.00.00 - Participação na Receita da União;siconfi-cor_RO1.7.2.1.01.00.00;3367796,75
Prefeitura Municipal de Borba - AM;1300805;AM;38688;Deduções - FUNDEB;1.7.2.1.01.02.00 - Cota-Parte do Fundo de Participação dos Municípios ¿ FPM;siconfi-cor_RO1.7.2.1.01.02.00;3367213,13
Prefeitura Municipal de Borba - AM;1300805;AM;38688;Deduções - FUNDEB;1.7.2.1.01.05.00 - Cota-Parte do Imposto Sobre a Propriedade Territorial Rural ¿ ITR;siconfi-cor_RO1.7.2.1.01.05.00;583,62
Prefeitura Municipal de Borba - AM;1300805;AM;38688;Deduções - FUNDEB;1.7.2.1.36.00.00 - Transferências Financeiras do ICMS ¿ Desoneração ¿ L.C. Nº 87/96;siconfi-cor_RO1.7.2.1.36.00.00;5013,72
Prefeitura Municipal de Borba - AM;1300805;AM;38688;Deduções - FUNDEB;1.7.2.2.00.00.00 - Transferências dos Estados;siconfi-cor_RO1.7.2.2.00.00.00;2007920,37
Prefeitura Municipal de Borba - AM;1300805;AM;38688;Deduções - FUNDEB;1.7.2.2.01.00.00 - Participação na Receita dos Estados;siconfi-cor_RO1.7.2.2.01.00.00;2007920,37
Prefeitura Municipal de Borba - AM;1300805;AM;38688;Deduções - FUNDEB;1.7.2.2.01.01.00 - Cota-Parte do ICMS;siconfi-cor_RO1.7.2.2.01.01.00;1990948,18
Prefeitura Municipal de Borba - AM;1300805;AM;38688;Deduções - FUNDEB;1.7.2.2.01.02.00 - Cota-Parte do IPVA;siconfi-cor_RO1.7.2.2.01.02.00;7315,58
Prefeitura Municipal de Borba - AM;1300805;AM;38688;Deduções - FUNDEB;1.7.2.2.01.04.00 - Cota-Parte do IPI sobre Exportação;siconfi-cor_RO1.7.2.2.01.04.00;9656,61
Prefeitura Municipal de Codajás - AM;1301308;AM;26242;Receitas Brutas Realizadas;Total Receitas;siconfi-cor_TotalReceitas;37149446,58
Prefeitura Municipal de Codajás - AM;1301308;AM;26242;Receitas Brutas Realizadas;1.0.0.0.00.00.00 - Receitas Correntes;siconfi-cor_RO1.0.0.0.00.00.00;37146446,58
Prefeitura Municipal de Codajás - AM;1301308;AM;26242;Receitas Brutas Realizadas;1.1.0.0.00.00.00 - Receita Tributária;siconfi-cor_RO1.1.0.0.00.00.00;959125,87
Prefeitura Municipal de Codajás - AM;1301308;AM;26242;Receitas Brutas Realizadas;1.1.1.0.00.00.00 - Impostos;siconfi-cor_RO1.1.1.0.00.00.00;930602,33
Prefeitura Municipal de Codajás - AM;1301308;AM;26242;Receitas Brutas Realizadas;1.1.1.2.00.00.00 - Impostos sobre o Patrimônio e a Renda;siconfi-cor_RO1.1.1.2.00.00.00;477354,61
Prefeitura Municipal de Codajás - AM;1301308;AM;26242;Receitas Brutas Realizadas;1.1.1.2.02.00.00 - Imposto sobre a Propriedade Predial e Territorial Urbana ¿ IPTU;siconfi-cor_RO1.1.1.2.02.00.00;7749,68
Prefeitura Municipal de Codajás - AM;1301308;AM;26242;Receitas Brutas Realizadas;1.1.1.2.04.00.00 - Imposto sobre a Renda e Proventos de Qualquer Natureza ¿ IR;siconfi-cor_RO1.1.1.2.04.00.00;458655,86
Prefeitura Municipal de Codajás - AM;1301308;AM;26242;Receitas Brutas Realizadas;1.1.1.2.04.31.00 - Retido nas Fontes - Trabalho;siconfi-cor_RO1.1.1.2.04.31.00;392756,36
Prefeitura Municipal de Codajás - AM;1301308;AM;26242;Receitas Brutas Realizadas;1.1.1.2.04.34.00 - Retido nas Fontes - Outros Rendimentos;siconfi-cor_RO1.1.1.2.04.34.00;65899,5
Prefeitura Municipal de Codajás - AM;1301308;AM;26242;Receitas Brutas Realizadas;"1.1.1.2.08.00.00 - Imposto sobre Transmissão Inter Vivos"" de Bens Imóveis e de Direitos Reais sobre Imóveis ¿ ITBI""";siconfi-cor_RO1.1.1.2.08.00.00;10949,07
Prefeitura Municipal de Codajás - AM;1301308;AM;26242;Receitas Brutas Realizadas;1.1.1.3.00.00.00 - Impostos sobre a Produção e a Circulação;siconfi-cor_RO1.1.1.3.00.00.00;453247,72
Prefeitura Municipal de Codajás - AM;1301308;AM;26242;Receitas Brutas Realizadas;1.1.1.3.05.00.00 - Imposto sobre Serviços de Qualquer Natureza ¿ ISSQN;siconfi-cor_RO1.1.1.3.05.00.00;453247,72
Prefeitura Municipal de Codajás - AM;1301308;AM;26242;Receitas Brutas Realizadas;1.1.2.0.00.00.00 - Taxas;siconfi-cor_RO1.1.2.0.00.00.00;28523,54
Prefeitura Municipal de Codajás - AM;1301308;AM;26242;Receitas Brutas Realizadas;1.1.2.1.00.00.00 - Taxas pelo Exercício do Poder de Polícia;siconfi-cor_RO1.1.2.1.00.00.00;27206,04
Prefeitura Municipal de Codajás - AM;1301308;AM;26242;Receitas Brutas Realizadas;1.1.2.2.00.00.00 - Taxas pela Prestação de Serviços;siconfi-cor_RO1.1.2.2.00.00.00;1317,5
Prefeitura Municipal de Codajás - AM;1301308;AM;26242;Receitas Brutas Realizadas;1.3.0.0.00.00.00 - Receita Patrimonial;siconfi-cor_RO1.3.0.0.00.00.00;232750,54
Prefeitura Municipal de Codajás - AM;1301308;AM;26242;Receitas Brutas Realizadas;1.3.2.0.00.00.00 - Receitas de Valores Mobiliários;siconfi-cor_RO1.3.2.0.00.00.00;232750,54
Prefeitura Municipal de Codajás - AM;1301308;AM;26242;Receitas Brutas Realizadas;1.3.2.5.00.00.00 - Remuneração de Depósitos Bancários;siconfi-cor_RO1.3.2.5.00.00.00;232750,54
Prefeitura Municipal de Codajás - AM;1301308;AM;26242;Receitas Brutas Realizadas;1.6.0.0.00.00.00 - Receita de Serviços;siconfi-cor_RO1.6.0.0.00.00.00;3169,37
Prefeitura Municipal de Codajás - AM;1301308;AM;26242;Receitas Brutas Realizadas;1.6.0.0.13.00.00 - Serviços Administrativos;siconfi-cor_RO1.6.0.0.13.00.00;3169,37
Prefeitura Municipal de Codajás - AM;1301308;AM;26242;Receitas Brutas Realizadas;1.7.0.0.00.00.00 - Transferências Correntes;siconfi-cor_RO1.7.0.0.00.00.00;35936758,17
Prefeitura Municipal de Codajás - AM;1301308;AM;26242;Receitas Brutas Realizadas;1.7.2.0.00.00.00 - Transferências Intergovernamentais;siconfi-cor_RO1.7.2.0.00.00.00;35936758,17
Prefeitura Municipal de Codajás - AM;1301308;AM;26242;Receitas Brutas Realizadas;1.7.2.1.00.00.00 - Transferências da União;siconfi-cor_RO1.7.2.1.00.00.00;18279515,97
Prefeitura Municipal de Codajás - AM;1301308;AM;26242;Receitas Brutas Realizadas;1.7.2.1.01.00.00 - Participação na Receita da União;siconfi-cor_RO1.7.2.1.01.00.00;13677473,86
Prefeitura Municipal de Codajás - AM;1301308;AM;26242;Receitas Brutas Realizadas;1.7.2.1.01.02.00 - Cota-Parte do Fundo de Participação dos Municípios ¿ FPM;siconfi-cor_RO1.7.2.1.01.02.00;13675539,83
Prefeitura Municipal de Codajás - AM;1301308;AM;26242;Receitas Brutas Realizadas;1.7.2.1.01.05.00 - Cota-Parte do Imposto Sobre a Propriedade Territorial Rural ¿ ITR;siconfi-cor_RO1.7.2.1.01.05.00;1934,03
Prefeitura Municipal de Codajás - AM;1301308;AM;26242;Receitas Brutas Realizadas;1.7.2.1.22.00.00 - Transferências da Compensação Financeira pela Exploração de Recursos Naturais;siconfi-cor_RO1.7.2.1.22.00.00;950042,14
Prefeitura Municipal de Codajás - AM;1301308;AM;26242;Receitas Brutas Realizadas;1.7.2.1.22.40.00 - Cota-Parte Royalties pelo Excedente da Produção do Petróleo - Lei nº 9.478/97 artigo 49 I e II;siconfi-cor_RO1.7.2.1.22.40.00;745398,59
Prefeitura Municipal de Codajás - AM;1301308;AM;26242;Receitas Brutas Realizadas;1.7.2.1.22.70.00 - Cota-Parte do Fundo Especial do Petróleo ¿ FEP;siconfi-cor_RO1.7.2.1.22.70.00;204643,55
Prefeitura Municipal de Codajás - AM;1301308;AM;26242;Receitas Brutas Realizadas;1.7.2.1.33.00.00 - Transferências de Recursos do Sistema Único de Saúde - SUS - Repasses Fundo a Fundo;siconfi-cor_RO1.7.2.1.33.00.00;2373563,97
Prefeitura Municipal de Codajás - AM;1301308;AM;26242;Receitas Brutas Realizadas;1.7.2.1.34.00.00 - Transferências de Recursos do Fundo Nacional de Assistência Social ¿ FNAS;siconfi-cor_RO1.7.2.1.34.00.00;230829,48
Prefeitura Municipal de Codajás - AM;1301308;AM;26242;Receitas Brutas Realizadas;1.7.2.1.35.00.00 - Transferências de Recursos do Fundo Nacional do Desenvolvimento da Educação ¿ FNDE;siconfi-cor_RO1.7.2.1.35.00.00;742788,04
Prefeitura Municipal de Codajás - AM;1301308;AM;26242;Receitas Brutas Realizadas;1.7.2.1.36.00.00 - Transferências Financeiras do ICMS ¿ Desoneração ¿ L.C. Nº 87/96;siconfi-cor_RO1.7.2.1.36.00.00;23697,36
Prefeitura Municipal de Codajás - AM;1301308;AM;26242;Receitas Brutas Realizadas;1.7.2.1.99.00.00 - Outras Transferências da União;siconfi-cor_RO1.7.2.1.99.00.00;281121,12
Prefeitura Municipal de Codajás - AM;1301308;AM;26242;Receitas Brutas Realizadas;1.7.2.2.00.00.00 - Transferências dos Estados;siconfi-cor_RO1.7.2.2.00.00.00;9796604,57
Prefeitura Municipal de Codajás - AM;1301308;AM;26242;Receitas Brutas Realizadas;1.7.2.2.01.00.00 - Participação na Receita dos Estados;siconfi-cor_RO1.7.2.2.01.00.00;9477655,43
Prefeitura Municipal de Codajás - AM;1301308;AM;26242;Receitas Brutas Realizadas;1.7.2.2.01.01.00 - Cota-Parte do ICMS;siconfi-cor_RO1.7.2.2.01.01.00;9410039,56
Prefeitura Municipal de Codajás - AM;1301308;AM;26242;Receitas Brutas Realizadas;1.7.2.2.01.02.00 - Cota-Parte do IPVA;siconfi-cor_RO1.7.2.2.01.02.00;16787,24
Prefeitura Municipal de Codajás - AM;1301308;AM;26242;Receitas Brutas Realizadas;1.7.2.2.01.04.00 - Cota-Parte do IPI sobre Exportação;siconfi-cor_RO1.7.2.2.01.04.00;45641,13
Prefeitura Municipal de Codajás - AM;1301308;AM;26242;Receitas Brutas Realizadas;1.7.2.2.01.13.00 - Cota-Parte da Contribuição de Intervenção no Domínio Econômico;siconfi-cor_RO1.7.2.2.01.13.00;5187,5
Prefeitura Municipal de Codajás - AM;1301308;AM;26242;Receitas Brutas Realizadas;1.7.2.2.22.00.00 - Transferências da Cota-Parte da Compensação Financeira (25%);siconfi-cor_RO1.7.2.2.22.00.00;147811,38
Prefeitura Municipal de Codajás - AM;1301308;AM;26242;Receitas Brutas Realizadas;1.7.2.2.22.30.00 - Cota-Parte Royalties - Compensação Financeira pela Produção de Petróleo - Lei nº 7.990/89 artigo 9º;siconfi-cor_RO1.7.2.2.22.30.00;147811,38
Prefeitura Municipal de Codajás - AM;1301308;AM;26242;Receitas Brutas Realizadas;1.7.2.2.33.00.00 - Transferências de Recursos do Estado para Programas de Saúde - Repasse Fundo a Fundo;siconfi-cor_RO1.7.2.2.33.00.00;171137,76
Prefeitura Municipal de Codajás - AM;1301308;AM;26242;Receitas Brutas Realizadas;1.7.2.4.00.00.00 - Transferências Multigovernamentais;siconfi-cor_RO1.7.2.4.00.00.00;7860637,63
Prefeitura Municipal de Codajás - AM;1301308;AM;26242;Receitas Brutas Realizadas;1.7.2.4.01.00.00 - Transferências de Recursos do Fundo de Manutenção e Desenvolvimento do Ensino Fundamental e de Valorização do Magistério - FUNDEB;siconfi-cor_RO1.7.2.4.01.00.00;6341403,38
Prefeitura Municipal de Codajás - AM;1301308;AM;26242;Receitas Brutas Realizadas;1.7.2.4.02.00.00 - Transferências de Recursos da Complementação ao Fundo de Manutenção e Desenvolvimento do Ensino Fundamental e de Valorização do Magistério - FUNDEB;siconfi-cor_RO1.7.2.4.02.00.00;1519234,25
Prefeitura Municipal de Codajás - AM;1301308;AM;26242;Receitas Brutas Realizadas;1.9.0.0.00.00.00 - Outras Receitas Correntes;siconfi-cor_RO1.9.0.0.00.00.00;14642,63
Prefeitura Municipal de Codajás - AM;1301308;AM;26242;Receitas Brutas Realizadas;1.9.2.0.00.00.00 - Indenizações e Restituições;siconfi-cor_RO1.9.2.0.00.00.00;14642,63
Prefeitura Municipal de Codajás - AM;1301308;AM;26242;Receitas Brutas Realizadas;1.9.2.2.00.00.00 - Restituições;siconfi-cor_RO1.9.2.2.00.00.00;14642,63
Prefeitura Municipal de Codajás - AM;1301308;AM;26242;Receitas Brutas Realizadas;1.9.2.2.99.00.00 - Outras Restituições;siconfi-cor_RO1.9.2.2.99.00.00;14642,63
Prefeitura Municipal de Codajás - AM;1301308;AM;26242;Receitas Brutas Realizadas;2.0.0.0.00.00.00 - Receitas de Capital;siconfi-cor_RO2.0.0.0.00.00.00;3000
Prefeitura Municipal de Codajás - AM;1301308;AM;26242;Receitas Brutas Realizadas;2.4.0.0.00.00.00 - Transferências de Capital;siconfi-cor_RO2.4.0.0.00.00.00;3000
Prefeitura Municipal de Codajás - AM;1301308;AM;26242;Receitas Brutas Realizadas;2.4.2.0.00.00.00 - Transferências Intergovernamentais;siconfi-cor_RO2.4.2.0.00.00.00;3000
Prefeitura Municipal de Codajás - AM;1301308;AM;26242;Receitas Brutas Realizadas;2.4.2.1.00.00.00 - Transferências da União;siconfi-cor_RO2.4.2.1.00.00.00;3000
Prefeitura Municipal de Codajás - AM;1301308;AM;26242;Receitas Brutas Realizadas;2.4.2.1.01.00.00 - Participação na Receita da União;siconfi-cor_RO2.4.2.1.01.00.00;3000
Prefeitura Municipal de Codajás - AM;1301308;AM;26242;Deduções - FUNDEB;Total Receitas;siconfi-cor_TotalReceitas;4518562,95
Prefeitura Municipal de Codajás - AM;1301308;AM;26242;Deduções - FUNDEB;1.0.0.0.00.00.00 - Receitas Correntes;siconfi-cor_RO1.0.0.0.00.00.00;4518562,95
Prefeitura Municipal de Codajás - AM;1301308;AM;26242;Deduções - FUNDEB;1.7.0.0.00.00.00 - Transferências Correntes;siconfi-cor_RO1.7.0.0.00.00.00;4518562,95
Prefeitura Municipal de Codajás - AM;1301308;AM;26242;Deduções - FUNDEB;1.7.2.0.00.00.00 - Transferências Intergovernamentais;siconfi-cor_RO1.7.2.0.00.00.00;4518562,95
Prefeitura Municipal de Codajás - AM;1301308;AM;26242;Deduções - FUNDEB;1.7.2.1.00.00.00 - Transferências da União;siconfi-cor_RO1.7.2.1.00.00.00;2624069,67
Prefeitura Municipal de Codajás - AM;1301308;AM;26242;Deduções - FUNDEB;1.7.2.1.01.00.00 - Participação na Receita da União;siconfi-cor_RO1.7.2.1.01.00.00;2619330,27
Prefeitura Municipal de Codajás - AM;1301308;AM;26242;Deduções - FUNDEB;1.7.2.1.01.02.00 - Cota-Parte do Fundo de Participação dos Municípios ¿ FPM;siconfi-cor_RO1.7.2.1.01.02.00;2618943,48
Prefeitura Municipal de Codajás - AM;1301308;AM;26242;Deduções - FUNDEB;1.7.2.1.01.05.00 - Cota-Parte do Imposto Sobre a Propriedade Territorial Rural ¿ ITR;siconfi-cor_RO1.7.2.1.01.05.00;386,79
Prefeitura Municipal de Codajás - AM;1301308;AM;26242;Deduções - FUNDEB;1.7.2.1.36.00.00 - Transferências Financeiras do ICMS ¿ Desoneração ¿ L.C. Nº 87/96;siconfi-cor_RO1.7.2.1.36.00.00;4739,4
Prefeitura Municipal de Codajás - AM;1301308;AM;26242;Deduções - FUNDEB;1.7.2.2.00.00.00 - Transferências dos Estados;siconfi-cor_RO1.7.2.2.00.00.00;1894493,28
Prefeitura Municipal de Codajás - AM;1301308;AM;26242;Deduções - FUNDEB;1.7.2.2.01.00.00 - Participação na Receita dos Estados;siconfi-cor_RO1.7.2.2.01.00.00;1894493,28
Prefeitura Municipal de Codajás - AM;1301308;AM;26242;Deduções - FUNDEB;1.7.2.2.01.01.00 - Cota-Parte do ICMS;siconfi-cor_RO1.7.2.2.01.01.00;1882007,89
Prefeitura Municipal de Codajás - AM;1301308;AM;26242;Deduções - FUNDEB;1.7.2.2.01.02.00 - Cota-Parte do IPVA;siconfi-cor_RO1.7.2.2.01.02.00;3357,17
Prefeitura Municipal de Codajás - AM;1301308;AM;26242;Deduções - FUNDEB;1.7.2.2.01.04.00 - Cota-Parte do IPI sobre Exportação;siconfi-cor_RO1.7.2.2.01.04.00;9128,22
Prefeitura Municipal de Japurá - AM;1302108;AM;5599;Receitas Brutas Realizadas;Total Receitas;siconfi-cor_TotalReceitas;34851125,39
Prefeitura Municipal de Japurá - AM;1302108;AM;5599;Receitas Brutas Realizadas;1.0.0.0.00.00.00 - Receitas Correntes;siconfi-cor_RO1.0.0.0.00.00.00;25933135,09
Prefeitura Municipal de Japurá - AM;1302108;AM;5599;Receitas Brutas Realizadas;1.1.0.0.00.00.00 - Receita Tributária;siconfi-cor_RO1.1.0.0.00.00.00;959485,56
Prefeitura Municipal de Japurá - AM;1302108;AM;5599;Receitas Brutas Realizadas;1.1.1.0.00.00.00 - Impostos;siconfi-cor_RO1.1.1.0.00.00.00;533651,33
Prefeitura Municipal de Japurá - AM;1302108;AM;5599;Receitas Brutas Realizadas;1.1.1.2.00.00.00 - Impostos sobre o Patrimônio e a Renda;siconfi-cor_RO1.1.1.2.00.00.00;211745,75
Prefeitura Municipal de Japurá - AM;1302108;AM;5599;Receitas Brutas Realizadas;1.1.1.2.02.00.00 - Imposto sobre a Propriedade Predial e Territorial Urbana ¿ IPTU;siconfi-cor_RO1.1.1.2.02.00.00;413,82
Prefeitura Municipal de Japurá - AM;1302108;AM;5599;Receitas Brutas Realizadas;1.1.1.2.04.00.00 - Imposto sobre a Renda e Proventos de Qualquer Natureza ¿ IR;siconfi-cor_RO1.1.1.2.04.00.00;211331,93
Prefeitura Municipal de Japurá - AM;1302108;AM;5599;Receitas Brutas Realizadas;1.1.1.2.04.31.00 - Retido nas Fontes - Trabalho;siconfi-cor_RO1.1.1.2.04.31.00;164837,37
Prefeitura Municipal de Japurá - AM;1302108;AM;5599;Receitas Brutas Realizadas;1.1.1.2.04.34.00 - Retido nas Fontes - Outros Rendimentos;siconfi-cor_RO1.1.1.2.04.34.00;46494,56
Prefeitura Municipal de Japurá - AM;1302108;AM;5599;Receitas Brutas Realizadas;1.1.1.3.00.00.00 - Impostos sobre a Produção e a Circulação;siconfi-cor_RO1.1.1.3.00.00.00;321905,58
Prefeitura Municipal de Japurá - AM;1302108;AM;5599;Receitas Brutas Realizadas;1.1.1.3.05.00.00 - Imposto sobre Serviços de Qualquer Natureza ¿ ISSQN;siconfi-cor_RO1.1.1.3.05.00.00;321905,58
Prefeitura Municipal de Japurá - AM;1302108;AM;5599;Receitas Brutas Realizadas;1.1.2.0.00.00.00 - Taxas;siconfi-cor_RO1.1.2.0.00.00.00;425834,23
Prefeitura Municipal de Japurá - AM;1302108;AM;5599;Receitas Brutas Realizadas;1.1.2.1.00.00.00 - Taxas pelo Exercício do Poder de Polícia;siconfi-cor_RO1.1.2.1.00.00.00;425285,23
Prefeitura Municipal de Japurá - AM;1302108;AM;5599;Receitas Brutas Realizadas;1.1.2.2.00.00.00 - Taxas pela Prestação de Serviços;siconfi-cor_RO1.1.2.2.00.00.00;549
Prefeitura Municipal de Japurá - AM;1302108;AM;5599;Receitas Brutas Realizadas;1.3.0.0.00.00.00 - Receita Patrimonial;siconfi-cor_RO1.3.0.0.00.00.00;216613,3
Prefeitura Municipal de Japurá - AM;1302108;AM;5599;Receitas Brutas Realizadas;1.3.2.0.00.00.00 - Receitas de Valores Mobiliários;siconfi-cor_RO1.3.2.0.00.00.00;216613,3
Prefeitura Municipal de Japurá - AM;1302108;AM;5599;Receitas Brutas Realizadas;1.3.2.5.00.00.00 - Remuneração de Depósitos Bancários;siconfi-cor_RO1.3.2.5.00.00.00;216613,3
Prefeitura Municipal de Japurá - AM;1302108;AM;5599;Receitas Brutas Realizadas;1.7.0.0.00.00.00 - Transferências Correntes;siconfi-cor_RO1.7.0.0.00.00.00;24757036,23
Prefeitura Municipal de Japurá - AM;1302108;AM;5599;Receitas Brutas Realizadas;1.7.2.0.00.00.00 - Transferências Intergovernamentais;siconfi-cor_RO1.7.2.0.00.00.00;24378394,23
Prefeitura Municipal de Japurá - AM;1302108;AM;5599;Receitas Brutas Realizadas;1.7.2.1.00.00.00 - Transferências da União;siconfi-cor_RO1.7.2.1.00.00.00;8591696,17
Prefeitura Municipal de Japurá - AM;1302108;AM;5599;Receitas Brutas Realizadas;1.7.2.1.01.00.00 - Participação na Receita da União;siconfi-cor_RO1.7.2.1.01.00.00;5860945,63
Prefeitura Municipal de Japurá - AM;1302108;AM;5599;Receitas Brutas Realizadas;1.7.2.1.01.02.00 - Cota-Parte do Fundo de Participação dos Municípios ¿ FPM;siconfi-cor_RO1.7.2.1.01.02.00;5860945,63
Prefeitura Municipal de Japurá - AM;1302108;AM;5599;Receitas Brutas Realizadas;1.7.2.1.22.00.00 - Transferências da Compensação Financeira pela Exploração de Recursos Naturais;siconfi-cor_RO1.7.2.1.22.00.00;80828,91
Prefeitura Municipal de Japurá - AM;1302108;AM;5599;Receitas Brutas Realizadas;1.7.2.1.22.70.00 - Cota-Parte do Fundo Especial do Petróleo ¿ FEP;siconfi-cor_RO1.7.2.1.22.70.00;80828,91
Prefeitura Municipal de Japurá - AM;1302108;AM;5599;Receitas Brutas Realizadas;1.7.2.1.33.00.00 - Transferências de Recursos do Sistema Único de Saúde - SUS - Repasses Fundo a Fundo;siconfi-cor_RO1.7.2.1.33.00.00;1191076,7
Prefeitura Municipal de Japurá - AM;1302108;AM;5599;Receitas Brutas Realizadas;1.7.2.1.34.00.00 - Transferências de Recursos do Fundo Nacional de Assistência Social ¿ FNAS;siconfi-cor_RO1.7.2.1.34.00.00;188603,65
Prefeitura Municipal de Japurá - AM;1302108;AM;5599;Receitas Brutas Realizadas;1.7.2.1.35.00.00 - Transferências de Recursos do Fundo Nacional do Desenvolvimento da Educação ¿ FNDE;siconfi-cor_RO1.7.2.1.35.00.00;1118639,97
Prefeitura Municipal de Japurá - AM;1302108;AM;5599;Receitas Brutas Realizadas;1.7.2.1.36.00.00 - Transferências Financeiras do ICMS ¿ Desoneração ¿ L.C. Nº 87/96;siconfi-cor_RO1.7.2.1.36.00.00;20882,04
Prefeitura Municipal de Japurá - AM;1302108;AM;5599;Receitas Brutas Realizadas;1.7.2.1.99.00.00 - Outras Transferências da União;siconfi-cor_RO1.7.2.1.99.00.00;130719,27
Prefeitura Municipal de Japurá - AM;1302108;AM;5599;Receitas Brutas Realizadas;1.7.2.2.00.00.00 - Transferências dos Estados;siconfi-cor_RO1.7.2.2.00.00.00;8813035,62
Prefeitura Municipal de Japurá - AM;1302108;AM;5599;Receitas Brutas Realizadas;1.7.2.2.01.00.00 - Participação na Receita dos Estados;siconfi-cor_RO1.7.2.2.01.00.00;8345349,39
Prefeitura Municipal de Japurá - AM;1302108;AM;5599;Receitas Brutas Realizadas;1.7.2.2.01.01.00 - Cota-Parte do ICMS;siconfi-cor_RO1.7.2.2.01.01.00;8292073
Prefeitura Municipal de Japurá - AM;1302108;AM;5599;Receitas Brutas Realizadas;1.7.2.2.01.02.00 - Cota-Parte do IPVA;siconfi-cor_RO1.7.2.2.01.02.00;11025,84
Prefeitura Municipal de Japurá - AM;1302108;AM;5599;Receitas Brutas Realizadas;1.7.2.2.01.04.00 - Cota-Parte do IPI sobre Exportação;siconfi-cor_RO1.7.2.2.01.04.00;40218,76
Prefeitura Municipal de Japurá - AM;1302108;AM;5599;Receitas Brutas Realizadas;1.7.2.2.01.13.00 - Cota-Parte da Contribuição de Intervenção no Domínio Econômico;siconfi-cor_RO1.7.2.2.01.13.00;2031,79
Prefeitura Municipal de Japurá - AM;1302108;AM;5599;Receitas Brutas Realizadas;1.7.2.2.22.00.00 - Transferências da Cota-Parte da Compensação Financeira (25%);siconfi-cor_RO1.7.2.2.22.00.00;130250,55
Prefeitura Municipal de Japurá - AM;1302108;AM;5599;Receitas Brutas Realizadas;1.7.2.2.22.30.00 - Cota-Parte Royalties - Compensação Financeira pela Produção de Petróleo - Lei nº 7.990/89 artigo 9º;siconfi-cor_RO1.7.2.2.22.30.00;130250,55
Prefeitura Municipal de Japurá - AM;1302108;AM;5599;Receitas Brutas Realizadas;1.7.2.2.33.00.00 - Transferências de Recursos do Estado para Programas de Saúde - Repasse Fundo a Fundo;siconfi-cor_RO1.7.2.2.33.00.00;337435,68
Prefeitura Municipal de Japurá - AM;1302108;AM;5599;Receitas Brutas Realizadas;1.7.2.4.00.00.00 - Transferências Multigovernamentais;siconfi-cor_RO1.7.2.4.00.00.00;6973662,44
Prefeitura Municipal de Japurá - AM;1302108;AM;5599;Receitas Brutas Realizadas;1.7.2.4.01.00.00 - Transferências de Recursos do Fundo de Manutenção e Desenvolvimento do Ensino Fundamental e de Valorização do Magistério - FUNDEB;siconfi-cor_RO1.7.2.4.01.00.00;5657173,03
Prefeitura Municipal de Japurá - AM;1302108;AM;5599;Receitas Brutas Realizadas;1.7.2.4.02.00.00 - Transferências de Recursos da Complementação ao Fundo de Manutenção e Desenvolvimento do Ensino Fundamental e de Valorização do Magistério - FUNDEB;siconfi-cor_RO1.7.2.4.02.00.00;1316489,41
Prefeitura Municipal de Japurá - AM;1302108;AM;5599;Receitas Brutas Realizadas;1.7.6.0.00.00.00 - Transferências de Convênios;siconfi-cor_RO1.7.6.0.00.00.00;378642
Prefeitura Municipal de Japurá - AM;1302108;AM;5599;Receitas Brutas Realizadas;1.7.6.1.00.00.00 - Transferências de Convênios da União e de Suas Entidades;siconfi-cor_RO1.7.6.1.00.00.00;147442
Prefeitura Municipal de Japurá - AM;1302108;AM;5599;Receitas Brutas Realizadas;1.7.6.1.01.00.00 - Transferências de Convênios da União para o Sistema Único de Saúde - SUS;siconfi-cor_RO1.7.6.1.01.00.00;147442
Prefeitura Municipal de Japurá - AM;1302108;AM;5599;Receitas Brutas Realizadas;1.7.6.2.00.00.00 - Transferências de Convênios dos Estados e do Distrito Federal e de Suas Entidades;siconfi-cor_RO1.7.6.2.00.00.00;231200
Prefeitura Municipal de Japurá - AM;1302108;AM;5599;Receitas Brutas Realizadas;1.7.6.2.02.00.00 - Transferências de Convênios dos Estados Destinadas a Programas de Educação;siconfi-cor_RO1.7.6.2.02.00.00;231200
Prefeitura Municipal de Japurá - AM;1302108;AM;5599;Receitas Brutas Realizadas;2.0.0.0.00.00.00 - Receitas de Capital;siconfi-cor_RO2.0.0.0.00.00.00;8917990,3
Prefeitura Municipal de Japurá - AM;1302108;AM;5599;Receitas Brutas Realizadas;2.4.0.0.00.00.00 - Transferências de Capital;siconfi-cor_RO2.4.0.0.00.00.00;8917990,3
Prefeitura Municipal de Japurá - AM;1302108;AM;5599;Receitas Brutas Realizadas;2.4.2.0.00.00.00 - Transferências Intergovernamentais;siconfi-cor_RO2.4.2.0.00.00.00;898308,78
Prefeitura Municipal de Japurá - AM;1302108;AM;5599;Receitas Brutas Realizadas;2.4.2.1.00.00.00 - Transferências da União;siconfi-cor_RO2.4.2.1.00.00.00;898308,78
Prefeitura Municipal de Japurá - AM;1302108;AM;5599;Receitas Brutas Realizadas;2.4.2.1.01.00.00 - Participação na Receita da União;siconfi-cor_RO2.4.2.1.01.00.00;692216,11
Prefeitura Municipal de Japurá - AM;1302108;AM;5599;Receitas Brutas Realizadas;2.4.2.1.02.00.00 - Transferências de Recursos Destinados a Programas de Educação;siconfi-cor_RO2.4.2.1.02.00.00;206092,67
Prefeitura Municipal de Japurá - AM;1302108;AM;5599;Receitas Brutas Realizadas;2.4.7.0.00.00.00 - Transferências de Convênios;siconfi-cor_RO2.4.7.0.00.00.00;8019681,52
Prefeitura Municipal de Japurá - AM;1302108;AM;5599;Receitas Brutas Realizadas;2.4.7.1.00.00.00 - Transferências de Convênios da União e de suas Entidades;siconfi-cor_RO2.4.7.1.00.00.00;3476130,12
Prefeitura Municipal de Japurá - AM;1302108;AM;5599;Receitas Brutas Realizadas;2.4.7.1.02.00.00 - Transferências de Convênios da União Destinadas a Programas de Educação;siconfi-cor_RO2.4.7.1.02.00.00;1066875
Prefeitura Municipal de Japurá - AM;1302108;AM;5599;Receitas Brutas Realizadas;2.4.7.1.05.00.00 - Transferências de Convênios da União Destinadas a Programas de Infraestrutura em Transporte;siconfi-cor_RO2.4.7.1.05.00.00;1674255,12
Prefeitura Municipal de Japurá - AM;1302108;AM;5599;Receitas Brutas Realizadas;2.4.7.1.99.00.00 - Outras Transferências de Convênios da União;siconfi-cor_RO2.4.7.1.99.00.00;735000
Prefeitura Municipal de Japurá - AM;1302108;AM;5599;Receitas Brutas Realizadas;2.4.7.2.00.00.00 - Transferências de Convênios dos Estados e do Distrito Federal e de suas Entidades;siconfi-cor_RO2.4.7.2.00.00.00;4543551,4
Prefeitura Municipal de Japurá - AM;1302108;AM;5599;Receitas Brutas Realizadas;2.4.7.2.02.00.00 - Transferências de Convênios dos Estados Destinadas a Programas de Educação;siconfi-cor_RO2.4.7.2.02.00.00;160947,85
Prefeitura Municipal de Japurá - AM;1302108;AM;5599;Receitas Brutas Realizadas;2.4.7.2.99.00.00 - Outras Transferências de Convênios dos Estados;siconfi-cor_RO2.4.7.2.99.00.00;4382603,55
Prefeitura Municipal de Japurá - AM;1302108;AM;5599;Deduções - FUNDEB;Total Receitas;siconfi-cor_TotalReceitas;2795243,93
Prefeitura Municipal de Japurá - AM;1302108;AM;5599;Deduções - FUNDEB;1.0.0.0.00.00.00 - Receitas Correntes;siconfi-cor_RO1.0.0.0.00.00.00;2795243,93
Prefeitura Municipal de Japurá - AM;1302108;AM;5599;Deduções - FUNDEB;1.7.0.0.00.00.00 - Transferências Correntes;siconfi-cor_RO1.7.0.0.00.00.00;2795243,93
Prefeitura Municipal de Japurá - AM;1302108;AM;5599;Deduções - FUNDEB;1.7.2.0.00.00.00 - Transferências Intergovernamentais;siconfi-cor_RO1.7.2.0.00.00.00;2795243,93
Prefeitura Municipal de Japurá - AM;1302108;AM;5599;Deduções - FUNDEB;1.7.2.1.00.00.00 - Transferências da União;siconfi-cor_RO1.7.2.1.00.00.00;1126580,53
Prefeitura Municipal de Japurá - AM;1302108;AM;5599;Deduções - FUNDEB;1.7.2.1.01.00.00 - Participação na Receita da União;siconfi-cor_RO1.7.2.1.01.00.00;1122404,17
Prefeitura Municipal de Japurá - AM;1302108;AM;5599;Deduções - FUNDEB;1.7.2.1.01.02.00 - Cota-Parte do Fundo de Participação dos Municípios ¿ FPM;siconfi-cor_RO1.7.2.1.01.02.00;1122404,17
Prefeitura Municipal de Japurá - AM;1302108;AM;5599;Deduções - FUNDEB;1.7.2.1.36.00.00 - Transferências Financeiras do ICMS ¿ Desoneração ¿ L.C. Nº 87/96;siconfi-cor_RO1.7.2.1.36.00.00;4176,36
Prefeitura Municipal de Japurá - AM;1302108;AM;5599;Deduções - FUNDEB;1.7.2.2.00.00.00 - Transferências dos Estados;siconfi-cor_RO1.7.2.2.00.00.00;1668663,4
Prefeitura Municipal de Japurá - AM;1302108;AM;5599;Deduções - FUNDEB;1.7.2.2.01.00.00 - Participação na Receita dos Estados;siconfi-cor_RO1.7.2.2.01.00.00;1668663,4
Prefeitura Municipal de Japurá - AM;1302108;AM;5599;Deduções - FUNDEB;1.7.2.2.01.01.00 - Cota-Parte do ICMS;siconfi-cor_RO1.7.2.2.01.01.00;1658414,62
Prefeitura Municipal de Japurá - AM;1302108;AM;5599;Deduções - FUNDEB;1.7.2.2.01.02.00 - Cota-Parte do IPVA;siconfi-cor_RO1.7.2.2.01.02.00;2205,04
Prefeitura Municipal de Japurá - AM;1302108;AM;5599;Deduções - FUNDEB;1.7.2.2.01.04.00 - Cota-Parte do IPI sobre Exportação;siconfi-cor_RO1.7.2.2.01.04.00;8043,74
Prefeitura Municipal de Urucará - AM;1304302;AM;17264;Receitas Brutas Realizadas;Total Receitas;siconfi-cor_TotalReceitas;40548467,24
Prefeitura Municipal de Urucará - AM;1304302;AM;17264;Receitas Brutas Realizadas;1.0.0.0.00.00.00 - Receitas Correntes;siconfi-cor_RO1.0.0.0.00.00.00;40548467,24
Prefeitura Municipal de Urucará - AM;1304302;AM;17264;Receitas Brutas Realizadas;1.1.0.0.00.00.00 - Receita Tributária;siconfi-cor_RO1.1.0.0.00.00.00;1365161,41
Prefeitura Municipal de Urucará - AM;1304302;AM;17264;Receitas Brutas Realizadas;1.1.1.0.00.00.00 - Impostos;siconfi-cor_RO1.1.1.0.00.00.00;1320859,28
Prefeitura Municipal de Urucará - AM;1304302;AM;17264;Receitas Brutas Realizadas;1.1.1.2.00.00.00 - Impostos sobre o Patrimônio e a Renda;siconfi-cor_RO1.1.1.2.00.00.00;735917,72
Prefeitura Municipal de Urucará - AM;1304302;AM;17264;Receitas Brutas Realizadas;1.1.1.2.02.00.00 - Imposto sobre a Propriedade Predial e Territorial Urbana ¿ IPTU;siconfi-cor_RO1.1.1.2.02.00.00;27925,33
Prefeitura Municipal de Urucará - AM;1304302;AM;17264;Receitas Brutas Realizadas;1.1.1.2.04.00.00 - Imposto sobre a Renda e Proventos de Qualquer Natureza ¿ IR;siconfi-cor_RO1.1.1.2.04.00.00;698441,13
Prefeitura Municipal de Urucará - AM;1304302;AM;17264;Receitas Brutas Realizadas;1.1.1.2.04.31.00 - Retido nas Fontes - Trabalho;siconfi-cor_RO1.1.1.2.04.31.00;684239,61
Prefeitura Municipal de Urucará - AM;1304302;AM;17264;Receitas Brutas Realizadas;1.1.1.2.04.34.00 - Retido nas Fontes - Outros Rendimentos;siconfi-cor_RO1.1.1.2.04.34.00;14201,52
Prefeitura Municipal de Urucará - AM;1304302;AM;17264;Receitas Brutas Realizadas;"1.1.1.2.08.00.00 - Imposto sobre Transmissão Inter Vivos"" de Bens Imóveis e de Direitos Reais sobre Imóveis ¿ ITBI""";siconfi-cor_RO1.1.1.2.08.00.00;9551,26
Prefeitura Municipal de Urucará - AM;1304302;AM;17264;Receitas Brutas Realizadas;1.1.1.3.00.00.00 - Impostos sobre a Produção e a Circulação;siconfi-cor_RO1.1.1.3.00.00.00;584941,56
Prefeitura Municipal de Urucará - AM;1304302;AM;17264;Receitas Brutas Realizadas;1.1.1.3.05.00.00 - Imposto sobre Serviços de Qualquer Natureza ¿ ISSQN;siconfi-cor_RO1.1.1.3.05.00.00;584941,56
Prefeitura Municipal de Urucará - AM;1304302;AM;17264;Receitas Brutas Realizadas;1.1.2.0.00.00.00 - Taxas;siconfi-cor_RO1.1.2.0.00.00.00;44302,13
Prefeitura Municipal de Urucará - AM;1304302;AM;17264;Receitas Brutas Realizadas;1.1.2.1.00.00.00 - Taxas pelo Exercício do Poder de Polícia;siconfi-cor_RO1.1.2.1.00.00.00;10356,29
Prefeitura Municipal de Urucará - AM;1304302;AM;17264;Receitas Brutas Realizadas;1.1.2.2.00.00.00 - Taxas pela Prestação de Serviços;siconfi-cor_RO1.1.2.2.00.00.00;33945,84
Prefeitura Municipal de Urucará - AM;1304302;AM;17264;Receitas Brutas Realizadas;1.2.0.0.00.00.00 - Receitas de Contribuições;siconfi-cor_RO1.2.0.0.00.00.00;926646,92
Prefeitura Municipal de Urucará - AM;1304302;AM;17264;Receitas Brutas Realizadas;1.2.1.0.00.00.00 - Contribuições Sociais;siconfi-cor_RO1.2.1.0.00.00.00;926646,92
Prefeitura Municipal de Urucará - AM;1304302;AM;17264;Receitas Brutas Realizadas;1.2.1.0.29.00.00 - Contribuições para o Regime Próprio de Previdência do Servidor Público;siconfi-cor_RO1.2.1.0.29.00.00;926646,92
Prefeitura Municipal de Urucará - AM;1304302;AM;17264;Receitas Brutas Realizadas;1.2.1.0.29.01.00 - Contribuição Patronal de Servidor Ativo Civil para o Regime Próprio;siconfi-cor_RO1.2.1.0.29.01.00;87072,77
Prefeitura Municipal de Urucará - AM;1304302;AM;17264;Receitas Brutas Realizadas;1.2.1.0.29.07.00 - Contribuição do Servidor Ativo Civil para o Regime Próprio;siconfi-cor_RO1.2.1.0.29.07.00;839574,15
Prefeitura Municipal de Urucará - AM;1304302;AM;17264;Receitas Brutas Realizadas;1.3.0.0.00.00.00 - Receita Patrimonial;siconfi-cor_RO1.3.0.0.00.00.00;601047,23
Prefeitura Municipal de Urucará - AM;1304302;AM;17264;Receitas Brutas Realizadas;1.3.2.0.00.00.00 - Receitas de Valores Mobiliários;siconfi-cor_RO1.3.2.0.00.00.00;601047,23
Prefeitura Municipal de Urucará - AM;1304302;AM;17264;Receitas Brutas Realizadas;1.3.2.5.00.00.00 - Remuneração de Depósitos Bancários;siconfi-cor_RO1.3.2.5.00.00.00;601047,23
Prefeitura Municipal de Urucará - AM;1304302;AM;17264;Receitas Brutas Realizadas;1.6.0.0.00.00.00 - Receita de Serviços;siconfi-cor_RO1.6.0.0.00.00.00;534454,13
Prefeitura Municipal de Urucará - AM;1304302;AM;17264;Receitas Brutas Realizadas;1.6.0.0.99.00.00 - Demais Receitas de Serviços;siconfi-cor_RO1.6.0.0.99.00.00;534454,13
Prefeitura Municipal de Urucará - AM;1304302;AM;17264;Receitas Brutas Realizadas;1.7.0.0.00.00.00 - Transferências Correntes;siconfi-cor_RO1.7.0.0.00.00.00;36905803,29
Prefeitura Municipal de Urucará - AM;1304302;AM;17264;Receitas Brutas Realizadas;1.7.2.0.00.00.00 - Transferências Intergovernamentais;siconfi-cor_RO1.7.2.0.00.00.00;35505903,29
Prefeitura Municipal de Urucará - AM;1304302;AM;17264;Receitas Brutas Realizadas;1.7.2.1.00.00.00 - Transferências da União;siconfi-cor_RO1.7.2.1.00.00.00;17130759,35
Prefeitura Municipal de Urucará - AM;1304302;AM;17264;Receitas Brutas Realizadas;1.7.2.1.01.00.00 - Participação na Receita da União;siconfi-cor_RO1.7.2.1.01.00.00;11945662,93
Prefeitura Municipal de Urucará - AM;1304302;AM;17264;Receitas Brutas Realizadas;1.7.2.1.01.02.00 - Cota-Parte do Fundo de Participação dos Municípios ¿ FPM;siconfi-cor_RO1.7.2.1.01.02.00;11943462,82
Prefeitura Municipal de Urucará - AM;1304302;AM;17264;Receitas Brutas Realizadas;1.7.2.1.01.05.00 - Cota-Parte do Imposto Sobre a Propriedade Territorial Rural ¿ ITR;siconfi-cor_RO1.7.2.1.01.05.00;2200,11
Prefeitura Municipal de Urucará - AM;1304302;AM;17264;Receitas Brutas Realizadas;1.7.2.1.22.00.00 - Transferências da Compensação Financeira pela Exploração de Recursos Naturais;siconfi-cor_RO1.7.2.1.22.00.00;491213,42
Prefeitura Municipal de Urucará - AM;1304302;AM;17264;Receitas Brutas Realizadas;1.7.2.1.22.11.00 - Cota-Parte da Compensação Financeira de Recursos Hídricos;siconfi-cor_RO1.7.2.1.22.11.00;12739,88
Prefeitura Municipal de Urucará - AM;1304302;AM;17264;Receitas Brutas Realizadas;1.7.2.1.22.20.00 - Cota-Parte da Compensação Financeira de Recursos Minerais - CFEM;siconfi-cor_RO1.7.2.1.22.20.00;186638,35
Prefeitura Municipal de Urucará - AM;1304302;AM;17264;Receitas Brutas Realizadas;1.7.2.1.22.40.00 - Cota-Parte Royalties pelo Excedente da Produção do Petróleo - Lei nº 9.478/97 artigo 49 I e II;siconfi-cor_RO1.7.2.1.22.40.00;116426,45
Prefeitura Municipal de Urucará - AM;1304302;AM;17264;Receitas Brutas Realizadas;1.7.2.1.22.70.00 - Cota-Parte do Fundo Especial do Petróleo ¿ FEP;siconfi-cor_RO1.7.2.1.22.70.00;175408,74
Prefeitura Municipal de Urucará - AM;1304302;AM;17264;Receitas Brutas Realizadas;1.7.2.1.33.00.00 - Transferências de Recursos do Sistema Único de Saúde - SUS - Repasses Fundo a Fundo;siconfi-cor_RO1.7.2.1.33.00.00;3374340,41
Prefeitura Municipal de Urucará - AM;1304302;AM;17264;Receitas Brutas Realizadas;1.7.2.1.34.00.00 - Transferências de Recursos do Fundo Nacional de Assistência Social ¿ FNAS;siconfi-cor_RO1.7.2.1.34.00.00;386401,97
Prefeitura Municipal de Urucará - AM;1304302;AM;17264;Receitas Brutas Realizadas;1.7.2.1.35.00.00 - Transferências de Recursos do Fundo Nacional do Desenvolvimento da Educação ¿ FNDE;siconfi-cor_RO1.7.2.1.35.00.00;884200,45
Prefeitura Municipal de Urucará - AM;1304302;AM;17264;Receitas Brutas Realizadas;1.7.2.1.36.00.00 - Transferências Financeiras do ICMS ¿ Desoneração ¿ L.C. Nº 87/96;siconfi-cor_RO1.7.2.1.36.00.00;25038,72
Prefeitura Municipal de Urucará - AM;1304302;AM;17264;Receitas Brutas Realizadas;1.7.2.1.99.00.00 - Outras Transferências da União;siconfi-cor_RO1.7.2.1.99.00.00;23901,45
Prefeitura Municipal de Urucará - AM;1304302;AM;17264;Receitas Brutas Realizadas;1.7.2.2.00.00.00 - Transferências dos Estados;siconfi-cor_RO1.7.2.2.00.00.00;10476862,19
Prefeitura Municipal de Urucará - AM;1304302;AM;17264;Receitas Brutas Realizadas;1.7.2.2.01.00.00 - Participação na Receita dos Estados;siconfi-cor_RO1.7.2.2.01.00.00;10144602,21
Prefeitura Municipal de Urucará - AM;1304302;AM;17264;Receitas Brutas Realizadas;1.7.2.2.01.01.00 - Cota-Parte do ICMS;siconfi-cor_RO1.7.2.2.01.01.00;9942682,63
Prefeitura Municipal de Urucará - AM;1304302;AM;17264;Receitas Brutas Realizadas;1.7.2.2.01.02.00 - Cota-Parte do IPVA;siconfi-cor_RO1.7.2.2.01.02.00;48643,9
Prefeitura Municipal de Urucará - AM;1304302;AM;17264;Receitas Brutas Realizadas;1.7.2.2.01.04.00 - Cota-Parte do IPI sobre Exportação;siconfi-cor_RO1.7.2.2.01.04.00;48224,6
Prefeitura Municipal de Urucará - AM;1304302;AM;17264;Receitas Brutas Realizadas;1.7.2.2.01.13.00 - Cota-Parte da Contribuição de Intervenção no Domínio Econômico;siconfi-cor_RO1.7.2.2.01.13.00;3686,08
Prefeitura Municipal de Urucará - AM;1304302;AM;17264;Receitas Brutas Realizadas;1.7.2.2.01.99.00 - Outras Participações na Receita dos Estados;siconfi-cor_RO1.7.2.2.01.99.00;101365
Prefeitura Municipal de Urucará - AM;1304302;AM;17264;Receitas Brutas Realizadas;1.7.2.2.22.00.00 - Transferências da Cota-Parte da Compensação Financeira (25%);siconfi-cor_RO1.7.2.2.22.00.00;156178,02
Prefeitura Municipal de Urucará - AM;1304302;AM;17264;Receitas Brutas Realizadas;1.7.2.2.22.30.00 - Cota-Parte Royalties - Compensação Financeira pela Produção de Petróleo - Lei nº 7.990/89 artigo 9º;siconfi-cor_RO1.7.2.2.22.30.00;156178,02
Prefeitura Municipal de Urucará - AM;1304302;AM;17264;Receitas Brutas Realizadas;1.7.2.2.33.00.00 - Transferências de Recursos do Estado para Programas de Saúde - Repasse Fundo a Fundo;siconfi-cor_RO1.7.2.2.33.00.00;176081,96
Prefeitura Municipal de Urucará - AM;1304302;AM;17264;Receitas Brutas Realizadas;1.7.2.3.00.00.00 - Transferências dos Municípios;siconfi-cor_RO1.7.2.3.00.00.00;341938,25
Prefeitura Municipal de Urucará - AM;1304302;AM;17264;Receitas Brutas Realizadas;1.7.2.3.99.00.00 - Outras Transferências dos Municípios;siconfi-cor_RO1.7.2.3.99.00.00;341938,25
Prefeitura Municipal de Urucará - AM;1304302;AM;17264;Receitas Brutas Realizadas;1.7.2.4.00.00.00 - Transferências Multigovernamentais;siconfi-cor_RO1.7.2.4.00.00.00;7556343,5
Prefeitura Municipal de Urucará - AM;1304302;AM;17264;Receitas Brutas Realizadas;1.7.2.4.01.00.00 - Transferências de Recursos do Fundo de Manutenção e Desenvolvimento do Ensino Fundamental e de Valorização do Magistério - FUNDEB;siconfi-cor_RO1.7.2.4.01.00.00;6126713,94
Prefeitura Municipal de Urucará - AM;1304302;AM;17264;Receitas Brutas Realizadas;1.7.2.4.02.00.00 - Transferências de Recursos da Complementação ao Fundo de Manutenção e Desenvolvimento do Ensino Fundamental e de Valorização do Magistério - FUNDEB;siconfi-cor_RO1.7.2.4.02.00.00;1429629,56
Prefeitura Municipal de Urucará - AM;1304302;AM;17264;Receitas Brutas Realizadas;1.7.6.0.00.00.00 - Transferências de Convênios;siconfi-cor_RO1.7.6.0.00.00.00;1399900
Prefeitura Municipal de Urucará - AM;1304302;AM;17264;Receitas Brutas Realizadas;1.7.6.2.00.00.00 - Transferências de Convênios dos Estados e do Distrito Federal e de Suas Entidades;siconfi-cor_RO1.7.6.2.00.00.00;1399900
Prefeitura Municipal de Urucará - AM;1304302;AM;17264;Receitas Brutas Realizadas;1.7.6.2.99.00.00 - Outras Transferências de Convênios dos Estados;siconfi-cor_RO1.7.6.2.99.00.00;1399900
Prefeitura Municipal de Urucará - AM;1304302;AM;17264;Receitas Brutas Realizadas;1.9.0.0.00.00.00 - Outras Receitas Correntes;siconfi-cor_RO1.9.0.0.00.00.00;215354,26
Prefeitura Municipal de Urucará - AM;1304302;AM;17264;Receitas Brutas Realizadas;1.9.1.0.00.00.00 - Multas e Juros de Mora;siconfi-cor_RO1.9.1.0.00.00.00;8904,88
Prefeitura Municipal de Urucará - AM;1304302;AM;17264;Receitas Brutas Realizadas;1.9.1.9.00.00.00 - Multas de Outras Origens;siconfi-cor_RO1.9.1.9.00.00.00;8904,88
Prefeitura Municipal de Urucará - AM;1304302;AM;17264;Receitas Brutas Realizadas;1.9.3.0.00.00.00 - Receita da Dívida Ativa;siconfi-cor_RO1.9.3.0.00.00.00;90092,75
Prefeitura Municipal de Urucará - AM;1304302;AM;17264;Receitas Brutas Realizadas;1.9.3.2.00.00.00 - Receita da Dívida Ativa Não Tributária;siconfi-cor_RO1.9.3.2.00.00.00;90092,75
Prefeitura Municipal de Urucará - AM;1304302;AM;17264;Receitas Brutas Realizadas;1.9.9.0.00.00.00 - Receitas Diversas;siconfi-cor_RO1.9.9.0.00.00.00;116356,63
Prefeitura Municipal de Urucará - AM;1304302;AM;17264;Deduções - FUNDEB;Total Receitas;siconfi-cor_TotalReceitas;-4258175,24
Prefeitura Municipal de Urucará - AM;1304302;AM;17264;Deduções - FUNDEB;1.0.0.0.00.00.00 - Receitas Correntes;siconfi-cor_RO1.0.0.0.00.00.00;-4258175,24
Prefeitura Municipal de Urucará - AM;1304302;AM;17264;Deduções - FUNDEB;1.7.0.0.00.00.00 - Transferências Correntes;siconfi-cor_RO1.7.0.0.00.00.00;-4258175,24
Prefeitura Municipal de Urucará - AM;1304302;AM;17264;Deduções - FUNDEB;1.7.2.0.00.00.00 - Transferências Intergovernamentais;siconfi-cor_RO1.7.2.0.00.00.00;-4258175,24
Prefeitura Municipal de Urucará - AM;1304302;AM;17264;Deduções - FUNDEB;1.7.2.1.00.00.00 - Transferências da União;siconfi-cor_RO1.7.2.1.00.00.00;-2250256,34
Prefeitura Municipal de Urucará - AM;1304302;AM;17264;Deduções - FUNDEB;1.7.2.1.01.00.00 - Participação na Receita da União;siconfi-cor_RO1.7.2.1.01.00.00;-2245248,62
Prefeitura Municipal de Urucará - AM;1304302;AM;17264;Deduções - FUNDEB;1.7.2.1.01.02.00 - Cota-Parte do Fundo de Participação dos Municípios ¿ FPM;siconfi-cor_RO1.7.2.1.01.02.00;-2244808,66
Prefeitura Municipal de Urucará - AM;1304302;AM;17264;Deduções - FUNDEB;1.7.2.1.01.05.00 - Cota-Parte do Imposto Sobre a Propriedade Territorial Rural ¿ ITR;siconfi-cor_RO1.7.2.1.01.05.00;-439,96
Prefeitura Municipal de Urucará - AM;1304302;AM;17264;Deduções - FUNDEB;1.7.2.1.36.00.00 - Transferências Financeiras do ICMS ¿ Desoneração ¿ L.C. Nº 87/96;siconfi-cor_RO1.7.2.1.36.00.00;-5007,72
Prefeitura Municipal de Urucará - AM;1304302;AM;17264;Deduções - FUNDEB;1.7.2.2.00.00.00 - Transferências dos Estados;siconfi-cor_RO1.7.2.2.00.00.00;-2007918,9
Prefeitura Municipal de Urucará - AM;1304302;AM;17264;Deduções - FUNDEB;1.7.2.2.01.00.00 - Participação na Receita dos Estados;siconfi-cor_RO1.7.2.2.01.00.00;-2007918,9
Prefeitura Municipal de Urucará - AM;1304302;AM;17264;Deduções - FUNDEB;1.7.2.2.01.01.00 - Cota-Parte do ICMS;siconfi-cor_RO1.7.2.2.01.01.00;-1988585,23
Prefeitura Municipal de Urucará - AM;1304302;AM;17264;Deduções - FUNDEB;1.7.2.2.01.02.00 - Cota-Parte do IPVA;siconfi-cor_RO1.7.2.2.01.02.00;-9688,9
Prefeitura Municipal de Urucará - AM;1304302;AM;17264;Deduções - FUNDEB;1.7.2.2.01.04.00 - Cota-Parte do IPI sobre Exportação;siconfi-cor_RO1.7.2.2.01.04.00;-9644,77
Prefeitura Municipal de Maraã - AM;1302801;AM;18367;Receitas Brutas Realizadas;Total Receitas;siconfi-cor_TotalReceitas;43964887,92
Prefeitura Municipal de Maraã - AM;1302801;AM;18367;Receitas Brutas Realizadas;1.0.0.0.00.00.00 - Receitas Correntes;siconfi-cor_RO1.0.0.0.00.00.00;41848585,47
Prefeitura Municipal de Maraã - AM;1302801;AM;18367;Receitas Brutas Realizadas;1.1.0.0.00.00.00 - Receita Tributária;siconfi-cor_RO1.1.0.0.00.00.00;761816,11
Prefeitura Municipal de Maraã - AM;1302801;AM;18367;Receitas Brutas Realizadas;1.1.1.0.00.00.00 - Impostos;siconfi-cor_RO1.1.1.0.00.00.00;700423,21
Prefeitura Municipal de Maraã - AM;1302801;AM;18367;Receitas Brutas Realizadas;1.1.1.2.00.00.00 - Impostos sobre o Patrimônio e a Renda;siconfi-cor_RO1.1.1.2.00.00.00;335022,33
Prefeitura Municipal de Maraã - AM;1302801;AM;18367;Receitas Brutas Realizadas;1.1.1.2.02.00.00 - Imposto sobre a Propriedade Predial e Territorial Urbana ¿ IPTU;siconfi-cor_RO1.1.1.2.02.00.00;31498,63
Prefeitura Municipal de Maraã - AM;1302801;AM;18367;Receitas Brutas Realizadas;1.1.1.2.04.00.00 - Imposto sobre a Renda e Proventos de Qualquer Natureza ¿ IR;siconfi-cor_RO1.1.1.2.04.00.00;303523,7
Prefeitura Municipal de Maraã - AM;1302801;AM;18367;Receitas Brutas Realizadas;1.1.1.2.04.31.00 - Retido nas Fontes - Trabalho;siconfi-cor_RO1.1.1.2.04.31.00;299270,75
Prefeitura Municipal de Maraã - AM;1302801;AM;18367;Receitas Brutas Realizadas;1.1.1.2.04.34.00 - Retido nas Fontes - Outros Rendimentos;siconfi-cor_RO1.1.1.2.04.34.00;4252,95
Prefeitura Municipal de Maraã - AM;1302801;AM;18367;Receitas Brutas Realizadas;1.1.1.3.00.00.00 - Impostos sobre a Produção e a Circulação;siconfi-cor_RO1.1.1.3.00.00.00;365400,88
Prefeitura Municipal de Maraã - AM;1302801;AM;18367;Receitas Brutas Realizadas;1.1.1.3.05.00.00 - Imposto sobre Serviços de Qualquer Natureza ¿ ISSQN;siconfi-cor_RO1.1.1.3.05.00.00;365400,88
Prefeitura Municipal de Maraã - AM;1302801;AM;18367;Receitas Brutas Realizadas;1.1.2.0.00.00.00 - Taxas;siconfi-cor_RO1.1.2.0.00.00.00;61392,9
Prefeitura Municipal de Maraã - AM;1302801;AM;18367;Receitas Brutas Realizadas;1.1.2.1.00.00.00 - Taxas pelo Exercício do Poder de Polícia;siconfi-cor_RO1.1.2.1.00.00.00;23313,34
Prefeitura Municipal de Maraã - AM;1302801;AM;18367;Receitas Brutas Realizadas;1.1.2.2.00.00.00 - Taxas pela Prestação de Serviços;siconfi-cor_RO1.1.2.2.00.00.00;38079,56
Prefeitura Municipal de Maraã - AM;1302801;AM;18367;Receitas Brutas Realizadas;1.2.0.0.00.00.00 - Receitas de Contribuições;siconfi-cor_RO1.2.0.0.00.00.00;994212,49
Prefeitura Municipal de Maraã - AM;1302801;AM;18367;Receitas Brutas Realizadas;1.2.1.0.00.00.00 - Contribuições Sociais;siconfi-cor_RO1.2.1.0.00.00.00;994212,49
Prefeitura Municipal de Maraã - AM;1302801;AM;18367;Receitas Brutas Realizadas;1.2.1.0.29.00.00 - Contribuições para o Regime Próprio de Previdência do Servidor Público;siconfi-cor_RO1.2.1.0.29.00.00;994212,49
Prefeitura Municipal de Maraã - AM;1302801;AM;18367;Receitas Brutas Realizadas;1.2.1.0.29.01.00 - Contribuição Patronal de Servidor Ativo Civil para o Regime Próprio;siconfi-cor_RO1.2.1.0.29.01.00;747835,19
Prefeitura Municipal de Maraã - AM;1302801;AM;18367;Receitas Brutas Realizadas;1.2.1.0.29.07.00 - Contribuição do Servidor Ativo Civil para o Regime Próprio;siconfi-cor_RO1.2.1.0.29.07.00;246377,3
Prefeitura Municipal de Maraã - AM;1302801;AM;18367;Receitas Brutas Realizadas;1.3.0.0.00.00.00 - Receita Patrimonial;siconfi-cor_RO1.3.0.0.00.00.00;385334
Prefeitura Municipal de Maraã - AM;1302801;AM;18367;Receitas Brutas Realizadas;1.3.2.0.00.00.00 - Receitas de Valores Mobiliários;siconfi-cor_RO1.3.2.0.00.00.00;385334
Prefeitura Municipal de Maraã - AM;1302801;AM;18367;Receitas Brutas Realizadas;1.3.2.2.00.00.00 - Dividendos;siconfi-cor_RO1.3.2.2.00.00.00;837,01
Prefeitura Municipal de Maraã - AM;1302801;AM;18367;Receitas Brutas Realizadas;1.3.2.5.00.00.00 - Remuneração de Depósitos Bancários;siconfi-cor_RO1.3.2.5.00.00.00;384496,99
Prefeitura Municipal de Maraã - AM;1302801;AM;18367;Receitas Brutas Realizadas;1.7.0.0.00.00.00 - Transferências Correntes;siconfi-cor_RO1.7.0.0.00.00.00;39549310,7
Prefeitura Municipal de Maraã - AM;1302801;AM;18367;Receitas Brutas Realizadas;1.7.2.0.00.00.00 - Transferências Intergovernamentais;siconfi-cor_RO1.7.2.0.00.00.00;38573110,7
Prefeitura Municipal de Maraã - AM;1302801;AM;18367;Receitas Brutas Realizadas;1.7.2.1.00.00.00 - Transferências da União;siconfi-cor_RO1.7.2.1.00.00.00;16488704,31
Prefeitura Municipal de Maraã - AM;1302801;AM;18367;Receitas Brutas Realizadas;1.7.2.1.01.00.00 - Participação na Receita da União;siconfi-cor_RO1.7.2.1.01.00.00;11723695,1
Prefeitura Municipal de Maraã - AM;1302801;AM;18367;Receitas Brutas Realizadas;1.7.2.1.01.02.00 - Cota-Parte do Fundo de Participação dos Municípios ¿ FPM;siconfi-cor_RO1.7.2.1.01.02.00;11721891,31
Prefeitura Municipal de Maraã - AM;1302801;AM;18367;Receitas Brutas Realizadas;1.7.2.1.01.05.00 - Cota-Parte do Imposto Sobre a Propriedade Territorial Rural ¿ ITR;siconfi-cor_RO1.7.2.1.01.05.00;1803,79
Prefeitura Municipal de Maraã - AM;1302801;AM;18367;Receitas Brutas Realizadas;1.7.2.1.22.00.00 - Transferências da Compensação Financeira pela Exploração de Recursos Naturais;siconfi-cor_RO1.7.2.1.22.00.00;193631,16
Prefeitura Municipal de Maraã - AM;1302801;AM;18367;Receitas Brutas Realizadas;1.7.2.1.22.70.00 - Cota-Parte do Fundo Especial do Petróleo ¿ FEP;siconfi-cor_RO1.7.2.1.22.70.00;193631,16
Prefeitura Municipal de Maraã - AM;1302801;AM;18367;Receitas Brutas Realizadas;1.7.2.1.33.00.00 - Transferências de Recursos do Sistema Único de Saúde - SUS - Repasses Fundo a Fundo;siconfi-cor_RO1.7.2.1.33.00.00;2477421,52
Prefeitura Municipal de Maraã - AM;1302801;AM;18367;Receitas Brutas Realizadas;1.7.2.1.34.00.00 - Transferências de Recursos do Fundo Nacional de Assistência Social ¿ FNAS;siconfi-cor_RO1.7.2.1.34.00.00;431344,54
Prefeitura Municipal de Maraã - AM;1302801;AM;18367;Receitas Brutas Realizadas;1.7.2.1.35.00.00 - Transferências de Recursos do Fundo Nacional do Desenvolvimento da Educação ¿ FNDE;siconfi-cor_RO1.7.2.1.35.00.00;1374321,38
Prefeitura Municipal de Maraã - AM;1302801;AM;18367;Receitas Brutas Realizadas;1.7.2.1.36.00.00 - Transferências Financeiras do ICMS ¿ Desoneração ¿ L.C. Nº 87/96;siconfi-cor_RO1.7.2.1.36.00.00;19089,48
Prefeitura Municipal de Maraã - AM;1302801;AM;18367;Receitas Brutas Realizadas;1.7.2.1.99.00.00 - Outras Transferências da União;siconfi-cor_RO1.7.2.1.99.00.00;269201,13
Prefeitura Municipal de Maraã - AM;1302801;AM;18367;Receitas Brutas Realizadas;1.7.2.2.00.00.00 - Transferências dos Estados;siconfi-cor_RO1.7.2.2.00.00.00;7921847,79
Prefeitura Municipal de Maraã - AM;1302801;AM;18367;Receitas Brutas Realizadas;1.7.2.2.01.00.00 - Participação na Receita dos Estados;siconfi-cor_RO1.7.2.2.01.00.00;7627049,81
Prefeitura Municipal de Maraã - AM;1302801;AM;18367;Receitas Brutas Realizadas;1.7.2.2.01.01.00 - Cota-Parte do ICMS;siconfi-cor_RO1.7.2.2.01.01.00;7580281,46
Prefeitura Municipal de Maraã - AM;1302801;AM;18367;Receitas Brutas Realizadas;1.7.2.2.01.02.00 - Cota-Parte do IPVA;siconfi-cor_RO1.7.2.2.01.02.00;5758,1
Prefeitura Municipal de Maraã - AM;1302801;AM;18367;Receitas Brutas Realizadas;1.7.2.2.01.04.00 - Cota-Parte do IPI sobre Exportação;siconfi-cor_RO1.7.2.2.01.04.00;36766,37
Prefeitura Municipal de Maraã - AM;1302801;AM;18367;Receitas Brutas Realizadas;1.7.2.2.01.13.00 - Cota-Parte da Contribuição de Intervenção no Domínio Econômico;siconfi-cor_RO1.7.2.2.01.13.00;4243,88
Prefeitura Municipal de Maraã - AM;1302801;AM;18367;Receitas Brutas Realizadas;1.7.2.2.22.00.00 - Transferências da Cota-Parte da Compensação Financeira (25%);siconfi-cor_RO1.7.2.2.22.00.00;119069,83
Prefeitura Municipal de Maraã - AM;1302801;AM;18367;Receitas Brutas Realizadas;1.7.2.2.22.30.00 - Cota-Parte Royalties - Compensação Financeira pela Produção de Petróleo - Lei nº 7.990/89 artigo 9º;siconfi-cor_RO1.7.2.2.22.30.00;119069,83
Prefeitura Municipal de Maraã - AM;1302801;AM;18367;Receitas Brutas Realizadas;1.7.2.2.33.00.00 - Transferências de Recursos do Estado para Programas de Saúde - Repasse Fundo a Fundo;siconfi-cor_RO1.7.2.2.33.00.00;175728,15
Prefeitura Municipal de Maraã - AM;1302801;AM;18367;Receitas Brutas Realizadas;1.7.2.4.00.00.00 - Transferências Multigovernamentais;siconfi-cor_RO1.7.2.4.00.00.00;14162558,6
Prefeitura Municipal de Maraã - AM;1302801;AM;18367;Receitas Brutas Realizadas;1.7.2.4.01.00.00 - Transferências de Recursos do Fundo de Manutenção e Desenvolvimento do Ensino Fundamental e de Valorização do Magistério - FUNDEB;siconfi-cor_RO1.7.2.4.01.00.00;11559686,62
Prefeitura Municipal de Maraã - AM;1302801;AM;18367;Receitas Brutas Realizadas;1.7.2.4.02.00.00 - Transferências de Recursos da Complementação ao Fundo de Manutenção e Desenvolvimento do Ensino Fundamental e de Valorização do Magistério - FUNDEB;siconfi-cor_RO1.7.2.4.02.00.00;2602871,98
Prefeitura Municipal de Maraã - AM;1302801;AM;18367;Receitas Brutas Realizadas;1.7.6.0.00.00.00 - Transferências de Convênios;siconfi-cor_RO1.7.6.0.00.00.00;976200
Prefeitura Municipal de Maraã - AM;1302801;AM;18367;Receitas Brutas Realizadas;1.7.6.2.00.00.00 - Transferências de Convênios dos Estados e do Distrito Federal e de Suas Entidades;siconfi-cor_RO1.7.6.2.00.00.00;976200
Prefeitura Municipal de Maraã - AM;1302801;AM;18367;Receitas Brutas Realizadas;1.7.6.2.02.00.00 - Transferências de Convênios dos Estados Destinadas a Programas de Educação;siconfi-cor_RO1.7.6.2.02.00.00;571200
Prefeitura Municipal de Maraã - AM;1302801;AM;18367;Receitas Brutas Realizadas;1.7.6.2.99.00.00 - Outras Transferências de Convênios dos Estados;siconfi-cor_RO1.7.6.2.99.00.00;405000
Prefeitura Municipal de Maraã - AM;1302801;AM;18367;Receitas Brutas Realizadas;1.9.0.0.00.00.00 - Outras Receitas Correntes;siconfi-cor_RO1.9.0.0.00.00.00;157912,17
Prefeitura Municipal de Maraã - AM;1302801;AM;18367;Receitas Brutas Realizadas;1.9.9.0.00.00.00 - Receitas Diversas;siconfi-cor_RO1.9.9.0.00.00.00;157912,17
Prefeitura Municipal de Maraã - AM;1302801;AM;18367;Receitas Brutas Realizadas;2.0.0.0.00.00.00 - Receitas de Capital;siconfi-cor_RO2.0.0.0.00.00.00;2116302,45
Prefeitura Municipal de Maraã - AM;1302801;AM;18367;Receitas Brutas Realizadas;2.4.0.0.00.00.00 - Transferências de Capital;siconfi-cor_RO2.4.0.0.00.00.00;2116302,45
Prefeitura Municipal de Maraã - AM;1302801;AM;18367;Receitas Brutas Realizadas;2.4.2.0.00.00.00 - Transferências Intergovernamentais;siconfi-cor_RO2.4.2.0.00.00.00;40778
Prefeitura Municipal de Maraã - AM;1302801;AM;18367;Receitas Brutas Realizadas;2.4.2.1.00.00.00 - Transferências da União;siconfi-cor_RO2.4.2.1.00.00.00;20778
Prefeitura Municipal de Maraã - AM;1302801;AM;18367;Receitas Brutas Realizadas;2.4.2.1.01.00.00 - Participação na Receita da União;siconfi-cor_RO2.4.2.1.01.00.00;20778
Prefeitura Municipal de Maraã - AM;1302801;AM;18367;Receitas Brutas Realizadas;2.4.2.2.00.00.00 - Transferências dos Estados;siconfi-cor_RO2.4.2.2.00.00.00;20000
Prefeitura Municipal de Maraã - AM;1302801;AM;18367;Receitas Brutas Realizadas;2.4.2.2.01.00.00 - Participação na Receita dos Estados;siconfi-cor_RO2.4.2.2.01.00.00;20000
Prefeitura Municipal de Maraã - AM;1302801;AM;18367;Receitas Brutas Realizadas;2.4.7.0.00.00.00 - Transferências de Convênios;siconfi-cor_RO2.4.7.0.00.00.00;2075524,45
Prefeitura Municipal de Maraã - AM;1302801;AM;18367;Receitas Brutas Realizadas;2.4.7.1.00.00.00 - Transferências de Convênios da União e de suas Entidades;siconfi-cor_RO2.4.7.1.00.00.00;774972,77
Prefeitura Municipal de Maraã - AM;1302801;AM;18367;Receitas Brutas Realizadas;2.4.7.1.02.00.00 - Transferências de Convênios da União Destinadas a Programas de Educação;siconfi-cor_RO2.4.7.1.02.00.00;436354,79
Prefeitura Municipal de Maraã - AM;1302801;AM;18367;Receitas Brutas Realizadas;2.4.7.1.99.00.00 - Outras Transferências de Convênios da União;siconfi-cor_RO2.4.7.1.99.00.00;338617,98
Prefeitura Municipal de Maraã - AM;1302801;AM;18367;Receitas Brutas Realizadas;2.4.7.2.00.00.00 - Transferências de Convênios dos Estados e do Distrito Federal e de suas Entidades;siconfi-cor_RO2.4.7.2.00.00.00;1300551,68
Prefeitura Municipal de Maraã - AM;1302801;AM;18367;Receitas Brutas Realizadas;2.4.7.2.01.00.00 - Transferências de Convênios dos Estados para o Sistema Único de Saúde - SUS;siconfi-cor_RO2.4.7.2.01.00.00;131301,68
Prefeitura Municipal de Maraã - AM;1302801;AM;18367;Receitas Brutas Realizadas;2.4.7.2.03.00.00 - Transferências de Convênios dos Estados Destinadas a Programas de Saneamento Básico;siconfi-cor_RO2.4.7.2.03.00.00;319200
Prefeitura Municipal de Maraã - AM;1302801;AM;18367;Receitas Brutas Realizadas;2.4.7.2.99.00.00 - Outras Transferências de Convênios dos Estados;siconfi-cor_RO2.4.7.2.99.00.00;850050
Prefeitura Municipal de Maraã - AM;1302801;AM;18367;Deduções - FUNDEB;Total Receitas;siconfi-cor_TotalReceitas;-3773548,11
Prefeitura Municipal de Maraã - AM;1302801;AM;18367;Deduções - FUNDEB;1.0.0.0.00.00.00 - Receitas Correntes;siconfi-cor_RO1.0.0.0.00.00.00;-3773548,11
Prefeitura Municipal de Maraã - AM;1302801;AM;18367;Deduções - FUNDEB;1.7.0.0.00.00.00 - Transferências Correntes;siconfi-cor_RO1.7.0.0.00.00.00;-3773548,11
Prefeitura Municipal de Maraã - AM;1302801;AM;18367;Deduções - FUNDEB;1.7.2.0.00.00.00 - Transferências Intergovernamentais;siconfi-cor_RO1.7.2.0.00.00.00;-3773548,11
Prefeitura Municipal de Maraã - AM;1302801;AM;18367;Deduções - FUNDEB;1.7.2.1.00.00.00 - Transferências da União;siconfi-cor_RO1.7.2.1.00.00.00;-2248987,2
Prefeitura Municipal de Maraã - AM;1302801;AM;18367;Deduções - FUNDEB;1.7.2.1.01.00.00 - Participação na Receita da União;siconfi-cor_RO1.7.2.1.01.00.00;-2245169,4
Prefeitura Municipal de Maraã - AM;1302801;AM;18367;Deduções - FUNDEB;1.7.2.1.01.02.00 - Cota-Parte do Fundo de Participação dos Municípios ¿ FPM;siconfi-cor_RO1.7.2.1.01.02.00;-2244808,66
Prefeitura Municipal de Maraã - AM;1302801;AM;18367;Deduções - FUNDEB;1.7.2.1.01.05.00 - Cota-Parte do Imposto Sobre a Propriedade Territorial Rural ¿ ITR;siconfi-cor_RO1.7.2.1.01.05.00;-360,74
Prefeitura Municipal de Maraã - AM;1302801;AM;18367;Deduções - FUNDEB;1.7.2.1.36.00.00 - Transferências Financeiras do ICMS ¿ Desoneração ¿ L.C. Nº 87/96;siconfi-cor_RO1.7.2.1.36.00.00;-3817,8
Prefeitura Municipal de Maraã - AM;1302801;AM;18367;Deduções - FUNDEB;1.7.2.2.00.00.00 - Transferências dos Estados;siconfi-cor_RO1.7.2.2.00.00.00;-1524560,91
Prefeitura Municipal de Maraã - AM;1302801;AM;18367;Deduções - FUNDEB;1.7.2.2.01.00.00 - Participação na Receita dos Estados;siconfi-cor_RO1.7.2.2.01.00.00;-1524560,91
Prefeitura Municipal de Maraã - AM;1302801;AM;18367;Deduções - FUNDEB;1.7.2.2.01.01.00 - Cota-Parte do ICMS;siconfi-cor_RO1.7.2.2.01.01.00;-1516130,47
Prefeitura Municipal de Maraã - AM;1302801;AM;18367;Deduções - FUNDEB;1.7.2.2.01.02.00 - Cota-Parte do IPVA;siconfi-cor_RO1.7.2.2.01.02.00;-1077,19
Prefeitura Municipal de Maraã - AM;1302801;AM;18367;Deduções - FUNDEB;1.7.2.2.01.04.00 - Cota-Parte do IPI sobre Exportação;siconfi-cor_RO1.7.2.2.01.04.00;-7353,25
Prefeitura Municipal de Envira - AM;1301506;AM;18422;Receitas Brutas Realizadas;Total Receitas;siconfi-cor_TotalReceitas;47653435,19
Prefeitura Municipal de Envira - AM;1301506;AM;18422;Receitas Brutas Realizadas;1.0.0.0.00.00.00 - Receitas Correntes;siconfi-cor_RO1.0.0.0.00.00.00;37052477,59
Prefeitura Municipal de Envira - AM;1301506;AM;18422;Receitas Brutas Realizadas;1.1.0.0.00.00.00 - Receita Tributária;siconfi-cor_RO1.1.0.0.00.00.00;966033,58
Prefeitura Municipal de Envira - AM;1301506;AM;18422;Receitas Brutas Realizadas;1.1.1.0.00.00.00 - Impostos;siconfi-cor_RO1.1.1.0.00.00.00;957501,02
Prefeitura Municipal de Envira - AM;1301506;AM;18422;Receitas Brutas Realizadas;1.1.1.2.00.00.00 - Impostos sobre o Patrimônio e a Renda;siconfi-cor_RO1.1.1.2.00.00.00;347597,92
Prefeitura Municipal de Envira - AM;1301506;AM;18422;Receitas Brutas Realizadas;1.1.1.2.04.00.00 - Imposto sobre a Renda e Proventos de Qualquer Natureza ¿ IR;siconfi-cor_RO1.1.1.2.04.00.00;290700,52
Prefeitura Municipal de Envira - AM;1301506;AM;18422;Receitas Brutas Realizadas;1.1.1.2.04.31.00 - Retido nas Fontes - Trabalho;siconfi-cor_RO1.1.1.2.04.31.00;101960,92
Prefeitura Municipal de Envira - AM;1301506;AM;18422;Receitas Brutas Realizadas;1.1.1.2.04.34.00 - Retido nas Fontes - Outros Rendimentos;siconfi-cor_RO1.1.1.2.04.34.00;188739,6
Prefeitura Municipal de Envira - AM;1301506;AM;18422;Receitas Brutas Realizadas;"1.1.1.2.08.00.00 - Imposto sobre Transmissão Inter Vivos"" de Bens Imóveis e de Direitos Reais sobre Imóveis ¿ ITBI""";siconfi-cor_RO1.1.1.2.08.00.00;56897,4
Prefeitura Municipal de Envira - AM;1301506;AM;18422;Receitas Brutas Realizadas;1.1.1.3.00.00.00 - Impostos sobre a Produção e a Circulação;siconfi-cor_RO1.1.1.3.00.00.00;609903,1
Prefeitura Municipal de Envira - AM;1301506;AM;18422;Receitas Brutas Realizadas;1.1.1.3.05.00.00 - Imposto sobre Serviços de Qualquer Natureza ¿ ISSQN;siconfi-cor_RO1.1.1.3.05.00.00;609903,1
Prefeitura Municipal de Envira - AM;1301506;AM;18422;Receitas Brutas Realizadas;1.1.2.0.00.00.00 - Taxas;siconfi-cor_RO1.1.2.0.00.00.00;8532,56
Prefeitura Municipal de Envira - AM;1301506;AM;18422;Receitas Brutas Realizadas;1.1.2.1.00.00.00 - Taxas pelo Exercício do Poder de Polícia;siconfi-cor_RO1.1.2.1.00.00.00;172,56
Prefeitura Municipal de Envira - AM;1301506;AM;18422;Receitas Brutas Realizadas;1.1.2.2.00.00.00 - Taxas pela Prestação de Serviços;siconfi-cor_RO1.1.2.2.00.00.00;8360
Prefeitura Municipal de Envira - AM;1301506;AM;18422;Receitas Brutas Realizadas;1.2.0.0.00.00.00 - Receitas de Contribuições;siconfi-cor_RO1.2.0.0.00.00.00;1638005,56
Prefeitura Municipal de Envira - AM;1301506;AM;18422;Receitas Brutas Realizadas;1.2.1.0.00.00.00 - Contribuições Sociais;siconfi-cor_RO1.2.1.0.00.00.00;1638005,56
Prefeitura Municipal de Envira - AM;1301506;AM;18422;Receitas Brutas Realizadas;1.2.1.0.29.00.00 - Contribuições para o Regime Próprio de Previdência do Servidor Público;siconfi-cor_RO1.2.1.0.29.00.00;1638005,56
Prefeitura Municipal de Envira - AM;1301506;AM;18422;Receitas Brutas Realizadas;1.2.1.0.29.01.00 - Contribuição Patronal de Servidor Ativo Civil para o Regime Próprio;siconfi-cor_RO1.2.1.0.29.01.00;802215,88
Prefeitura Municipal de Envira - AM;1301506;AM;18422;Receitas Brutas Realizadas;1.2.1.0.29.07.00 - Contribuição do Servidor Ativo Civil para o Regime Próprio;siconfi-cor_RO1.2.1.0.29.07.00;835789,68
Prefeitura Municipal de Envira - AM;1301506;AM;18422;Receitas Brutas Realizadas;1.3.0.0.00.00.00 - Receita Patrimonial;siconfi-cor_RO1.3.0.0.00.00.00;1358737,54
Prefeitura Municipal de Envira - AM;1301506;AM;18422;Receitas Brutas Realizadas;1.3.2.0.00.00.00 - Receitas de Valores Mobiliários;siconfi-cor_RO1.3.2.0.00.00.00;1358737,54
Prefeitura Municipal de Envira - AM;1301506;AM;18422;Receitas Brutas Realizadas;1.3.2.5.00.00.00 - Remuneração de Depósitos Bancários;siconfi-cor_RO1.3.2.5.00.00.00;731899,66
Prefeitura Municipal de Envira - AM;1301506;AM;18422;Receitas Brutas Realizadas;1.3.2.8.00.00.00 - Remuneração dos Investimentos do Regime Próprio de Previdência do Servidor;siconfi-cor_RO1.3.2.8.00.00.00;626837,88
Prefeitura Municipal de Envira - AM;1301506;AM;18422;Receitas Brutas Realizadas;1.6.0.0.00.00.00 - Receita de Serviços;siconfi-cor_RO1.6.0.0.00.00.00;746,95
Prefeitura Municipal de Envira - AM;1301506;AM;18422;Receitas Brutas Realizadas;1.6.0.0.99.00.00 - Demais Receitas de Serviços;siconfi-cor_RO1.6.0.0.99.00.00;746,95
Prefeitura Municipal de Envira - AM;1301506;AM;18422;Receitas Brutas Realizadas;1.7.0.0.00.00.00 - Transferências Correntes;siconfi-cor_RO1.7.0.0.00.00.00;33064376,91
Prefeitura Municipal de Envira - AM;1301506;AM;18422;Receitas Brutas Realizadas;1.7.2.0.00.00.00 - Transferências Intergovernamentais;siconfi-cor_RO1.7.2.0.00.00.00;31614376,91
Prefeitura Municipal de Envira - AM;1301506;AM;18422;Receitas Brutas Realizadas;1.7.2.1.00.00.00 - Transferências da União;siconfi-cor_RO1.7.2.1.00.00.00;14988945,68
Prefeitura Municipal de Envira - AM;1301506;AM;18422;Receitas Brutas Realizadas;1.7.2.1.01.00.00 - Participação na Receita da União;siconfi-cor_RO1.7.2.1.01.00.00;11727423,04
Prefeitura Municipal de Envira - AM;1301506;AM;18422;Receitas Brutas Realizadas;1.7.2.1.01.02.00 - Cota-Parte do Fundo de Participação dos Municípios ¿ FPM;siconfi-cor_RO1.7.2.1.01.02.00;11721891,31
Prefeitura Municipal de Envira - AM;1301506;AM;18422;Receitas Brutas Realizadas;1.7.2.1.01.05.00 - Cota-Parte do Imposto Sobre a Propriedade Territorial Rural ¿ ITR;siconfi-cor_RO1.7.2.1.01.05.00;5531,73
Prefeitura Municipal de Envira - AM;1301506;AM;18422;Receitas Brutas Realizadas;1.7.2.1.22.00.00 - Transferências da Compensação Financeira pela Exploração de Recursos Naturais;siconfi-cor_RO1.7.2.1.22.00.00;175408,74
Prefeitura Municipal de Envira - AM;1301506;AM;18422;Receitas Brutas Realizadas;1.7.2.1.22.70.00 - Cota-Parte do Fundo Especial do Petróleo ¿ FEP;siconfi-cor_RO1.7.2.1.22.70.00;175408,74
Prefeitura Municipal de Envira - AM;1301506;AM;18422;Receitas Brutas Realizadas;1.7.2.1.33.00.00 - Transferências de Recursos do Sistema Único de Saúde - SUS - Repasses Fundo a Fundo;siconfi-cor_RO1.7.2.1.33.00.00;1781086,94
Prefeitura Municipal de Envira - AM;1301506;AM;18422;Receitas Brutas Realizadas;1.7.2.1.34.00.00 - Transferências de Recursos do Fundo Nacional de Assistência Social ¿ FNAS;siconfi-cor_RO1.7.2.1.34.00.00;383831,5
Prefeitura Municipal de Envira - AM;1301506;AM;18422;Receitas Brutas Realizadas;1.7.2.1.35.00.00 - Transferências de Recursos do Fundo Nacional do Desenvolvimento da Educação ¿ FNDE;siconfi-cor_RO1.7.2.1.35.00.00;661457,34
Prefeitura Municipal de Envira - AM;1301506;AM;18422;Receitas Brutas Realizadas;1.7.2.1.36.00.00 - Transferências Financeiras do ICMS ¿ Desoneração ¿ L.C. Nº 87/96;siconfi-cor_RO1.7.2.1.36.00.00;19526,76
Prefeitura Municipal de Envira - AM;1301506;AM;18422;Receitas Brutas Realizadas;1.7.2.1.99.00.00 - Outras Transferências da União;siconfi-cor_RO1.7.2.1.99.00.00;240211,36
Prefeitura Municipal de Envira - AM;1301506;AM;18422;Receitas Brutas Realizadas;1.7.2.2.00.00.00 - Transferências dos Estados;siconfi-cor_RO1.7.2.2.00.00.00;8187896,39
Prefeitura Municipal de Envira - AM;1301506;AM;18422;Receitas Brutas Realizadas;1.7.2.2.01.00.00 - Participação na Receita dos Estados;siconfi-cor_RO1.7.2.2.01.00.00;7814607,37
Prefeitura Municipal de Envira - AM;1301506;AM;18422;Receitas Brutas Realizadas;1.7.2.2.01.01.00 - Cota-Parte do ICMS;siconfi-cor_RO1.7.2.2.01.01.00;7753927,25
Prefeitura Municipal de Envira - AM;1301506;AM;18422;Receitas Brutas Realizadas;1.7.2.2.01.02.00 - Cota-Parte do IPVA;siconfi-cor_RO1.7.2.2.01.02.00;19384,06
Prefeitura Municipal de Envira - AM;1301506;AM;18422;Receitas Brutas Realizadas;1.7.2.2.01.04.00 - Cota-Parte do IPI sobre Exportação;siconfi-cor_RO1.7.2.2.01.04.00;37608,58
Prefeitura Municipal de Envira - AM;1301506;AM;18422;Receitas Brutas Realizadas;1.7.2.2.01.13.00 - Cota-Parte da Contribuição de Intervenção no Domínio Econômico;siconfi-cor_RO1.7.2.2.01.13.00;3687,48
Prefeitura Municipal de Envira - AM;1301506;AM;18422;Receitas Brutas Realizadas;1.7.2.2.22.00.00 - Transferências da Cota-Parte da Compensação Financeira (25%);siconfi-cor_RO1.7.2.2.22.00.00;121797,45
Prefeitura Municipal de Envira - AM;1301506;AM;18422;Receitas Brutas Realizadas;1.7.2.2.22.30.00 - Cota-Parte Royalties - Compensação Financeira pela Produção de Petróleo - Lei nº 7.990/89 artigo 9º;siconfi-cor_RO1.7.2.2.22.30.00;121797,45
Prefeitura Municipal de Envira - AM;1301506;AM;18422;Receitas Brutas Realizadas;1.7.2.2.33.00.00 - Transferências de Recursos do Estado para Programas de Saúde - Repasse Fundo a Fundo;siconfi-cor_RO1.7.2.2.33.00.00;251491,57
Prefeitura Municipal de Envira - AM;1301506;AM;18422;Receitas Brutas Realizadas;1.7.2.4.00.00.00 - Transferências Multigovernamentais;siconfi-cor_RO1.7.2.4.00.00.00;8437534,84
Prefeitura Municipal de Envira - AM;1301506;AM;18422;Receitas Brutas Realizadas;1.7.2.4.01.00.00 - Transferências de Recursos do Fundo de Manutenção e Desenvolvimento do Ensino Fundamental e de Valorização do Magistério - FUNDEB;siconfi-cor_RO1.7.2.4.01.00.00;6804639,93
Prefeitura Municipal de Envira - AM;1301506;AM;18422;Receitas Brutas Realizadas;1.7.2.4.02.00.00 - Transferências de Recursos da Complementação ao Fundo de Manutenção e Desenvolvimento do Ensino Fundamental e de Valorização do Magistério - FUNDEB;siconfi-cor_RO1.7.2.4.02.00.00;1632894,91
Prefeitura Municipal de Envira - AM;1301506;AM;18422;Receitas Brutas Realizadas;1.7.6.0.00.00.00 - Transferências de Convênios;siconfi-cor_RO1.7.6.0.00.00.00;1450000
Prefeitura Municipal de Envira - AM;1301506;AM;18422;Receitas Brutas Realizadas;1.7.6.2.00.00.00 - Transferências de Convênios dos Estados e do Distrito Federal e de Suas Entidades;siconfi-cor_RO1.7.6.2.00.00.00;1450000
Prefeitura Municipal de Envira - AM;1301506;AM;18422;Receitas Brutas Realizadas;1.7.6.2.99.00.00 - Outras Transferências de Convênios dos Estados;siconfi-cor_RO1.7.6.2.99.00.00;1450000
Prefeitura Municipal de Envira - AM;1301506;AM;18422;Receitas Brutas Realizadas;1.9.0.0.00.00.00 - Outras Receitas Correntes;siconfi-cor_RO1.9.0.0.00.00.00;24577,05
Prefeitura Municipal de Envira - AM;1301506;AM;18422;Receitas Brutas Realizadas;1.9.2.0.00.00.00 - Indenizações e Restituições;siconfi-cor_RO1.9.2.0.00.00.00;414,15
Prefeitura Municipal de Envira - AM;1301506;AM;18422;Receitas Brutas Realizadas;1.9.2.2.00.00.00 - Restituições;siconfi-cor_RO1.9.2.2.00.00.00;414,15
Prefeitura Municipal de Envira - AM;1301506;AM;18422;Receitas Brutas Realizadas;1.9.2.2.99.00.00 - Outras Restituições;siconfi-cor_RO1.9.2.2.99.00.00;414,15
Prefeitura Municipal de Envira - AM;1301506;AM;18422;Receitas Brutas Realizadas;1.9.9.0.00.00.00 - Receitas Diversas;siconfi-cor_RO1.9.9.0.00.00.00;24162,9
Prefeitura Municipal de Envira - AM;1301506;AM;18422;Receitas Brutas Realizadas;2.0.0.0.00.00.00 - Receitas de Capital;siconfi-cor_RO2.0.0.0.00.00.00;10600957,6
Prefeitura Municipal de Envira - AM;1301506;AM;18422;Receitas Brutas Realizadas;2.4.0.0.00.00.00 - Transferências de Capital;siconfi-cor_RO2.4.0.0.00.00.00;10600957,6
Prefeitura Municipal de Envira - AM;1301506;AM;18422;Receitas Brutas Realizadas;2.4.2.0.00.00.00 - Transferências Intergovernamentais;siconfi-cor_RO2.4.2.0.00.00.00;836880,93
Prefeitura Municipal de Envira - AM;1301506;AM;18422;Receitas Brutas Realizadas;2.4.2.1.00.00.00 - Transferências da União;siconfi-cor_RO2.4.2.1.00.00.00;836880,93
Prefeitura Municipal de Envira - AM;1301506;AM;18422;Receitas Brutas Realizadas;2.4.2.1.01.00.00 - Participação na Receita da União;siconfi-cor_RO2.4.2.1.01.00.00;306687,07
Prefeitura Municipal de Envira - AM;1301506;AM;18422;Receitas Brutas Realizadas;2.4.2.1.02.00.00 - Transferências de Recursos Destinados a Programas de Educação;siconfi-cor_RO2.4.2.1.02.00.00;530193,86
Prefeitura Municipal de Envira - AM;1301506;AM;18422;Receitas Brutas Realizadas;2.4.7.0.00.00.00 - Transferências de Convênios;siconfi-cor_RO2.4.7.0.00.00.00;9764076,67
Prefeitura Municipal de Envira - AM;1301506;AM;18422;Receitas Brutas Realizadas;2.4.7.2.00.00.00 - Transferências de Convênios dos Estados e do Distrito Federal e de suas Entidades;siconfi-cor_RO2.4.7.2.00.00.00;9764076,67
Prefeitura Municipal de Envira - AM;1301506;AM;18422;Receitas Brutas Realizadas;2.4.7.2.99.00.00 - Outras Transferências de Convênios dos Estados;siconfi-cor_RO2.4.7.2.99.00.00;9764076,67
Prefeitura Municipal de Envira - AM;1301506;AM;18422;Deduções - FUNDEB;Total Receitas;siconfi-cor_TotalReceitas;3812003,98
Prefeitura Municipal de Envira - AM;1301506;AM;18422;Deduções - FUNDEB;1.0.0.0.00.00.00 - Receitas Correntes;siconfi-cor_RO1.0.0.0.00.00.00;3812003,98
Prefeitura Municipal de Envira - AM;1301506;AM;18422;Deduções - FUNDEB;1.7.0.0.00.00.00 - Transferências Correntes;siconfi-cor_RO1.7.0.0.00.00.00;3812003,98
Prefeitura Municipal de Envira - AM;1301506;AM;18422;Deduções - FUNDEB;1.7.2.0.00.00.00 - Transferências Intergovernamentais;siconfi-cor_RO1.7.2.0.00.00.00;3812003,98
Prefeitura Municipal de Envira - AM;1301506;AM;18422;Deduções - FUNDEB;1.7.2.1.00.00.00 - Transferências da União;siconfi-cor_RO1.7.2.1.00.00.00;2249820,26
Prefeitura Municipal de Envira - AM;1301506;AM;18422;Deduções - FUNDEB;1.7.2.1.01.00.00 - Participação na Receita da União;siconfi-cor_RO1.7.2.1.01.00.00;2245914,98
Prefeitura Municipal de Envira - AM;1301506;AM;18422;Deduções - FUNDEB;1.7.2.1.01.02.00 - Cota-Parte do Fundo de Participação dos Municípios ¿ FPM;siconfi-cor_RO1.7.2.1.01.02.00;2244808,66
Prefeitura Municipal de Envira - AM;1301506;AM;18422;Deduções - FUNDEB;1.7.2.1.01.05.00 - Cota-Parte do Imposto Sobre a Propriedade Territorial Rural ¿ ITR;siconfi-cor_RO1.7.2.1.01.05.00;1106,32
Prefeitura Municipal de Envira - AM;1301506;AM;18422;Deduções - FUNDEB;1.7.2.1.36.00.00 - Transferências Financeiras do ICMS ¿ Desoneração ¿ L.C. Nº 87/96;siconfi-cor_RO1.7.2.1.36.00.00;3905,28
Prefeitura Municipal de Envira - AM;1301506;AM;18422;Deduções - FUNDEB;1.7.2.2.00.00.00 - Transferências dos Estados;siconfi-cor_RO1.7.2.2.00.00.00;1562183,72
Prefeitura Municipal de Envira - AM;1301506;AM;18422;Deduções - FUNDEB;1.7.2.2.01.00.00 - Participação na Receita dos Estados;siconfi-cor_RO1.7.2.2.01.00.00;1562183,72
Prefeitura Municipal de Envira - AM;1301506;AM;18422;Deduções - FUNDEB;1.7.2.2.01.01.00 - Cota-Parte do ICMS;siconfi-cor_RO1.7.2.2.01.01.00;1550785,47
Prefeitura Municipal de Envira - AM;1301506;AM;18422;Deduções - FUNDEB;1.7.2.2.01.02.00 - Cota-Parte do IPVA;siconfi-cor_RO1.7.2.2.01.02.00;3876,54
Prefeitura Municipal de Envira - AM;1301506;AM;18422;Deduções - FUNDEB;1.7.2.2.01.04.00 - Cota-Parte do IPI sobre Exportação;siconfi-cor_RO1.7.2.2.01.04.00;7521,71
Prefeitura Municipal de Tonantins - AM;1304237;AM;18322;Receitas Brutas Realizadas;Total Receitas;siconfi-cor_TotalReceitas;41939081,62
Prefeitura Municipal de Tonantins - AM;1304237;AM;18322;Receitas Brutas Realizadas;1.0.0.0.00.00.00 - Receitas Correntes;siconfi-cor_RO1.0.0.0.00.00.00;38227137,74
Prefeitura Municipal de Tonantins - AM;1304237;AM;18322;Receitas Brutas Realizadas;1.1.0.0.00.00.00 - Receita Tributária;siconfi-cor_RO1.1.0.0.00.00.00;780140,49
Prefeitura Municipal de Tonantins - AM;1304237;AM;18322;Receitas Brutas Realizadas;1.1.1.0.00.00.00 - Impostos;siconfi-cor_RO1.1.1.0.00.00.00;776540,49
Prefeitura Municipal de Tonantins - AM;1304237;AM;18322;Receitas Brutas Realizadas;1.1.1.2.00.00.00 - Impostos sobre o Patrimônio e a Renda;siconfi-cor_RO1.1.1.2.00.00.00;343180,82
Prefeitura Municipal de Tonantins - AM;1304237;AM;18322;Receitas Brutas Realizadas;1.1.1.2.02.00.00 - Imposto sobre a Propriedade Predial e Territorial Urbana ¿ IPTU;siconfi-cor_RO1.1.1.2.02.00.00;4070,88
Prefeitura Municipal de Tonantins - AM;1304237;AM;18322;Receitas Brutas Realizadas;1.1.1.2.04.00.00 - Imposto sobre a Renda e Proventos de Qualquer Natureza ¿ IR;siconfi-cor_RO1.1.1.2.04.00.00;339109,94
Prefeitura Municipal de Tonantins - AM;1304237;AM;18322;Receitas Brutas Realizadas;1.1.1.2.04.31.00 - Retido nas Fontes - Trabalho;siconfi-cor_RO1.1.1.2.04.31.00;339109,94
Prefeitura Municipal de Tonantins - AM;1304237;AM;18322;Receitas Brutas Realizadas;1.1.1.3.00.00.00 - Impostos sobre a Produção e a Circulação;siconfi-cor_RO1.1.1.3.00.00.00;433359,67
Prefeitura Municipal de Tonantins - AM;1304237;AM;18322;Receitas Brutas Realizadas;1.1.1.3.05.00.00 - Imposto sobre Serviços de Qualquer Natureza ¿ ISSQN;siconfi-cor_RO1.1.1.3.05.00.00;433359,67
Prefeitura Municipal de Tonantins - AM;1304237;AM;18322;Receitas Brutas Realizadas;1.1.2.0.00.00.00 - Taxas;siconfi-cor_RO1.1.2.0.00.00.00;3600
Prefeitura Municipal de Tonantins - AM;1304237;AM;18322;Receitas Brutas Realizadas;1.1.2.1.00.00.00 - Taxas pelo Exercício do Poder de Polícia;siconfi-cor_RO1.1.2.1.00.00.00;3600
Prefeitura Municipal de Tonantins - AM;1304237;AM;18322;Receitas Brutas Realizadas;1.3.0.0.00.00.00 - Receita Patrimonial;siconfi-cor_RO1.3.0.0.00.00.00;246227,55
Prefeitura Municipal de Tonantins - AM;1304237;AM;18322;Receitas Brutas Realizadas;1.3.2.0.00.00.00 - Receitas de Valores Mobiliários;siconfi-cor_RO1.3.2.0.00.00.00;246227,55
Prefeitura Municipal de Tonantins - AM;1304237;AM;18322;Receitas Brutas Realizadas;1.3.2.5.00.00.00 - Remuneração de Depósitos Bancários;siconfi-cor_RO1.3.2.5.00.00.00;246227,55
Prefeitura Municipal de Tonantins - AM;1304237;AM;18322;Receitas Brutas Realizadas;1.7.0.0.00.00.00 - Transferências Correntes;siconfi-cor_RO1.7.0.0.00.00.00;36955778,75
Prefeitura Municipal de Tonantins - AM;1304237;AM;18322;Receitas Brutas Realizadas;1.7.2.0.00.00.00 - Transferências Intergovernamentais;siconfi-cor_RO1.7.2.0.00.00.00;35937378,75
Prefeitura Municipal de Tonantins - AM;1304237;AM;18322;Receitas Brutas Realizadas;1.7.2.1.00.00.00 - Transferências da União;siconfi-cor_RO1.7.2.1.00.00.00;16116899,71
Prefeitura Municipal de Tonantins - AM;1304237;AM;18322;Receitas Brutas Realizadas;1.7.2.1.01.00.00 - Participação na Receita da União;siconfi-cor_RO1.7.2.1.01.00.00;11721891,31
Prefeitura Municipal de Tonantins - AM;1304237;AM;18322;Receitas Brutas Realizadas;1.7.2.1.01.02.00 - Cota-Parte do Fundo de Participação dos Municípios ¿ FPM;siconfi-cor_RO1.7.2.1.01.02.00;11721891,31
Prefeitura Municipal de Tonantins - AM;1304237;AM;18322;Receitas Brutas Realizadas;1.7.2.1.22.00.00 - Transferências da Compensação Financeira pela Exploração de Recursos Naturais;siconfi-cor_RO1.7.2.1.22.00.00;175408,74
Prefeitura Municipal de Tonantins - AM;1304237;AM;18322;Receitas Brutas Realizadas;1.7.2.1.22.70.00 - Cota-Parte do Fundo Especial do Petróleo ¿ FEP;siconfi-cor_RO1.7.2.1.22.70.00;175408,74
Prefeitura Municipal de Tonantins - AM;1304237;AM;18322;Receitas Brutas Realizadas;1.7.2.1.33.00.00 - Transferências de Recursos do Sistema Único de Saúde - SUS - Repasses Fundo a Fundo;siconfi-cor_RO1.7.2.1.33.00.00;2239491,92
Prefeitura Municipal de Tonantins - AM;1304237;AM;18322;Receitas Brutas Realizadas;1.7.2.1.34.00.00 - Transferências de Recursos do Fundo Nacional de Assistência Social ¿ FNAS;siconfi-cor_RO1.7.2.1.34.00.00;456969,74
Prefeitura Municipal de Tonantins - AM;1304237;AM;18322;Receitas Brutas Realizadas;1.7.2.1.35.00.00 - Transferências de Recursos do Fundo Nacional do Desenvolvimento da Educação ¿ FNDE;siconfi-cor_RO1.7.2.1.35.00.00;1268845,17
Prefeitura Municipal de Tonantins - AM;1304237;AM;18322;Receitas Brutas Realizadas;1.7.2.1.36.00.00 - Transferências Financeiras do ICMS ¿ Desoneração ¿ L.C. Nº 87/96;siconfi-cor_RO1.7.2.1.36.00.00;16740,84
Prefeitura Municipal de Tonantins - AM;1304237;AM;18322;Receitas Brutas Realizadas;1.7.2.1.99.00.00 - Outras Transferências da União;siconfi-cor_RO1.7.2.1.99.00.00;237551,99
Prefeitura Municipal de Tonantins - AM;1304237;AM;18322;Receitas Brutas Realizadas;1.7.2.2.00.00.00 - Transferências dos Estados;siconfi-cor_RO1.7.2.2.00.00.00;6950432,04
Prefeitura Municipal de Tonantins - AM;1304237;AM;18322;Receitas Brutas Realizadas;1.7.2.2.01.00.00 - Participação na Receita dos Estados;siconfi-cor_RO1.7.2.2.01.00.00;6688599,26
Prefeitura Municipal de Tonantins - AM;1304237;AM;18322;Receitas Brutas Realizadas;1.7.2.2.01.01.00 - Cota-Parte do ICMS;siconfi-cor_RO1.7.2.2.01.01.00;6647667,38
Prefeitura Municipal de Tonantins - AM;1304237;AM;18322;Receitas Brutas Realizadas;1.7.2.2.01.02.00 - Cota-Parte do IPVA;siconfi-cor_RO1.7.2.2.01.02.00;4463,77
Prefeitura Municipal de Tonantins - AM;1304237;AM;18322;Receitas Brutas Realizadas;1.7.2.2.01.04.00 - Cota-Parte do IPI sobre Exportação;siconfi-cor_RO1.7.2.2.01.04.00;32242,93
Prefeitura Municipal de Tonantins - AM;1304237;AM;18322;Receitas Brutas Realizadas;1.7.2.2.01.13.00 - Cota-Parte da Contribuição de Intervenção no Domínio Econômico;siconfi-cor_RO1.7.2.2.01.13.00;4225,18
Prefeitura Municipal de Tonantins - AM;1304237;AM;18322;Receitas Brutas Realizadas;1.7.2.2.22.00.00 - Transferências da Cota-Parte da Compensação Financeira (25%);siconfi-cor_RO1.7.2.2.22.00.00;104420,52
Prefeitura Municipal de Tonantins - AM;1304237;AM;18322;Receitas Brutas Realizadas;1.7.2.2.22.30.00 - Cota-Parte Royalties - Compensação Financeira pela Produção de Petróleo - Lei nº 7.990/89 artigo 9º;siconfi-cor_RO1.7.2.2.22.30.00;104420,52
Prefeitura Municipal de Tonantins - AM;1304237;AM;18322;Receitas Brutas Realizadas;1.7.2.2.33.00.00 - Transferências de Recursos do Estado para Programas de Saúde - Repasse Fundo a Fundo;siconfi-cor_RO1.7.2.2.33.00.00;157412,26
Prefeitura Municipal de Tonantins - AM;1304237;AM;18322;Receitas Brutas Realizadas;1.7.2.4.00.00.00 - Transferências Multigovernamentais;siconfi-cor_RO1.7.2.4.00.00.00;12870047
Prefeitura Municipal de Tonantins - AM;1304237;AM;18322;Receitas Brutas Realizadas;1.7.2.4.01.00.00 - Transferências de Recursos do Fundo de Manutenção e Desenvolvimento do Ensino Fundamental e de Valorização do Magistério - FUNDEB;siconfi-cor_RO1.7.2.4.01.00.00;10406767,73
Prefeitura Municipal de Tonantins - AM;1304237;AM;18322;Receitas Brutas Realizadas;1.7.2.4.02.00.00 - Transferências de Recursos da Complementação ao Fundo de Manutenção e Desenvolvimento do Ensino Fundamental e de Valorização do Magistério - FUNDEB;siconfi-cor_RO1.7.2.4.02.00.00;2463279,27
Prefeitura Municipal de Tonantins - AM;1304237;AM;18322;Receitas Brutas Realizadas;1.7.6.0.00.00.00 - Transferências de Convênios;siconfi-cor_RO1.7.6.0.00.00.00;1018400
Prefeitura Municipal de Tonantins - AM;1304237;AM;18322;Receitas Brutas Realizadas;1.7.6.2.00.00.00 - Transferências de Convênios dos Estados e do Distrito Federal e de Suas Entidades;siconfi-cor_RO1.7.6.2.00.00.00;1018400
Prefeitura Municipal de Tonantins - AM;1304237;AM;18322;Receitas Brutas Realizadas;1.7.6.2.02.00.00 - Transferências de Convênios dos Estados Destinadas a Programas de Educação;siconfi-cor_RO1.7.6.2.02.00.00;838400
Prefeitura Municipal de Tonantins - AM;1304237;AM;18322;Receitas Brutas Realizadas;1.7.6.2.99.00.00 - Outras Transferências de Convênios dos Estados;siconfi-cor_RO1.7.6.2.99.00.00;180000
Prefeitura Municipal de Tonantins - AM;1304237;AM;18322;Receitas Brutas Realizadas;1.9.0.0.00.00.00 - Outras Receitas Correntes;siconfi-cor_RO1.9.0.0.00.00.00;244990,95
Prefeitura Municipal de Tonantins - AM;1304237;AM;18322;Receitas Brutas Realizadas;1.9.2.0.00.00.00 - Indenizações e Restituições;siconfi-cor_RO1.9.2.0.00.00.00;244990,95
Prefeitura Municipal de Tonantins - AM;1304237;AM;18322;Receitas Brutas Realizadas;1.9.2.2.00.00.00 - Restituições;siconfi-cor_RO1.9.2.2.00.00.00;244990,95
Prefeitura Municipal de Tonantins - AM;1304237;AM;18322;Receitas Brutas Realizadas;1.9.2.2.99.00.00 - Outras Restituições;siconfi-cor_RO1.9.2.2.99.00.00;244990,95
Prefeitura Municipal de Tonantins - AM;1304237;AM;18322;Receitas Brutas Realizadas;2.0.0.0.00.00.00 - Receitas de Capital;siconfi-cor_RO2.0.0.0.00.00.00;3711943,88
Prefeitura Municipal de Tonantins - AM;1304237;AM;18322;Receitas Brutas Realizadas;2.4.0.0.00.00.00 - Transferências de Capital;siconfi-cor_RO2.4.0.0.00.00.00;3711943,88
Prefeitura Municipal de Tonantins - AM;1304237;AM;18322;Receitas Brutas Realizadas;2.4.2.0.00.00.00 - Transferências Intergovernamentais;siconfi-cor_RO2.4.2.0.00.00.00;56000
Prefeitura Municipal de Tonantins - AM;1304237;AM;18322;Receitas Brutas Realizadas;2.4.2.1.00.00.00 - Transferências da União;siconfi-cor_RO2.4.2.1.00.00.00;56000
Prefeitura Municipal de Tonantins - AM;1304237;AM;18322;Receitas Brutas Realizadas;2.4.2.1.01.00.00 - Participação na Receita da União;siconfi-cor_RO2.4.2.1.01.00.00;56000
Prefeitura Municipal de Tonantins - AM;1304237;AM;18322;Receitas Brutas Realizadas;2.4.7.0.00.00.00 - Transferências de Convênios;siconfi-cor_RO2.4.7.0.00.00.00;3655943,88
Prefeitura Municipal de Tonantins - AM;1304237;AM;18322;Receitas Brutas Realizadas;2.4.7.1.00.00.00 - Transferências de Convênios da União e de suas Entidades;siconfi-cor_RO2.4.7.1.00.00.00;3122592,27
Prefeitura Municipal de Tonantins - AM;1304237;AM;18322;Receitas Brutas Realizadas;2.4.7.1.01.00.00 - Transferências de Convênios da União para o Sistema Único de Saúde - SUS;siconfi-cor_RO2.4.7.1.01.00.00;1600000
Prefeitura Municipal de Tonantins - AM;1304237;AM;18322;Receitas Brutas Realizadas;2.4.7.1.02.00.00 - Transferências de Convênios da União Destinadas a Programas de Educação;siconfi-cor_RO2.4.7.1.02.00.00;1032592,27
Prefeitura Municipal de Tonantins - AM;1304237;AM;18322;Receitas Brutas Realizadas;2.4.7.1.03.00.00 - Transferências de Convênios da União Destinadas a Programas de Saneamento Básico;siconfi-cor_RO2.4.7.1.03.00.00;490000
Prefeitura Municipal de Tonantins - AM;1304237;AM;18322;Receitas Brutas Realizadas;2.4.7.2.00.00.00 - Transferências de Convênios dos Estados e do Distrito Federal e de suas Entidades;siconfi-cor_RO2.4.7.2.00.00.00;533351,61
Prefeitura Municipal de Tonantins - AM;1304237;AM;18322;Receitas Brutas Realizadas;2.4.7.2.99.00.00 - Outras Transferências de Convênios dos Estados;siconfi-cor_RO2.4.7.2.99.00.00;533351,61
Prefeitura Municipal de Tonantins - AM;1304237;AM;18322;Deduções - FUNDEB;Total Receitas;siconfi-cor_TotalReceitas;3585031,44
Prefeitura Municipal de Tonantins - AM;1304237;AM;18322;Deduções - FUNDEB;1.0.0.0.00.00.00 - Receitas Correntes;siconfi-cor_RO1.0.0.0.00.00.00;3585031,44
Prefeitura Municipal de Tonantins - AM;1304237;AM;18322;Deduções - FUNDEB;1.7.0.0.00.00.00 - Transferências Correntes;siconfi-cor_RO1.7.0.0.00.00.00;3585031,44
Prefeitura Municipal de Tonantins - AM;1304237;AM;18322;Deduções - FUNDEB;1.7.2.0.00.00.00 - Transferências Intergovernamentais;siconfi-cor_RO1.7.2.0.00.00.00;3585031,44
Prefeitura Municipal de Tonantins - AM;1304237;AM;18322;Deduções - FUNDEB;1.7.2.1.00.00.00 - Transferências da União;siconfi-cor_RO1.7.2.1.00.00.00;2248156,78
Prefeitura Municipal de Tonantins - AM;1304237;AM;18322;Deduções - FUNDEB;1.7.2.1.01.00.00 - Participação na Receita da União;siconfi-cor_RO1.7.2.1.01.00.00;2244808,66
Prefeitura Municipal de Tonantins - AM;1304237;AM;18322;Deduções - FUNDEB;1.7.2.1.01.02.00 - Cota-Parte do Fundo de Participação dos Municípios ¿ FPM;siconfi-cor_RO1.7.2.1.01.02.00;2244808,66
Prefeitura Municipal de Tonantins - AM;1304237;AM;18322;Deduções - FUNDEB;1.7.2.1.36.00.00 - Transferências Financeiras do ICMS ¿ Desoneração ¿ L.C. Nº 87/96;siconfi-cor_RO1.7.2.1.36.00.00;3348,12
Prefeitura Municipal de Tonantins - AM;1304237;AM;18322;Deduções - FUNDEB;1.7.2.2.00.00.00 - Transferências dos Estados;siconfi-cor_RO1.7.2.2.00.00.00;1336874,66
Prefeitura Municipal de Tonantins - AM;1304237;AM;18322;Deduções - FUNDEB;1.7.2.2.01.00.00 - Participação na Receita dos Estados;siconfi-cor_RO1.7.2.2.01.00.00;1336874,66
Prefeitura Municipal de Tonantins - AM;1304237;AM;18322;Deduções - FUNDEB;1.7.2.2.01.01.00 - Cota-Parte do ICMS;siconfi-cor_RO1.7.2.2.01.01.00;1329533,47
Prefeitura Municipal de Tonantins - AM;1304237;AM;18322;Deduções - FUNDEB;1.7.2.2.01.02.00 - Cota-Parte do IPVA;siconfi-cor_RO1.7.2.2.01.02.00;892,61
Prefeitura Municipal de Tonantins - AM;1304237;AM;18322;Deduções - FUNDEB;1.7.2.2.01.04.00 - Cota-Parte do IPI sobre Exportação;siconfi-cor_RO1.7.2.2.01.04.00;6448,58
Prefeitura Municipal de Caapiranga - AM;1300839;AM;12214;Receitas Brutas Realizadas;Total Receitas;siconfi-cor_TotalReceitas;29709114,74
Prefeitura Municipal de Caapiranga - AM;1300839;AM;12214;Receitas Brutas Realizadas;1.0.0.0.00.00.00 - Receitas Correntes;siconfi-cor_RO1.0.0.0.00.00.00;28371390,65
Prefeitura Municipal de Caapiranga - AM;1300839;AM;12214;Receitas Brutas Realizadas;1.1.0.0.00.00.00 - Receita Tributária;siconfi-cor_RO1.1.0.0.00.00.00;687333,78
Prefeitura Municipal de Caapiranga - AM;1300839;AM;12214;Receitas Brutas Realizadas;1.1.1.0.00.00.00 - Impostos;siconfi-cor_RO1.1.1.0.00.00.00;678117,35
Prefeitura Municipal de Caapiranga - AM;1300839;AM;12214;Receitas Brutas Realizadas;1.1.1.2.00.00.00 - Impostos sobre o Patrimônio e a Renda;siconfi-cor_RO1.1.1.2.00.00.00;260893,25
Prefeitura Municipal de Caapiranga - AM;1300839;AM;12214;Receitas Brutas Realizadas;1.1.1.2.02.00.00 - Imposto sobre a Propriedade Predial e Territorial Urbana ¿ IPTU;siconfi-cor_RO1.1.1.2.02.00.00;4312,9
Prefeitura Municipal de Caapiranga - AM;1300839;AM;12214;Receitas Brutas Realizadas;1.1.1.2.04.00.00 - Imposto sobre a Renda e Proventos de Qualquer Natureza ¿ IR;siconfi-cor_RO1.1.1.2.04.00.00;251040,6
Prefeitura Municipal de Caapiranga - AM;1300839;AM;12214;Receitas Brutas Realizadas;1.1.1.2.04.31.00 - Retido nas Fontes - Trabalho;siconfi-cor_RO1.1.1.2.04.31.00;243682,06
Prefeitura Municipal de Caapiranga - AM;1300839;AM;12214;Receitas Brutas Realizadas;1.1.1.2.04.34.00 - Retido nas Fontes - Outros Rendimentos;siconfi-cor_RO1.1.1.2.04.34.00;7358,54
Prefeitura Municipal de Caapiranga - AM;1300839;AM;12214;Receitas Brutas Realizadas;"1.1.1.2.08.00.00 - Imposto sobre Transmissão Inter Vivos"" de Bens Imóveis e de Direitos Reais sobre Imóveis ¿ ITBI""";siconfi-cor_RO1.1.1.2.08.00.00;5539,75
Prefeitura Municipal de Caapiranga - AM;1300839;AM;12214;Receitas Brutas Realizadas;1.1.1.3.00.00.00 - Impostos sobre a Produção e a Circulação;siconfi-cor_RO1.1.1.3.00.00.00;417224,1
Prefeitura Municipal de Caapiranga - AM;1300839;AM;12214;Receitas Brutas Realizadas;1.1.1.3.05.00.00 - Imposto sobre Serviços de Qualquer Natureza ¿ ISSQN;siconfi-cor_RO1.1.1.3.05.00.00;417224,1
Prefeitura Municipal de Caapiranga - AM;1300839;AM;12214;Receitas Brutas Realizadas;1.1.2.0.00.00.00 - Taxas;siconfi-cor_RO1.1.2.0.00.00.00;9216,43
Prefeitura Municipal de Caapiranga - AM;1300839;AM;12214;Receitas Brutas Realizadas;1.1.2.1.00.00.00 - Taxas pelo Exercício do Poder de Polícia;siconfi-cor_RO1.1.2.1.00.00.00;8333,63
Prefeitura Municipal de Caapiranga - AM;1300839;AM;12214;Receitas Brutas Realizadas;1.1.2.2.00.00.00 - Taxas pela Prestação de Serviços;siconfi-cor_RO1.1.2.2.00.00.00;882,8
Prefeitura Municipal de Caapiranga - AM;1300839;AM;12214;Receitas Brutas Realizadas;1.2.0.0.00.00.00 - Receitas de Contribuições;siconfi-cor_RO1.2.0.0.00.00.00;1199868,88
Prefeitura Municipal de Caapiranga - AM;1300839;AM;12214;Receitas Brutas Realizadas;1.2.1.0.00.00.00 - Contribuições Sociais;siconfi-cor_RO1.2.1.0.00.00.00;1199868,88
Prefeitura Municipal de Caapiranga - AM;1300839;AM;12214;Receitas Brutas Realizadas;1.2.1.0.29.00.00 - Contribuições para o Regime Próprio de Previdência do Servidor Público;siconfi-cor_RO1.2.1.0.29.00.00;1199868,88
Prefeitura Municipal de Caapiranga - AM;1300839;AM;12214;Receitas Brutas Realizadas;1.2.1.0.29.01.00 - Contribuição Patronal de Servidor Ativo Civil para o Regime Próprio;siconfi-cor_RO1.2.1.0.29.01.00;528738,13
Prefeitura Municipal de Caapiranga - AM;1300839;AM;12214;Receitas Brutas Realizadas;1.2.1.0.29.07.00 - Contribuição do Servidor Ativo Civil para o Regime Próprio;siconfi-cor_RO1.2.1.0.29.07.00;609644,85
Prefeitura Municipal de Caapiranga - AM;1300839;AM;12214;Receitas Brutas Realizadas;1.2.1.0.29.15.00 - Contribuição Previdenciária em Regime de Parcelamento de Débitos;siconfi-cor_RO1.2.1.0.29.15.00;61485,9
Prefeitura Municipal de Caapiranga - AM;1300839;AM;12214;Receitas Brutas Realizadas;1.3.0.0.00.00.00 - Receita Patrimonial;siconfi-cor_RO1.3.0.0.00.00.00;417979,51
Prefeitura Municipal de Caapiranga - AM;1300839;AM;12214;Receitas Brutas Realizadas;1.3.2.0.00.00.00 - Receitas de Valores Mobiliários;siconfi-cor_RO1.3.2.0.00.00.00;417979,51
Prefeitura Municipal de Caapiranga - AM;1300839;AM;12214;Receitas Brutas Realizadas;1.3.2.5.00.00.00 - Remuneração de Depósitos Bancários;siconfi-cor_RO1.3.2.5.00.00.00;138134,72
Prefeitura Municipal de Caapiranga - AM;1300839;AM;12214;Receitas Brutas Realizadas;1.3.2.8.00.00.00 - Remuneração dos Investimentos do Regime Próprio de Previdência do Servidor;siconfi-cor_RO1.3.2.8.00.00.00;279844,79
Prefeitura Municipal de Caapiranga - AM;1300839;AM;12214;Receitas Brutas Realizadas;1.7.0.0.00.00.00 - Transferências Correntes;siconfi-cor_RO1.7.0.0.00.00.00;26045964,13
Prefeitura Municipal de Caapiranga - AM;1300839;AM;12214;Receitas Brutas Realizadas;1.7.2.0.00.00.00 - Transferências Intergovernamentais;siconfi-cor_RO1.7.2.0.00.00.00;25308364,13
Prefeitura Municipal de Caapiranga - AM;1300839;AM;12214;Receitas Brutas Realizadas;1.7.2.1.00.00.00 - Transferências da União;siconfi-cor_RO1.7.2.1.00.00.00;11812631,04
Prefeitura Municipal de Caapiranga - AM;1300839;AM;12214;Receitas Brutas Realizadas;1.7.2.1.01.00.00 - Participação na Receita da União;siconfi-cor_RO1.7.2.1.01.00.00;7815194,84
Prefeitura Municipal de Caapiranga - AM;1300839;AM;12214;Receitas Brutas Realizadas;1.7.2.1.01.02.00 - Cota-Parte do Fundo de Participação dos Municípios ¿ FPM;siconfi-cor_RO1.7.2.1.01.02.00;7814594,18
Prefeitura Municipal de Caapiranga - AM;1300839;AM;12214;Receitas Brutas Realizadas;1.7.2.1.01.05.00 - Cota-Parte do Imposto Sobre a Propriedade Territorial Rural ¿ ITR;siconfi-cor_RO1.7.2.1.01.05.00;600,66
Prefeitura Municipal de Caapiranga - AM;1300839;AM;12214;Receitas Brutas Realizadas;1.7.2.1.22.00.00 - Transferências da Compensação Financeira pela Exploração de Recursos Naturais;siconfi-cor_RO1.7.2.1.22.00.00;826155,73
Prefeitura Municipal de Caapiranga - AM;1300839;AM;12214;Receitas Brutas Realizadas;1.7.2.1.22.40.00 - Cota-Parte Royalties pelo Excedente da Produção do Petróleo - Lei nº 9.478/97 artigo 49 I e II;siconfi-cor_RO1.7.2.1.22.40.00;709216,57
Prefeitura Municipal de Caapiranga - AM;1300839;AM;12214;Receitas Brutas Realizadas;1.7.2.1.22.70.00 - Cota-Parte do Fundo Especial do Petróleo ¿ FEP;siconfi-cor_RO1.7.2.1.22.70.00;116939,16
Prefeitura Municipal de Caapiranga - AM;1300839;AM;12214;Receitas Brutas Realizadas;1.7.2.1.33.00.00 - Transferências de Recursos do Sistema Único de Saúde - SUS - Repasses Fundo a Fundo;siconfi-cor_RO1.7.2.1.33.00.00;2071654,94
Prefeitura Municipal de Caapiranga - AM;1300839;AM;12214;Receitas Brutas Realizadas;1.7.2.1.34.00.00 - Transferências de Recursos do Fundo Nacional de Assistência Social ¿ FNAS;siconfi-cor_RO1.7.2.1.34.00.00;171062,1
Prefeitura Municipal de Caapiranga - AM;1300839;AM;12214;Receitas Brutas Realizadas;1.7.2.1.35.00.00 - Transferências de Recursos do Fundo Nacional do Desenvolvimento da Educação ¿ FNDE;siconfi-cor_RO1.7.2.1.35.00.00;749251,32
Prefeitura Municipal de Caapiranga - AM;1300839;AM;12214;Receitas Brutas Realizadas;1.7.2.1.36.00.00 - Transferências Financeiras do ICMS ¿ Desoneração ¿ L.C. Nº 87/96;siconfi-cor_RO1.7.2.1.36.00.00;16166,04
Prefeitura Municipal de Caapiranga - AM;1300839;AM;12214;Receitas Brutas Realizadas;1.7.2.1.99.00.00 - Outras Transferências da União;siconfi-cor_RO1.7.2.1.99.00.00;163146,07
Prefeitura Municipal de Caapiranga - AM;1300839;AM;12214;Receitas Brutas Realizadas;1.7.2.2.00.00.00 - Transferências dos Estados;siconfi-cor_RO1.7.2.2.00.00.00;6912439,88
Prefeitura Municipal de Caapiranga - AM;1300839;AM;12214;Receitas Brutas Realizadas;1.7.2.2.01.00.00 - Participação na Receita dos Estados;siconfi-cor_RO1.7.2.2.01.00.00;6465243,92
Prefeitura Municipal de Caapiranga - AM;1300839;AM;12214;Receitas Brutas Realizadas;1.7.2.2.01.01.00 - Cota-Parte do ICMS;siconfi-cor_RO1.7.2.2.01.01.00;6419391,26
Prefeitura Municipal de Caapiranga - AM;1300839;AM;12214;Receitas Brutas Realizadas;1.7.2.2.01.02.00 - Cota-Parte do IPVA;siconfi-cor_RO1.7.2.2.01.02.00;11916,23
Prefeitura Municipal de Caapiranga - AM;1300839;AM;12214;Receitas Brutas Realizadas;1.7.2.2.01.04.00 - Cota-Parte do IPI sobre Exportação;siconfi-cor_RO1.7.2.2.01.04.00;31135,74
Prefeitura Municipal de Caapiranga - AM;1300839;AM;12214;Receitas Brutas Realizadas;1.7.2.2.01.13.00 - Cota-Parte da Contribuição de Intervenção no Domínio Econômico;siconfi-cor_RO1.7.2.2.01.13.00;2800,69
Prefeitura Municipal de Caapiranga - AM;1300839;AM;12214;Receitas Brutas Realizadas;1.7.2.2.22.00.00 - Transferências da Cota-Parte da Compensação Financeira (25%);siconfi-cor_RO1.7.2.2.22.00.00;100834,76
Prefeitura Municipal de Caapiranga - AM;1300839;AM;12214;Receitas Brutas Realizadas;1.7.2.2.22.30.00 - Cota-Parte Royalties - Compensação Financeira pela Produção de Petróleo - Lei nº 7.990/89 artigo 9º;siconfi-cor_RO1.7.2.2.22.30.00;100834,76
Prefeitura Municipal de Caapiranga - AM;1300839;AM;12214;Receitas Brutas Realizadas;1.7.2.2.33.00.00 - Transferências de Recursos do Estado para Programas de Saúde - Repasse Fundo a Fundo;siconfi-cor_RO1.7.2.2.33.00.00;46361,2
Prefeitura Municipal de Caapiranga - AM;1300839;AM;12214;Receitas Brutas Realizadas;1.7.2.2.99.00.00 - Outras Transferências dos Estados;siconfi-cor_RO1.7.2.2.99.00.00;300000
Prefeitura Municipal de Caapiranga - AM;1300839;AM;12214;Receitas Brutas Realizadas;1.7.2.4.00.00.00 - Transferências Multigovernamentais;siconfi-cor_RO1.7.2.4.00.00.00;6583293,21
Prefeitura Municipal de Caapiranga - AM;1300839;AM;12214;Receitas Brutas Realizadas;1.7.2.4.01.00.00 - Transferências de Recursos do Fundo de Manutenção e Desenvolvimento do Ensino Fundamental e de Valorização do Magistério - FUNDEB;siconfi-cor_RO1.7.2.4.01.00.00;5296710,46
Prefeitura Municipal de Caapiranga - AM;1300839;AM;12214;Receitas Brutas Realizadas;1.7.2.4.02.00.00 - Transferências de Recursos da Complementação ao Fundo de Manutenção e Desenvolvimento do Ensino Fundamental e de Valorização do Magistério - FUNDEB;siconfi-cor_RO1.7.2.4.02.00.00;1286582,75
Prefeitura Municipal de Caapiranga - AM;1300839;AM;12214;Receitas Brutas Realizadas;1.7.3.0.00.00.00 - Transferências de Instituições Privadas;siconfi-cor_RO1.7.3.0.00.00.00;6000
Prefeitura Municipal de Caapiranga - AM;1300839;AM;12214;Receitas Brutas Realizadas;1.7.6.0.00.00.00 - Transferências de Convênios;siconfi-cor_RO1.7.6.0.00.00.00;731600
Prefeitura Municipal de Caapiranga - AM;1300839;AM;12214;Receitas Brutas Realizadas;1.7.6.2.00.00.00 - Transferências de Convênios dos Estados e do Distrito Federal e de Suas Entidades;siconfi-cor_RO1.7.6.2.00.00.00;731600
Prefeitura Municipal de Caapiranga - AM;1300839;AM;12214;Receitas Brutas Realizadas;1.7.6.2.02.00.00 - Transferências de Convênios dos Estados Destinadas a Programas de Educação;siconfi-cor_RO1.7.6.2.02.00.00;531600
Prefeitura Municipal de Caapiranga - AM;1300839;AM;12214;Receitas Brutas Realizadas;1.7.6.2.99.00.00 - Outras Transferências de Convênios dos Estados;siconfi-cor_RO1.7.6.2.99.00.00;200000
Prefeitura Municipal de Caapiranga - AM;1300839;AM;12214;Receitas Brutas Realizadas;1.9.0.0.00.00.00 - Outras Receitas Correntes;siconfi-cor_RO1.9.0.0.00.00.00;20244,35
Prefeitura Municipal de Caapiranga - AM;1300839;AM;12214;Receitas Brutas Realizadas;1.9.1.0.00.00.00 - Multas e Juros de Mora;siconfi-cor_RO1.9.1.0.00.00.00;5612,09
Prefeitura Municipal de Caapiranga - AM;1300839;AM;12214;Receitas Brutas Realizadas;1.9.1.2.00.00.00 - Multas e Juros de Mora das Contribuições;siconfi-cor_RO1.9.1.2.00.00.00;5612,09
Prefeitura Municipal de Caapiranga - AM;1300839;AM;12214;Receitas Brutas Realizadas;1.9.2.0.00.00.00 - Indenizações e Restituições;siconfi-cor_RO1.9.2.0.00.00.00;14606,76
Prefeitura Municipal de Caapiranga - AM;1300839;AM;12214;Receitas Brutas Realizadas;1.9.2.2.00.00.00 - Restituições;siconfi-cor_RO1.9.2.2.00.00.00;14606,76
Prefeitura Municipal de Caapiranga - AM;1300839;AM;12214;Receitas Brutas Realizadas;1.9.2.2.99.00.00 - Outras Restituições;siconfi-cor_RO1.9.2.2.99.00.00;14606,76
Prefeitura Municipal de Caapiranga - AM;1300839;AM;12214;Receitas Brutas Realizadas;1.9.9.0.00.00.00 - Receitas Diversas;siconfi-cor_RO1.9.9.0.00.00.00;25,5
Prefeitura Municipal de Caapiranga - AM;1300839;AM;12214;Receitas Brutas Realizadas;2.0.0.0.00.00.00 - Receitas de Capital;siconfi-cor_RO2.0.0.0.00.00.00;1337724,09
Prefeitura Municipal de Caapiranga - AM;1300839;AM;12214;Receitas Brutas Realizadas;2.4.0.0.00.00.00 - Transferências de Capital;siconfi-cor_RO2.4.0.0.00.00.00;1337724,09
Prefeitura Municipal de Caapiranga - AM;1300839;AM;12214;Receitas Brutas Realizadas;2.4.2.0.00.00.00 - Transferências Intergovernamentais;siconfi-cor_RO2.4.2.0.00.00.00;414425,61
Prefeitura Municipal de Caapiranga - AM;1300839;AM;12214;Receitas Brutas Realizadas;2.4.2.1.00.00.00 - Transferências da União;siconfi-cor_RO2.4.2.1.00.00.00;414425,61
Prefeitura Municipal de Caapiranga - AM;1300839;AM;12214;Receitas Brutas Realizadas;2.4.2.1.01.00.00 - Participação na Receita da União;siconfi-cor_RO2.4.2.1.01.00.00;244800
Prefeitura Municipal de Caapiranga - AM;1300839;AM;12214;Receitas Brutas Realizadas;2.4.2.1.02.00.00 - Transferências de Recursos Destinados a Programas de Educação;siconfi-cor_RO2.4.2.1.02.00.00;169625,61
Prefeitura Municipal de Caapiranga - AM;1300839;AM;12214;Receitas Brutas Realizadas;2.4.7.0.00.00.00 - Transferências de Convênios;siconfi-cor_RO2.4.7.0.00.00.00;923298,48
Prefeitura Municipal de Caapiranga - AM;1300839;AM;12214;Receitas Brutas Realizadas;2.4.7.2.00.00.00 - Transferências de Convênios dos Estados e do Distrito Federal e de suas Entidades;siconfi-cor_RO2.4.7.2.00.00.00;923298,48
Prefeitura Municipal de Caapiranga - AM;1300839;AM;12214;Receitas Brutas Realizadas;2.4.7.2.02.00.00 - Transferências de Convênios dos Estados Destinadas a Programas de Educação;siconfi-cor_RO2.4.7.2.02.00.00;113818,09
Prefeitura Municipal de Caapiranga - AM;1300839;AM;12214;Receitas Brutas Realizadas;2.4.7.2.99.00.00 - Outras Transferências de Convênios dos Estados;siconfi-cor_RO2.4.7.2.99.00.00;809480,39
Prefeitura Municipal de Caapiranga - AM;1300839;AM;12214;Deduções - FUNDEB;Total Receitas;siconfi-cor_TotalReceitas;2792380,63
Prefeitura Municipal de Caapiranga - AM;1300839;AM;12214;Deduções - FUNDEB;1.0.0.0.00.00.00 - Receitas Correntes;siconfi-cor_RO1.0.0.0.00.00.00;2792380,63
Prefeitura Municipal de Caapiranga - AM;1300839;AM;12214;Deduções - FUNDEB;1.7.0.0.00.00.00 - Transferências Correntes;siconfi-cor_RO1.7.0.0.00.00.00;2792380,63
Prefeitura Municipal de Caapiranga - AM;1300839;AM;12214;Deduções - FUNDEB;1.7.2.0.00.00.00 - Transferências Intergovernamentais;siconfi-cor_RO1.7.2.0.00.00.00;2792380,63
Prefeitura Municipal de Caapiranga - AM;1300839;AM;12214;Deduções - FUNDEB;1.7.2.1.00.00.00 - Transferências da União;siconfi-cor_RO1.7.2.1.00.00.00;1499892,24
Prefeitura Municipal de Caapiranga - AM;1300839;AM;12214;Deduções - FUNDEB;1.7.2.1.01.00.00 - Participação na Receita da União;siconfi-cor_RO1.7.2.1.01.00.00;1496659,08
Prefeitura Municipal de Caapiranga - AM;1300839;AM;12214;Deduções - FUNDEB;1.7.2.1.01.02.00 - Cota-Parte do Fundo de Participação dos Municípios ¿ FPM;siconfi-cor_RO1.7.2.1.01.02.00;1496538,99
Prefeitura Municipal de Caapiranga - AM;1300839;AM;12214;Deduções - FUNDEB;1.7.2.1.01.05.00 - Cota-Parte do Imposto Sobre a Propriedade Territorial Rural ¿ ITR;siconfi-cor_RO1.7.2.1.01.05.00;120,09
Prefeitura Municipal de Caapiranga - AM;1300839;AM;12214;Deduções - FUNDEB;1.7.2.1.36.00.00 - Transferências Financeiras do ICMS ¿ Desoneração ¿ L.C. Nº 87/96;siconfi-cor_RO1.7.2.1.36.00.00;3233,16
Prefeitura Municipal de Caapiranga - AM;1300839;AM;12214;Deduções - FUNDEB;1.7.2.2.00.00.00 - Transferências dos Estados;siconfi-cor_RO1.7.2.2.00.00.00;1292488,39
Prefeitura Municipal de Caapiranga - AM;1300839;AM;12214;Deduções - FUNDEB;1.7.2.2.01.00.00 - Participação na Receita dos Estados;siconfi-cor_RO1.7.2.2.01.00.00;1292488,39
Prefeitura Municipal de Caapiranga - AM;1300839;AM;12214;Deduções - FUNDEB;1.7.2.2.01.01.00 - Cota-Parte do ICMS;siconfi-cor_RO1.7.2.2.01.01.00;1283878,23
Prefeitura Municipal de Caapiranga - AM;1300839;AM;12214;Deduções - FUNDEB;1.7.2.2.01.02.00 - Cota-Parte do IPVA;siconfi-cor_RO1.7.2.2.01.02.00;2383,01
Prefeitura Municipal de Caapiranga - AM;1300839;AM;12214;Deduções - FUNDEB;1.7.2.2.01.04.00 - Cota-Parte do IPI sobre Exportação;siconfi-cor_RO1.7.2.2.01.04.00;6227,15
Prefeitura Municipal de Beruri - AM;1300631;AM;17755;Receitas Brutas Realizadas;Total Receitas;siconfi-cor_TotalReceitas;42774415,63
Prefeitura Municipal de Beruri - AM;1300631;AM;17755;Receitas Brutas Realizadas;1.0.0.0.00.00.00 - Receitas Correntes;siconfi-cor_RO1.0.0.0.00.00.00;40924173,74
Prefeitura Municipal de Beruri - AM;1300631;AM;17755;Receitas Brutas Realizadas;1.1.0.0.00.00.00 - Receita Tributária;siconfi-cor_RO1.1.0.0.00.00.00;1043177,38
Prefeitura Municipal de Beruri - AM;1300631;AM;17755;Receitas Brutas Realizadas;1.1.1.0.00.00.00 - Impostos;siconfi-cor_RO1.1.1.0.00.00.00;1043177,38
Prefeitura Municipal de Beruri - AM;1300631;AM;17755;Receitas Brutas Realizadas;1.1.1.2.00.00.00 - Impostos sobre o Patrimônio e a Renda;siconfi-cor_RO1.1.1.2.00.00.00;626191,09
Prefeitura Municipal de Beruri - AM;1300631;AM;17755;Receitas Brutas Realizadas;1.1.1.2.02.00.00 - Imposto sobre a Propriedade Predial e Territorial Urbana ¿ IPTU;siconfi-cor_RO1.1.1.2.02.00.00;10000
Prefeitura Municipal de Beruri - AM;1300631;AM;17755;Receitas Brutas Realizadas;1.1.1.2.04.00.00 - Imposto sobre a Renda e Proventos de Qualquer Natureza ¿ IR;siconfi-cor_RO1.1.1.2.04.00.00;616191,09
Prefeitura Municipal de Beruri - AM;1300631;AM;17755;Receitas Brutas Realizadas;1.1.1.2.04.31.00 - Retido nas Fontes - Trabalho;siconfi-cor_RO1.1.1.2.04.31.00;554244,56
Prefeitura Municipal de Beruri - AM;1300631;AM;17755;Receitas Brutas Realizadas;1.1.1.2.04.34.00 - Retido nas Fontes - Outros Rendimentos;siconfi-cor_RO1.1.1.2.04.34.00;61946,53
Prefeitura Municipal de Beruri - AM;1300631;AM;17755;Receitas Brutas Realizadas;1.1.1.3.00.00.00 - Impostos sobre a Produção e a Circulação;siconfi-cor_RO1.1.1.3.00.00.00;416986,29
Prefeitura Municipal de Beruri - AM;1300631;AM;17755;Receitas Brutas Realizadas;1.1.1.3.05.00.00 - Imposto sobre Serviços de Qualquer Natureza ¿ ISSQN;siconfi-cor_RO1.1.1.3.05.00.00;416986,29
Prefeitura Municipal de Beruri - AM;1300631;AM;17755;Receitas Brutas Realizadas;1.3.0.0.00.00.00 - Receita Patrimonial;siconfi-cor_RO1.3.0.0.00.00.00;88252,12
Prefeitura Municipal de Beruri - AM;1300631;AM;17755;Receitas Brutas Realizadas;1.3.2.0.00.00.00 - Receitas de Valores Mobiliários;siconfi-cor_RO1.3.2.0.00.00.00;88252,12
Prefeitura Municipal de Beruri - AM;1300631;AM;17755;Receitas Brutas Realizadas;1.3.2.5.00.00.00 - Remuneração de Depósitos Bancários;siconfi-cor_RO1.3.2.5.00.00.00;88252,12
Prefeitura Municipal de Beruri - AM;1300631;AM;17755;Receitas Brutas Realizadas;1.7.0.0.00.00.00 - Transferências Correntes;siconfi-cor_RO1.7.0.0.00.00.00;39790284,73
Prefeitura Municipal de Beruri - AM;1300631;AM;17755;Receitas Brutas Realizadas;1.7.2.0.00.00.00 - Transferências Intergovernamentais;siconfi-cor_RO1.7.2.0.00.00.00;39340284,73
Prefeitura Municipal de Beruri - AM;1300631;AM;17755;Receitas Brutas Realizadas;1.7.2.1.00.00.00 - Transferências da União;siconfi-cor_RO1.7.2.1.00.00.00;15678336,43
Prefeitura Municipal de Beruri - AM;1300631;AM;17755;Receitas Brutas Realizadas;1.7.2.1.01.00.00 - Participação na Receita da União;siconfi-cor_RO1.7.2.1.01.00.00;11722573,74
Prefeitura Municipal de Beruri - AM;1300631;AM;17755;Receitas Brutas Realizadas;1.7.2.1.01.02.00 - Cota-Parte do Fundo de Participação dos Municípios ¿ FPM;siconfi-cor_RO1.7.2.1.01.02.00;11721891,31
Prefeitura Municipal de Beruri - AM;1300631;AM;17755;Receitas Brutas Realizadas;1.7.2.1.01.05.00 - Cota-Parte do Imposto Sobre a Propriedade Territorial Rural ¿ ITR;siconfi-cor_RO1.7.2.1.01.05.00;682,43
Prefeitura Municipal de Beruri - AM;1300631;AM;17755;Receitas Brutas Realizadas;1.7.2.1.22.00.00 - Transferências da Compensação Financeira pela Exploração de Recursos Naturais;siconfi-cor_RO1.7.2.1.22.00.00;209021,98
Prefeitura Municipal de Beruri - AM;1300631;AM;17755;Receitas Brutas Realizadas;1.7.2.1.22.40.00 - Cota-Parte Royalties pelo Excedente da Produção do Petróleo - Lei nº 9.478/97 artigo 49 I e II;siconfi-cor_RO1.7.2.1.22.40.00;33613,24
Prefeitura Municipal de Beruri - AM;1300631;AM;17755;Receitas Brutas Realizadas;1.7.2.1.22.70.00 - Cota-Parte do Fundo Especial do Petróleo ¿ FEP;siconfi-cor_RO1.7.2.1.22.70.00;175408,74
Prefeitura Municipal de Beruri - AM;1300631;AM;17755;Receitas Brutas Realizadas;1.7.2.1.33.00.00 - Transferências de Recursos do Sistema Único de Saúde - SUS - Repasses Fundo a Fundo;siconfi-cor_RO1.7.2.1.33.00.00;1762052,69
Prefeitura Municipal de Beruri - AM;1300631;AM;17755;Receitas Brutas Realizadas;1.7.2.1.34.00.00 - Transferências de Recursos do Fundo Nacional de Assistência Social ¿ FNAS;siconfi-cor_RO1.7.2.1.34.00.00;302705,15
Prefeitura Municipal de Beruri - AM;1300631;AM;17755;Receitas Brutas Realizadas;1.7.2.1.35.00.00 - Transferências de Recursos do Fundo Nacional do Desenvolvimento da Educação ¿ FNDE;siconfi-cor_RO1.7.2.1.35.00.00;1423161,56
Prefeitura Municipal de Beruri - AM;1300631;AM;17755;Receitas Brutas Realizadas;1.7.2.1.36.00.00 - Transferências Financeiras do ICMS ¿ Desoneração ¿ L.C. Nº 87/96;siconfi-cor_RO1.7.2.1.36.00.00;17846,4
Prefeitura Municipal de Beruri - AM;1300631;AM;17755;Receitas Brutas Realizadas;1.7.2.1.99.00.00 - Outras Transferências da União;siconfi-cor_RO1.7.2.1.99.00.00;240974,91
Prefeitura Municipal de Beruri - AM;1300631;AM;17755;Receitas Brutas Realizadas;1.7.2.2.00.00.00 - Transferências dos Estados;siconfi-cor_RO1.7.2.2.00.00.00;7312161,13
Prefeitura Municipal de Beruri - AM;1300631;AM;17755;Receitas Brutas Realizadas;1.7.2.2.01.00.00 - Participação na Receita dos Estados;siconfi-cor_RO1.7.2.2.01.00.00;7143493,33
Prefeitura Municipal de Beruri - AM;1300631;AM;17755;Receitas Brutas Realizadas;1.7.2.2.01.01.00 - Cota-Parte do ICMS;siconfi-cor_RO1.7.2.2.01.01.00;7086659,25
Prefeitura Municipal de Beruri - AM;1300631;AM;17755;Receitas Brutas Realizadas;1.7.2.2.01.02.00 - Cota-Parte do IPVA;siconfi-cor_RO1.7.2.2.01.02.00;18825,55
Prefeitura Municipal de Beruri - AM;1300631;AM;17755;Receitas Brutas Realizadas;1.7.2.2.01.04.00 - Cota-Parte do IPI sobre Exportação;siconfi-cor_RO1.7.2.2.01.04.00;34372,15
Prefeitura Municipal de Beruri - AM;1300631;AM;17755;Receitas Brutas Realizadas;1.7.2.2.01.13.00 - Cota-Parte da Contribuição de Intervenção no Domínio Econômico;siconfi-cor_RO1.7.2.2.01.13.00;3636,38
Prefeitura Municipal de Beruri - AM;1300631;AM;17755;Receitas Brutas Realizadas;1.7.2.2.22.00.00 - Transferências da Cota-Parte da Compensação Financeira (25%);siconfi-cor_RO1.7.2.2.22.00.00;111316,08
Prefeitura Municipal de Beruri - AM;1300631;AM;17755;Receitas Brutas Realizadas;1.7.2.2.22.30.00 - Cota-Parte Royalties - Compensação Financeira pela Produção de Petróleo - Lei nº 7.990/89 artigo 9º;siconfi-cor_RO1.7.2.2.22.30.00;111316,08
Prefeitura Municipal de Beruri - AM;1300631;AM;17755;Receitas Brutas Realizadas;1.7.2.2.33.00.00 - Transferências de Recursos do Estado para Programas de Saúde - Repasse Fundo a Fundo;siconfi-cor_RO1.7.2.2.33.00.00;57351,72
Prefeitura Municipal de Beruri - AM;1300631;AM;17755;Receitas Brutas Realizadas;1.7.2.4.00.00.00 - Transferências Multigovernamentais;siconfi-cor_RO1.7.2.4.00.00.00;16349787,17
Prefeitura Municipal de Beruri - AM;1300631;AM;17755;Receitas Brutas Realizadas;1.7.2.4.01.00.00 - Transferências de Recursos do Fundo de Manutenção e Desenvolvimento do Ensino Fundamental e de Valorização do Magistério - FUNDEB;siconfi-cor_RO1.7.2.4.01.00.00;13143452,75
Prefeitura Municipal de Beruri - AM;1300631;AM;17755;Receitas Brutas Realizadas;1.7.2.4.02.00.00 - Transferências de Recursos da Complementação ao Fundo de Manutenção e Desenvolvimento do Ensino Fundamental e de Valorização do Magistério - FUNDEB;siconfi-cor_RO1.7.2.4.02.00.00;3206334,42
Prefeitura Municipal de Beruri - AM;1300631;AM;17755;Receitas Brutas Realizadas;1.7.6.0.00.00.00 - Transferências de Convênios;siconfi-cor_RO1.7.6.0.00.00.00;450000
Prefeitura Municipal de Beruri - AM;1300631;AM;17755;Receitas Brutas Realizadas;1.7.6.2.00.00.00 - Transferências de Convênios dos Estados e do Distrito Federal e de Suas Entidades;siconfi-cor_RO1.7.6.2.00.00.00;450000
Prefeitura Municipal de Beruri - AM;1300631;AM;17755;Receitas Brutas Realizadas;1.7.6.2.99.00.00 - Outras Transferências de Convênios dos Estados;siconfi-cor_RO1.7.6.2.99.00.00;450000
Prefeitura Municipal de Beruri - AM;1300631;AM;17755;Receitas Brutas Realizadas;1.9.0.0.00.00.00 - Outras Receitas Correntes;siconfi-cor_RO1.9.0.0.00.00.00;2459,51
Prefeitura Municipal de Beruri - AM;1300631;AM;17755;Receitas Brutas Realizadas;1.9.9.0.00.00.00 - Receitas Diversas;siconfi-cor_RO1.9.9.0.00.00.00;2459,51
Prefeitura Municipal de Beruri - AM;1300631;AM;17755;Receitas Brutas Realizadas;2.0.0.0.00.00.00 - Receitas de Capital;siconfi-cor_RO2.0.0.0.00.00.00;1850241,89
Prefeitura Municipal de Beruri - AM;1300631;AM;17755;Receitas Brutas Realizadas;2.4.0.0.00.00.00 - Transferências de Capital;siconfi-cor_RO2.4.0.0.00.00.00;1850241,89
Prefeitura Municipal de Beruri - AM;1300631;AM;17755;Receitas Brutas Realizadas;2.4.2.0.00.00.00 - Transferências Intergovernamentais;siconfi-cor_RO2.4.2.0.00.00.00;961900
Prefeitura Municipal de Beruri - AM;1300631;AM;17755;Receitas Brutas Realizadas;2.4.2.1.00.00.00 - Transferências da União;siconfi-cor_RO2.4.2.1.00.00.00;734400
Prefeitura Municipal de Beruri - AM;1300631;AM;17755;Receitas Brutas Realizadas;2.4.2.1.99.00.00 - Outras Transferências da União;siconfi-cor_RO2.4.2.1.99.00.00;734400
Prefeitura Municipal de Beruri - AM;1300631;AM;17755;Receitas Brutas Realizadas;2.4.2.2.00.00.00 - Transferências dos Estados;siconfi-cor_RO2.4.2.2.00.00.00;227500
Prefeitura Municipal de Beruri - AM;1300631;AM;17755;Receitas Brutas Realizadas;2.4.2.2.02.00.00 - Transferências de Recursos Destinados a Programas de Educação;siconfi-cor_RO2.4.2.2.02.00.00;227500
Prefeitura Municipal de Beruri - AM;1300631;AM;17755;Receitas Brutas Realizadas;2.4.7.0.00.00.00 - Transferências de Convênios;siconfi-cor_RO2.4.7.0.00.00.00;888341,89
Prefeitura Municipal de Beruri - AM;1300631;AM;17755;Receitas Brutas Realizadas;2.4.7.1.00.00.00 - Transferências de Convênios da União e de suas Entidades;siconfi-cor_RO2.4.7.1.00.00.00;287586,54
Prefeitura Municipal de Beruri - AM;1300631;AM;17755;Receitas Brutas Realizadas;2.4.7.1.02.00.00 - Transferências de Convênios da União Destinadas a Programas de Educação;siconfi-cor_RO2.4.7.1.02.00.00;287586,54
Prefeitura Municipal de Beruri - AM;1300631;AM;17755;Receitas Brutas Realizadas;2.4.7.2.00.00.00 - Transferências de Convênios dos Estados e do Distrito Federal e de suas Entidades;siconfi-cor_RO2.4.7.2.00.00.00;600755,35
Prefeitura Municipal de Beruri - AM;1300631;AM;17755;Receitas Brutas Realizadas;2.4.7.2.03.00.00 - Transferências de Convênios dos Estados Destinadas a Programas de Saneamento Básico;siconfi-cor_RO2.4.7.2.03.00.00;600755,35
Prefeitura Municipal de Beruri - AM;1300631;AM;17755;Deduções - FUNDEB;Total Receitas;siconfi-cor_TotalReceitas;3676485,48
Prefeitura Municipal de Beruri - AM;1300631;AM;17755;Deduções - FUNDEB;1.0.0.0.00.00.00 - Receitas Correntes;siconfi-cor_RO1.0.0.0.00.00.00;3676485,48
Prefeitura Municipal de Beruri - AM;1300631;AM;17755;Deduções - FUNDEB;1.7.0.0.00.00.00 - Transferências Correntes;siconfi-cor_RO1.7.0.0.00.00.00;3676485,48
Prefeitura Municipal de Beruri - AM;1300631;AM;17755;Deduções - FUNDEB;1.7.2.0.00.00.00 - Transferências Intergovernamentais;siconfi-cor_RO1.7.2.0.00.00.00;3676485,48
Prefeitura Municipal de Beruri - AM;1300631;AM;17755;Deduções - FUNDEB;1.7.2.1.00.00.00 - Transferências da União;siconfi-cor_RO1.7.2.1.00.00.00;2248514,41
Prefeitura Municipal de Beruri - AM;1300631;AM;17755;Deduções - FUNDEB;1.7.2.1.01.00.00 - Participação na Receita da União;siconfi-cor_RO1.7.2.1.01.00.00;2244945,13
Prefeitura Municipal de Beruri - AM;1300631;AM;17755;Deduções - FUNDEB;1.7.2.1.01.02.00 - Cota-Parte do Fundo de Participação dos Municípios ¿ FPM;siconfi-cor_RO1.7.2.1.01.02.00;2244808,66
Prefeitura Municipal de Beruri - AM;1300631;AM;17755;Deduções - FUNDEB;1.7.2.1.01.05.00 - Cota-Parte do Imposto Sobre a Propriedade Territorial Rural ¿ ITR;siconfi-cor_RO1.7.2.1.01.05.00;136,47
Prefeitura Municipal de Beruri - AM;1300631;AM;17755;Deduções - FUNDEB;1.7.2.1.36.00.00 - Transferências Financeiras do ICMS ¿ Desoneração ¿ L.C. Nº 87/96;siconfi-cor_RO1.7.2.1.36.00.00;3569,28
Prefeitura Municipal de Beruri - AM;1300631;AM;17755;Deduções - FUNDEB;1.7.2.2.00.00.00 - Transferências dos Estados;siconfi-cor_RO1.7.2.2.00.00.00;1427971,07
Prefeitura Municipal de Beruri - AM;1300631;AM;17755;Deduções - FUNDEB;1.7.2.2.01.00.00 - Participação na Receita dos Estados;siconfi-cor_RO1.7.2.2.01.00.00;1427971,07
Prefeitura Municipal de Beruri - AM;1300631;AM;17755;Deduções - FUNDEB;1.7.2.2.01.01.00 - Cota-Parte do ICMS;siconfi-cor_RO1.7.2.2.01.01.00;1417331,85
Prefeitura Municipal de Beruri - AM;1300631;AM;17755;Deduções - FUNDEB;1.7.2.2.01.02.00 - Cota-Parte do IPVA;siconfi-cor_RO1.7.2.2.01.02.00;3764,8
Prefeitura Municipal de Beruri - AM;1300631;AM;17755;Deduções - FUNDEB;1.7.2.2.01.04.00 - Cota-Parte do IPI sobre Exportação;siconfi-cor_RO1.7.2.2.01.04.00;6874,42
Prefeitura Municipal de Careiro - AM;1301100;AM;35938;Receitas Brutas Realizadas;Total Receitas;siconfi-cor_TotalReceitas;63588607,77
Prefeitura Municipal de Careiro - AM;1301100;AM;35938;Receitas Brutas Realizadas;1.0.0.0.00.00.00 - Receitas Correntes;siconfi-cor_RO1.0.0.0.00.00.00;56652983,6
Prefeitura Municipal de Careiro - AM;1301100;AM;35938;Receitas Brutas Realizadas;1.1.0.0.00.00.00 - Receita Tributária;siconfi-cor_RO1.1.0.0.00.00.00;1954390,78
Prefeitura Municipal de Careiro - AM;1301100;AM;35938;Receitas Brutas Realizadas;1.1.1.0.00.00.00 - Impostos;siconfi-cor_RO1.1.1.0.00.00.00;1767874,49
Prefeitura Municipal de Careiro - AM;1301100;AM;35938;Receitas Brutas Realizadas;1.1.1.2.00.00.00 - Impostos sobre o Patrimônio e a Renda;siconfi-cor_RO1.1.1.2.00.00.00;665129,52
Prefeitura Municipal de Careiro - AM;1301100;AM;35938;Receitas Brutas Realizadas;1.1.1.2.02.00.00 - Imposto sobre a Propriedade Predial e Territorial Urbana ¿ IPTU;siconfi-cor_RO1.1.1.2.02.00.00;26477,48
Prefeitura Municipal de Careiro - AM;1301100;AM;35938;Receitas Brutas Realizadas;1.1.1.2.04.00.00 - Imposto sobre a Renda e Proventos de Qualquer Natureza ¿ IR;siconfi-cor_RO1.1.1.2.04.00.00;627665,6
Prefeitura Municipal de Careiro - AM;1301100;AM;35938;Receitas Brutas Realizadas;1.1.1.2.04.31.00 - Retido nas Fontes - Trabalho;siconfi-cor_RO1.1.1.2.04.31.00;464286,84
Prefeitura Municipal de Careiro - AM;1301100;AM;35938;Receitas Brutas Realizadas;1.1.1.2.04.34.00 - Retido nas Fontes - Outros Rendimentos;siconfi-cor_RO1.1.1.2.04.34.00;163378,76
Prefeitura Municipal de Careiro - AM;1301100;AM;35938;Receitas Brutas Realizadas;"1.1.1.2.08.00.00 - Imposto sobre Transmissão Inter Vivos"" de Bens Imóveis e de Direitos Reais sobre Imóveis ¿ ITBI""";siconfi-cor_RO1.1.1.2.08.00.00;10986,44
Prefeitura Municipal de Careiro - AM;1301100;AM;35938;Receitas Brutas Realizadas;1.1.1.3.00.00.00 - Impostos sobre a Produção e a Circulação;siconfi-cor_RO1.1.1.3.00.00.00;1102744,97
Prefeitura Municipal de Careiro - AM;1301100;AM;35938;Receitas Brutas Realizadas;1.1.1.3.05.00.00 - Imposto sobre Serviços de Qualquer Natureza ¿ ISSQN;siconfi-cor_RO1.1.1.3.05.00.00;1102744,97
Prefeitura Municipal de Careiro - AM;1301100;AM;35938;Receitas Brutas Realizadas;1.1.2.0.00.00.00 - Taxas;siconfi-cor_RO1.1.2.0.00.00.00;186516,29
Prefeitura Municipal de Careiro - AM;1301100;AM;35938;Receitas Brutas Realizadas;1.1.2.1.00.00.00 - Taxas pelo Exercício do Poder de Polícia;siconfi-cor_RO1.1.2.1.00.00.00;152165,67
Prefeitura Municipal de Careiro - AM;1301100;AM;35938;Receitas Brutas Realizadas;1.1.2.2.00.00.00 - Taxas pela Prestação de Serviços;siconfi-cor_RO1.1.2.2.00.00.00;34350,62
Prefeitura Municipal de Careiro - AM;1301100;AM;35938;Receitas Brutas Realizadas;1.2.0.0.00.00.00 - Receitas de Contribuições;siconfi-cor_RO1.2.0.0.00.00.00;138337,62
Prefeitura Municipal de Careiro - AM;1301100;AM;35938;Receitas Brutas Realizadas;1.2.3.0.00.00.00 - Contribuição para Custeio do Serviço de Iluminação Pública;siconfi-cor_RO1.2.3.0.00.00.00;138337,62
Prefeitura Municipal de Careiro - AM;1301100;AM;35938;Receitas Brutas Realizadas;1.3.0.0.00.00.00 - Receita Patrimonial;siconfi-cor_RO1.3.0.0.00.00.00;235901,52
Prefeitura Municipal de Careiro - AM;1301100;AM;35938;Receitas Brutas Realizadas;1.3.1.0.00.00.00 - Receitas Imobiliárias;siconfi-cor_RO1.3.1.0.00.00.00;20680
Prefeitura Municipal de Careiro - AM;1301100;AM;35938;Receitas Brutas Realizadas;1.3.1.9.00.00.00 - Outras Receitas Imobiliárias;siconfi-cor_RO1.3.1.9.00.00.00;20680
Prefeitura Municipal de Careiro - AM;1301100;AM;35938;Receitas Brutas Realizadas;1.3.2.0.00.00.00 - Receitas de Valores Mobiliários;siconfi-cor_RO1.3.2.0.00.00.00;215221,52
Prefeitura Municipal de Careiro - AM;1301100;AM;35938;Receitas Brutas Realizadas;1.3.2.5.00.00.00 - Remuneração de Depósitos Bancários;siconfi-cor_RO1.3.2.5.00.00.00;215221,52
Prefeitura Municipal de Careiro - AM;1301100;AM;35938;Receitas Brutas Realizadas;1.4.0.0.00.00.00 - Receita Agropecuária;siconfi-cor_RO1.4.0.0.00.00.00;549,1
Prefeitura Municipal de Careiro - AM;1301100;AM;35938;Receitas Brutas Realizadas;1.4.2.0.00.00.00 - Receita da Produção Animal e Derivados;siconfi-cor_RO1.4.2.0.00.00.00;549,1
Prefeitura Municipal de Careiro - AM;1301100;AM;35938;Receitas Brutas Realizadas;1.6.0.0.00.00.00 - Receita de Serviços;siconfi-cor_RO1.6.0.0.00.00.00;230406,75
Prefeitura Municipal de Careiro - AM;1301100;AM;35938;Receitas Brutas Realizadas;1.6.0.0.13.00.00 - Serviços Administrativos;siconfi-cor_RO1.6.0.0.13.00.00;1440
Prefeitura Municipal de Careiro - AM;1301100;AM;35938;Receitas Brutas Realizadas;1.6.0.0.99.00.00 - Demais Receitas de Serviços;siconfi-cor_RO1.6.0.0.99.00.00;228966,75
Prefeitura Municipal de Careiro - AM;1301100;AM;35938;Receitas Brutas Realizadas;1.7.0.0.00.00.00 - Transferências Correntes;siconfi-cor_RO1.7.0.0.00.00.00;54082669,91
Prefeitura Municipal de Careiro - AM;1301100;AM;35938;Receitas Brutas Realizadas;1.7.2.0.00.00.00 - Transferências Intergovernamentais;siconfi-cor_RO1.7.2.0.00.00.00;51126789,91
Prefeitura Municipal de Careiro - AM;1301100;AM;35938;Receitas Brutas Realizadas;1.7.2.1.00.00.00 - Transferências da União;siconfi-cor_RO1.7.2.1.00.00.00;24539174,75
Prefeitura Municipal de Careiro - AM;1301100;AM;35938;Receitas Brutas Realizadas;1.7.2.1.01.00.00 - Participação na Receita da União;siconfi-cor_RO1.7.2.1.01.00.00;15644923,66
Prefeitura Municipal de Careiro - AM;1301100;AM;35938;Receitas Brutas Realizadas;1.7.2.1.01.02.00 - Cota-Parte do Fundo de Participação dos Municípios ¿ FPM;siconfi-cor_RO1.7.2.1.01.02.00;15629188,4
Prefeitura Municipal de Careiro - AM;1301100;AM;35938;Receitas Brutas Realizadas;1.7.2.1.01.05.00 - Cota-Parte do Imposto Sobre a Propriedade Territorial Rural ¿ ITR;siconfi-cor_RO1.7.2.1.01.05.00;15735,26
Prefeitura Municipal de Careiro - AM;1301100;AM;35938;Receitas Brutas Realizadas;1.7.2.1.22.00.00 - Transferências da Compensação Financeira pela Exploração de Recursos Naturais;siconfi-cor_RO1.7.2.1.22.00.00;267491,56
Prefeitura Municipal de Careiro - AM;1301100;AM;35938;Receitas Brutas Realizadas;1.7.2.1.22.70.00 - Cota-Parte do Fundo Especial do Petróleo ¿ FEP;siconfi-cor_RO1.7.2.1.22.70.00;267491,56
Prefeitura Municipal de Careiro - AM;1301100;AM;35938;Receitas Brutas Realizadas;1.7.2.1.33.00.00 - Transferências de Recursos do Sistema Único de Saúde - SUS - Repasses Fundo a Fundo;siconfi-cor_RO1.7.2.1.33.00.00;5095312,92
Prefeitura Municipal de Careiro - AM;1301100;AM;35938;Receitas Brutas Realizadas;1.7.2.1.34.00.00 - Transferências de Recursos do Fundo Nacional de Assistência Social ¿ FNAS;siconfi-cor_RO1.7.2.1.34.00.00;836704,31
Prefeitura Municipal de Careiro - AM;1301100;AM;35938;Receitas Brutas Realizadas;1.7.2.1.35.00.00 - Transferências de Recursos do Fundo Nacional do Desenvolvimento da Educação ¿ FNDE;siconfi-cor_RO1.7.2.1.35.00.00;2348931,18
Prefeitura Municipal de Careiro - AM;1301100;AM;35938;Receitas Brutas Realizadas;1.7.2.1.36.00.00 - Transferências Financeiras do ICMS ¿ Desoneração ¿ L.C. Nº 87/96;siconfi-cor_RO1.7.2.1.36.00.00;25776,6
Prefeitura Municipal de Careiro - AM;1301100;AM;35938;Receitas Brutas Realizadas;1.7.2.1.99.00.00 - Outras Transferências da União;siconfi-cor_RO1.7.2.1.99.00.00;320034,52
Prefeitura Municipal de Careiro - AM;1301100;AM;35938;Receitas Brutas Realizadas;1.7.2.2.00.00.00 - Transferências dos Estados;siconfi-cor_RO1.7.2.2.00.00.00;10621382,5
Prefeitura Municipal de Careiro - AM;1301100;AM;35938;Receitas Brutas Realizadas;1.7.2.2.01.00.00 - Participação na Receita dos Estados;siconfi-cor_RO1.7.2.2.01.00.00;10460601,85
Prefeitura Municipal de Careiro - AM;1301100;AM;35938;Receitas Brutas Realizadas;1.7.2.2.01.01.00 - Cota-Parte do ICMS;siconfi-cor_RO1.7.2.2.01.01.00;10235695,93
Prefeitura Municipal de Careiro - AM;1301100;AM;35938;Receitas Brutas Realizadas;1.7.2.2.01.02.00 - Cota-Parte do IPVA;siconfi-cor_RO1.7.2.2.01.02.00;168930,02
Prefeitura Municipal de Careiro - AM;1301100;AM;35938;Receitas Brutas Realizadas;1.7.2.2.01.04.00 - Cota-Parte do IPI sobre Exportação;siconfi-cor_RO1.7.2.2.01.04.00;49645,84
Prefeitura Municipal de Careiro - AM;1301100;AM;35938;Receitas Brutas Realizadas;1.7.2.2.01.13.00 - Cota-Parte da Contribuição de Intervenção no Domínio Econômico;siconfi-cor_RO1.7.2.2.01.13.00;6330,06
Prefeitura Municipal de Careiro - AM;1301100;AM;35938;Receitas Brutas Realizadas;1.7.2.2.22.00.00 - Transferências da Cota-Parte da Compensação Financeira (25%);siconfi-cor_RO1.7.2.2.22.00.00;160780,65
Prefeitura Municipal de Careiro - AM;1301100;AM;35938;Receitas Brutas Realizadas;1.7.2.2.22.30.00 - Cota-Parte Royalties - Compensação Financeira pela Produção de Petróleo - Lei nº 7.990/89 artigo 9º;siconfi-cor_RO1.7.2.2.22.30.00;160780,65
Prefeitura Municipal de Careiro - AM;1301100;AM;35938;Receitas Brutas Realizadas;1.7.2.4.00.00.00 - Transferências Multigovernamentais;siconfi-cor_RO1.7.2.4.00.00.00;15966232,66
Prefeitura Municipal de Careiro - AM;1301100;AM;35938;Receitas Brutas Realizadas;1.7.2.4.01.00.00 - Transferências de Recursos do Fundo de Manutenção e Desenvolvimento do Ensino Fundamental e de Valorização do Magistério - FUNDEB;siconfi-cor_RO1.7.2.4.01.00.00;12908706,67
Prefeitura Municipal de Careiro - AM;1301100;AM;35938;Receitas Brutas Realizadas;1.7.2.4.02.00.00 - Transferências de Recursos da Complementação ao Fundo de Manutenção e Desenvolvimento do Ensino Fundamental e de Valorização do Magistério - FUNDEB;siconfi-cor_RO1.7.2.4.02.00.00;3057525,99
Prefeitura Municipal de Careiro - AM;1301100;AM;35938;Receitas Brutas Realizadas;1.7.3.0.00.00.00 - Transferências de Instituições Privadas;siconfi-cor_RO1.7.3.0.00.00.00;40000
Prefeitura Municipal de Careiro - AM;1301100;AM;35938;Receitas Brutas Realizadas;1.7.6.0.00.00.00 - Transferências de Convênios;siconfi-cor_RO1.7.6.0.00.00.00;2915880
Prefeitura Municipal de Careiro - AM;1301100;AM;35938;Receitas Brutas Realizadas;1.7.6.1.00.00.00 - Transferências de Convênios da União e de Suas Entidades;siconfi-cor_RO1.7.6.1.00.00.00;2915880
Prefeitura Municipal de Careiro - AM;1301100;AM;35938;Receitas Brutas Realizadas;1.7.6.1.02.00.00 - Transferências de Convênios da União Destinadas a Programas de Educação;siconfi-cor_RO1.7.6.1.02.00.00;2915880
Prefeitura Municipal de Careiro - AM;1301100;AM;35938;Receitas Brutas Realizadas;1.9.0.0.00.00.00 - Outras Receitas Correntes;siconfi-cor_RO1.9.0.0.00.00.00;10727,92
Prefeitura Municipal de Careiro - AM;1301100;AM;35938;Receitas Brutas Realizadas;1.9.3.0.00.00.00 - Receita da Dívida Ativa;siconfi-cor_RO1.9.3.0.00.00.00;8649,14
Prefeitura Municipal de Careiro - AM;1301100;AM;35938;Receitas Brutas Realizadas;1.9.3.1.00.00.00 - Receita da Dívida Ativa Tributária;siconfi-cor_RO1.9.3.1.00.00.00;8649,14
Prefeitura Municipal de Careiro - AM;1301100;AM;35938;Receitas Brutas Realizadas;1.9.9.0.00.00.00 - Receitas Diversas;siconfi-cor_RO1.9.9.0.00.00.00;2078,78
Prefeitura Municipal de Careiro - AM;1301100;AM;35938;Receitas Brutas Realizadas;2.0.0.0.00.00.00 - Receitas de Capital;siconfi-cor_RO2.0.0.0.00.00.00;6935624,17
Prefeitura Municipal de Careiro - AM;1301100;AM;35938;Receitas Brutas Realizadas;2.4.0.0.00.00.00 - Transferências de Capital;siconfi-cor_RO2.4.0.0.00.00.00;6935624,17
Prefeitura Municipal de Careiro - AM;1301100;AM;35938;Receitas Brutas Realizadas;2.4.2.0.00.00.00 - Transferências Intergovernamentais;siconfi-cor_RO2.4.2.0.00.00.00;3263149,42
Prefeitura Municipal de Careiro - AM;1301100;AM;35938;Receitas Brutas Realizadas;2.4.2.1.00.00.00 - Transferências da União;siconfi-cor_RO2.4.2.1.00.00.00;3011821,64
Prefeitura Municipal de Careiro - AM;1301100;AM;35938;Receitas Brutas Realizadas;2.4.2.1.01.00.00 - Participação na Receita da União;siconfi-cor_RO2.4.2.1.01.00.00;960508,63
Prefeitura Municipal de Careiro - AM;1301100;AM;35938;Receitas Brutas Realizadas;2.4.2.1.02.00.00 - Transferências de Recursos Destinados a Programas de Educação;siconfi-cor_RO2.4.2.1.02.00.00;2051313,01
Prefeitura Municipal de Careiro - AM;1301100;AM;35938;Receitas Brutas Realizadas;2.4.2.2.00.00.00 - Transferências dos Estados;siconfi-cor_RO2.4.2.2.00.00.00;251327,78
Prefeitura Municipal de Careiro - AM;1301100;AM;35938;Receitas Brutas Realizadas;2.4.2.2.01.00.00 - Participação na Receita dos Estados;siconfi-cor_RO2.4.2.2.01.00.00;251327,78
Prefeitura Municipal de Careiro - AM;1301100;AM;35938;Receitas Brutas Realizadas;2.4.7.0.00.00.00 - Transferências de Convênios;siconfi-cor_RO2.4.7.0.00.00.00;3672474,75
Prefeitura Municipal de Careiro - AM;1301100;AM;35938;Receitas Brutas Realizadas;2.4.7.1.00.00.00 - Transferências de Convênios da União e de suas Entidades;siconfi-cor_RO2.4.7.1.00.00.00;75006,75
Prefeitura Municipal de Careiro - AM;1301100;AM;35938;Receitas Brutas Realizadas;2.4.7.1.99.00.00 - Outras Transferências de Convênios da União;siconfi-cor_RO2.4.7.1.99.00.00;75006,75
Prefeitura Municipal de Careiro - AM;1301100;AM;35938;Receitas Brutas Realizadas;2.4.7.2.00.00.00 - Transferências de Convênios dos Estados e do Distrito Federal e de suas Entidades;siconfi-cor_RO2.4.7.2.00.00.00;3597468
Prefeitura Municipal de Careiro - AM;1301100;AM;35938;Receitas Brutas Realizadas;2.4.7.2.01.00.00 - Transferências de Convênios dos Estados para o Sistema Único de Saúde - SUS;siconfi-cor_RO2.4.7.2.01.00.00;1727468
Prefeitura Municipal de Careiro - AM;1301100;AM;35938;Receitas Brutas Realizadas;2.4.7.2.99.00.00 - Outras Transferências de Convênios dos Estados;siconfi-cor_RO2.4.7.2.99.00.00;1870000
Prefeitura Municipal de Careiro - AM;1301100;AM;35938;Deduções - FUNDEB;Total Receitas;siconfi-cor_TotalReceitas;5092234,14
Prefeitura Municipal de Careiro - AM;1301100;AM;35938;Deduções - FUNDEB;1.0.0.0.00.00.00 - Receitas Correntes;siconfi-cor_RO1.0.0.0.00.00.00;5092234,14
Prefeitura Municipal de Careiro - AM;1301100;AM;35938;Deduções - FUNDEB;1.7.0.0.00.00.00 - Transferências Correntes;siconfi-cor_RO1.7.0.0.00.00.00;5092234,14
Prefeitura Municipal de Careiro - AM;1301100;AM;35938;Deduções - FUNDEB;1.7.2.0.00.00.00 - Transferências Intergovernamentais;siconfi-cor_RO1.7.2.0.00.00.00;5092234,14
Prefeitura Municipal de Careiro - AM;1301100;AM;35938;Deduções - FUNDEB;1.7.2.1.00.00.00 - Transferências da União;siconfi-cor_RO1.7.2.1.00.00.00;3001380,63
Prefeitura Municipal de Careiro - AM;1301100;AM;35938;Deduções - FUNDEB;1.7.2.1.01.00.00 - Participação na Receita da União;siconfi-cor_RO1.7.2.1.01.00.00;2996225,31
Prefeitura Municipal de Careiro - AM;1301100;AM;35938;Deduções - FUNDEB;1.7.2.1.01.02.00 - Cota-Parte do Fundo de Participação dos Municípios ¿ FPM;siconfi-cor_RO1.7.2.1.01.02.00;2993078,33
Prefeitura Municipal de Careiro - AM;1301100;AM;35938;Deduções - FUNDEB;1.7.2.1.01.05.00 - Cota-Parte do Imposto Sobre a Propriedade Territorial Rural ¿ ITR;siconfi-cor_RO1.7.2.1.01.05.00;3146,98
Prefeitura Municipal de Careiro - AM;1301100;AM;35938;Deduções - FUNDEB;1.7.2.1.36.00.00 - Transferências Financeiras do ICMS ¿ Desoneração ¿ L.C. Nº 87/96;siconfi-cor_RO1.7.2.1.36.00.00;5155,32
Prefeitura Municipal de Careiro - AM;1301100;AM;35938;Deduções - FUNDEB;1.7.2.2.00.00.00 - Transferências dos Estados;siconfi-cor_RO1.7.2.2.00.00.00;2090853,51
Prefeitura Municipal de Careiro - AM;1301100;AM;35938;Deduções - FUNDEB;1.7.2.2.01.00.00 - Participação na Receita dos Estados;siconfi-cor_RO1.7.2.2.01.00.00;2090853,51
Prefeitura Municipal de Careiro - AM;1301100;AM;35938;Deduções - FUNDEB;1.7.2.2.01.01.00 - Cota-Parte do ICMS;siconfi-cor_RO1.7.2.2.01.01.00;2047139,17
Prefeitura Municipal de Careiro - AM;1301100;AM;35938;Deduções - FUNDEB;1.7.2.2.01.02.00 - Cota-Parte do IPVA;siconfi-cor_RO1.7.2.2.01.02.00;33785,17
Prefeitura Municipal de Careiro - AM;1301100;AM;35938;Deduções - FUNDEB;1.7.2.2.01.04.00 - Cota-Parte do IPI sobre Exportação;siconfi-cor_RO1.7.2.2.01.04.00;9929,17
Prefeitura Municipal de São Gabriel da Cachoeira - AM;1303809;AM;42342;Receitas Brutas Realizadas;Total Receitas;siconfi-cor_TotalReceitas;72949275,39
Prefeitura Municipal de São Gabriel da Cachoeira - AM;1303809;AM;42342;Receitas Brutas Realizadas;1.0.0.0.00.00.00 - Receitas Correntes;siconfi-cor_RO1.0.0.0.00.00.00;71262304,87
Prefeitura Municipal de São Gabriel da Cachoeira - AM;1303809;AM;42342;Receitas Brutas Realizadas;1.1.0.0.00.00.00 - Receita Tributária;siconfi-cor_RO1.1.0.0.00.00.00;2372045,83
Prefeitura Municipal de São Gabriel da Cachoeira - AM;1303809;AM;42342;Receitas Brutas Realizadas;1.1.1.0.00.00.00 - Impostos;siconfi-cor_RO1.1.1.0.00.00.00;2255442,63
Prefeitura Municipal de São Gabriel da Cachoeira - AM;1303809;AM;42342;Receitas Brutas Realizadas;1.1.1.2.00.00.00 - Impostos sobre o Patrimônio e a Renda;siconfi-cor_RO1.1.1.2.00.00.00;742000,59
Prefeitura Municipal de São Gabriel da Cachoeira - AM;1303809;AM;42342;Receitas Brutas Realizadas;1.1.1.2.02.00.00 - Imposto sobre a Propriedade Predial e Territorial Urbana ¿ IPTU;siconfi-cor_RO1.1.1.2.02.00.00;117004,45
Prefeitura Municipal de São Gabriel da Cachoeira - AM;1303809;AM;42342;Receitas Brutas Realizadas;1.1.1.2.04.00.00 - Imposto sobre a Renda e Proventos de Qualquer Natureza ¿ IR;siconfi-cor_RO1.1.1.2.04.00.00;602787,4
Prefeitura Municipal de São Gabriel da Cachoeira - AM;1303809;AM;42342;Receitas Brutas Realizadas;1.1.1.2.04.31.00 - Retido nas Fontes - Trabalho;siconfi-cor_RO1.1.1.2.04.31.00;383560,87
Prefeitura Municipal de São Gabriel da Cachoeira - AM;1303809;AM;42342;Receitas Brutas Realizadas;1.1.1.2.04.34.00 - Retido nas Fontes - Outros Rendimentos;siconfi-cor_RO1.1.1.2.04.34.00;219226,53
Prefeitura Municipal de São Gabriel da Cachoeira - AM;1303809;AM;42342;Receitas Brutas Realizadas;"1.1.1.2.08.00.00 - Imposto sobre Transmissão Inter Vivos"" de Bens Imóveis e de Direitos Reais sobre Imóveis ¿ ITBI""";siconfi-cor_RO1.1.1.2.08.00.00;22208,74
Prefeitura Municipal de São Gabriel da Cachoeira - AM;1303809;AM;42342;Receitas Brutas Realizadas;1.1.1.3.00.00.00 - Impostos sobre a Produção e a Circulação;siconfi-cor_RO1.1.1.3.00.00.00;1513442,04
Prefeitura Municipal de São Gabriel da Cachoeira - AM;1303809;AM;42342;Receitas Brutas Realizadas;1.1.1.3.05.00.00 - Imposto sobre Serviços de Qualquer Natureza ¿ ISSQN;siconfi-cor_RO1.1.1.3.05.00.00;1513442,04
Prefeitura Municipal de São Gabriel da Cachoeira - AM;1303809;AM;42342;Receitas Brutas Realizadas;1.1.2.0.00.00.00 - Taxas;siconfi-cor_RO1.1.2.0.00.00.00;116603,2
Prefeitura Municipal de São Gabriel da Cachoeira - AM;1303809;AM;42342;Receitas Brutas Realizadas;1.1.2.1.00.00.00 - Taxas pelo Exercício do Poder de Polícia;siconfi-cor_RO1.1.2.1.00.00.00;116603,2
Prefeitura Municipal de São Gabriel da Cachoeira - AM;1303809;AM;42342;Receitas Brutas Realizadas;1.3.0.0.00.00.00 - Receita Patrimonial;siconfi-cor_RO1.3.0.0.00.00.00;531707,81
Prefeitura Municipal de São Gabriel da Cachoeira - AM;1303809;AM;42342;Receitas Brutas Realizadas;1.3.2.0.00.00.00 - Receitas de Valores Mobiliários;siconfi-cor_RO1.3.2.0.00.00.00;531707,81
Prefeitura Municipal de São Gabriel da Cachoeira - AM;1303809;AM;42342;Receitas Brutas Realizadas;1.3.2.5.00.00.00 - Remuneração de Depósitos Bancários;siconfi-cor_RO1.3.2.5.00.00.00;531707,81
Prefeitura Municipal de São Gabriel da Cachoeira - AM;1303809;AM;42342;Receitas Brutas Realizadas;1.7.0.0.00.00.00 - Transferências Correntes;siconfi-cor_RO1.7.0.0.00.00.00;68354509,06
Prefeitura Municipal de São Gabriel da Cachoeira - AM;1303809;AM;42342;Receitas Brutas Realizadas;1.7.2.0.00.00.00 - Transferências Intergovernamentais;siconfi-cor_RO1.7.2.0.00.00.00;68350316,83
Prefeitura Municipal de São Gabriel da Cachoeira - AM;1303809;AM;42342;Receitas Brutas Realizadas;1.7.2.1.00.00.00 - Transferências da União;siconfi-cor_RO1.7.2.1.00.00.00;25578885,21
Prefeitura Municipal de São Gabriel da Cachoeira - AM;1303809;AM;42342;Receitas Brutas Realizadas;1.7.2.1.01.00.00 - Participação na Receita da União;siconfi-cor_RO1.7.2.1.01.00.00;17582851,73
Prefeitura Municipal de São Gabriel da Cachoeira - AM;1303809;AM;42342;Receitas Brutas Realizadas;1.7.2.1.01.02.00 - Cota-Parte do Fundo de Participação dos Municípios ¿ FPM;siconfi-cor_RO1.7.2.1.01.02.00;17582836,92
Prefeitura Municipal de São Gabriel da Cachoeira - AM;1303809;AM;42342;Receitas Brutas Realizadas;1.7.2.1.01.05.00 - Cota-Parte do Imposto Sobre a Propriedade Territorial Rural ¿ ITR;siconfi-cor_RO1.7.2.1.01.05.00;14,81
Prefeitura Municipal de São Gabriel da Cachoeira - AM;1303809;AM;42342;Receitas Brutas Realizadas;1.7.2.1.22.00.00 - Transferências da Compensação Financeira pela Exploração de Recursos Naturais;siconfi-cor_RO1.7.2.1.22.00.00;284829,82
Prefeitura Municipal de São Gabriel da Cachoeira - AM;1303809;AM;42342;Receitas Brutas Realizadas;1.7.2.1.22.70.00 - Cota-Parte do Fundo Especial do Petróleo ¿ FEP;siconfi-cor_RO1.7.2.1.22.70.00;284829,82
Prefeitura Municipal de São Gabriel da Cachoeira - AM;1303809;AM;42342;Receitas Brutas Realizadas;1.7.2.1.33.00.00 - Transferências de Recursos do Sistema Único de Saúde - SUS - Repasses Fundo a Fundo;siconfi-cor_RO1.7.2.1.33.00.00;5063882,13
Prefeitura Municipal de São Gabriel da Cachoeira - AM;1303809;AM;42342;Receitas Brutas Realizadas;1.7.2.1.34.00.00 - Transferências de Recursos do Fundo Nacional de Assistência Social ¿ FNAS;siconfi-cor_RO1.7.2.1.34.00.00;640611,53
Prefeitura Municipal de São Gabriel da Cachoeira - AM;1303809;AM;42342;Receitas Brutas Realizadas;1.7.2.1.35.00.00 - Transferências de Recursos do Fundo Nacional do Desenvolvimento da Educação ¿ FNDE;siconfi-cor_RO1.7.2.1.35.00.00;1610949,38
Prefeitura Municipal de São Gabriel da Cachoeira - AM;1303809;AM;42342;Receitas Brutas Realizadas;1.7.2.1.36.00.00 - Transferências Financeiras do ICMS ¿ Desoneração ¿ L.C. Nº 87/96;siconfi-cor_RO1.7.2.1.36.00.00;32438,4
Prefeitura Municipal de São Gabriel da Cachoeira - AM;1303809;AM;42342;Receitas Brutas Realizadas;1.7.2.1.99.00.00 - Outras Transferências da União;siconfi-cor_RO1.7.2.1.99.00.00;363322,22
Prefeitura Municipal de São Gabriel da Cachoeira - AM;1303809;AM;42342;Receitas Brutas Realizadas;1.7.2.2.00.00.00 - Transferências dos Estados;siconfi-cor_RO1.7.2.2.00.00.00;14551525,26
Prefeitura Municipal de São Gabriel da Cachoeira - AM;1303809;AM;42342;Receitas Brutas Realizadas;1.7.2.2.01.00.00 - Participação na Receita dos Estados;siconfi-cor_RO1.7.2.2.01.00.00;13157704,34
Prefeitura Municipal de São Gabriel da Cachoeira - AM;1303809;AM;42342;Receitas Brutas Realizadas;1.7.2.2.01.01.00 - Cota-Parte do ICMS;siconfi-cor_RO1.7.2.2.01.01.00;12881003,69
Prefeitura Municipal de São Gabriel da Cachoeira - AM;1303809;AM;42342;Receitas Brutas Realizadas;1.7.2.2.01.02.00 - Cota-Parte do IPVA;siconfi-cor_RO1.7.2.2.01.02.00;207010,23
Prefeitura Municipal de São Gabriel da Cachoeira - AM;1303809;AM;42342;Receitas Brutas Realizadas;1.7.2.2.01.04.00 - Cota-Parte do IPI sobre Exportação;siconfi-cor_RO1.7.2.2.01.04.00;62476,25
Prefeitura Municipal de São Gabriel da Cachoeira - AM;1303809;AM;42342;Receitas Brutas Realizadas;1.7.2.2.01.13.00 - Cota-Parte da Contribuição de Intervenção no Domínio Econômico;siconfi-cor_RO1.7.2.2.01.13.00;7214,17
Prefeitura Municipal de São Gabriel da Cachoeira - AM;1303809;AM;42342;Receitas Brutas Realizadas;1.7.2.2.22.00.00 - Transferências da Cota-Parte da Compensação Financeira (25%);siconfi-cor_RO1.7.2.2.22.00.00;202332,72
Prefeitura Municipal de São Gabriel da Cachoeira - AM;1303809;AM;42342;Receitas Brutas Realizadas;1.7.2.2.22.30.00 - Cota-Parte Royalties - Compensação Financeira pela Produção de Petróleo - Lei nº 7.990/89 artigo 9º;siconfi-cor_RO1.7.2.2.22.30.00;202332,72
Prefeitura Municipal de São Gabriel da Cachoeira - AM;1303809;AM;42342;Receitas Brutas Realizadas;1.7.2.2.33.00.00 - Transferências de Recursos do Estado para Programas de Saúde - Repasse Fundo a Fundo;siconfi-cor_RO1.7.2.2.33.00.00;1191488,2
Prefeitura Municipal de São Gabriel da Cachoeira - AM;1303809;AM;42342;Receitas Brutas Realizadas;1.7.2.4.00.00.00 - Transferências Multigovernamentais;siconfi-cor_RO1.7.2.4.00.00.00;28219906,36
Prefeitura Municipal de São Gabriel da Cachoeira - AM;1303809;AM;42342;Receitas Brutas Realizadas;1.7.2.4.01.00.00 - Transferências de Recursos do Fundo de Manutenção e Desenvolvimento do Ensino Fundamental e de Valorização do Magistério - FUNDEB;siconfi-cor_RO1.7.2.4.01.00.00;22780863,77
Prefeitura Municipal de São Gabriel da Cachoeira - AM;1303809;AM;42342;Receitas Brutas Realizadas;1.7.2.4.02.00.00 - Transferências de Recursos da Complementação ao Fundo de Manutenção e Desenvolvimento do Ensino Fundamental e de Valorização do Magistério - FUNDEB;siconfi-cor_RO1.7.2.4.02.00.00;5439042,59
Prefeitura Municipal de São Gabriel da Cachoeira - AM;1303809;AM;42342;Receitas Brutas Realizadas;1.7.6.0.00.00.00 - Transferências de Convênios;siconfi-cor_RO1.7.6.0.00.00.00;4192,23
Prefeitura Municipal de São Gabriel da Cachoeira - AM;1303809;AM;42342;Receitas Brutas Realizadas;1.7.6.2.00.00.00 - Transferências de Convênios dos Estados e do Distrito Federal e de Suas Entidades;siconfi-cor_RO1.7.6.2.00.00.00;4192,23
Prefeitura Municipal de São Gabriel da Cachoeira - AM;1303809;AM;42342;Receitas Brutas Realizadas;1.7.6.2.99.00.00 - Outras Transferências de Convênios dos Estados;siconfi-cor_RO1.7.6.2.99.00.00;4192,23
Prefeitura Municipal de São Gabriel da Cachoeira - AM;1303809;AM;42342;Receitas Brutas Realizadas;1.9.0.0.00.00.00 - Outras Receitas Correntes;siconfi-cor_RO1.9.0.0.00.00.00;4042,17
Prefeitura Municipal de São Gabriel da Cachoeira - AM;1303809;AM;42342;Receitas Brutas Realizadas;1.9.9.0.00.00.00 - Receitas Diversas;siconfi-cor_RO1.9.9.0.00.00.00;4042,17
Prefeitura Municipal de São Gabriel da Cachoeira - AM;1303809;AM;42342;Receitas Brutas Realizadas;2.0.0.0.00.00.00 - Receitas de Capital;siconfi-cor_RO2.0.0.0.00.00.00;1686970,52
Prefeitura Municipal de São Gabriel da Cachoeira - AM;1303809;AM;42342;Receitas Brutas Realizadas;2.4.0.0.00.00.00 - Transferências de Capital;siconfi-cor_RO2.4.0.0.00.00.00;1686970,52
Prefeitura Municipal de São Gabriel da Cachoeira - AM;1303809;AM;42342;Receitas Brutas Realizadas;2.4.2.0.00.00.00 - Transferências Intergovernamentais;siconfi-cor_RO2.4.2.0.00.00.00;1317000
Prefeitura Municipal de São Gabriel da Cachoeira - AM;1303809;AM;42342;Receitas Brutas Realizadas;2.4.2.1.00.00.00 - Transferências da União;siconfi-cor_RO2.4.2.1.00.00.00;1317000
Prefeitura Municipal de São Gabriel da Cachoeira - AM;1303809;AM;42342;Receitas Brutas Realizadas;2.4.2.1.01.00.00 - Participação na Receita da União;siconfi-cor_RO2.4.2.1.01.00.00;1317000
Prefeitura Municipal de São Gabriel da Cachoeira - AM;1303809;AM;42342;Receitas Brutas Realizadas;2.4.7.0.00.00.00 - Transferências de Convênios;siconfi-cor_RO2.4.7.0.00.00.00;369970,52
Prefeitura Municipal de São Gabriel da Cachoeira - AM;1303809;AM;42342;Receitas Brutas Realizadas;2.4.7.1.00.00.00 - Transferências de Convênios da União e de suas Entidades;siconfi-cor_RO2.4.7.1.00.00.00;369970,52
Prefeitura Municipal de São Gabriel da Cachoeira - AM;1303809;AM;42342;Receitas Brutas Realizadas;2.4.7.1.99.00.00 - Outras Transferências de Convênios da União;siconfi-cor_RO2.4.7.1.99.00.00;369970,52
Prefeitura Municipal de São Gabriel da Cachoeira - AM;1303809;AM;42342;Deduções - FUNDEB;Total Receitas;siconfi-cor_TotalReceitas;6003800,89
Prefeitura Municipal de São Gabriel da Cachoeira - AM;1303809;AM;42342;Deduções - FUNDEB;1.0.0.0.00.00.00 - Receitas Correntes;siconfi-cor_RO1.0.0.0.00.00.00;6003800,89
Prefeitura Municipal de São Gabriel da Cachoeira - AM;1303809;AM;42342;Deduções - FUNDEB;1.7.0.0.00.00.00 - Transferências Correntes;siconfi-cor_RO1.7.0.0.00.00.00;6003800,89
Prefeitura Municipal de São Gabriel da Cachoeira - AM;1303809;AM;42342;Deduções - FUNDEB;1.7.2.0.00.00.00 - Transferências Intergovernamentais;siconfi-cor_RO1.7.2.0.00.00.00;6003800,89
Prefeitura Municipal de São Gabriel da Cachoeira - AM;1303809;AM;42342;Deduções - FUNDEB;1.7.2.1.00.00.00 - Transferências da União;siconfi-cor_RO1.7.2.1.00.00.00;3373703,77
Prefeitura Municipal de São Gabriel da Cachoeira - AM;1303809;AM;42342;Deduções - FUNDEB;1.7.2.1.01.00.00 - Participação na Receita da União;siconfi-cor_RO1.7.2.1.01.00.00;3367216,09
Prefeitura Municipal de São Gabriel da Cachoeira - AM;1303809;AM;42342;Deduções - FUNDEB;1.7.2.1.01.02.00 - Cota-Parte do Fundo de Participação dos Municípios ¿ FPM;siconfi-cor_RO1.7.2.1.01.02.00;3367213,13
Prefeitura Municipal de São Gabriel da Cachoeira - AM;1303809;AM;42342;Deduções - FUNDEB;1.7.2.1.01.05.00 - Cota-Parte do Imposto Sobre a Propriedade Territorial Rural ¿ ITR;siconfi-cor_RO1.7.2.1.01.05.00;2,96
Prefeitura Municipal de São Gabriel da Cachoeira - AM;1303809;AM;42342;Deduções - FUNDEB;1.7.2.1.36.00.00 - Transferências Financeiras do ICMS ¿ Desoneração ¿ L.C. Nº 87/96;siconfi-cor_RO1.7.2.1.36.00.00;6487,68
Prefeitura Municipal de São Gabriel da Cachoeira - AM;1303809;AM;42342;Deduções - FUNDEB;1.7.2.2.00.00.00 - Transferências dos Estados;siconfi-cor_RO1.7.2.2.00.00.00;2630097,12
Prefeitura Municipal de São Gabriel da Cachoeira - AM;1303809;AM;42342;Deduções - FUNDEB;1.7.2.2.01.00.00 - Participação na Receita dos Estados;siconfi-cor_RO1.7.2.2.01.00.00;2630097,12
Prefeitura Municipal de São Gabriel da Cachoeira - AM;1303809;AM;42342;Deduções - FUNDEB;1.7.2.2.01.01.00 - Cota-Parte do ICMS;siconfi-cor_RO1.7.2.2.01.01.00;2576200,73
Prefeitura Municipal de São Gabriel da Cachoeira - AM;1303809;AM;42342;Deduções - FUNDEB;1.7.2.2.01.02.00 - Cota-Parte do IPVA;siconfi-cor_RO1.7.2.2.01.02.00;41401,16
Prefeitura Municipal de São Gabriel da Cachoeira - AM;1303809;AM;42342;Deduções - FUNDEB;1.7.2.2.01.04.00 - Cota-Parte do IPI sobre Exportação;siconfi-cor_RO1.7.2.2.01.04.00;12495,23
Prefeitura Municipal de Santo Antônio do Içá - AM;1303700;AM;24005;Receitas Brutas Realizadas;Total Receitas;siconfi-cor_TotalReceitas;51243983,5
Prefeitura Municipal de Santo Antônio do Içá - AM;1303700;AM;24005;Receitas Brutas Realizadas;1.0.0.0.00.00.00 - Receitas Correntes;siconfi-cor_RO1.0.0.0.00.00.00;44949626,95
Prefeitura Municipal de Santo Antônio do Içá - AM;1303700;AM;24005;Receitas Brutas Realizadas;1.1.0.0.00.00.00 - Receita Tributária;siconfi-cor_RO1.1.0.0.00.00.00;1414386,5
Prefeitura Municipal de Santo Antônio do Içá - AM;1303700;AM;24005;Receitas Brutas Realizadas;1.1.1.0.00.00.00 - Impostos;siconfi-cor_RO1.1.1.0.00.00.00;1385853,49
Prefeitura Municipal de Santo Antônio do Içá - AM;1303700;AM;24005;Receitas Brutas Realizadas;1.1.1.2.00.00.00 - Impostos sobre o Patrimônio e a Renda;siconfi-cor_RO1.1.1.2.00.00.00;554194,78
Prefeitura Municipal de Santo Antônio do Içá - AM;1303700;AM;24005;Receitas Brutas Realizadas;1.1.1.2.02.00.00 - Imposto sobre a Propriedade Predial e Territorial Urbana ¿ IPTU;siconfi-cor_RO1.1.1.2.02.00.00;260
Prefeitura Municipal de Santo Antônio do Içá - AM;1303700;AM;24005;Receitas Brutas Realizadas;1.1.1.2.04.00.00 - Imposto sobre a Renda e Proventos de Qualquer Natureza ¿ IR;siconfi-cor_RO1.1.1.2.04.00.00;553934,78
Prefeitura Municipal de Santo Antônio do Içá - AM;1303700;AM;24005;Receitas Brutas Realizadas;1.1.1.2.04.31.00 - Retido nas Fontes - Trabalho;siconfi-cor_RO1.1.1.2.04.31.00;442446,53
Prefeitura Municipal de Santo Antônio do Içá - AM;1303700;AM;24005;Receitas Brutas Realizadas;1.1.1.2.04.34.00 - Retido nas Fontes - Outros Rendimentos;siconfi-cor_RO1.1.1.2.04.34.00;111488,25
Prefeitura Municipal de Santo Antônio do Içá - AM;1303700;AM;24005;Receitas Brutas Realizadas;1.1.1.3.00.00.00 - Impostos sobre a Produção e a Circulação;siconfi-cor_RO1.1.1.3.00.00.00;831658,71
Prefeitura Municipal de Santo Antônio do Içá - AM;1303700;AM;24005;Receitas Brutas Realizadas;1.1.1.3.05.00.00 - Imposto sobre Serviços de Qualquer Natureza ¿ ISSQN;siconfi-cor_RO1.1.1.3.05.00.00;831658,71
Prefeitura Municipal de Santo Antônio do Içá - AM;1303700;AM;24005;Receitas Brutas Realizadas;1.1.2.0.00.00.00 - Taxas;siconfi-cor_RO1.1.2.0.00.00.00;28533,01
Prefeitura Municipal de Santo Antônio do Içá - AM;1303700;AM;24005;Receitas Brutas Realizadas;1.1.2.1.00.00.00 - Taxas pelo Exercício do Poder de Polícia;siconfi-cor_RO1.1.2.1.00.00.00;6003,01
Prefeitura Municipal de Santo Antônio do Içá - AM;1303700;AM;24005;Receitas Brutas Realizadas;1.1.2.2.00.00.00 - Taxas pela Prestação de Serviços;siconfi-cor_RO1.1.2.2.00.00.00;22530
Prefeitura Municipal de Santo Antônio do Içá - AM;1303700;AM;24005;Receitas Brutas Realizadas;1.3.0.0.00.00.00 - Receita Patrimonial;siconfi-cor_RO1.3.0.0.00.00.00;118575,05
Prefeitura Municipal de Santo Antônio do Içá - AM;1303700;AM;24005;Receitas Brutas Realizadas;1.3.2.0.00.00.00 - Receitas de Valores Mobiliários;siconfi-cor_RO1.3.2.0.00.00.00;118575,05
Prefeitura Municipal de Santo Antônio do Içá - AM;1303700;AM;24005;Receitas Brutas Realizadas;1.3.2.2.00.00.00 - Dividendos;siconfi-cor_RO1.3.2.2.00.00.00;3898,11
Prefeitura Municipal de Santo Antônio do Içá - AM;1303700;AM;24005;Receitas Brutas Realizadas;1.3.2.5.00.00.00 - Remuneração de Depósitos Bancários;siconfi-cor_RO1.3.2.5.00.00.00;114676,94
Prefeitura Municipal de Santo Antônio do Içá - AM;1303700;AM;24005;Receitas Brutas Realizadas;1.6.0.0.00.00.00 - Receita de Serviços;siconfi-cor_RO1.6.0.0.00.00.00;1700
Prefeitura Municipal de Santo Antônio do Içá - AM;1303700;AM;24005;Receitas Brutas Realizadas;1.6.0.0.13.00.00 - Serviços Administrativos;siconfi-cor_RO1.6.0.0.13.00.00;1700
Prefeitura Municipal de Santo Antônio do Içá - AM;1303700;AM;24005;Receitas Brutas Realizadas;1.7.0.0.00.00.00 - Transferências Correntes;siconfi-cor_RO1.7.0.0.00.00.00;43401638,08
Prefeitura Municipal de Santo Antônio do Içá - AM;1303700;AM;24005;Receitas Brutas Realizadas;1.7.2.0.00.00.00 - Transferências Intergovernamentais;siconfi-cor_RO1.7.2.0.00.00.00;42472838,08
Prefeitura Municipal de Santo Antônio do Içá - AM;1303700;AM;24005;Receitas Brutas Realizadas;1.7.2.1.00.00.00 - Transferências da União;siconfi-cor_RO1.7.2.1.00.00.00;19757057,91
Prefeitura Municipal de Santo Antônio do Içá - AM;1303700;AM;24005;Receitas Brutas Realizadas;1.7.2.1.01.00.00 - Participação na Receita da União;siconfi-cor_RO1.7.2.1.01.00.00;13675700,4
Prefeitura Municipal de Santo Antônio do Içá - AM;1303700;AM;24005;Receitas Brutas Realizadas;1.7.2.1.01.02.00 - Cota-Parte do Fundo de Participação dos Municípios ¿ FPM;siconfi-cor_RO1.7.2.1.01.02.00;13675539,83
Prefeitura Municipal de Santo Antônio do Içá - AM;1303700;AM;24005;Receitas Brutas Realizadas;1.7.2.1.01.05.00 - Cota-Parte do Imposto Sobre a Propriedade Territorial Rural ¿ ITR;siconfi-cor_RO1.7.2.1.01.05.00;160,57
Prefeitura Municipal de Santo Antônio do Içá - AM;1303700;AM;24005;Receitas Brutas Realizadas;1.7.2.1.22.00.00 - Transferências da Compensação Financeira pela Exploração de Recursos Naturais;siconfi-cor_RO1.7.2.1.22.00.00;204643,55
Prefeitura Municipal de Santo Antônio do Içá - AM;1303700;AM;24005;Receitas Brutas Realizadas;1.7.2.1.22.70.00 - Cota-Parte do Fundo Especial do Petróleo ¿ FEP;siconfi-cor_RO1.7.2.1.22.70.00;204643,55
Prefeitura Municipal de Santo Antônio do Içá - AM;1303700;AM;24005;Receitas Brutas Realizadas;1.7.2.1.33.00.00 - Transferências de Recursos do Sistema Único de Saúde - SUS - Repasses Fundo a Fundo;siconfi-cor_RO1.7.2.1.33.00.00;3515000,04
Prefeitura Municipal de Santo Antônio do Içá - AM;1303700;AM;24005;Receitas Brutas Realizadas;1.7.2.1.34.00.00 - Transferências de Recursos do Fundo Nacional de Assistência Social ¿ FNAS;siconfi-cor_RO1.7.2.1.34.00.00;387213,48
Prefeitura Municipal de Santo Antônio do Içá - AM;1303700;AM;24005;Receitas Brutas Realizadas;1.7.2.1.35.00.00 - Transferências de Recursos do Fundo Nacional do Desenvolvimento da Educação ¿ FNDE;siconfi-cor_RO1.7.2.1.35.00.00;1676566,02
Prefeitura Municipal de Santo Antônio do Içá - AM;1303700;AM;24005;Receitas Brutas Realizadas;1.7.2.1.36.00.00 - Transferências Financeiras do ICMS ¿ Desoneração ¿ L.C. Nº 87/96;siconfi-cor_RO1.7.2.1.36.00.00;20175,36
Prefeitura Municipal de Santo Antônio do Içá - AM;1303700;AM;24005;Receitas Brutas Realizadas;1.7.2.1.99.00.00 - Outras Transferências da União;siconfi-cor_RO1.7.2.1.99.00.00;277759,06
Prefeitura Municipal de Santo Antônio do Içá - AM;1303700;AM;24005;Receitas Brutas Realizadas;1.7.2.2.00.00.00 - Transferências dos Estados;siconfi-cor_RO1.7.2.2.00.00.00;8451623,82
Prefeitura Municipal de Santo Antônio do Içá - AM;1303700;AM;24005;Receitas Brutas Realizadas;1.7.2.2.01.00.00 - Participação na Receita dos Estados;siconfi-cor_RO1.7.2.2.01.00.00;8064204,37
Prefeitura Municipal de Santo Antônio do Içá - AM;1303700;AM;24005;Receitas Brutas Realizadas;1.7.2.2.01.01.00 - Cota-Parte do ICMS;siconfi-cor_RO1.7.2.2.01.01.00;8011469,25
Prefeitura Municipal de Santo Antônio do Içá - AM;1303700;AM;24005;Receitas Brutas Realizadas;1.7.2.2.01.02.00 - Cota-Parte do IPVA;siconfi-cor_RO1.7.2.2.01.02.00;8634,96
Prefeitura Municipal de Santo Antônio do Içá - AM;1303700;AM;24005;Receitas Brutas Realizadas;1.7.2.2.01.04.00 - Cota-Parte do IPI sobre Exportação;siconfi-cor_RO1.7.2.2.01.04.00;38857,7
Prefeitura Municipal de Santo Antônio do Içá - AM;1303700;AM;24005;Receitas Brutas Realizadas;1.7.2.2.01.13.00 - Cota-Parte da Contribuição de Intervenção no Domínio Econômico;siconfi-cor_RO1.7.2.2.01.13.00;5242,46
Prefeitura Municipal de Santo Antônio do Içá - AM;1303700;AM;24005;Receitas Brutas Realizadas;1.7.2.2.22.00.00 - Transferências da Cota-Parte da Compensação Financeira (25%);siconfi-cor_RO1.7.2.2.22.00.00;125842,87
Prefeitura Municipal de Santo Antônio do Içá - AM;1303700;AM;24005;Receitas Brutas Realizadas;1.7.2.2.22.30.00 - Cota-Parte Royalties - Compensação Financeira pela Produção de Petróleo - Lei nº 7.990/89 artigo 9º;siconfi-cor_RO1.7.2.2.22.30.00;125842,87
Prefeitura Municipal de Santo Antônio do Içá - AM;1303700;AM;24005;Receitas Brutas Realizadas;1.7.2.2.33.00.00 - Transferências de Recursos do Estado para Programas de Saúde - Repasse Fundo a Fundo;siconfi-cor_RO1.7.2.2.33.00.00;261576,58
Prefeitura Municipal de Santo Antônio do Içá - AM;1303700;AM;24005;Receitas Brutas Realizadas;1.7.2.4.00.00.00 - Transferências Multigovernamentais;siconfi-cor_RO1.7.2.4.00.00.00;14264156,35
Prefeitura Municipal de Santo Antônio do Içá - AM;1303700;AM;24005;Receitas Brutas Realizadas;1.7.2.4.01.00.00 - Transferências de Recursos do Fundo de Manutenção e Desenvolvimento do Ensino Fundamental e de Valorização do Magistério - FUNDEB;siconfi-cor_RO1.7.2.4.01.00.00;11680774,7
Prefeitura Municipal de Santo Antônio do Içá - AM;1303700;AM;24005;Receitas Brutas Realizadas;1.7.2.4.02.00.00 - Transferências de Recursos da Complementação ao Fundo de Manutenção e Desenvolvimento do Ensino Fundamental e de Valorização do Magistério - FUNDEB;siconfi-cor_RO1.7.2.4.02.00.00;2583381,65
Prefeitura Municipal de Santo Antônio do Içá - AM;1303700;AM;24005;Receitas Brutas Realizadas;1.7.6.0.00.00.00 - Transferências de Convênios;siconfi-cor_RO1.7.6.0.00.00.00;928800
Prefeitura Municipal de Santo Antônio do Içá - AM;1303700;AM;24005;Receitas Brutas Realizadas;1.7.6.2.00.00.00 - Transferências de Convênios dos Estados e do Distrito Federal e de Suas Entidades;siconfi-cor_RO1.7.6.2.00.00.00;928800
Prefeitura Municipal de Santo Antônio do Içá - AM;1303700;AM;24005;Receitas Brutas Realizadas;1.7.6.2.02.00.00 - Transferências de Convênios dos Estados Destinadas a Programas de Educação;siconfi-cor_RO1.7.6.2.02.00.00;928800
Prefeitura Municipal de Santo Antônio do Içá - AM;1303700;AM;24005;Receitas Brutas Realizadas;1.9.0.0.00.00.00 - Outras Receitas Correntes;siconfi-cor_RO1.9.0.0.00.00.00;13327,32
Prefeitura Municipal de Santo Antônio do Içá - AM;1303700;AM;24005;Receitas Brutas Realizadas;1.9.2.0.00.00.00 - Indenizações e Restituições;siconfi-cor_RO1.9.2.0.00.00.00;13327,32
Prefeitura Municipal de Santo Antônio do Içá - AM;1303700;AM;24005;Receitas Brutas Realizadas;1.9.2.2.00.00.00 - Restituições;siconfi-cor_RO1.9.2.2.00.00.00;13327,32
Prefeitura Municipal de Santo Antônio do Içá - AM;1303700;AM;24005;Receitas Brutas Realizadas;1.9.2.2.99.00.00 - Outras Restituições;siconfi-cor_RO1.9.2.2.99.00.00;13327,32
Prefeitura Municipal de Santo Antônio do Içá - AM;1303700;AM;24005;Receitas Brutas Realizadas;2.0.0.0.00.00.00 - Receitas de Capital;siconfi-cor_RO2.0.0.0.00.00.00;6294356,55
Prefeitura Municipal de Santo Antônio do Içá - AM;1303700;AM;24005;Receitas Brutas Realizadas;2.4.0.0.00.00.00 - Transferências de Capital;siconfi-cor_RO2.4.0.0.00.00.00;6294356,55
Prefeitura Municipal de Santo Antônio do Içá - AM;1303700;AM;24005;Receitas Brutas Realizadas;2.4.2.0.00.00.00 - Transferências Intergovernamentais;siconfi-cor_RO2.4.2.0.00.00.00;2151898,65
Prefeitura Municipal de Santo Antônio do Içá - AM;1303700;AM;24005;Receitas Brutas Realizadas;2.4.2.1.00.00.00 - Transferências da União;siconfi-cor_RO2.4.2.1.00.00.00;2151898,65
Prefeitura Municipal de Santo Antônio do Içá - AM;1303700;AM;24005;Receitas Brutas Realizadas;2.4.2.1.01.00.00 - Participação na Receita da União;siconfi-cor_RO2.4.2.1.01.00.00;1036713,82
Prefeitura Municipal de Santo Antônio do Içá - AM;1303700;AM;24005;Receitas Brutas Realizadas;2.4.2.1.02.00.00 - Transferências de Recursos Destinados a Programas de Educação;siconfi-cor_RO2.4.2.1.02.00.00;1115184,83
Prefeitura Municipal de Santo Antônio do Içá - AM;1303700;AM;24005;Receitas Brutas Realizadas;2.4.7.0.00.00.00 - Transferências de Convênios;siconfi-cor_RO2.4.7.0.00.00.00;4142457,9
Prefeitura Municipal de Santo Antônio do Içá - AM;1303700;AM;24005;Receitas Brutas Realizadas;2.4.7.2.00.00.00 - Transferências de Convênios dos Estados e do Distrito Federal e de suas Entidades;siconfi-cor_RO2.4.7.2.00.00.00;4142457,9
Prefeitura Municipal de Santo Antônio do Içá - AM;1303700;AM;24005;Receitas Brutas Realizadas;2.4.7.2.99.00.00 - Outras Transferências de Convênios dos Estados;siconfi-cor_RO2.4.7.2.99.00.00;4142457,9
Prefeitura Municipal de Santo Antônio do Içá - AM;1303700;AM;24005;Deduções - FUNDEB;Total Receitas;siconfi-cor_TotalReceitas;4234802,81
Prefeitura Municipal de Santo Antônio do Içá - AM;1303700;AM;24005;Deduções - FUNDEB;1.0.0.0.00.00.00 - Receitas Correntes;siconfi-cor_RO1.0.0.0.00.00.00;4234802,81
Prefeitura Municipal de Santo Antônio do Içá - AM;1303700;AM;24005;Deduções - FUNDEB;1.7.0.0.00.00.00 - Transferências Correntes;siconfi-cor_RO1.7.0.0.00.00.00;4234802,81
Prefeitura Municipal de Santo Antônio do Içá - AM;1303700;AM;24005;Deduções - FUNDEB;1.7.2.0.00.00.00 - Transferências Intergovernamentais;siconfi-cor_RO1.7.2.0.00.00.00;4234802,81
Prefeitura Municipal de Santo Antônio do Içá - AM;1303700;AM;24005;Deduções - FUNDEB;1.7.2.1.00.00.00 - Transferências da União;siconfi-cor_RO1.7.2.1.00.00.00;2623010,59
Prefeitura Municipal de Santo Antônio do Içá - AM;1303700;AM;24005;Deduções - FUNDEB;1.7.2.1.01.00.00 - Participação na Receita da União;siconfi-cor_RO1.7.2.1.01.00.00;2618975,59
Prefeitura Municipal de Santo Antônio do Içá - AM;1303700;AM;24005;Deduções - FUNDEB;1.7.2.1.01.02.00 - Cota-Parte do Fundo de Participação dos Municípios ¿ FPM;siconfi-cor_RO1.7.2.1.01.02.00;2618943,48
Prefeitura Municipal de Santo Antônio do Içá - AM;1303700;AM;24005;Deduções - FUNDEB;1.7.2.1.01.05.00 - Cota-Parte do Imposto Sobre a Propriedade Territorial Rural ¿ ITR;siconfi-cor_RO1.7.2.1.01.05.00;32,11
Prefeitura Municipal de Santo Antônio do Içá - AM;1303700;AM;24005;Deduções - FUNDEB;1.7.2.1.36.00.00 - Transferências Financeiras do ICMS ¿ Desoneração ¿ L.C. Nº 87/96;siconfi-cor_RO1.7.2.1.36.00.00;4035
Prefeitura Municipal de Santo Antônio do Içá - AM;1303700;AM;24005;Deduções - FUNDEB;1.7.2.2.00.00.00 - Transferências dos Estados;siconfi-cor_RO1.7.2.2.00.00.00;1611792,22
Prefeitura Municipal de Santo Antônio do Içá - AM;1303700;AM;24005;Deduções - FUNDEB;1.7.2.2.01.00.00 - Participação na Receita dos Estados;siconfi-cor_RO1.7.2.2.01.00.00;1611792,22
Prefeitura Municipal de Santo Antônio do Içá - AM;1303700;AM;24005;Deduções - FUNDEB;1.7.2.2.01.01.00 - Cota-Parte do ICMS;siconfi-cor_RO1.7.2.2.01.01.00;1602293,87
Prefeitura Municipal de Santo Antônio do Içá - AM;1303700;AM;24005;Deduções - FUNDEB;1.7.2.2.01.02.00 - Cota-Parte do IPVA;siconfi-cor_RO1.7.2.2.01.02.00;1726,81
Prefeitura Municipal de Santo Antônio do Içá - AM;1303700;AM;24005;Deduções - FUNDEB;1.7.2.2.01.04.00 - Cota-Parte do IPI sobre Exportação;siconfi-cor_RO1.7.2.2.01.04.00;7771,54
Prefeitura Municipal de Juruá - AM;1302207;AM;12807;Receitas Brutas Realizadas;Total Receitas;siconfi-cor_TotalReceitas;45039767,76
Prefeitura Municipal de Juruá - AM;1302207;AM;12807;Receitas Brutas Realizadas;1.0.0.0.00.00.00 - Receitas Correntes;siconfi-cor_RO1.0.0.0.00.00.00;29196494,94
Prefeitura Municipal de Juruá - AM;1302207;AM;12807;Receitas Brutas Realizadas;1.1.0.0.00.00.00 - Receita Tributária;siconfi-cor_RO1.1.0.0.00.00.00;1517014,91
Prefeitura Municipal de Juruá - AM;1302207;AM;12807;Receitas Brutas Realizadas;1.1.1.0.00.00.00 - Impostos;siconfi-cor_RO1.1.1.0.00.00.00;1508178,71
Prefeitura Municipal de Juruá - AM;1302207;AM;12807;Receitas Brutas Realizadas;1.1.1.2.00.00.00 - Impostos sobre o Patrimônio e a Renda;siconfi-cor_RO1.1.1.2.00.00.00;289851,69
Prefeitura Municipal de Juruá - AM;1302207;AM;12807;Receitas Brutas Realizadas;1.1.1.2.02.00.00 - Imposto sobre a Propriedade Predial e Territorial Urbana ¿ IPTU;siconfi-cor_RO1.1.1.2.02.00.00;4190,16
Prefeitura Municipal de Juruá - AM;1302207;AM;12807;Receitas Brutas Realizadas;1.1.1.2.04.00.00 - Imposto sobre a Renda e Proventos de Qualquer Natureza ¿ IR;siconfi-cor_RO1.1.1.2.04.00.00;285419,53
Prefeitura Municipal de Juruá - AM;1302207;AM;12807;Receitas Brutas Realizadas;1.1.1.2.04.31.00 - Retido nas Fontes - Trabalho;siconfi-cor_RO1.1.1.2.04.31.00;168664,44
Prefeitura Municipal de Juruá - AM;1302207;AM;12807;Receitas Brutas Realizadas;1.1.1.2.04.34.00 - Retido nas Fontes - Outros Rendimentos;siconfi-cor_RO1.1.1.2.04.34.00;116755,09
Prefeitura Municipal de Juruá - AM;1302207;AM;12807;Receitas Brutas Realizadas;"1.1.1.2.08.00.00 - Imposto sobre Transmissão Inter Vivos"" de Bens Imóveis e de Direitos Reais sobre Imóveis ¿ ITBI""";siconfi-cor_RO1.1.1.2.08.00.00;242
Prefeitura Municipal de Juruá - AM;1302207;AM;12807;Receitas Brutas Realizadas;1.1.1.3.00.00.00 - Impostos sobre a Produção e a Circulação;siconfi-cor_RO1.1.1.3.00.00.00;1218327,02
Prefeitura Municipal de Juruá - AM;1302207;AM;12807;Receitas Brutas Realizadas;1.1.1.3.05.00.00 - Imposto sobre Serviços de Qualquer Natureza ¿ ISSQN;siconfi-cor_RO1.1.1.3.05.00.00;1218327,02
Prefeitura Municipal de Juruá - AM;1302207;AM;12807;Receitas Brutas Realizadas;1.1.2.0.00.00.00 - Taxas;siconfi-cor_RO1.1.2.0.00.00.00;8836,2
Prefeitura Municipal de Juruá - AM;1302207;AM;12807;Receitas Brutas Realizadas;1.1.2.1.00.00.00 - Taxas pelo Exercício do Poder de Polícia;siconfi-cor_RO1.1.2.1.00.00.00;8836,2
Prefeitura Municipal de Juruá - AM;1302207;AM;12807;Receitas Brutas Realizadas;1.2.0.0.00.00.00 - Receitas de Contribuições;siconfi-cor_RO1.2.0.0.00.00.00;48071,24
Prefeitura Municipal de Juruá - AM;1302207;AM;12807;Receitas Brutas Realizadas;1.2.2.0.00.00.00 - Contribuições de Intervenção no Domínio Econômico;siconfi-cor_RO1.2.2.0.00.00.00;48071,24
Prefeitura Municipal de Juruá - AM;1302207;AM;12807;Receitas Brutas Realizadas;1.3.0.0.00.00.00 - Receita Patrimonial;siconfi-cor_RO1.3.0.0.00.00.00;419542,7
Prefeitura Municipal de Juruá - AM;1302207;AM;12807;Receitas Brutas Realizadas;1.3.1.0.00.00.00 - Receitas Imobiliárias;siconfi-cor_RO1.3.1.0.00.00.00;1535
Prefeitura Municipal de Juruá - AM;1302207;AM;12807;Receitas Brutas Realizadas;1.3.1.1.00.00.00 - Aluguéis;siconfi-cor_RO1.3.1.1.00.00.00;1535
Prefeitura Municipal de Juruá - AM;1302207;AM;12807;Receitas Brutas Realizadas;1.3.2.0.00.00.00 - Receitas de Valores Mobiliários;siconfi-cor_RO1.3.2.0.00.00.00;418007,7
Prefeitura Municipal de Juruá - AM;1302207;AM;12807;Receitas Brutas Realizadas;1.3.2.5.00.00.00 - Remuneração de Depósitos Bancários;siconfi-cor_RO1.3.2.5.00.00.00;418007,7
Prefeitura Municipal de Juruá - AM;1302207;AM;12807;Receitas Brutas Realizadas;1.6.0.0.00.00.00 - Receita de Serviços;siconfi-cor_RO1.6.0.0.00.00.00;1680
Prefeitura Municipal de Juruá - AM;1302207;AM;12807;Receitas Brutas Realizadas;1.6.0.0.13.00.00 - Serviços Administrativos;siconfi-cor_RO1.6.0.0.13.00.00;1680
Prefeitura Municipal de Juruá - AM;1302207;AM;12807;Receitas Brutas Realizadas;1.7.0.0.00.00.00 - Transferências Correntes;siconfi-cor_RO1.7.0.0.00.00.00;26953960,3
Prefeitura Municipal de Juruá - AM;1302207;AM;12807;Receitas Brutas Realizadas;1.7.2.0.00.00.00 - Transferências Intergovernamentais;siconfi-cor_RO1.7.2.0.00.00.00;26546666,56
Prefeitura Municipal de Juruá - AM;1302207;AM;12807;Receitas Brutas Realizadas;1.7.2.1.00.00.00 - Transferências da União;siconfi-cor_RO1.7.2.1.00.00.00;10665675
Prefeitura Municipal de Juruá - AM;1302207;AM;12807;Receitas Brutas Realizadas;1.7.2.1.01.00.00 - Participação na Receita da União;siconfi-cor_RO1.7.2.1.01.00.00;7886416,32
Prefeitura Municipal de Juruá - AM;1302207;AM;12807;Receitas Brutas Realizadas;1.7.2.1.01.02.00 - Cota-Parte do Fundo de Participação dos Municípios ¿ FPM;siconfi-cor_RO1.7.2.1.01.02.00;7814594,18
Prefeitura Municipal de Juruá - AM;1302207;AM;12807;Receitas Brutas Realizadas;1.7.2.1.01.05.00 - Cota-Parte do Imposto Sobre a Propriedade Territorial Rural ¿ ITR;siconfi-cor_RO1.7.2.1.01.05.00;71822,14
Prefeitura Municipal de Juruá - AM;1302207;AM;12807;Receitas Brutas Realizadas;1.7.2.1.22.00.00 - Transferências da Compensação Financeira pela Exploração de Recursos Naturais;siconfi-cor_RO1.7.2.1.22.00.00;116939,16
Prefeitura Municipal de Juruá - AM;1302207;AM;12807;Receitas Brutas Realizadas;1.7.2.1.22.70.00 - Cota-Parte do Fundo Especial do Petróleo ¿ FEP;siconfi-cor_RO1.7.2.1.22.70.00;116939,16
Prefeitura Municipal de Juruá - AM;1302207;AM;12807;Receitas Brutas Realizadas;1.7.2.1.33.00.00 - Transferências de Recursos do Sistema Único de Saúde - SUS - Repasses Fundo a Fundo;siconfi-cor_RO1.7.2.1.33.00.00;1284854,05
Prefeitura Municipal de Juruá - AM;1302207;AM;12807;Receitas Brutas Realizadas;1.7.2.1.34.00.00 - Transferências de Recursos do Fundo Nacional de Assistência Social ¿ FNAS;siconfi-cor_RO1.7.2.1.34.00.00;330552,5
Prefeitura Municipal de Juruá - AM;1302207;AM;12807;Receitas Brutas Realizadas;1.7.2.1.35.00.00 - Transferências de Recursos do Fundo Nacional do Desenvolvimento da Educação ¿ FNDE;siconfi-cor_RO1.7.2.1.35.00.00;864767,76
Prefeitura Municipal de Juruá - AM;1302207;AM;12807;Receitas Brutas Realizadas;1.7.2.1.36.00.00 - Transferências Financeiras do ICMS ¿ Desoneração ¿ L.C. Nº 87/96;siconfi-cor_RO1.7.2.1.36.00.00;17615,52
Prefeitura Municipal de Juruá - AM;1302207;AM;12807;Receitas Brutas Realizadas;1.7.2.1.99.00.00 - Outras Transferências da União;siconfi-cor_RO1.7.2.1.99.00.00;164529,69
Prefeitura Municipal de Juruá - AM;1302207;AM;12807;Receitas Brutas Realizadas;1.7.2.2.00.00.00 - Transferências dos Estados;siconfi-cor_RO1.7.2.2.00.00.00;7572314,6
Prefeitura Municipal de Juruá - AM;1302207;AM;12807;Receitas Brutas Realizadas;1.7.2.2.01.00.00 - Participação na Receita dos Estados;siconfi-cor_RO1.7.2.2.01.00.00;7042935,96
Prefeitura Municipal de Juruá - AM;1302207;AM;12807;Receitas Brutas Realizadas;1.7.2.2.01.01.00 - Cota-Parte do ICMS;siconfi-cor_RO1.7.2.2.01.01.00;6994958,68
Prefeitura Municipal de Juruá - AM;1302207;AM;12807;Receitas Brutas Realizadas;1.7.2.2.01.02.00 - Cota-Parte do IPVA;siconfi-cor_RO1.7.2.2.01.02.00;11240,1
Prefeitura Municipal de Juruá - AM;1302207;AM;12807;Receitas Brutas Realizadas;1.7.2.2.01.04.00 - Cota-Parte do IPI sobre Exportação;siconfi-cor_RO1.7.2.2.01.04.00;33927,4
Prefeitura Municipal de Juruá - AM;1302207;AM;12807;Receitas Brutas Realizadas;1.7.2.2.01.13.00 - Cota-Parte da Contribuição de Intervenção no Domínio Econômico;siconfi-cor_RO1.7.2.2.01.13.00;2809,78
Prefeitura Municipal de Juruá - AM;1302207;AM;12807;Receitas Brutas Realizadas;1.7.2.2.22.00.00 - Transferências da Cota-Parte da Compensação Financeira (25%);siconfi-cor_RO1.7.2.2.22.00.00;109875,68
Prefeitura Municipal de Juruá - AM;1302207;AM;12807;Receitas Brutas Realizadas;1.7.2.2.22.30.00 - Cota-Parte Royalties - Compensação Financeira pela Produção de Petróleo - Lei nº 7.990/89 artigo 9º;siconfi-cor_RO1.7.2.2.22.30.00;109875,68
Prefeitura Municipal de Juruá - AM;1302207;AM;12807;Receitas Brutas Realizadas;1.7.2.2.33.00.00 - Transferências de Recursos do Estado para Programas de Saúde - Repasse Fundo a Fundo;siconfi-cor_RO1.7.2.2.33.00.00;419502,96
Prefeitura Municipal de Juruá - AM;1302207;AM;12807;Receitas Brutas Realizadas;1.7.2.4.00.00.00 - Transferências Multigovernamentais;siconfi-cor_RO1.7.2.4.00.00.00;8308676,96
Prefeitura Municipal de Juruá - AM;1302207;AM;12807;Receitas Brutas Realizadas;1.7.2.4.01.00.00 - Transferências de Recursos do Fundo de Manutenção e Desenvolvimento do Ensino Fundamental e de Valorização do Magistério - FUNDEB;siconfi-cor_RO1.7.2.4.01.00.00;6778469,18
Prefeitura Municipal de Juruá - AM;1302207;AM;12807;Receitas Brutas Realizadas;1.7.2.4.02.00.00 - Transferências de Recursos da Complementação ao Fundo de Manutenção e Desenvolvimento do Ensino Fundamental e de Valorização do Magistério - FUNDEB;siconfi-cor_RO1.7.2.4.02.00.00;1530207,78
Prefeitura Municipal de Juruá - AM;1302207;AM;12807;Receitas Brutas Realizadas;1.7.3.0.00.00.00 - Transferências de Instituições Privadas;siconfi-cor_RO1.7.3.0.00.00.00;22323,74
Prefeitura Municipal de Juruá - AM;1302207;AM;12807;Receitas Brutas Realizadas;1.7.6.0.00.00.00 - Transferências de Convênios;siconfi-cor_RO1.7.6.0.00.00.00;384970
Prefeitura Municipal de Juruá - AM;1302207;AM;12807;Receitas Brutas Realizadas;1.7.6.1.00.00.00 - Transferências de Convênios da União e de Suas Entidades;siconfi-cor_RO1.7.6.1.00.00.00;90650
Prefeitura Municipal de Juruá - AM;1302207;AM;12807;Receitas Brutas Realizadas;1.7.6.1.05.00.00 - Transferências de Convênios da União Destinadas a Programas de Saneamento Básico;siconfi-cor_RO1.7.6.1.05.00.00;90650
Prefeitura Municipal de Juruá - AM;1302207;AM;12807;Receitas Brutas Realizadas;1.7.6.2.00.00.00 - Transferências de Convênios dos Estados e do Distrito Federal e de Suas Entidades;siconfi-cor_RO1.7.6.2.00.00.00;294320
Prefeitura Municipal de Juruá - AM;1302207;AM;12807;Receitas Brutas Realizadas;1.7.6.2.02.00.00 - Transferências de Convênios dos Estados Destinadas a Programas de Educação;siconfi-cor_RO1.7.6.2.02.00.00;94320
Prefeitura Municipal de Juruá - AM;1302207;AM;12807;Receitas Brutas Realizadas;1.7.6.2.99.00.00 - Outras Transferências de Convênios dos Estados;siconfi-cor_RO1.7.6.2.99.00.00;200000
Prefeitura Municipal de Juruá - AM;1302207;AM;12807;Receitas Brutas Realizadas;1.9.0.0.00.00.00 - Outras Receitas Correntes;siconfi-cor_RO1.9.0.0.00.00.00;256225,79
Prefeitura Municipal de Juruá - AM;1302207;AM;12807;Receitas Brutas Realizadas;1.9.2.0.00.00.00 - Indenizações e Restituições;siconfi-cor_RO1.9.2.0.00.00.00;235198,15
Prefeitura Municipal de Juruá - AM;1302207;AM;12807;Receitas Brutas Realizadas;1.9.2.2.00.00.00 - Restituições;siconfi-cor_RO1.9.2.2.00.00.00;235198,15
Prefeitura Municipal de Juruá - AM;1302207;AM;12807;Receitas Brutas Realizadas;1.9.2.2.99.00.00 - Outras Restituições;siconfi-cor_RO1.9.2.2.99.00.00;235198,15
Prefeitura Municipal de Juruá - AM;1302207;AM;12807;Receitas Brutas Realizadas;1.9.3.0.00.00.00 - Receita da Dívida Ativa;siconfi-cor_RO1.9.3.0.00.00.00;21027,64
Prefeitura Municipal de Juruá - AM;1302207;AM;12807;Receitas Brutas Realizadas;1.9.3.1.00.00.00 - Receita da Dívida Ativa Tributária;siconfi-cor_RO1.9.3.1.00.00.00;21027,64
Prefeitura Municipal de Juruá - AM;1302207;AM;12807;Receitas Brutas Realizadas;2.0.0.0.00.00.00 - Receitas de Capital;siconfi-cor_RO2.0.0.0.00.00.00;15843272,82
Prefeitura Municipal de Juruá - AM;1302207;AM;12807;Receitas Brutas Realizadas;2.4.0.0.00.00.00 - Transferências de Capital;siconfi-cor_RO2.4.0.0.00.00.00;15843272,82
Prefeitura Municipal de Juruá - AM;1302207;AM;12807;Receitas Brutas Realizadas;2.4.2.0.00.00.00 - Transferências Intergovernamentais;siconfi-cor_RO2.4.2.0.00.00.00;1976943,65
Prefeitura Municipal de Juruá - AM;1302207;AM;12807;Receitas Brutas Realizadas;2.4.2.1.00.00.00 - Transferências da União;siconfi-cor_RO2.4.2.1.00.00.00;1693214,51
Prefeitura Municipal de Juruá - AM;1302207;AM;12807;Receitas Brutas Realizadas;2.4.2.1.01.00.00 - Participação na Receita da União;siconfi-cor_RO2.4.2.1.01.00.00;787400
Prefeitura Municipal de Juruá - AM;1302207;AM;12807;Receitas Brutas Realizadas;2.4.2.1.02.00.00 - Transferências de Recursos Destinados a Programas de Educação;siconfi-cor_RO2.4.2.1.02.00.00;905814,51
Prefeitura Municipal de Juruá - AM;1302207;AM;12807;Receitas Brutas Realizadas;2.4.2.2.00.00.00 - Transferências dos Estados;siconfi-cor_RO2.4.2.2.00.00.00;283729,14
Prefeitura Municipal de Juruá - AM;1302207;AM;12807;Receitas Brutas Realizadas;2.4.2.2.01.00.00 - Participação na Receita dos Estados;siconfi-cor_RO2.4.2.2.01.00.00;283729,14
Prefeitura Municipal de Juruá - AM;1302207;AM;12807;Receitas Brutas Realizadas;2.4.7.0.00.00.00 - Transferências de Convênios;siconfi-cor_RO2.4.7.0.00.00.00;13866329,17
Prefeitura Municipal de Juruá - AM;1302207;AM;12807;Receitas Brutas Realizadas;2.4.7.1.00.00.00 - Transferências de Convênios da União e de suas Entidades;siconfi-cor_RO2.4.7.1.00.00.00;5700000
Prefeitura Municipal de Juruá - AM;1302207;AM;12807;Receitas Brutas Realizadas;2.4.7.1.05.00.00 - Transferências de Convênios da União Destinadas a Programas de Infraestrutura em Transporte;siconfi-cor_RO2.4.7.1.05.00.00;3200000
Prefeitura Municipal de Juruá - AM;1302207;AM;12807;Receitas Brutas Realizadas;2.4.7.1.99.00.00 - Outras Transferências de Convênios da União;siconfi-cor_RO2.4.7.1.99.00.00;2500000
Prefeitura Municipal de Juruá - AM;1302207;AM;12807;Receitas Brutas Realizadas;2.4.7.2.00.00.00 - Transferências de Convênios dos Estados e do Distrito Federal e de suas Entidades;siconfi-cor_RO2.4.7.2.00.00.00;8166329,17
Prefeitura Municipal de Juruá - AM;1302207;AM;12807;Receitas Brutas Realizadas;2.4.7.2.02.00.00 - Transferências de Convênios dos Estados Destinadas a Programas de Educação;siconfi-cor_RO2.4.7.2.02.00.00;150968,1
Prefeitura Municipal de Juruá - AM;1302207;AM;12807;Receitas Brutas Realizadas;2.4.7.2.05.00.00 - Transferências de Convênios dos Estados Destinadas a Programas de Infraestrutura em Transporte;siconfi-cor_RO2.4.7.2.05.00.00;6989889,38
Prefeitura Municipal de Juruá - AM;1302207;AM;12807;Receitas Brutas Realizadas;2.4.7.2.99.00.00 - Outras Transferências de Convênios dos Estados;siconfi-cor_RO2.4.7.2.99.00.00;1025471,69
Prefeitura Municipal de Juruá - AM;1302207;AM;12807;Deduções - FUNDEB;Total Receitas;siconfi-cor_TotalReceitas;2914481,52
Prefeitura Municipal de Juruá - AM;1302207;AM;12807;Deduções - FUNDEB;1.0.0.0.00.00.00 - Receitas Correntes;siconfi-cor_RO1.0.0.0.00.00.00;2914481,52
Prefeitura Municipal de Juruá - AM;1302207;AM;12807;Deduções - FUNDEB;1.7.0.0.00.00.00 - Transferências Correntes;siconfi-cor_RO1.7.0.0.00.00.00;2914481,52
Prefeitura Municipal de Juruá - AM;1302207;AM;12807;Deduções - FUNDEB;1.7.2.0.00.00.00 - Transferências Intergovernamentais;siconfi-cor_RO1.7.2.0.00.00.00;2914481,52
Prefeitura Municipal de Juruá - AM;1302207;AM;12807;Deduções - FUNDEB;1.7.2.1.00.00.00 - Transferências da União;siconfi-cor_RO1.7.2.1.00.00.00;1506456,54
Prefeitura Municipal de Juruá - AM;1302207;AM;12807;Deduções - FUNDEB;1.7.2.1.01.00.00 - Participação na Receita da União;siconfi-cor_RO1.7.2.1.01.00.00;1502933,46
Prefeitura Municipal de Juruá - AM;1302207;AM;12807;Deduções - FUNDEB;1.7.2.1.01.02.00 - Cota-Parte do Fundo de Participação dos Municípios ¿ FPM;siconfi-cor_RO1.7.2.1.01.02.00;1496538,99
Prefeitura Municipal de Juruá - AM;1302207;AM;12807;Deduções - FUNDEB;1.7.2.1.01.05.00 - Cota-Parte do Imposto Sobre a Propriedade Territorial Rural ¿ ITR;siconfi-cor_RO1.7.2.1.01.05.00;6394,47
Prefeitura Municipal de Juruá - AM;1302207;AM;12807;Deduções - FUNDEB;1.7.2.1.36.00.00 - Transferências Financeiras do ICMS ¿ Desoneração ¿ L.C. Nº 87/96;siconfi-cor_RO1.7.2.1.36.00.00;3523,08
Prefeitura Municipal de Juruá - AM;1302207;AM;12807;Deduções - FUNDEB;1.7.2.2.00.00.00 - Transferências dos Estados;siconfi-cor_RO1.7.2.2.00.00.00;1408024,98
Prefeitura Municipal de Juruá - AM;1302207;AM;12807;Deduções - FUNDEB;1.7.2.2.01.00.00 - Participação na Receita dos Estados;siconfi-cor_RO1.7.2.2.01.00.00;1408024,98
Prefeitura Municipal de Juruá - AM;1302207;AM;12807;Deduções - FUNDEB;1.7.2.2.01.01.00 - Cota-Parte do ICMS;siconfi-cor_RO1.7.2.2.01.01.00;1398991,74
Prefeitura Municipal de Juruá - AM;1302207;AM;12807;Deduções - FUNDEB;1.7.2.2.01.02.00 - Cota-Parte do IPVA;siconfi-cor_RO1.7.2.2.01.02.00;2247,75
Prefeitura Municipal de Juruá - AM;1302207;AM;12807;Deduções - FUNDEB;1.7.2.2.01.04.00 - Cota-Parte do IPI sobre Exportação;siconfi-cor_RO1.7.2.2.01.04.00;6785,49
Prefeitura Municipal de Manaus - AM;1302603;AM;2020301;Receitas Brutas Realizadas;Total Receitas;siconfi-cor_TotalReceitas;4262280164
Prefeitura Municipal de Manaus - AM;1302603;AM;2020301;Receitas Brutas Realizadas;1.0.0.0.00.00.00 - Receitas Correntes;siconfi-cor_RO1.0.0.0.00.00.00;4018046089
Prefeitura Municipal de Manaus - AM;1302603;AM;2020301;Receitas Brutas Realizadas;1.1.0.0.00.00.00 - Receita Tributária;siconfi-cor_RO1.1.0.0.00.00.00;900398400
Prefeitura Municipal de Manaus - AM;1302603;AM;2020301;Receitas Brutas Realizadas;1.1.1.0.00.00.00 - Impostos;siconfi-cor_RO1.1.1.0.00.00.00;866757610,6
Prefeitura Municipal de Manaus - AM;1302603;AM;2020301;Receitas Brutas Realizadas;1.1.1.2.00.00.00 - Impostos sobre o Patrimônio e a Renda;siconfi-cor_RO1.1.1.2.00.00.00;291245643,2
Prefeitura Municipal de Manaus - AM;1302603;AM;2020301;Receitas Brutas Realizadas;1.1.1.2.02.00.00 - Imposto sobre a Propriedade Predial e Territorial Urbana ¿ IPTU;siconfi-cor_RO1.1.1.2.02.00.00;126965058,4
Prefeitura Municipal de Manaus - AM;1302603;AM;2020301;Receitas Brutas Realizadas;1.1.1.2.04.00.00 - Imposto sobre a Renda e Proventos de Qualquer Natureza ¿ IR;siconfi-cor_RO1.1.1.2.04.00.00;107067087,5
Prefeitura Municipal de Manaus - AM;1302603;AM;2020301;Receitas Brutas Realizadas;1.1.1.2.04.31.00 - Retido nas Fontes - Trabalho;siconfi-cor_RO1.1.1.2.04.31.00;97232115,4
Prefeitura Municipal de Manaus - AM;1302603;AM;2020301;Receitas Brutas Realizadas;1.1.1.2.04.34.00 - Retido nas Fontes - Outros Rendimentos;siconfi-cor_RO1.1.1.2.04.34.00;9834972,06
Prefeitura Municipal de Manaus - AM;1302603;AM;2020301;Receitas Brutas Realizadas;"1.1.1.2.08.00.00 - Imposto sobre Transmissão Inter Vivos"" de Bens Imóveis e de Direitos Reais sobre Imóveis ¿ ITBI""";siconfi-cor_RO1.1.1.2.08.00.00;57213497,35
Prefeitura Municipal de Manaus - AM;1302603;AM;2020301;Receitas Brutas Realizadas;1.1.1.3.00.00.00 - Impostos sobre a Produção e a Circulação;siconfi-cor_RO1.1.1.3.00.00.00;575511967,4
Prefeitura Municipal de Manaus - AM;1302603;AM;2020301;Receitas Brutas Realizadas;1.1.1.3.05.00.00 - Imposto sobre Serviços de Qualquer Natureza ¿ ISSQN;siconfi-cor_RO1.1.1.3.05.00.00;575511967,4
Prefeitura Municipal de Manaus - AM;1302603;AM;2020301;Receitas Brutas Realizadas;1.1.2.0.00.00.00 - Taxas;siconfi-cor_RO1.1.2.0.00.00.00;33640789,36
Prefeitura Municipal de Manaus - AM;1302603;AM;2020301;Receitas Brutas Realizadas;1.1.2.1.00.00.00 - Taxas pelo Exercício do Poder de Polícia;siconfi-cor_RO1.1.2.1.00.00.00;33536077,65
Prefeitura Municipal de Manaus - AM;1302603;AM;2020301;Receitas Brutas Realizadas;1.1.2.2.00.00.00 - Taxas pela Prestação de Serviços;siconfi-cor_RO1.1.2.2.00.00.00;104711,71
Prefeitura Municipal de Manaus - AM;1302603;AM;2020301;Receitas Brutas Realizadas;1.2.0.0.00.00.00 - Receitas de Contribuições;siconfi-cor_RO1.2.0.0.00.00.00;217271881,6
Prefeitura Municipal de Manaus - AM;1302603;AM;2020301;Receitas Brutas Realizadas;1.2.1.0.00.00.00 - Contribuições Sociais;siconfi-cor_RO1.2.1.0.00.00.00;104620153,9
Prefeitura Municipal de Manaus - AM;1302603;AM;2020301;Receitas Brutas Realizadas;1.2.1.0.29.00.00 - Contribuições para o Regime Próprio de Previdência do Servidor Público;siconfi-cor_RO1.2.1.0.29.00.00;104620153,9
Prefeitura Municipal de Manaus - AM;1302603;AM;2020301;Receitas Brutas Realizadas;1.2.1.0.29.07.00 - Contribuição do Servidor Ativo Civil para o Regime Próprio;siconfi-cor_RO1.2.1.0.29.07.00;101223546,8
Prefeitura Municipal de Manaus - AM;1302603;AM;2020301;Receitas Brutas Realizadas;1.2.1.0.29.09.00 - Contribuições do Servidor Inativo Civil para o Regime Próprio;siconfi-cor_RO1.2.1.0.29.09.00;2585307,61
Prefeitura Municipal de Manaus - AM;1302603;AM;2020301;Receitas Brutas Realizadas;1.2.1.0.29.11.00 - Contribuições de Pensionista Civil para o Regime Próprio;siconfi-cor_RO1.2.1.0.29.11.00;811299,47
Prefeitura Municipal de Manaus - AM;1302603;AM;2020301;Receitas Brutas Realizadas;1.2.2.0.00.00.00 - Contribuições de Intervenção no Domínio Econômico;siconfi-cor_RO1.2.2.0.00.00.00;14618616,25
Prefeitura Municipal de Manaus - AM;1302603;AM;2020301;Receitas Brutas Realizadas;1.2.3.0.00.00.00 - Contribuição para Custeio do Serviço de Iluminação Pública;siconfi-cor_RO1.2.3.0.00.00.00;98033111,4
Prefeitura Municipal de Manaus - AM;1302603;AM;2020301;Receitas Brutas Realizadas;1.3.0.0.00.00.00 - Receita Patrimonial;siconfi-cor_RO1.3.0.0.00.00.00;176254875,8
Prefeitura Municipal de Manaus - AM;1302603;AM;2020301;Receitas Brutas Realizadas;1.3.1.0.00.00.00 - Receitas Imobiliárias;siconfi-cor_RO1.3.1.0.00.00.00;763501
Prefeitura Municipal de Manaus - AM;1302603;AM;2020301;Receitas Brutas Realizadas;1.3.1.1.00.00.00 - Aluguéis;siconfi-cor_RO1.3.1.1.00.00.00;763501
Prefeitura Municipal de Manaus - AM;1302603;AM;2020301;Receitas Brutas Realizadas;1.3.2.0.00.00.00 - Receitas de Valores Mobiliários;siconfi-cor_RO1.3.2.0.00.00.00;145970899,2
Prefeitura Municipal de Manaus - AM;1302603;AM;2020301;Receitas Brutas Realizadas;1.3.2.2.00.00.00 - Dividendos;siconfi-cor_RO1.3.2.2.00.00.00;981697,75
Prefeitura Municipal de Manaus - AM;1302603;AM;2020301;Receitas Brutas Realizadas;1.3.2.5.00.00.00 - Remuneração de Depósitos Bancários;siconfi-cor_RO1.3.2.5.00.00.00;52870373,99
Prefeitura Municipal de Manaus - AM;1302603;AM;2020301;Receitas Brutas Realizadas;1.3.2.8.00.00.00 - Remuneração dos Investimentos do Regime Próprio de Previdência do Servidor;siconfi-cor_RO1.3.2.8.00.00.00;90757417,55
Prefeitura Municipal de Manaus - AM;1302603;AM;2020301;Receitas Brutas Realizadas;1.3.2.9.00.00.00 - Outras Receitas de Valores Mobiliários;siconfi-cor_RO1.3.2.9.00.00.00;1361409,9
Prefeitura Municipal de Manaus - AM;1302603;AM;2020301;Receitas Brutas Realizadas;1.3.3.0.00.00.00 - Receitas de Concessões e Permissões;siconfi-cor_RO1.3.3.0.00.00.00;2899934,58
Prefeitura Municipal de Manaus - AM;1302603;AM;2020301;Receitas Brutas Realizadas;1.3.6.0.00.00.00 - Receita da Cessão de Direitos;siconfi-cor_RO1.3.6.0.00.00.00;26620541
Prefeitura Municipal de Manaus - AM;1302603;AM;2020301;Receitas Brutas Realizadas;1.6.0.0.00.00.00 - Receita de Serviços;siconfi-cor_RO1.6.0.0.00.00.00;17245907,94
Prefeitura Municipal de Manaus - AM;1302603;AM;2020301;Receitas Brutas Realizadas;1.6.0.0.13.00.00 - Serviços Administrativos;siconfi-cor_RO1.6.0.0.13.00.00;1314223,99
Prefeitura Municipal de Manaus - AM;1302603;AM;2020301;Receitas Brutas Realizadas;1.6.0.0.99.00.00 - Demais Receitas de Serviços;siconfi-cor_RO1.6.0.0.99.00.00;15931683,95
Prefeitura Municipal de Manaus - AM;1302603;AM;2020301;Receitas Brutas Realizadas;1.7.0.0.00.00.00 - Transferências Correntes;siconfi-cor_RO1.7.0.0.00.00.00;2547063531
Prefeitura Municipal de Manaus - AM;1302603;AM;2020301;Receitas Brutas Realizadas;1.7.2.0.00.00.00 - Transferências Intergovernamentais;siconfi-cor_RO1.7.2.0.00.00.00;2538783562
Prefeitura Municipal de Manaus - AM;1302603;AM;2020301;Receitas Brutas Realizadas;1.7.2.1.00.00.00 - Transferências da União;siconfi-cor_RO1.7.2.1.00.00.00;593729767,1
Prefeitura Municipal de Manaus - AM;1302603;AM;2020301;Receitas Brutas Realizadas;1.7.2.1.01.00.00 - Participação na Receita da União;siconfi-cor_RO1.7.2.1.01.00.00;364565153,8
Prefeitura Municipal de Manaus - AM;1302603;AM;2020301;Receitas Brutas Realizadas;1.7.2.1.01.02.00 - Cota-Parte do Fundo de Participação dos Municípios ¿ FPM;siconfi-cor_RO1.7.2.1.01.02.00;364076224,2
Prefeitura Municipal de Manaus - AM;1302603;AM;2020301;Receitas Brutas Realizadas;1.7.2.1.01.05.00 - Cota-Parte do Imposto Sobre a Propriedade Territorial Rural ¿ ITR;siconfi-cor_RO1.7.2.1.01.05.00;488929,65
Prefeitura Municipal de Manaus - AM;1302603;AM;2020301;Receitas Brutas Realizadas;1.7.2.1.22.00.00 - Transferências da Compensação Financeira pela Exploração de Recursos Naturais;siconfi-cor_RO1.7.2.1.22.00.00;14485453,29
Prefeitura Municipal de Manaus - AM;1302603;AM;2020301;Receitas Brutas Realizadas;1.7.2.1.22.20.00 - Cota-Parte da Compensação Financeira de Recursos Minerais - CFEM;siconfi-cor_RO1.7.2.1.22.20.00;708108,53
Prefeitura Municipal de Manaus - AM;1302603;AM;2020301;Receitas Brutas Realizadas;1.7.2.1.22.30.00 - Cota-Parte Royalties ¿ Compensação Financeira pela Produção de Petróleo ¿ Lei nº 7.990/89;siconfi-cor_RO1.7.2.1.22.30.00;8247740,85
Prefeitura Municipal de Manaus - AM;1302603;AM;2020301;Receitas Brutas Realizadas;1.7.2.1.22.70.00 - Cota-Parte do Fundo Especial do Petróleo ¿ FEP;siconfi-cor_RO1.7.2.1.22.70.00;5529603,91
Prefeitura Municipal de Manaus - AM;1302603;AM;2020301;Receitas Brutas Realizadas;1.7.2.1.33.00.00 - Transferências de Recursos do Sistema Único de Saúde - SUS - Repasses Fundo a Fundo;siconfi-cor_RO1.7.2.1.33.00.00;143873891,3
Prefeitura Municipal de Manaus - AM;1302603;AM;2020301;Receitas Brutas Realizadas;1.7.2.1.34.00.00 - Transferências de Recursos do Fundo Nacional de Assistência Social ¿ FNAS;siconfi-cor_RO1.7.2.1.34.00.00;8126677,52
Prefeitura Municipal de Manaus - AM;1302603;AM;2020301;Receitas Brutas Realizadas;1.7.2.1.35.00.00 - Transferências de Recursos do Fundo Nacional do Desenvolvimento da Educação ¿ FNDE;siconfi-cor_RO1.7.2.1.35.00.00;49833432,3
Prefeitura Municipal de Manaus - AM;1302603;AM;2020301;Receitas Brutas Realizadas;1.7.2.1.36.00.00 - Transferências Financeiras do ICMS ¿ Desoneração ¿ L.C. Nº 87/96;siconfi-cor_RO1.7.2.1.36.00.00;3050917,44
Prefeitura Municipal de Manaus - AM;1302603;AM;2020301;Receitas Brutas Realizadas;1.7.2.1.99.00.00 - Outras Transferências da União;siconfi-cor_RO1.7.2.1.99.00.00;9794241,37
Prefeitura Municipal de Manaus - AM;1302603;AM;2020301;Receitas Brutas Realizadas;1.7.2.2.00.00.00 - Transferências dos Estados;siconfi-cor_RO1.7.2.2.00.00.00;1370748187
Prefeitura Municipal de Manaus - AM;1302603;AM;2020301;Receitas Brutas Realizadas;1.7.2.2.01.00.00 - Participação na Receita dos Estados;siconfi-cor_RO1.7.2.2.01.00.00;1348913923
Prefeitura Municipal de Manaus - AM;1302603;AM;2020301;Receitas Brutas Realizadas;1.7.2.2.01.01.00 - Cota-Parte do ICMS;siconfi-cor_RO1.7.2.2.01.01.00;1211493719
Prefeitura Municipal de Manaus - AM;1302603;AM;2020301;Receitas Brutas Realizadas;1.7.2.2.01.02.00 - Cota-Parte do IPVA;siconfi-cor_RO1.7.2.2.01.02.00;131395818,2
Prefeitura Municipal de Manaus - AM;1302603;AM;2020301;Receitas Brutas Realizadas;1.7.2.2.01.04.00 - Cota-Parte do IPI sobre Exportação;siconfi-cor_RO1.7.2.2.01.04.00;5876064
Prefeitura Municipal de Manaus - AM;1302603;AM;2020301;Receitas Brutas Realizadas;1.7.2.2.01.13.00 - Cota-Parte da Contribuição de Intervenção no Domínio Econômico;siconfi-cor_RO1.7.2.2.01.13.00;148321,62
Prefeitura Municipal de Manaus - AM;1302603;AM;2020301;Receitas Brutas Realizadas;1.7.2.2.22.00.00 - Transferências da Cota-Parte da Compensação Financeira (25%);siconfi-cor_RO1.7.2.2.22.00.00;19029946,93
Prefeitura Municipal de Manaus - AM;1302603;AM;2020301;Receitas Brutas Realizadas;1.7.2.2.22.30.00 - Cota-Parte Royalties - Compensação Financeira pela Produção de Petróleo - Lei nº 7.990/89 artigo 9º;siconfi-cor_RO1.7.2.2.22.30.00;19029946,93
Prefeitura Municipal de Manaus - AM;1302603;AM;2020301;Receitas Brutas Realizadas;1.7.2.2.33.00.00 - Transferências de Recursos do Estado para Programas de Saúde - Repasse Fundo a Fundo;siconfi-cor_RO1.7.2.2.33.00.00;2804317,65
Prefeitura Municipal de Manaus - AM;1302603;AM;2020301;Receitas Brutas Realizadas;1.7.2.4.00.00.00 - Transferências Multigovernamentais;siconfi-cor_RO1.7.2.4.00.00.00;574305607,2
Prefeitura Municipal de Manaus - AM;1302603;AM;2020301;Receitas Brutas Realizadas;1.7.2.4.01.00.00 - Transferências de Recursos do Fundo de Manutenção e Desenvolvimento do Ensino Fundamental e de Valorização do Magistério - FUNDEB;siconfi-cor_RO1.7.2.4.01.00.00;463621618
Prefeitura Municipal de Manaus - AM;1302603;AM;2020301;Receitas Brutas Realizadas;1.7.2.4.02.00.00 - Transferências de Recursos da Complementação ao Fundo de Manutenção e Desenvolvimento do Ensino Fundamental e de Valorização do Magistério - FUNDEB;siconfi-cor_RO1.7.2.4.02.00.00;110683989,2
Prefeitura Municipal de Manaus - AM;1302603;AM;2020301;Receitas Brutas Realizadas;1.7.6.0.00.00.00 - Transferências de Convênios;siconfi-cor_RO1.7.6.0.00.00.00;8279969,73
Prefeitura Municipal de Manaus - AM;1302603;AM;2020301;Receitas Brutas Realizadas;1.7.6.1.00.00.00 - Transferências de Convênios da União e de Suas Entidades;siconfi-cor_RO1.7.6.1.00.00.00;1189969,73
Prefeitura Municipal de Manaus - AM;1302603;AM;2020301;Receitas Brutas Realizadas;1.7.6.1.99.00.00 - Outras Transferências de Convênios da União;siconfi-cor_RO1.7.6.1.99.00.00;1189969,73
Prefeitura Municipal de Manaus - AM;1302603;AM;2020301;Receitas Brutas Realizadas;1.7.6.2.00.00.00 - Transferências de Convênios dos Estados e do Distrito Federal e de Suas Entidades;siconfi-cor_RO1.7.6.2.00.00.00;7090000
Prefeitura Municipal de Manaus - AM;1302603;AM;2020301;Receitas Brutas Realizadas;1.7.6.2.99.00.00 - Outras Transferências de Convênios dos Estados;siconfi-cor_RO1.7.6.2.99.00.00;7090000
Prefeitura Municipal de Manaus - AM;1302603;AM;2020301;Receitas Brutas Realizadas;1.9.0.0.00.00.00 - Outras Receitas Correntes;siconfi-cor_RO1.9.0.0.00.00.00;159811492,6
Prefeitura Municipal de Manaus - AM;1302603;AM;2020301;Receitas Brutas Realizadas;1.9.1.0.00.00.00 - Multas e Juros de Mora;siconfi-cor_RO1.9.1.0.00.00.00;59038029,98
Prefeitura Municipal de Manaus - AM;1302603;AM;2020301;Receitas Brutas Realizadas;1.9.1.1.00.00.00 - Multas e Juros de Mora dos Tributos;siconfi-cor_RO1.9.1.1.00.00.00;8640672,47
Prefeitura Municipal de Manaus - AM;1302603;AM;2020301;Receitas Brutas Realizadas;1.9.1.3.00.00.00 - Multas e Juros de Mora da Dívida Ativa dos Tributos;siconfi-cor_RO1.9.1.3.00.00.00;12229674,99
Prefeitura Municipal de Manaus - AM;1302603;AM;2020301;Receitas Brutas Realizadas;1.9.1.8.00.00.00 - Multas e Juros de Mora de Outras Receitas;siconfi-cor_RO1.9.1.8.00.00.00;181199,87
Prefeitura Municipal de Manaus - AM;1302603;AM;2020301;Receitas Brutas Realizadas;1.9.1.9.00.00.00 - Multas de Outras Origens;siconfi-cor_RO1.9.1.9.00.00.00;37986482,65
Prefeitura Municipal de Manaus - AM;1302603;AM;2020301;Receitas Brutas Realizadas;1.9.2.0.00.00.00 - Indenizações e Restituições;siconfi-cor_RO1.9.2.0.00.00.00;5713879,72
Prefeitura Municipal de Manaus - AM;1302603;AM;2020301;Receitas Brutas Realizadas;1.9.2.1.00.00.00 - Indenizações;siconfi-cor_RO1.9.2.1.00.00.00;1057083,13
Prefeitura Municipal de Manaus - AM;1302603;AM;2020301;Receitas Brutas Realizadas;1.9.2.2.00.00.00 - Restituições;siconfi-cor_RO1.9.2.2.00.00.00;4656796,59
Prefeitura Municipal de Manaus - AM;1302603;AM;2020301;Receitas Brutas Realizadas;1.9.2.2.10.00.00 - Compensações Financeiras entre o Regime Geral e os Regimes Próprios de Previdência dos Servidores;siconfi-cor_RO1.9.2.2.10.00.00;12765,44
Prefeitura Municipal de Manaus - AM;1302603;AM;2020301;Receitas Brutas Realizadas;1.9.2.2.99.00.00 - Outras Restituições;siconfi-cor_RO1.9.2.2.99.00.00;4644031,15
Prefeitura Municipal de Manaus - AM;1302603;AM;2020301;Receitas Brutas Realizadas;1.9.3.0.00.00.00 - Receita da Dívida Ativa;siconfi-cor_RO1.9.3.0.00.00.00;64418789,03
Prefeitura Municipal de Manaus - AM;1302603;AM;2020301;Receitas Brutas Realizadas;1.9.3.1.00.00.00 - Receita da Dívida Ativa Tributária;siconfi-cor_RO1.9.3.1.00.00.00;64418789,03
Prefeitura Municipal de Manaus - AM;1302603;AM;2020301;Receitas Brutas Realizadas;1.9.9.0.00.00.00 - Receitas Diversas;siconfi-cor_RO1.9.9.0.00.00.00;30640793,86
Prefeitura Municipal de Manaus - AM;1302603;AM;2020301;Receitas Brutas Realizadas;2.0.0.0.00.00.00 - Receitas de Capital;siconfi-cor_RO2.0.0.0.00.00.00;131201842,5
Prefeitura Municipal de Manaus - AM;1302603;AM;2020301;Receitas Brutas Realizadas;2.1.0.0.00.00.00 - Operações de Crédito;siconfi-cor_RO2.1.0.0.00.00.00;71422539,09
Prefeitura Municipal de Manaus - AM;1302603;AM;2020301;Receitas Brutas Realizadas;2.1.1.0.00.00.00 - Operações de Crédito Internas;siconfi-cor_RO2.1.1.0.00.00.00;13419321,13
Prefeitura Municipal de Manaus - AM;1302603;AM;2020301;Receitas Brutas Realizadas;2.1.2.0.00.00.00 - Operações de Crédito Externas;siconfi-cor_RO2.1.2.0.00.00.00;58003217,96
Prefeitura Municipal de Manaus - AM;1302603;AM;2020301;Receitas Brutas Realizadas;2.2.0.0.00.00.00 - Alienação de Bens;siconfi-cor_RO2.2.0.0.00.00.00;884051,87
Prefeitura Municipal de Manaus - AM;1302603;AM;2020301;Receitas Brutas Realizadas;2.2.1.0.00.00.00 - Alienação de Bens Móveis;siconfi-cor_RO2.2.1.0.00.00.00;587459,5
Prefeitura Municipal de Manaus - AM;1302603;AM;2020301;Receitas Brutas Realizadas;2.2.2.0.00.00.00 - Alienação de Bens Imóveis;siconfi-cor_RO2.2.2.0.00.00.00;296592,37
Prefeitura Municipal de Manaus - AM;1302603;AM;2020301;Receitas Brutas Realizadas;2.3.0.0.00.00.00 - Amortização de Empréstimos;siconfi-cor_RO2.3.0.0.00.00.00;475041,42
Prefeitura Municipal de Manaus - AM;1302603;AM;2020301;Receitas Brutas Realizadas;2.4.0.0.00.00.00 - Transferências de Capital;siconfi-cor_RO2.4.0.0.00.00.00;58420210,07
Prefeitura Municipal de Manaus - AM;1302603;AM;2020301;Receitas Brutas Realizadas;2.4.2.0.00.00.00 - Transferências Intergovernamentais;siconfi-cor_RO2.4.2.0.00.00.00;3320978
Prefeitura Municipal de Manaus - AM;1302603;AM;2020301;Receitas Brutas Realizadas;2.4.2.1.00.00.00 - Transferências da União;siconfi-cor_RO2.4.2.1.00.00.00;3320978
Prefeitura Municipal de Manaus - AM;1302603;AM;2020301;Receitas Brutas Realizadas;2.4.2.1.01.00.00 - Participação na Receita da União;siconfi-cor_RO2.4.2.1.01.00.00;3320978
Prefeitura Municipal de Manaus - AM;1302603;AM;2020301;Receitas Brutas Realizadas;2.4.7.0.00.00.00 - Transferências de Convênios;siconfi-cor_RO2.4.7.0.00.00.00;55099232,07
Prefeitura Municipal de Manaus - AM;1302603;AM;2020301;Receitas Brutas Realizadas;2.4.7.1.00.00.00 - Transferências de Convênios da União e de suas Entidades;siconfi-cor_RO2.4.7.1.00.00.00;5099232,07
Prefeitura Municipal de Manaus - AM;1302603;AM;2020301;Receitas Brutas Realizadas;2.4.7.1.02.00.00 - Transferências de Convênios da União Destinadas a Programas de Educação;siconfi-cor_RO2.4.7.1.02.00.00;3449911,48
Prefeitura Municipal de Manaus - AM;1302603;AM;2020301;Receitas Brutas Realizadas;2.4.7.1.03.00.00 - Transferências de Convênios da União Destinadas a Programas de Saneamento Básico;siconfi-cor_RO2.4.7.1.03.00.00;545740,28
Prefeitura Municipal de Manaus - AM;1302603;AM;2020301;Receitas Brutas Realizadas;2.4.7.1.99.00.00 - Outras Transferências de Convênios da União;siconfi-cor_RO2.4.7.1.99.00.00;1103580,31
Prefeitura Municipal de Manaus - AM;1302603;AM;2020301;Receitas Brutas Realizadas;2.4.7.2.00.00.00 - Transferências de Convênios dos Estados e do Distrito Federal e de suas Entidades;siconfi-cor_RO2.4.7.2.00.00.00;50000000
Prefeitura Municipal de Manaus - AM;1302603;AM;2020301;Receitas Brutas Realizadas;2.4.7.2.99.00.00 - Outras Transferências de Convênios dos Estados;siconfi-cor_RO2.4.7.2.99.00.00;50000000
Prefeitura Municipal de Manaus - AM;1302603;AM;2020301;Receitas Brutas Realizadas;7.0.0.0.00.00.00 - Receitas Correntes Intraorçamentárias;siconfi-cor_RI7.0.0.0.00.00.00;113032232,7
Prefeitura Municipal de Manaus - AM;1302603;AM;2020301;Receitas Brutas Realizadas;7.2.0.0.00.00.00 - Receitas de Contribuições Intraorçamentárias;siconfi-cor_RI7.2.0.0.00.00.00;111613362,6
Prefeitura Municipal de Manaus - AM;1302603;AM;2020301;Receitas Brutas Realizadas;7.2.1.0.00.00.00 - Contribuições Sociais Intraorçamentárias;siconfi-cor_RI7.2.1.0.00.00.00;111613362,6
Prefeitura Municipal de Manaus - AM;1302603;AM;2020301;Receitas Brutas Realizadas;7.2.1.0.29.00.00 - Contribuições para o Regime Próprio de Previdência do Servidor Público Intraorçamentárias;siconfi-cor_RI7.2.1.0.29.00.00;111613362,6
Prefeitura Municipal de Manaus - AM;1302603;AM;2020301;Receitas Brutas Realizadas;7.2.1.0.29.01.00 - Contribuição Patronal de Servidor Ativo Civil para o Regime Próprio Intraorçamentária;siconfi-cor_RI7.2.1.0.29.01.00;101869915,1
Prefeitura Municipal de Manaus - AM;1302603;AM;2020301;Receitas Brutas Realizadas;7.2.1.0.29.99.00 - Outras Contribuições para o Regime Próprio de Previdência do Servidor Público Intraorçamentárias;siconfi-cor_RI7.2.1.0.29.99.00;9743447,41
Prefeitura Municipal de Manaus - AM;1302603;AM;2020301;Receitas Brutas Realizadas;7.9.0.0.00.00.00 - Outras Receitas Correntes Intraorçamentárias;siconfi-cor_RI7.9.0.0.00.00.00;1418870,18
Prefeitura Municipal de Manaus - AM;1302603;AM;2020301;Receitas Brutas Realizadas;7.9.1.2.00.00.00 - Multas e Juros de Mora das Contribuições Intraorçamentárias;siconfi-cor_RI7.9.1.2.00.00.00;1418870,18
Prefeitura Municipal de Manaus - AM;1302603;AM;2020301;Receitas Brutas Realizadas;7.9.1.2.99.00.00 - Outras Multas e Juros de Mora de Contribuições Intraorçamentárias;siconfi-cor_RI7.9.1.2.99.00.00;1418870,18
Prefeitura Municipal de Manaus - AM;1302603;AM;2020301;Deduções - Transferências Constitucionais;Total Receitas;siconfi-cor_TotalReceitas;90000
Prefeitura Municipal de Manaus - AM;1302603;AM;2020301;Deduções - Transferências Constitucionais;1.0.0.0.00.00.00 - Receitas Correntes;siconfi-cor_RO1.0.0.0.00.00.00;90000
Prefeitura Municipal de Manaus - AM;1302603;AM;2020301;Deduções - Transferências Constitucionais;1.7.0.0.00.00.00 - Transferências Correntes;siconfi-cor_RO1.7.0.0.00.00.00;90000
Prefeitura Municipal de Manaus - AM;1302603;AM;2020301;Deduções - Transferências Constitucionais;1.7.6.0.00.00.00 - Transferências de Convênios;siconfi-cor_RO1.7.6.0.00.00.00;90000
Prefeitura Municipal de Manaus - AM;1302603;AM;2020301;Deduções - Transferências Constitucionais;1.7.6.2.00.00.00 - Transferências de Convênios dos Estados e do Distrito Federal e de Suas Entidades;siconfi-cor_RO1.7.6.2.00.00.00;90000
Prefeitura Municipal de Manaus - AM;1302603;AM;2020301;Deduções - Transferências Constitucionais;1.7.6.2.99.00.00 - Outras Transferências de Convênios dos Estados;siconfi-cor_RO1.7.6.2.99.00.00;90000
Prefeitura Municipal de Manaus - AM;1302603;AM;2020301;Deduções - FUNDEB;Total Receitas;siconfi-cor_TotalReceitas;340183759,1
Prefeitura Municipal de Manaus - AM;1302603;AM;2020301;Deduções - FUNDEB;1.0.0.0.00.00.00 - Receitas Correntes;siconfi-cor_RO1.0.0.0.00.00.00;340183759,1
Prefeitura Municipal de Manaus - AM;1302603;AM;2020301;Deduções - FUNDEB;1.7.0.0.00.00.00 - Transferências Correntes;siconfi-cor_RO1.7.0.0.00.00.00;340183759,1
Prefeitura Municipal de Manaus - AM;1302603;AM;2020301;Deduções - FUNDEB;1.7.2.0.00.00.00 - Transferências Intergovernamentais;siconfi-cor_RO1.7.2.0.00.00.00;340183759,1
Prefeitura Municipal de Manaus - AM;1302603;AM;2020301;Deduções - FUNDEB;1.7.2.1.00.00.00 - Transferências da União;siconfi-cor_RO1.7.2.1.00.00.00;70430639,86
Prefeitura Municipal de Manaus - AM;1302603;AM;2020301;Deduções - FUNDEB;1.7.2.1.01.00.00 - Participação na Receita da União;siconfi-cor_RO1.7.2.1.01.00.00;69820456,42
Prefeitura Municipal de Manaus - AM;1302603;AM;2020301;Deduções - FUNDEB;1.7.2.1.01.02.00 - Cota-Parte do Fundo de Participação dos Municípios ¿ FPM;siconfi-cor_RO1.7.2.1.01.02.00;69722670,62
Prefeitura Municipal de Manaus - AM;1302603;AM;2020301;Deduções - FUNDEB;1.7.2.1.01.05.00 - Cota-Parte do Imposto Sobre a Propriedade Territorial Rural ¿ ITR;siconfi-cor_RO1.7.2.1.01.05.00;97785,8
Prefeitura Municipal de Manaus - AM;1302603;AM;2020301;Deduções - FUNDEB;1.7.2.1.36.00.00 - Transferências Financeiras do ICMS ¿ Desoneração ¿ L.C. Nº 87/96;siconfi-cor_RO1.7.2.1.36.00.00;610183,44
Prefeitura Municipal de Manaus - AM;1302603;AM;2020301;Deduções - FUNDEB;1.7.2.2.00.00.00 - Transferências dos Estados;siconfi-cor_RO1.7.2.2.00.00.00;269753119,2
Prefeitura Municipal de Manaus - AM;1302603;AM;2020301;Deduções - FUNDEB;1.7.2.2.01.00.00 - Participação na Receita dos Estados;siconfi-cor_RO1.7.2.2.01.00.00;269753119,2
Prefeitura Municipal de Manaus - AM;1302603;AM;2020301;Deduções - FUNDEB;1.7.2.2.01.01.00 - Cota-Parte do ICMS;siconfi-cor_RO1.7.2.2.01.01.00;242298743,8
Prefeitura Municipal de Manaus - AM;1302603;AM;2020301;Deduções - FUNDEB;1.7.2.2.01.02.00 - Cota-Parte do IPVA;siconfi-cor_RO1.7.2.2.01.02.00;26279162,68
Prefeitura Municipal de Manaus - AM;1302603;AM;2020301;Deduções - FUNDEB;1.7.2.2.01.04.00 - Cota-Parte do IPI sobre Exportação;siconfi-cor_RO1.7.2.2.01.04.00;1175212,7
Prefeitura Municipal de Manaus - AM;1302603;AM;2020301;Outras Deduções da Receita;Total Receitas;siconfi-cor_TotalReceitas;7104214,62
Prefeitura Municipal de Manaus - AM;1302603;AM;2020301;Outras Deduções da Receita;1.0.0.0.00.00.00 - Receitas Correntes;siconfi-cor_RO1.0.0.0.00.00.00;7104214,62
Prefeitura Municipal de Manaus - AM;1302603;AM;2020301;Outras Deduções da Receita;1.1.0.0.00.00.00 - Receita Tributária;siconfi-cor_RO1.1.0.0.00.00.00;107304,08
Prefeitura Municipal de Manaus - AM;1302603;AM;2020301;Outras Deduções da Receita;1.1.1.0.00.00.00 - Impostos;siconfi-cor_RO1.1.1.0.00.00.00;95303,62
Prefeitura Municipal de Manaus - AM;1302603;AM;2020301;Outras Deduções da Receita;1.1.1.2.00.00.00 - Impostos sobre o Patrimônio e a Renda;siconfi-cor_RO1.1.1.2.00.00.00;60305,89
Prefeitura Municipal de Manaus - AM;1302603;AM;2020301;Outras Deduções da Receita;1.1.1.2.02.00.00 - Imposto sobre a Propriedade Predial e Territorial Urbana ¿ IPTU;siconfi-cor_RO1.1.1.2.02.00.00;35751,49
Prefeitura Municipal de Manaus - AM;1302603;AM;2020301;Outras Deduções da Receita;"1.1.1.2.08.00.00 - Imposto sobre Transmissão Inter Vivos"" de Bens Imóveis e de Direitos Reais sobre Imóveis ¿ ITBI""";siconfi-cor_RO1.1.1.2.08.00.00;24554,4
Prefeitura Municipal de Manaus - AM;1302603;AM;2020301;Outras Deduções da Receita;1.1.1.3.00.00.00 - Impostos sobre a Produção e a Circulação;siconfi-cor_RO1.1.1.3.00.00.00;34997,73
Prefeitura Municipal de Manaus - AM;1302603;AM;2020301;Outras Deduções da Receita;1.1.1.3.05.00.00 - Imposto sobre Serviços de Qualquer Natureza ¿ ISSQN;siconfi-cor_RO1.1.1.3.05.00.00;34997,73
Prefeitura Municipal de Manaus - AM;1302603;AM;2020301;Outras Deduções da Receita;1.1.2.0.00.00.00 - Taxas;siconfi-cor_RO1.1.2.0.00.00.00;12000,46
Prefeitura Municipal de Manaus - AM;1302603;AM;2020301;Outras Deduções da Receita;1.1.2.1.00.00.00 - Taxas pelo Exercício do Poder de Polícia;siconfi-cor_RO1.1.2.1.00.00.00;12000,46
Prefeitura Municipal de Manaus - AM;1302603;AM;2020301;Outras Deduções da Receita;1.3.0.0.00.00.00 - Receita Patrimonial;siconfi-cor_RO1.3.0.0.00.00.00;107181,04
Prefeitura Municipal de Manaus - AM;1302603;AM;2020301;Outras Deduções da Receita;1.3.2.0.00.00.00 - Receitas de Valores Mobiliários;siconfi-cor_RO1.3.2.0.00.00.00;107181,04
Prefeitura Municipal de Manaus - AM;1302603;AM;2020301;Outras Deduções da Receita;1.3.2.5.00.00.00 - Remuneração de Depósitos Bancários;siconfi-cor_RO1.3.2.5.00.00.00;107181,04
Prefeitura Municipal de Manaus - AM;1302603;AM;2020301;Outras Deduções da Receita;1.9.0.0.00.00.00 - Outras Receitas Correntes;siconfi-cor_RO1.9.0.0.00.00.00;6889729,5
Prefeitura Municipal de Manaus - AM;1302603;AM;2020301;Outras Deduções da Receita;1.9.1.0.00.00.00 - Multas e Juros de Mora;siconfi-cor_RO1.9.1.0.00.00.00;1804640,89
Prefeitura Municipal de Manaus - AM;1302603;AM;2020301;Outras Deduções da Receita;1.9.1.9.00.00.00 - Multas de Outras Origens;siconfi-cor_RO1.9.1.9.00.00.00;1804640,89
Prefeitura Municipal de Manaus - AM;1302603;AM;2020301;Outras Deduções da Receita;1.9.9.0.00.00.00 - Receitas Diversas;siconfi-cor_RO1.9.9.0.00.00.00;5085088,61
Prefeitura Municipal de Benjamin Constant - AM;1300607;AM;38533;Receitas Brutas Realizadas;Total Receitas;siconfi-cor_TotalReceitas;75093761,61
Prefeitura Municipal de Benjamin Constant - AM;1300607;AM;38533;Receitas Brutas Realizadas;1.0.0.0.00.00.00 - Receitas Correntes;siconfi-cor_RO1.0.0.0.00.00.00;72012158,67
Prefeitura Municipal de Benjamin Constant - AM;1300607;AM;38533;Receitas Brutas Realizadas;1.1.0.0.00.00.00 - Receita Tributária;siconfi-cor_RO1.1.0.0.00.00.00;1666072,79
Prefeitura Municipal de Benjamin Constant - AM;1300607;AM;38533;Receitas Brutas Realizadas;1.1.1.0.00.00.00 - Impostos;siconfi-cor_RO1.1.1.0.00.00.00;1646341,32
Prefeitura Municipal de Benjamin Constant - AM;1300607;AM;38533;Receitas Brutas Realizadas;1.1.1.2.00.00.00 - Impostos sobre o Patrimônio e a Renda;siconfi-cor_RO1.1.1.2.00.00.00;565191
Prefeitura Municipal de Benjamin Constant - AM;1300607;AM;38533;Receitas Brutas Realizadas;1.1.1.2.04.00.00 - Imposto sobre a Renda e Proventos de Qualquer Natureza ¿ IR;siconfi-cor_RO1.1.1.2.04.00.00;557276
Prefeitura Municipal de Benjamin Constant - AM;1300607;AM;38533;Receitas Brutas Realizadas;1.1.1.2.04.31.00 - Retido nas Fontes - Trabalho;siconfi-cor_RO1.1.1.2.04.31.00;507119,35
Prefeitura Municipal de Benjamin Constant - AM;1300607;AM;38533;Receitas Brutas Realizadas;1.1.1.2.04.34.00 - Retido nas Fontes - Outros Rendimentos;siconfi-cor_RO1.1.1.2.04.34.00;50156,65
Prefeitura Municipal de Benjamin Constant - AM;1300607;AM;38533;Receitas Brutas Realizadas;"1.1.1.2.08.00.00 - Imposto sobre Transmissão Inter Vivos"" de Bens Imóveis e de Direitos Reais sobre Imóveis ¿ ITBI""";siconfi-cor_RO1.1.1.2.08.00.00;7915
Prefeitura Municipal de Benjamin Constant - AM;1300607;AM;38533;Receitas Brutas Realizadas;1.1.1.3.00.00.00 - Impostos sobre a Produção e a Circulação;siconfi-cor_RO1.1.1.3.00.00.00;1081150,32
Prefeitura Municipal de Benjamin Constant - AM;1300607;AM;38533;Receitas Brutas Realizadas;1.1.1.3.05.00.00 - Imposto sobre Serviços de Qualquer Natureza ¿ ISSQN;siconfi-cor_RO1.1.1.3.05.00.00;1081150,32
Prefeitura Municipal de Benjamin Constant - AM;1300607;AM;38533;Receitas Brutas Realizadas;1.1.2.0.00.00.00 - Taxas;siconfi-cor_RO1.1.2.0.00.00.00;19731,47
Prefeitura Municipal de Benjamin Constant - AM;1300607;AM;38533;Receitas Brutas Realizadas;1.1.2.1.00.00.00 - Taxas pelo Exercício do Poder de Polícia;siconfi-cor_RO1.1.2.1.00.00.00;13885,47
Prefeitura Municipal de Benjamin Constant - AM;1300607;AM;38533;Receitas Brutas Realizadas;1.1.2.2.00.00.00 - Taxas pela Prestação de Serviços;siconfi-cor_RO1.1.2.2.00.00.00;5846
Prefeitura Municipal de Benjamin Constant - AM;1300607;AM;38533;Receitas Brutas Realizadas;1.2.0.0.00.00.00 - Receitas de Contribuições;siconfi-cor_RO1.2.0.0.00.00.00;4162363,16
Prefeitura Municipal de Benjamin Constant - AM;1300607;AM;38533;Receitas Brutas Realizadas;1.2.1.0.00.00.00 - Contribuições Sociais;siconfi-cor_RO1.2.1.0.00.00.00;3808990,74
Prefeitura Municipal de Benjamin Constant - AM;1300607;AM;38533;Receitas Brutas Realizadas;1.2.1.0.29.00.00 - Contribuições para o Regime Próprio de Previdência do Servidor Público;siconfi-cor_RO1.2.1.0.29.00.00;3808990,74
Prefeitura Municipal de Benjamin Constant - AM;1300607;AM;38533;Receitas Brutas Realizadas;1.2.1.0.29.01.00 - Contribuição Patronal de Servidor Ativo Civil para o Regime Próprio;siconfi-cor_RO1.2.1.0.29.01.00;2408216,51
Prefeitura Municipal de Benjamin Constant - AM;1300607;AM;38533;Receitas Brutas Realizadas;1.2.1.0.29.07.00 - Contribuição do Servidor Ativo Civil para o Regime Próprio;siconfi-cor_RO1.2.1.0.29.07.00;1400774,23
Prefeitura Municipal de Benjamin Constant - AM;1300607;AM;38533;Receitas Brutas Realizadas;1.2.3.0.00.00.00 - Contribuição para Custeio do Serviço de Iluminação Pública;siconfi-cor_RO1.2.3.0.00.00.00;353372,42
Prefeitura Municipal de Benjamin Constant - AM;1300607;AM;38533;Receitas Brutas Realizadas;1.3.0.0.00.00.00 - Receita Patrimonial;siconfi-cor_RO1.3.0.0.00.00.00;2831374,42
Prefeitura Municipal de Benjamin Constant - AM;1300607;AM;38533;Receitas Brutas Realizadas;1.3.2.0.00.00.00 - Receitas de Valores Mobiliários;siconfi-cor_RO1.3.2.0.00.00.00;2831374,42
Prefeitura Municipal de Benjamin Constant - AM;1300607;AM;38533;Receitas Brutas Realizadas;1.3.2.5.00.00.00 - Remuneração de Depósitos Bancários;siconfi-cor_RO1.3.2.5.00.00.00;819510,04
Prefeitura Municipal de Benjamin Constant - AM;1300607;AM;38533;Receitas Brutas Realizadas;1.3.2.8.00.00.00 - Remuneração dos Investimentos do Regime Próprio de Previdência do Servidor;siconfi-cor_RO1.3.2.8.00.00.00;2011864,38
Prefeitura Municipal de Benjamin Constant - AM;1300607;AM;38533;Receitas Brutas Realizadas;1.6.0.0.00.00.00 - Receita de Serviços;siconfi-cor_RO1.6.0.0.00.00.00;13650
Prefeitura Municipal de Benjamin Constant - AM;1300607;AM;38533;Receitas Brutas Realizadas;1.6.0.0.13.00.00 - Serviços Administrativos;siconfi-cor_RO1.6.0.0.13.00.00;13650
Prefeitura Municipal de Benjamin Constant - AM;1300607;AM;38533;Receitas Brutas Realizadas;1.7.0.0.00.00.00 - Transferências Correntes;siconfi-cor_RO1.7.0.0.00.00.00;63327708,65
Prefeitura Municipal de Benjamin Constant - AM;1300607;AM;38533;Receitas Brutas Realizadas;1.7.2.0.00.00.00 - Transferências Intergovernamentais;siconfi-cor_RO1.7.2.0.00.00.00;62927708,65
Prefeitura Municipal de Benjamin Constant - AM;1300607;AM;38533;Receitas Brutas Realizadas;1.7.2.1.00.00.00 - Transferências da União;siconfi-cor_RO1.7.2.1.00.00.00;25444853,48
Prefeitura Municipal de Benjamin Constant - AM;1300607;AM;38533;Receitas Brutas Realizadas;1.7.2.1.01.00.00 - Participação na Receita da União;siconfi-cor_RO1.7.2.1.01.00.00;17582864,78
Prefeitura Municipal de Benjamin Constant - AM;1300607;AM;38533;Receitas Brutas Realizadas;1.7.2.1.01.02.00 - Cota-Parte do Fundo de Participação dos Municípios ¿ FPM;siconfi-cor_RO1.7.2.1.01.02.00;17582836,92
Prefeitura Municipal de Benjamin Constant - AM;1300607;AM;38533;Receitas Brutas Realizadas;1.7.2.1.01.05.00 - Cota-Parte do Imposto Sobre a Propriedade Territorial Rural ¿ ITR;siconfi-cor_RO1.7.2.1.01.05.00;27,86
Prefeitura Municipal de Benjamin Constant - AM;1300607;AM;38533;Receitas Brutas Realizadas;1.7.2.1.22.00.00 - Transferências da Compensação Financeira pela Exploração de Recursos Naturais;siconfi-cor_RO1.7.2.1.22.00.00;263113,12
Prefeitura Municipal de Benjamin Constant - AM;1300607;AM;38533;Receitas Brutas Realizadas;1.7.2.1.22.70.00 - Cota-Parte do Fundo Especial do Petróleo ¿ FEP;siconfi-cor_RO1.7.2.1.22.70.00;263113,12
Prefeitura Municipal de Benjamin Constant - AM;1300607;AM;38533;Receitas Brutas Realizadas;1.7.2.1.33.00.00 - Transferências de Recursos do Sistema Único de Saúde - SUS - Repasses Fundo a Fundo;siconfi-cor_RO1.7.2.1.33.00.00;4271839,8
Prefeitura Municipal de Benjamin Constant - AM;1300607;AM;38533;Receitas Brutas Realizadas;1.7.2.1.34.00.00 - Transferências de Recursos do Fundo Nacional de Assistência Social ¿ FNAS;siconfi-cor_RO1.7.2.1.34.00.00;590981,34
Prefeitura Municipal de Benjamin Constant - AM;1300607;AM;38533;Receitas Brutas Realizadas;1.7.2.1.35.00.00 - Transferências de Recursos do Fundo Nacional do Desenvolvimento da Educação ¿ FNDE;siconfi-cor_RO1.7.2.1.35.00.00;2352893,81
Prefeitura Municipal de Benjamin Constant - AM;1300607;AM;38533;Receitas Brutas Realizadas;1.7.2.1.36.00.00 - Transferências Financeiras do ICMS ¿ Desoneração ¿ L.C. Nº 87/96;siconfi-cor_RO1.7.2.1.36.00.00;25992
Prefeitura Municipal de Benjamin Constant - AM;1300607;AM;38533;Receitas Brutas Realizadas;1.7.2.1.99.00.00 - Outras Transferências da União;siconfi-cor_RO1.7.2.1.99.00.00;357168,63
Prefeitura Municipal de Benjamin Constant - AM;1300607;AM;38533;Receitas Brutas Realizadas;1.7.2.2.00.00.00 - Transferências dos Estados;siconfi-cor_RO1.7.2.2.00.00.00;11350546,08
Prefeitura Municipal de Benjamin Constant - AM;1300607;AM;38533;Receitas Brutas Realizadas;1.7.2.2.01.00.00 - Participação na Receita dos Estados;siconfi-cor_RO1.7.2.2.01.00.00;10413133,61
Prefeitura Municipal de Benjamin Constant - AM;1300607;AM;38533;Receitas Brutas Realizadas;1.7.2.2.01.01.00 - Cota-Parte do ICMS;siconfi-cor_RO1.7.2.2.01.01.00;10321192,04
Prefeitura Municipal de Benjamin Constant - AM;1300607;AM;38533;Receitas Brutas Realizadas;1.7.2.2.01.02.00 - Cota-Parte do IPVA;siconfi-cor_RO1.7.2.2.01.02.00;35455,31
Prefeitura Municipal de Benjamin Constant - AM;1300607;AM;38533;Receitas Brutas Realizadas;1.7.2.2.01.04.00 - Cota-Parte do IPI sobre Exportação;siconfi-cor_RO1.7.2.2.01.04.00;50060,5
Prefeitura Municipal de Benjamin Constant - AM;1300607;AM;38533;Receitas Brutas Realizadas;1.7.2.2.01.13.00 - Cota-Parte da Contribuição de Intervenção no Domínio Econômico;siconfi-cor_RO1.7.2.2.01.13.00;6425,76
Prefeitura Municipal de Benjamin Constant - AM;1300607;AM;38533;Receitas Brutas Realizadas;1.7.2.2.22.00.00 - Transferências da Cota-Parte da Compensação Financeira (25%);siconfi-cor_RO1.7.2.2.22.00.00;162123,6
Prefeitura Municipal de Benjamin Constant - AM;1300607;AM;38533;Receitas Brutas Realizadas;1.7.2.2.22.30.00 - Cota-Parte Royalties - Compensação Financeira pela Produção de Petróleo - Lei nº 7.990/89 artigo 9º;siconfi-cor_RO1.7.2.2.22.30.00;162123,6
Prefeitura Municipal de Benjamin Constant - AM;1300607;AM;38533;Receitas Brutas Realizadas;1.7.2.2.33.00.00 - Transferências de Recursos do Estado para Programas de Saúde - Repasse Fundo a Fundo;siconfi-cor_RO1.7.2.2.33.00.00;775288,87
Prefeitura Municipal de Benjamin Constant - AM;1300607;AM;38533;Receitas Brutas Realizadas;1.7.2.4.00.00.00 - Transferências Multigovernamentais;siconfi-cor_RO1.7.2.4.00.00.00;26132309,09
Prefeitura Municipal de Benjamin Constant - AM;1300607;AM;38533;Receitas Brutas Realizadas;1.7.2.4.01.00.00 - Transferências de Recursos do Fundo de Manutenção e Desenvolvimento do Ensino Fundamental e de Valorização do Magistério - FUNDEB;siconfi-cor_RO1.7.2.4.01.00.00;20882683,41
Prefeitura Municipal de Benjamin Constant - AM;1300607;AM;38533;Receitas Brutas Realizadas;1.7.2.4.02.00.00 - Transferências de Recursos da Complementação ao Fundo de Manutenção e Desenvolvimento do Ensino Fundamental e de Valorização do Magistério - FUNDEB;siconfi-cor_RO1.7.2.4.02.00.00;5249625,68
Prefeitura Municipal de Benjamin Constant - AM;1300607;AM;38533;Receitas Brutas Realizadas;1.7.6.0.00.00.00 - Transferências de Convênios;siconfi-cor_RO1.7.6.0.00.00.00;400000
Prefeitura Municipal de Benjamin Constant - AM;1300607;AM;38533;Receitas Brutas Realizadas;1.7.6.2.00.00.00 - Transferências de Convênios dos Estados e do Distrito Federal e de Suas Entidades;siconfi-cor_RO1.7.6.2.00.00.00;400000
Prefeitura Municipal de Benjamin Constant - AM;1300607;AM;38533;Receitas Brutas Realizadas;1.7.6.2.99.00.00 - Outras Transferências de Convênios dos Estados;siconfi-cor_RO1.7.6.2.99.00.00;400000
Prefeitura Municipal de Benjamin Constant - AM;1300607;AM;38533;Receitas Brutas Realizadas;1.9.0.0.00.00.00 - Outras Receitas Correntes;siconfi-cor_RO1.9.0.0.00.00.00;10989,65
Prefeitura Municipal de Benjamin Constant - AM;1300607;AM;38533;Receitas Brutas Realizadas;1.9.2.0.00.00.00 - Indenizações e Restituições;siconfi-cor_RO1.9.2.0.00.00.00;10989,65
Prefeitura Municipal de Benjamin Constant - AM;1300607;AM;38533;Receitas Brutas Realizadas;1.9.2.2.00.00.00 - Restituições;siconfi-cor_RO1.9.2.2.00.00.00;10989,65
Prefeitura Municipal de Benjamin Constant - AM;1300607;AM;38533;Receitas Brutas Realizadas;1.9.2.2.99.00.00 - Outras Restituições;siconfi-cor_RO1.9.2.2.99.00.00;10989,65
Prefeitura Municipal de Benjamin Constant - AM;1300607;AM;38533;Receitas Brutas Realizadas;2.0.0.0.00.00.00 - Receitas de Capital;siconfi-cor_RO2.0.0.0.00.00.00;3081602,94
Prefeitura Municipal de Benjamin Constant - AM;1300607;AM;38533;Receitas Brutas Realizadas;2.4.0.0.00.00.00 - Transferências de Capital;siconfi-cor_RO2.4.0.0.00.00.00;3081602,94
Prefeitura Municipal de Benjamin Constant - AM;1300607;AM;38533;Receitas Brutas Realizadas;2.4.2.0.00.00.00 - Transferências Intergovernamentais;siconfi-cor_RO2.4.2.0.00.00.00;3024470,94
Prefeitura Municipal de Benjamin Constant - AM;1300607;AM;38533;Receitas Brutas Realizadas;2.4.2.1.00.00.00 - Transferências da União;siconfi-cor_RO2.4.2.1.00.00.00;3024470,94
Prefeitura Municipal de Benjamin Constant - AM;1300607;AM;38533;Receitas Brutas Realizadas;2.4.2.1.01.00.00 - Participação na Receita da União;siconfi-cor_RO2.4.2.1.01.00.00;759810,42
Prefeitura Municipal de Benjamin Constant - AM;1300607;AM;38533;Receitas Brutas Realizadas;2.4.2.1.02.00.00 - Transferências de Recursos Destinados a Programas de Educação;siconfi-cor_RO2.4.2.1.02.00.00;2264660,52
Prefeitura Municipal de Benjamin Constant - AM;1300607;AM;38533;Receitas Brutas Realizadas;2.4.7.0.00.00.00 - Transferências de Convênios;siconfi-cor_RO2.4.7.0.00.00.00;57132
Prefeitura Municipal de Benjamin Constant - AM;1300607;AM;38533;Receitas Brutas Realizadas;2.4.7.2.00.00.00 - Transferências de Convênios dos Estados e do Distrito Federal e de suas Entidades;siconfi-cor_RO2.4.7.2.00.00.00;57132
Prefeitura Municipal de Benjamin Constant - AM;1300607;AM;38533;Receitas Brutas Realizadas;2.4.7.2.99.00.00 - Outras Transferências de Convênios dos Estados;siconfi-cor_RO2.4.7.2.99.00.00;57132
Prefeitura Municipal de Benjamin Constant - AM;1300607;AM;38533;Deduções - FUNDEB;Total Receitas;siconfi-cor_TotalReceitas;5453758,24
Prefeitura Municipal de Benjamin Constant - AM;1300607;AM;38533;Deduções - FUNDEB;1.0.0.0.00.00.00 - Receitas Correntes;siconfi-cor_RO1.0.0.0.00.00.00;5453758,24
Prefeitura Municipal de Benjamin Constant - AM;1300607;AM;38533;Deduções - FUNDEB;1.7.0.0.00.00.00 - Transferências Correntes;siconfi-cor_RO1.7.0.0.00.00.00;5453758,24
Prefeitura Municipal de Benjamin Constant - AM;1300607;AM;38533;Deduções - FUNDEB;1.7.2.0.00.00.00 - Transferências Intergovernamentais;siconfi-cor_RO1.7.2.0.00.00.00;5453758,24
Prefeitura Municipal de Benjamin Constant - AM;1300607;AM;38533;Deduções - FUNDEB;1.7.2.1.00.00.00 - Transferências da União;siconfi-cor_RO1.7.2.1.00.00.00;3372417,1
Prefeitura Municipal de Benjamin Constant - AM;1300607;AM;38533;Deduções - FUNDEB;1.7.2.1.01.00.00 - Participação na Receita da União;siconfi-cor_RO1.7.2.1.01.00.00;3367218,7
Prefeitura Municipal de Benjamin Constant - AM;1300607;AM;38533;Deduções - FUNDEB;1.7.2.1.01.02.00 - Cota-Parte do Fundo de Participação dos Municípios ¿ FPM;siconfi-cor_RO1.7.2.1.01.02.00;3367213,13
Prefeitura Municipal de Benjamin Constant - AM;1300607;AM;38533;Deduções - FUNDEB;1.7.2.1.01.05.00 - Cota-Parte do Imposto Sobre a Propriedade Territorial Rural ¿ ITR;siconfi-cor_RO1.7.2.1.01.05.00;5,57
Prefeitura Municipal de Benjamin Constant - AM;1300607;AM;38533;Deduções - FUNDEB;1.7.2.1.36.00.00 - Transferências Financeiras do ICMS ¿ Desoneração ¿ L.C. Nº 87/96;siconfi-cor_RO1.7.2.1.36.00.00;5198,4
Prefeitura Municipal de Benjamin Constant - AM;1300607;AM;38533;Deduções - FUNDEB;1.7.2.2.00.00.00 - Transferências dos Estados;siconfi-cor_RO1.7.2.2.00.00.00;2081341,14
Prefeitura Municipal de Benjamin Constant - AM;1300607;AM;38533;Deduções - FUNDEB;1.7.2.2.01.00.00 - Participação na Receita dos Estados;siconfi-cor_RO1.7.2.2.01.00.00;2081341,14
Prefeitura Municipal de Benjamin Constant - AM;1300607;AM;38533;Deduções - FUNDEB;1.7.2.2.01.01.00 - Cota-Parte do ICMS;siconfi-cor_RO1.7.2.2.01.01.00;2064238,4
Prefeitura Municipal de Benjamin Constant - AM;1300607;AM;38533;Deduções - FUNDEB;1.7.2.2.01.02.00 - Cota-Parte do IPVA;siconfi-cor_RO1.7.2.2.01.02.00;7090,64
Prefeitura Municipal de Benjamin Constant - AM;1300607;AM;38533;Deduções - FUNDEB;1.7.2.2.01.04.00 - Cota-Parte do IPI sobre Exportação;siconfi-cor_RO1.7.2.2.01.04.00;10012,1
Prefeitura Municipal de Parintins - AM;1303403;AM;110411;Receitas Brutas Realizadas;Total Receitas;siconfi-cor_TotalReceitas;179799606,2
Prefeitura Municipal de Parintins - AM;1303403;AM;110411;Receitas Brutas Realizadas;1.0.0.0.00.00.00 - Receitas Correntes;siconfi-cor_RO1.0.0.0.00.00.00;175382833,5
Prefeitura Municipal de Parintins - AM;1303403;AM;110411;Receitas Brutas Realizadas;1.1.0.0.00.00.00 - Receita Tributária;siconfi-cor_RO1.1.0.0.00.00.00;13178178,19
Prefeitura Municipal de Parintins - AM;1303403;AM;110411;Receitas Brutas Realizadas;1.1.1.0.00.00.00 - Impostos;siconfi-cor_RO1.1.1.0.00.00.00;8958953,53
Prefeitura Municipal de Parintins - AM;1303403;AM;110411;Receitas Brutas Realizadas;1.1.1.2.00.00.00 - Impostos sobre o Patrimônio e a Renda;siconfi-cor_RO1.1.1.2.00.00.00;5139635,06
Prefeitura Municipal de Parintins - AM;1303403;AM;110411;Receitas Brutas Realizadas;1.1.1.2.02.00.00 - Imposto sobre a Propriedade Predial e Territorial Urbana ¿ IPTU;siconfi-cor_RO1.1.1.2.02.00.00;541283,39
Prefeitura Municipal de Parintins - AM;1303403;AM;110411;Receitas Brutas Realizadas;1.1.1.2.04.00.00 - Imposto sobre a Renda e Proventos de Qualquer Natureza ¿ IR;siconfi-cor_RO1.1.1.2.04.00.00;4023492,77
Prefeitura Municipal de Parintins - AM;1303403;AM;110411;Receitas Brutas Realizadas;1.1.1.2.04.31.00 - Retido nas Fontes - Trabalho;siconfi-cor_RO1.1.1.2.04.31.00;1464505,21
Prefeitura Municipal de Parintins - AM;1303403;AM;110411;Receitas Brutas Realizadas;1.1.1.2.04.34.00 - Retido nas Fontes - Outros Rendimentos;siconfi-cor_RO1.1.1.2.04.34.00;2558987,56
Prefeitura Municipal de Parintins - AM;1303403;AM;110411;Receitas Brutas Realizadas;"1.1.1.2.08.00.00 - Imposto sobre Transmissão Inter Vivos"" de Bens Imóveis e de Direitos Reais sobre Imóveis ¿ ITBI""";siconfi-cor_RO1.1.1.2.08.00.00;574858,9
Prefeitura Municipal de Parintins - AM;1303403;AM;110411;Receitas Brutas Realizadas;1.1.1.3.00.00.00 - Impostos sobre a Produção e a Circulação;siconfi-cor_RO1.1.1.3.00.00.00;3819318,47
Prefeitura Municipal de Parintins - AM;1303403;AM;110411;Receitas Brutas Realizadas;1.1.1.3.05.00.00 - Imposto sobre Serviços de Qualquer Natureza ¿ ISSQN;siconfi-cor_RO1.1.1.3.05.00.00;3819318,47
Prefeitura Municipal de Parintins - AM;1303403;AM;110411;Receitas Brutas Realizadas;1.1.2.0.00.00.00 - Taxas;siconfi-cor_RO1.1.2.0.00.00.00;2496956,29
Prefeitura Municipal de Parintins - AM;1303403;AM;110411;Receitas Brutas Realizadas;1.1.2.1.00.00.00 - Taxas pelo Exercício do Poder de Polícia;siconfi-cor_RO1.1.2.1.00.00.00;1328324,71
Prefeitura Municipal de Parintins - AM;1303403;AM;110411;Receitas Brutas Realizadas;1.1.2.2.00.00.00 - Taxas pela Prestação de Serviços;siconfi-cor_RO1.1.2.2.00.00.00;1168631,58
Prefeitura Municipal de Parintins - AM;1303403;AM;110411;Receitas Brutas Realizadas;1.1.3.0.00.00.00 - Contribuição de Melhoria;siconfi-cor_RO1.1.3.0.00.00.00;1722268,37
Prefeitura Municipal de Parintins - AM;1303403;AM;110411;Receitas Brutas Realizadas;1.3.0.0.00.00.00 - Receita Patrimonial;siconfi-cor_RO1.3.0.0.00.00.00;661062,89
Prefeitura Municipal de Parintins - AM;1303403;AM;110411;Receitas Brutas Realizadas;1.3.2.0.00.00.00 - Receitas de Valores Mobiliários;siconfi-cor_RO1.3.2.0.00.00.00;661062,89
Prefeitura Municipal de Parintins - AM;1303403;AM;110411;Receitas Brutas Realizadas;1.3.2.5.00.00.00 - Remuneração de Depósitos Bancários;siconfi-cor_RO1.3.2.5.00.00.00;661062,89
Prefeitura Municipal de Parintins - AM;1303403;AM;110411;Receitas Brutas Realizadas;1.6.0.0.00.00.00 - Receita de Serviços;siconfi-cor_RO1.6.0.0.00.00.00;3611258,91
Prefeitura Municipal de Parintins - AM;1303403;AM;110411;Receitas Brutas Realizadas;1.6.0.0.99.00.00 - Demais Receitas de Serviços;siconfi-cor_RO1.6.0.0.99.00.00;3611258,91
Prefeitura Municipal de Parintins - AM;1303403;AM;110411;Receitas Brutas Realizadas;1.7.0.0.00.00.00 - Transferências Correntes;siconfi-cor_RO1.7.0.0.00.00.00;157447587
Prefeitura Municipal de Parintins - AM;1303403;AM;110411;Receitas Brutas Realizadas;1.7.2.0.00.00.00 - Transferências Intergovernamentais;siconfi-cor_RO1.7.2.0.00.00.00;145845850,5
Prefeitura Municipal de Parintins - AM;1303403;AM;110411;Receitas Brutas Realizadas;1.7.2.1.00.00.00 - Transferências da União;siconfi-cor_RO1.7.2.1.00.00.00;60847921,63
Prefeitura Municipal de Parintins - AM;1303403;AM;110411;Receitas Brutas Realizadas;1.7.2.1.01.00.00 - Participação na Receita da União;siconfi-cor_RO1.7.2.1.01.00.00;31265199,13
Prefeitura Municipal de Parintins - AM;1303403;AM;110411;Receitas Brutas Realizadas;1.7.2.1.01.02.00 - Cota-Parte do Fundo de Participação dos Municípios ¿ FPM;siconfi-cor_RO1.7.2.1.01.02.00;31258376,8
Prefeitura Municipal de Parintins - AM;1303403;AM;110411;Receitas Brutas Realizadas;1.7.2.1.01.05.00 - Cota-Parte do Imposto Sobre a Propriedade Territorial Rural ¿ ITR;siconfi-cor_RO1.7.2.1.01.05.00;6822,33
Prefeitura Municipal de Parintins - AM;1303403;AM;110411;Receitas Brutas Realizadas;1.7.2.1.22.00.00 - Transferências da Compensação Financeira pela Exploração de Recursos Naturais;siconfi-cor_RO1.7.2.1.22.00.00;587558,12
Prefeitura Municipal de Parintins - AM;1303403;AM;110411;Receitas Brutas Realizadas;1.7.2.1.22.20.00 - Cota-Parte da Compensação Financeira de Recursos Minerais - CFEM;siconfi-cor_RO1.7.2.1.22.20.00;3375,02
Prefeitura Municipal de Parintins - AM;1303403;AM;110411;Receitas Brutas Realizadas;1.7.2.1.22.40.00 - Cota-Parte Royalties pelo Excedente da Produção do Petróleo - Lei nº 9.478/97 artigo 49 I e II;siconfi-cor_RO1.7.2.1.22.40.00;116426,45
Prefeitura Municipal de Parintins - AM;1303403;AM;110411;Receitas Brutas Realizadas;1.7.2.1.22.70.00 - Cota-Parte do Fundo Especial do Petróleo ¿ FEP;siconfi-cor_RO1.7.2.1.22.70.00;467756,65
Prefeitura Municipal de Parintins - AM;1303403;AM;110411;Receitas Brutas Realizadas;1.7.2.1.33.00.00 - Transferências de Recursos do Sistema Único de Saúde - SUS - Repasses Fundo a Fundo;siconfi-cor_RO1.7.2.1.33.00.00;18869772,9
Prefeitura Municipal de Parintins - AM;1303403;AM;110411;Receitas Brutas Realizadas;1.7.2.1.34.00.00 - Transferências de Recursos do Fundo Nacional de Assistência Social ¿ FNAS;siconfi-cor_RO1.7.2.1.34.00.00;2655780,3
Prefeitura Municipal de Parintins - AM;1303403;AM;110411;Receitas Brutas Realizadas;1.7.2.1.35.00.00 - Transferências de Recursos do Fundo Nacional do Desenvolvimento da Educação ¿ FNDE;siconfi-cor_RO1.7.2.1.35.00.00;6748005,81
Prefeitura Municipal de Parintins - AM;1303403;AM;110411;Receitas Brutas Realizadas;1.7.2.1.36.00.00 - Transferências Financeiras do ICMS ¿ Desoneração ¿ L.C. Nº 87/96;siconfi-cor_RO1.7.2.1.36.00.00;66188,64
Prefeitura Municipal de Parintins - AM;1303403;AM;110411;Receitas Brutas Realizadas;1.7.2.1.99.00.00 - Outras Transferências da União;siconfi-cor_RO1.7.2.1.99.00.00;655416,73
Prefeitura Municipal de Parintins - AM;1303403;AM;110411;Receitas Brutas Realizadas;1.7.2.2.00.00.00 - Transferências dos Estados;siconfi-cor_RO1.7.2.2.00.00.00;29966604,06
Prefeitura Municipal de Parintins - AM;1303403;AM;110411;Receitas Brutas Realizadas;1.7.2.2.01.00.00 - Participação na Receita dos Estados;siconfi-cor_RO1.7.2.2.01.00.00;27083906,57
Prefeitura Municipal de Parintins - AM;1303403;AM;110411;Receitas Brutas Realizadas;1.7.2.2.01.01.00 - Cota-Parte do ICMS;siconfi-cor_RO1.7.2.2.01.01.00;26282944,8
Prefeitura Municipal de Parintins - AM;1303403;AM;110411;Receitas Brutas Realizadas;1.7.2.2.01.02.00 - Cota-Parte do IPVA;siconfi-cor_RO1.7.2.2.01.02.00;658365,21
Prefeitura Municipal de Parintins - AM;1303403;AM;110411;Receitas Brutas Realizadas;1.7.2.2.01.04.00 - Cota-Parte do IPI sobre Exportação;siconfi-cor_RO1.7.2.2.01.04.00;127479,21
Prefeitura Municipal de Parintins - AM;1303403;AM;110411;Receitas Brutas Realizadas;1.7.2.2.01.13.00 - Cota-Parte da Contribuição de Intervenção no Domínio Econômico;siconfi-cor_RO1.7.2.2.01.13.00;15117,35
Prefeitura Municipal de Parintins - AM;1303403;AM;110411;Receitas Brutas Realizadas;1.7.2.2.22.00.00 - Transferências da Cota-Parte da Compensação Financeira (25%);siconfi-cor_RO1.7.2.2.22.00.00;412848,24
Prefeitura Municipal de Parintins - AM;1303403;AM;110411;Receitas Brutas Realizadas;1.7.2.2.22.30.00 - Cota-Parte Royalties - Compensação Financeira pela Produção de Petróleo - Lei nº 7.990/89 artigo 9º;siconfi-cor_RO1.7.2.2.22.30.00;412848,24
Prefeitura Municipal de Parintins - AM;1303403;AM;110411;Receitas Brutas Realizadas;1.7.2.2.33.00.00 - Transferências de Recursos do Estado para Programas de Saúde - Repasse Fundo a Fundo;siconfi-cor_RO1.7.2.2.33.00.00;2469849,25
Prefeitura Municipal de Parintins - AM;1303403;AM;110411;Receitas Brutas Realizadas;1.7.2.4.00.00.00 - Transferências Multigovernamentais;siconfi-cor_RO1.7.2.4.00.00.00;55031324,84
Prefeitura Municipal de Parintins - AM;1303403;AM;110411;Receitas Brutas Realizadas;1.7.2.4.01.00.00 - Transferências de Recursos do Fundo de Manutenção e Desenvolvimento do Ensino Fundamental e de Valorização do Magistério - FUNDEB;siconfi-cor_RO1.7.2.4.01.00.00;44002175,44
Prefeitura Municipal de Parintins - AM;1303403;AM;110411;Receitas Brutas Realizadas;1.7.2.4.02.00.00 - Transferências de Recursos da Complementação ao Fundo de Manutenção e Desenvolvimento do Ensino Fundamental e de Valorização do Magistério - FUNDEB;siconfi-cor_RO1.7.2.4.02.00.00;11029149,4
Prefeitura Municipal de Parintins - AM;1303403;AM;110411;Receitas Brutas Realizadas;1.7.3.0.00.00.00 - Transferências de Instituições Privadas;siconfi-cor_RO1.7.3.0.00.00.00;180000
Prefeitura Municipal de Parintins - AM;1303403;AM;110411;Receitas Brutas Realizadas;1.7.6.0.00.00.00 - Transferências de Convênios;siconfi-cor_RO1.7.6.0.00.00.00;11421736,49
Prefeitura Municipal de Parintins - AM;1303403;AM;110411;Receitas Brutas Realizadas;1.7.6.1.00.00.00 - Transferências de Convênios da União e de Suas Entidades;siconfi-cor_RO1.7.6.1.00.00.00;820976,83
Prefeitura Municipal de Parintins - AM;1303403;AM;110411;Receitas Brutas Realizadas;1.7.6.1.02.00.00 - Transferências de Convênios da União Destinadas a Programas de Educação;siconfi-cor_RO1.7.6.1.02.00.00;820976,83
Prefeitura Municipal de Parintins - AM;1303403;AM;110411;Receitas Brutas Realizadas;1.7.6.2.00.00.00 - Transferências de Convênios dos Estados e do Distrito Federal e de Suas Entidades;siconfi-cor_RO1.7.6.2.00.00.00;10600759,66
Prefeitura Municipal de Parintins - AM;1303403;AM;110411;Receitas Brutas Realizadas;1.7.6.2.02.00.00 - Transferências de Convênios dos Estados Destinadas a Programas de Educação;siconfi-cor_RO1.7.6.2.02.00.00;7868691
Prefeitura Municipal de Parintins - AM;1303403;AM;110411;Receitas Brutas Realizadas;1.7.6.2.99.00.00 - Outras Transferências de Convênios dos Estados;siconfi-cor_RO1.7.6.2.99.00.00;2732068,66
Prefeitura Municipal de Parintins - AM;1303403;AM;110411;Receitas Brutas Realizadas;1.9.0.0.00.00.00 - Outras Receitas Correntes;siconfi-cor_RO1.9.0.0.00.00.00;484746,53
Prefeitura Municipal de Parintins - AM;1303403;AM;110411;Receitas Brutas Realizadas;1.9.1.0.00.00.00 - Multas e Juros de Mora;siconfi-cor_RO1.9.1.0.00.00.00;16260,39
Prefeitura Municipal de Parintins - AM;1303403;AM;110411;Receitas Brutas Realizadas;1.9.1.9.00.00.00 - Multas de Outras Origens;siconfi-cor_RO1.9.1.9.00.00.00;16260,39
Prefeitura Municipal de Parintins - AM;1303403;AM;110411;Receitas Brutas Realizadas;1.9.2.0.00.00.00 - Indenizações e Restituições;siconfi-cor_RO1.9.2.0.00.00.00;15810,03
Prefeitura Municipal de Parintins - AM;1303403;AM;110411;Receitas Brutas Realizadas;1.9.2.2.00.00.00 - Restituições;siconfi-cor_RO1.9.2.2.00.00.00;15810,03
Prefeitura Municipal de Parintins - AM;1303403;AM;110411;Receitas Brutas Realizadas;1.9.2.2.99.00.00 - Outras Restituições;siconfi-cor_RO1.9.2.2.99.00.00;15810,03
Prefeitura Municipal de Parintins - AM;1303403;AM;110411;Receitas Brutas Realizadas;1.9.3.0.00.00.00 - Receita da Dívida Ativa;siconfi-cor_RO1.9.3.0.00.00.00;41216,42
Prefeitura Municipal de Parintins - AM;1303403;AM;110411;Receitas Brutas Realizadas;1.9.3.2.00.00.00 - Receita da Dívida Ativa Não Tributária;siconfi-cor_RO1.9.3.2.00.00.00;41216,42
Prefeitura Municipal de Parintins - AM;1303403;AM;110411;Receitas Brutas Realizadas;1.9.9.0.00.00.00 - Receitas Diversas;siconfi-cor_RO1.9.9.0.00.00.00;411459,69
Prefeitura Municipal de Parintins - AM;1303403;AM;110411;Receitas Brutas Realizadas;2.0.0.0.00.00.00 - Receitas de Capital;siconfi-cor_RO2.0.0.0.00.00.00;4416772,68
Prefeitura Municipal de Parintins - AM;1303403;AM;110411;Receitas Brutas Realizadas;2.4.0.0.00.00.00 - Transferências de Capital;siconfi-cor_RO2.4.0.0.00.00.00;4416772,68
Prefeitura Municipal de Parintins - AM;1303403;AM;110411;Receitas Brutas Realizadas;2.4.7.0.00.00.00 - Transferências de Convênios;siconfi-cor_RO2.4.7.0.00.00.00;4416772,68
Prefeitura Municipal de Parintins - AM;1303403;AM;110411;Receitas Brutas Realizadas;2.4.7.1.00.00.00 - Transferências de Convênios da União e de suas Entidades;siconfi-cor_RO2.4.7.1.00.00.00;1009307,21
Prefeitura Municipal de Parintins - AM;1303403;AM;110411;Receitas Brutas Realizadas;2.4.7.1.01.00.00 - Transferências de Convênios da União para o Sistema Único de Saúde - SUS;siconfi-cor_RO2.4.7.1.01.00.00;704440
Prefeitura Municipal de Parintins - AM;1303403;AM;110411;Receitas Brutas Realizadas;2.4.7.1.02.00.00 - Transferências de Convênios da União Destinadas a Programas de Educação;siconfi-cor_RO2.4.7.1.02.00.00;304867,21
Prefeitura Municipal de Parintins - AM;1303403;AM;110411;Receitas Brutas Realizadas;2.4.7.2.00.00.00 - Transferências de Convênios dos Estados e do Distrito Federal e de suas Entidades;siconfi-cor_RO2.4.7.2.00.00.00;3407465,47
Prefeitura Municipal de Parintins - AM;1303403;AM;110411;Receitas Brutas Realizadas;2.4.7.2.99.00.00 - Outras Transferências de Convênios dos Estados;siconfi-cor_RO2.4.7.2.99.00.00;3407465,47
Prefeitura Municipal de Parintins - AM;1303403;AM;110411;Deduções - FUNDEB;Total Receitas;siconfi-cor_TotalReceitas;-11414951,08
Prefeitura Municipal de Parintins - AM;1303403;AM;110411;Deduções - FUNDEB;1.0.0.0.00.00.00 - Receitas Correntes;siconfi-cor_RO1.0.0.0.00.00.00;-11414951,08
Prefeitura Municipal de Parintins - AM;1303403;AM;110411;Deduções - FUNDEB;1.7.0.0.00.00.00 - Transferências Correntes;siconfi-cor_RO1.7.0.0.00.00.00;-11414951,08
Prefeitura Municipal de Parintins - AM;1303403;AM;110411;Deduções - FUNDEB;1.7.2.0.00.00.00 - Transferências Intergovernamentais;siconfi-cor_RO1.7.2.0.00.00.00;-11414951,08
Prefeitura Municipal de Parintins - AM;1303403;AM;110411;Deduções - FUNDEB;1.7.2.1.00.00.00 - Transferências da União;siconfi-cor_RO1.7.2.1.00.00.00;-6000758,94
Prefeitura Municipal de Parintins - AM;1303403;AM;110411;Deduções - FUNDEB;1.7.2.1.01.00.00 - Participação na Receita da União;siconfi-cor_RO1.7.2.1.01.00.00;-5987521,26
Prefeitura Municipal de Parintins - AM;1303403;AM;110411;Deduções - FUNDEB;1.7.2.1.01.02.00 - Cota-Parte do Fundo de Participação dos Municípios ¿ FPM;siconfi-cor_RO1.7.2.1.01.02.00;-5986156,92
Prefeitura Municipal de Parintins - AM;1303403;AM;110411;Deduções - FUNDEB;1.7.2.1.01.05.00 - Cota-Parte do Imposto Sobre a Propriedade Territorial Rural ¿ ITR;siconfi-cor_RO1.7.2.1.01.05.00;-1364,34
Prefeitura Municipal de Parintins - AM;1303403;AM;110411;Deduções - FUNDEB;1.7.2.1.36.00.00 - Transferências Financeiras do ICMS ¿ Desoneração ¿ L.C. Nº 87/96;siconfi-cor_RO1.7.2.1.36.00.00;-13237,68
Prefeitura Municipal de Parintins - AM;1303403;AM;110411;Deduções - FUNDEB;1.7.2.2.00.00.00 - Transferências dos Estados;siconfi-cor_RO1.7.2.2.00.00.00;-5414192,14
Prefeitura Municipal de Parintins - AM;1303403;AM;110411;Deduções - FUNDEB;1.7.2.2.01.00.00 - Participação na Receita dos Estados;siconfi-cor_RO1.7.2.2.01.00.00;-5414192,14
Prefeitura Municipal de Parintins - AM;1303403;AM;110411;Deduções - FUNDEB;1.7.2.2.01.01.00 - Cota-Parte do ICMS;siconfi-cor_RO1.7.2.2.01.01.00;-5256588,97
Prefeitura Municipal de Parintins - AM;1303403;AM;110411;Deduções - FUNDEB;1.7.2.2.01.02.00 - Cota-Parte do IPVA;siconfi-cor_RO1.7.2.2.01.02.00;-132107,33
Prefeitura Municipal de Parintins - AM;1303403;AM;110411;Deduções - FUNDEB;1.7.2.2.01.04.00 - Cota-Parte do IPI sobre Exportação;siconfi-cor_RO1.7.2.2.01.04.00;-25495,84
Prefeitura Municipal de Jutaí - AM;1302306;AM;16977;Receitas Brutas Realizadas;Total Receitas;siconfi-cor_TotalReceitas;47846416,06
Prefeitura Municipal de Jutaí - AM;1302306;AM;16977;Receitas Brutas Realizadas;1.0.0.0.00.00.00 - Receitas Correntes;siconfi-cor_RO1.0.0.0.00.00.00;42942863,42
Prefeitura Municipal de Jutaí - AM;1302306;AM;16977;Receitas Brutas Realizadas;1.1.0.0.00.00.00 - Receita Tributária;siconfi-cor_RO1.1.0.0.00.00.00;1013593,11
Prefeitura Municipal de Jutaí - AM;1302306;AM;16977;Receitas Brutas Realizadas;1.1.1.0.00.00.00 - Impostos;siconfi-cor_RO1.1.1.0.00.00.00;1013428,11
Prefeitura Municipal de Jutaí - AM;1302306;AM;16977;Receitas Brutas Realizadas;1.1.1.2.00.00.00 - Impostos sobre o Patrimônio e a Renda;siconfi-cor_RO1.1.1.2.00.00.00;506221,75
Prefeitura Municipal de Jutaí - AM;1302306;AM;16977;Receitas Brutas Realizadas;1.1.1.2.04.00.00 - Imposto sobre a Renda e Proventos de Qualquer Natureza ¿ IR;siconfi-cor_RO1.1.1.2.04.00.00;506221,75
Prefeitura Municipal de Jutaí - AM;1302306;AM;16977;Receitas Brutas Realizadas;1.1.1.2.04.31.00 - Retido nas Fontes - Trabalho;siconfi-cor_RO1.1.1.2.04.31.00;250840,02
Prefeitura Municipal de Jutaí - AM;1302306;AM;16977;Receitas Brutas Realizadas;1.1.1.2.04.34.00 - Retido nas Fontes - Outros Rendimentos;siconfi-cor_RO1.1.1.2.04.34.00;255381,73
Prefeitura Municipal de Jutaí - AM;1302306;AM;16977;Receitas Brutas Realizadas;1.1.1.3.00.00.00 - Impostos sobre a Produção e a Circulação;siconfi-cor_RO1.1.1.3.00.00.00;507206,36
Prefeitura Municipal de Jutaí - AM;1302306;AM;16977;Receitas Brutas Realizadas;1.1.1.3.05.00.00 - Imposto sobre Serviços de Qualquer Natureza ¿ ISSQN;siconfi-cor_RO1.1.1.3.05.00.00;507206,36
Prefeitura Municipal de Jutaí - AM;1302306;AM;16977;Receitas Brutas Realizadas;1.1.2.0.00.00.00 - Taxas;siconfi-cor_RO1.1.2.0.00.00.00;165
Prefeitura Municipal de Jutaí - AM;1302306;AM;16977;Receitas Brutas Realizadas;1.1.2.2.00.00.00 - Taxas pela Prestação de Serviços;siconfi-cor_RO1.1.2.2.00.00.00;165
Prefeitura Municipal de Jutaí - AM;1302306;AM;16977;Receitas Brutas Realizadas;1.3.0.0.00.00.00 - Receita Patrimonial;siconfi-cor_RO1.3.0.0.00.00.00;127676,92
Prefeitura Municipal de Jutaí - AM;1302306;AM;16977;Receitas Brutas Realizadas;1.3.2.0.00.00.00 - Receitas de Valores Mobiliários;siconfi-cor_RO1.3.2.0.00.00.00;127676,92
Prefeitura Municipal de Jutaí - AM;1302306;AM;16977;Receitas Brutas Realizadas;1.3.2.5.00.00.00 - Remuneração de Depósitos Bancários;siconfi-cor_RO1.3.2.5.00.00.00;127676,92
Prefeitura Municipal de Jutaí - AM;1302306;AM;16977;Receitas Brutas Realizadas;1.7.0.0.00.00.00 - Transferências Correntes;siconfi-cor_RO1.7.0.0.00.00.00;41797395,64
Prefeitura Municipal de Jutaí - AM;1302306;AM;16977;Receitas Brutas Realizadas;1.7.2.0.00.00.00 - Transferências Intergovernamentais;siconfi-cor_RO1.7.2.0.00.00.00;41797395,64
Prefeitura Municipal de Jutaí - AM;1302306;AM;16977;Receitas Brutas Realizadas;1.7.2.1.00.00.00 - Transferências da União;siconfi-cor_RO1.7.2.1.00.00.00;16098743,83
Prefeitura Municipal de Jutaí - AM;1302306;AM;16977;Receitas Brutas Realizadas;1.7.2.1.01.00.00 - Participação na Receita da União;siconfi-cor_RO1.7.2.1.01.00.00;11731226,81
Prefeitura Municipal de Jutaí - AM;1302306;AM;16977;Receitas Brutas Realizadas;1.7.2.1.01.02.00 - Cota-Parte do Fundo de Participação dos Municípios ¿ FPM;siconfi-cor_RO1.7.2.1.01.02.00;11721891,31
Prefeitura Municipal de Jutaí - AM;1302306;AM;16977;Receitas Brutas Realizadas;1.7.2.1.01.05.00 - Cota-Parte do Imposto Sobre a Propriedade Territorial Rural ¿ ITR;siconfi-cor_RO1.7.2.1.01.05.00;9335,5
Prefeitura Municipal de Jutaí - AM;1302306;AM;16977;Receitas Brutas Realizadas;1.7.2.1.22.00.00 - Transferências da Compensação Financeira pela Exploração de Recursos Naturais;siconfi-cor_RO1.7.2.1.22.00.00;175408,74
Prefeitura Municipal de Jutaí - AM;1302306;AM;16977;Receitas Brutas Realizadas;1.7.2.1.22.70.00 - Cota-Parte do Fundo Especial do Petróleo ¿ FEP;siconfi-cor_RO1.7.2.1.22.70.00;175408,74
Prefeitura Municipal de Jutaí - AM;1302306;AM;16977;Receitas Brutas Realizadas;1.7.2.1.33.00.00 - Transferências de Recursos do Sistema Único de Saúde - SUS - Repasses Fundo a Fundo;siconfi-cor_RO1.7.2.1.33.00.00;2593848,97
Prefeitura Municipal de Jutaí - AM;1302306;AM;16977;Receitas Brutas Realizadas;1.7.2.1.34.00.00 - Transferências de Recursos do Fundo Nacional de Assistência Social ¿ FNAS;siconfi-cor_RO1.7.2.1.34.00.00;512533,53
Prefeitura Municipal de Jutaí - AM;1302306;AM;16977;Receitas Brutas Realizadas;1.7.2.1.35.00.00 - Transferências de Recursos do Fundo Nacional do Desenvolvimento da Educação ¿ FNDE;siconfi-cor_RO1.7.2.1.35.00.00;813992,64
Prefeitura Municipal de Jutaí - AM;1302306;AM;16977;Receitas Brutas Realizadas;1.7.2.1.36.00.00 - Transferências Financeiras do ICMS ¿ Desoneração ¿ L.C. Nº 87/96;siconfi-cor_RO1.7.2.1.36.00.00;25663,68
Prefeitura Municipal de Jutaí - AM;1302306;AM;16977;Receitas Brutas Realizadas;1.7.2.1.99.00.00 - Outras Transferências da União;siconfi-cor_RO1.7.2.1.99.00.00;246069,46
Prefeitura Municipal de Jutaí - AM;1302306;AM;16977;Receitas Brutas Realizadas;1.7.2.2.00.00.00 - Transferências dos Estados;siconfi-cor_RO1.7.2.2.00.00.00;10522879,41
Prefeitura Municipal de Jutaí - AM;1302306;AM;16977;Receitas Brutas Realizadas;1.7.2.2.01.00.00 - Participação na Receita dos Estados;siconfi-cor_RO1.7.2.2.01.00.00;10255864,87
Prefeitura Municipal de Jutaí - AM;1302306;AM;16977;Receitas Brutas Realizadas;1.7.2.2.01.01.00 - Cota-Parte do ICMS;siconfi-cor_RO1.7.2.2.01.01.00;10190821,18
Prefeitura Municipal de Jutaí - AM;1302306;AM;16977;Receitas Brutas Realizadas;1.7.2.2.01.02.00 - Cota-Parte do IPVA;siconfi-cor_RO1.7.2.2.01.02.00;11325,06
Prefeitura Municipal de Jutaí - AM;1302306;AM;16977;Receitas Brutas Realizadas;1.7.2.2.01.04.00 - Cota-Parte do IPI sobre Exportação;siconfi-cor_RO1.7.2.2.01.04.00;49428,19
Prefeitura Municipal de Jutaí - AM;1302306;AM;16977;Receitas Brutas Realizadas;1.7.2.2.01.13.00 - Cota-Parte da Contribuição de Intervenção no Domínio Econômico;siconfi-cor_RO1.7.2.2.01.13.00;4290,44
Prefeitura Municipal de Jutaí - AM;1302306;AM;16977;Receitas Brutas Realizadas;1.7.2.2.22.00.00 - Transferências da Cota-Parte da Compensação Financeira (25%);siconfi-cor_RO1.7.2.2.22.00.00;160075,78
Prefeitura Municipal de Jutaí - AM;1302306;AM;16977;Receitas Brutas Realizadas;1.7.2.2.22.30.00 - Cota-Parte Royalties - Compensação Financeira pela Produção de Petróleo - Lei nº 7.990/89 artigo 9º;siconfi-cor_RO1.7.2.2.22.30.00;160075,78
Prefeitura Municipal de Jutaí - AM;1302306;AM;16977;Receitas Brutas Realizadas;1.7.2.2.33.00.00 - Transferências de Recursos do Estado para Programas de Saúde - Repasse Fundo a Fundo;siconfi-cor_RO1.7.2.2.33.00.00;106938,76
Prefeitura Municipal de Jutaí - AM;1302306;AM;16977;Receitas Brutas Realizadas;1.7.2.4.00.00.00 - Transferências Multigovernamentais;siconfi-cor_RO1.7.2.4.00.00.00;15175772,4
Prefeitura Municipal de Jutaí - AM;1302306;AM;16977;Receitas Brutas Realizadas;1.7.2.4.01.00.00 - Transferências de Recursos do Fundo de Manutenção e Desenvolvimento do Ensino Fundamental e de Valorização do Magistério - FUNDEB;siconfi-cor_RO1.7.2.4.01.00.00;12133062,12
Prefeitura Municipal de Jutaí - AM;1302306;AM;16977;Receitas Brutas Realizadas;1.7.2.4.02.00.00 - Transferências de Recursos da Complementação ao Fundo de Manutenção e Desenvolvimento do Ensino Fundamental e de Valorização do Magistério - FUNDEB;siconfi-cor_RO1.7.2.4.02.00.00;3042710,28
Prefeitura Municipal de Jutaí - AM;1302306;AM;16977;Receitas Brutas Realizadas;1.9.0.0.00.00.00 - Outras Receitas Correntes;siconfi-cor_RO1.9.0.0.00.00.00;4197,75
Prefeitura Municipal de Jutaí - AM;1302306;AM;16977;Receitas Brutas Realizadas;1.9.9.0.00.00.00 - Receitas Diversas;siconfi-cor_RO1.9.9.0.00.00.00;4197,75
Prefeitura Municipal de Jutaí - AM;1302306;AM;16977;Receitas Brutas Realizadas;2.0.0.0.00.00.00 - Receitas de Capital;siconfi-cor_RO2.0.0.0.00.00.00;4903552,64
Prefeitura Municipal de Jutaí - AM;1302306;AM;16977;Receitas Brutas Realizadas;2.4.0.0.00.00.00 - Transferências de Capital;siconfi-cor_RO2.4.0.0.00.00.00;4903552,64
Prefeitura Municipal de Jutaí - AM;1302306;AM;16977;Receitas Brutas Realizadas;2.4.7.0.00.00.00 - Transferências de Convênios;siconfi-cor_RO2.4.7.0.00.00.00;4903552,64
Prefeitura Municipal de Jutaí - AM;1302306;AM;16977;Receitas Brutas Realizadas;2.4.7.1.00.00.00 - Transferências de Convênios da União e de suas Entidades;siconfi-cor_RO2.4.7.1.00.00.00;2948843,26
Prefeitura Municipal de Jutaí - AM;1302306;AM;16977;Receitas Brutas Realizadas;2.4.7.1.02.00.00 - Transferências de Convênios da União Destinadas a Programas de Educação;siconfi-cor_RO2.4.7.1.02.00.00;2948843,26
Prefeitura Municipal de Jutaí - AM;1302306;AM;16977;Receitas Brutas Realizadas;2.4.7.2.00.00.00 - Transferências de Convênios dos Estados e do Distrito Federal e de suas Entidades;siconfi-cor_RO2.4.7.2.00.00.00;1954709,38
Prefeitura Municipal de Jutaí - AM;1302306;AM;16977;Receitas Brutas Realizadas;2.4.7.2.02.00.00 - Transferências de Convênios dos Estados Destinadas a Programas de Educação;siconfi-cor_RO2.4.7.2.02.00.00;1674709,38
Prefeitura Municipal de Jutaí - AM;1302306;AM;16977;Receitas Brutas Realizadas;2.4.7.2.99.00.00 - Outras Transferências de Convênios dos Estados;siconfi-cor_RO2.4.7.2.99.00.00;280000
Prefeitura Municipal de Jutaí - AM;1302306;AM;16977;Deduções - FUNDEB;Total Receitas;siconfi-cor_TotalReceitas;-4302123,03
Prefeitura Municipal de Jutaí - AM;1302306;AM;16977;Deduções - FUNDEB;1.0.0.0.00.00.00 - Receitas Correntes;siconfi-cor_RO1.0.0.0.00.00.00;-4302123,03
Prefeitura Municipal de Jutaí - AM;1302306;AM;16977;Deduções - FUNDEB;1.7.0.0.00.00.00 - Transferências Correntes;siconfi-cor_RO1.7.0.0.00.00.00;-4302123,03
Prefeitura Municipal de Jutaí - AM;1302306;AM;16977;Deduções - FUNDEB;1.7.2.0.00.00.00 - Transferências Intergovernamentais;siconfi-cor_RO1.7.2.0.00.00.00;-4302123,03
Prefeitura Municipal de Jutaí - AM;1302306;AM;16977;Deduções - FUNDEB;1.7.2.1.00.00.00 - Transferências da União;siconfi-cor_RO1.7.2.1.00.00.00;-2251808,4
Prefeitura Municipal de Jutaí - AM;1302306;AM;16977;Deduções - FUNDEB;1.7.2.1.01.00.00 - Participação na Receita da União;siconfi-cor_RO1.7.2.1.01.00.00;-2246675,76
Prefeitura Municipal de Jutaí - AM;1302306;AM;16977;Deduções - FUNDEB;1.7.2.1.01.02.00 - Cota-Parte do Fundo de Participação dos Municípios ¿ FPM;siconfi-cor_RO1.7.2.1.01.02.00;-2244808,66
Prefeitura Municipal de Jutaí - AM;1302306;AM;16977;Deduções - FUNDEB;1.7.2.1.01.05.00 - Cota-Parte do Imposto Sobre a Propriedade Territorial Rural ¿ ITR;siconfi-cor_RO1.7.2.1.01.05.00;-1867,1
Prefeitura Municipal de Jutaí - AM;1302306;AM;16977;Deduções - FUNDEB;1.7.2.1.36.00.00 - Transferências Financeiras do ICMS ¿ Desoneração ¿ L.C. Nº 87/96;siconfi-cor_RO1.7.2.1.36.00.00;-5132,64
Prefeitura Municipal de Jutaí - AM;1302306;AM;16977;Deduções - FUNDEB;1.7.2.2.00.00.00 - Transferências dos Estados;siconfi-cor_RO1.7.2.2.00.00.00;-2050314,63
Prefeitura Municipal de Jutaí - AM;1302306;AM;16977;Deduções - FUNDEB;1.7.2.2.01.00.00 - Participação na Receita dos Estados;siconfi-cor_RO1.7.2.2.01.00.00;-2050314,63
Prefeitura Municipal de Jutaí - AM;1302306;AM;16977;Deduções - FUNDEB;1.7.2.2.01.01.00 - Cota-Parte do ICMS;siconfi-cor_RO1.7.2.2.01.01.00;-2038164,21
Prefeitura Municipal de Jutaí - AM;1302306;AM;16977;Deduções - FUNDEB;1.7.2.2.01.02.00 - Cota-Parte do IPVA;siconfi-cor_RO1.7.2.2.01.02.00;-2264,78
Prefeitura Municipal de Jutaí - AM;1302306;AM;16977;Deduções - FUNDEB;1.7.2.2.01.04.00 - Cota-Parte do IPI sobre Exportação;siconfi-cor_RO1.7.2.2.01.04.00;-9885,64
Prefeitura Municipal de Iranduba - AM;1301852;AM;45250;Receitas Brutas Realizadas;Total Receitas;siconfi-cor_TotalReceitas;95790190,28
Prefeitura Municipal de Iranduba - AM;1301852;AM;45250;Receitas Brutas Realizadas;1.0.0.0.00.00.00 - Receitas Correntes;siconfi-cor_RO1.0.0.0.00.00.00;95586343,04
Prefeitura Municipal de Iranduba - AM;1301852;AM;45250;Receitas Brutas Realizadas;1.1.0.0.00.00.00 - Receita Tributária;siconfi-cor_RO1.1.0.0.00.00.00;7238960,56
Prefeitura Municipal de Iranduba - AM;1301852;AM;45250;Receitas Brutas Realizadas;1.1.1.0.00.00.00 - Impostos;siconfi-cor_RO1.1.1.0.00.00.00;6283365,21
Prefeitura Municipal de Iranduba - AM;1301852;AM;45250;Receitas Brutas Realizadas;1.1.1.2.00.00.00 - Impostos sobre o Patrimônio e a Renda;siconfi-cor_RO1.1.1.2.00.00.00;929424,22
Prefeitura Municipal de Iranduba - AM;1301852;AM;45250;Receitas Brutas Realizadas;1.1.1.2.02.00.00 - Imposto sobre a Propriedade Predial e Territorial Urbana ¿ IPTU;siconfi-cor_RO1.1.1.2.02.00.00;345328,28
Prefeitura Municipal de Iranduba - AM;1301852;AM;45250;Receitas Brutas Realizadas;1.1.1.2.04.00.00 - Imposto sobre a Renda e Proventos de Qualquer Natureza ¿ IR;siconfi-cor_RO1.1.1.2.04.00.00;222193,08
Prefeitura Municipal de Iranduba - AM;1301852;AM;45250;Receitas Brutas Realizadas;1.1.1.2.04.31.00 - Retido nas Fontes - Trabalho;siconfi-cor_RO1.1.1.2.04.31.00;115832,53
Prefeitura Municipal de Iranduba - AM;1301852;AM;45250;Receitas Brutas Realizadas;1.1.1.2.04.34.00 - Retido nas Fontes - Outros Rendimentos;siconfi-cor_RO1.1.1.2.04.34.00;106360,55
Prefeitura Municipal de Iranduba - AM;1301852;AM;45250;Receitas Brutas Realizadas;"1.1.1.2.08.00.00 - Imposto sobre Transmissão Inter Vivos"" de Bens Imóveis e de Direitos Reais sobre Imóveis ¿ ITBI""";siconfi-cor_RO1.1.1.2.08.00.00;361902,86
Prefeitura Municipal de Iranduba - AM;1301852;AM;45250;Receitas Brutas Realizadas;1.1.1.3.00.00.00 - Impostos sobre a Produção e a Circulação;siconfi-cor_RO1.1.1.3.00.00.00;5353940,99
Prefeitura Municipal de Iranduba - AM;1301852;AM;45250;Receitas Brutas Realizadas;1.1.1.3.05.00.00 - Imposto sobre Serviços de Qualquer Natureza ¿ ISSQN;siconfi-cor_RO1.1.1.3.05.00.00;5353940,99
Prefeitura Municipal de Iranduba - AM;1301852;AM;45250;Receitas Brutas Realizadas;1.1.2.0.00.00.00 - Taxas;siconfi-cor_RO1.1.2.0.00.00.00;181698,18
Prefeitura Municipal de Iranduba - AM;1301852;AM;45250;Receitas Brutas Realizadas;1.1.2.1.00.00.00 - Taxas pelo Exercício do Poder de Polícia;siconfi-cor_RO1.1.2.1.00.00.00;161877,15
Prefeitura Municipal de Iranduba - AM;1301852;AM;45250;Receitas Brutas Realizadas;1.1.2.2.00.00.00 - Taxas pela Prestação de Serviços;siconfi-cor_RO1.1.2.2.00.00.00;19821,03
Prefeitura Municipal de Iranduba - AM;1301852;AM;45250;Receitas Brutas Realizadas;1.1.3.0.00.00.00 - Contribuição de Melhoria;siconfi-cor_RO1.1.3.0.00.00.00;773897,17
Prefeitura Municipal de Iranduba - AM;1301852;AM;45250;Receitas Brutas Realizadas;1.2.0.0.00.00.00 - Receitas de Contribuições;siconfi-cor_RO1.2.0.0.00.00.00;4145531,81
Prefeitura Municipal de Iranduba - AM;1301852;AM;45250;Receitas Brutas Realizadas;1.2.1.0.00.00.00 - Contribuições Sociais;siconfi-cor_RO1.2.1.0.00.00.00;4145531,81
Prefeitura Municipal de Iranduba - AM;1301852;AM;45250;Receitas Brutas Realizadas;1.2.1.0.29.00.00 - Contribuições para o Regime Próprio de Previdência do Servidor Público;siconfi-cor_RO1.2.1.0.29.00.00;4145531,81
Prefeitura Municipal de Iranduba - AM;1301852;AM;45250;Receitas Brutas Realizadas;1.2.1.0.29.01.00 - Contribuição Patronal de Servidor Ativo Civil para o Regime Próprio;siconfi-cor_RO1.2.1.0.29.01.00;2087530,63
Prefeitura Municipal de Iranduba - AM;1301852;AM;45250;Receitas Brutas Realizadas;1.2.1.0.29.07.00 - Contribuição do Servidor Ativo Civil para o Regime Próprio;siconfi-cor_RO1.2.1.0.29.07.00;2055740,38
Prefeitura Municipal de Iranduba - AM;1301852;AM;45250;Receitas Brutas Realizadas;1.2.1.0.29.15.00 - Contribuição Previdenciária em Regime de Parcelamento de Débitos;siconfi-cor_RO1.2.1.0.29.15.00;2260,8
Prefeitura Municipal de Iranduba - AM;1301852;AM;45250;Receitas Brutas Realizadas;1.3.0.0.00.00.00 - Receita Patrimonial;siconfi-cor_RO1.3.0.0.00.00.00;1758496,71
Prefeitura Municipal de Iranduba - AM;1301852;AM;45250;Receitas Brutas Realizadas;1.3.2.0.00.00.00 - Receitas de Valores Mobiliários;siconfi-cor_RO1.3.2.0.00.00.00;1758496,71
Prefeitura Municipal de Iranduba - AM;1301852;AM;45250;Receitas Brutas Realizadas;1.3.2.5.00.00.00 - Remuneração de Depósitos Bancários;siconfi-cor_RO1.3.2.5.00.00.00;291300
Prefeitura Municipal de Iranduba - AM;1301852;AM;45250;Receitas Brutas Realizadas;1.3.2.8.00.00.00 - Remuneração dos Investimentos do Regime Próprio de Previdência do Servidor;siconfi-cor_RO1.3.2.8.00.00.00;1467196,71
Prefeitura Municipal de Iranduba - AM;1301852;AM;45250;Receitas Brutas Realizadas;1.6.0.0.00.00.00 - Receita de Serviços;siconfi-cor_RO1.6.0.0.00.00.00;6343,6
Prefeitura Municipal de Iranduba - AM;1301852;AM;45250;Receitas Brutas Realizadas;1.6.0.0.05.00.00 - Serviços de Saúde;siconfi-cor_RO1.6.0.0.05.00.00;6343,6
Prefeitura Municipal de Iranduba - AM;1301852;AM;45250;Receitas Brutas Realizadas;1.7.0.0.00.00.00 - Transferências Correntes;siconfi-cor_RO1.7.0.0.00.00.00;82312856,19
Prefeitura Municipal de Iranduba - AM;1301852;AM;45250;Receitas Brutas Realizadas;1.7.2.0.00.00.00 - Transferências Intergovernamentais;siconfi-cor_RO1.7.2.0.00.00.00;81997414,19
Prefeitura Municipal de Iranduba - AM;1301852;AM;45250;Receitas Brutas Realizadas;1.7.2.1.00.00.00 - Transferências da União;siconfi-cor_RO1.7.2.1.00.00.00;33927336,83
Prefeitura Municipal de Iranduba - AM;1301852;AM;45250;Receitas Brutas Realizadas;1.7.2.1.01.00.00 - Participação na Receita da União;siconfi-cor_RO1.7.2.1.01.00.00;19947818,35
Prefeitura Municipal de Iranduba - AM;1301852;AM;45250;Receitas Brutas Realizadas;1.7.2.1.01.02.00 - Cota-Parte do Fundo de Participação dos Municípios ¿ FPM;siconfi-cor_RO1.7.2.1.01.02.00;19905771,4
Prefeitura Municipal de Iranduba - AM;1301852;AM;45250;Receitas Brutas Realizadas;1.7.2.1.01.05.00 - Cota-Parte do Imposto Sobre a Propriedade Territorial Rural ¿ ITR;siconfi-cor_RO1.7.2.1.01.05.00;42046,95
Prefeitura Municipal de Iranduba - AM;1301852;AM;45250;Receitas Brutas Realizadas;1.7.2.1.22.00.00 - Transferências da Compensação Financeira pela Exploração de Recursos Naturais;siconfi-cor_RO1.7.2.1.22.00.00;441457,8
Prefeitura Municipal de Iranduba - AM;1301852;AM;45250;Receitas Brutas Realizadas;1.7.2.1.22.20.00 - Cota-Parte da Compensação Financeira de Recursos Minerais - CFEM;siconfi-cor_RO1.7.2.1.22.20.00;32683,45
Prefeitura Municipal de Iranduba - AM;1301852;AM;45250;Receitas Brutas Realizadas;1.7.2.1.22.40.00 - Cota-Parte Royalties pelo Excedente da Produção do Petróleo - Lei nº 9.478/97 artigo 49 I e II;siconfi-cor_RO1.7.2.1.22.40.00;116426,45
Prefeitura Municipal de Iranduba - AM;1301852;AM;45250;Receitas Brutas Realizadas;1.7.2.1.22.70.00 - Cota-Parte do Fundo Especial do Petróleo ¿ FEP;siconfi-cor_RO1.7.2.1.22.70.00;292347,9
Prefeitura Municipal de Iranduba - AM;1301852;AM;45250;Receitas Brutas Realizadas;1.7.2.1.33.00.00 - Transferências de Recursos do Sistema Único de Saúde - SUS - Repasses Fundo a Fundo;siconfi-cor_RO1.7.2.1.33.00.00;9309884,34
Prefeitura Municipal de Iranduba - AM;1301852;AM;45250;Receitas Brutas Realizadas;1.7.2.1.34.00.00 - Transferências de Recursos do Fundo Nacional de Assistência Social ¿ FNAS;siconfi-cor_RO1.7.2.1.34.00.00;695203,56
Prefeitura Municipal de Iranduba - AM;1301852;AM;45250;Receitas Brutas Realizadas;1.7.2.1.35.00.00 - Transferências de Recursos do Fundo Nacional do Desenvolvimento da Educação ¿ FNDE;siconfi-cor_RO1.7.2.1.35.00.00;3491243,17
Prefeitura Municipal de Iranduba - AM;1301852;AM;45250;Receitas Brutas Realizadas;1.7.2.1.36.00.00 - Transferências Financeiras do ICMS ¿ Desoneração ¿ L.C. Nº 87/96;siconfi-cor_RO1.7.2.1.36.00.00;21349,68
Prefeitura Municipal de Iranduba - AM;1301852;AM;45250;Receitas Brutas Realizadas;1.7.2.1.99.00.00 - Outras Transferências da União;siconfi-cor_RO1.7.2.1.99.00.00;20379,93
Prefeitura Municipal de Iranduba - AM;1301852;AM;45250;Receitas Brutas Realizadas;1.7.2.2.00.00.00 - Transferências dos Estados;siconfi-cor_RO1.7.2.2.00.00.00;11626420,21
Prefeitura Municipal de Iranduba - AM;1301852;AM;45250;Receitas Brutas Realizadas;1.7.2.2.01.00.00 - Participação na Receita dos Estados;siconfi-cor_RO1.7.2.2.01.00.00;9549797,53
Prefeitura Municipal de Iranduba - AM;1301852;AM;45250;Receitas Brutas Realizadas;1.7.2.2.01.01.00 - Cota-Parte do ICMS;siconfi-cor_RO1.7.2.2.01.01.00;8356712,88
Prefeitura Municipal de Iranduba - AM;1301852;AM;45250;Receitas Brutas Realizadas;1.7.2.2.01.02.00 - Cota-Parte do IPVA;siconfi-cor_RO1.7.2.2.01.02.00;1144560,7
Prefeitura Municipal de Iranduba - AM;1301852;AM;45250;Receitas Brutas Realizadas;1.7.2.2.01.04.00 - Cota-Parte do IPI sobre Exportação;siconfi-cor_RO1.7.2.2.01.04.00;41119,44
Prefeitura Municipal de Iranduba - AM;1301852;AM;45250;Receitas Brutas Realizadas;1.7.2.2.01.13.00 - Cota-Parte da Contribuição de Intervenção no Domínio Econômico;siconfi-cor_RO1.7.2.2.01.13.00;7404,51
Prefeitura Municipal de Iranduba - AM;1301852;AM;45250;Receitas Brutas Realizadas;1.7.2.2.22.00.00 - Transferências da Cota-Parte da Compensação Financeira (25%);siconfi-cor_RO1.7.2.2.22.00.00;133034,07
Prefeitura Municipal de Iranduba - AM;1301852;AM;45250;Receitas Brutas Realizadas;1.7.2.2.22.30.00 - Cota-Parte Royalties - Compensação Financeira pela Produção de Petróleo - Lei nº 7.990/89 artigo 9º;siconfi-cor_RO1.7.2.2.22.30.00;133034,07
Prefeitura Municipal de Iranduba - AM;1301852;AM;45250;Receitas Brutas Realizadas;1.7.2.2.33.00.00 - Transferências de Recursos do Estado para Programas de Saúde - Repasse Fundo a Fundo;siconfi-cor_RO1.7.2.2.33.00.00;293465,9
Prefeitura Municipal de Iranduba - AM;1301852;AM;45250;Receitas Brutas Realizadas;1.7.2.2.99.00.00 - Outras Transferências dos Estados;siconfi-cor_RO1.7.2.2.99.00.00;1650122,71
Prefeitura Municipal de Iranduba - AM;1301852;AM;45250;Receitas Brutas Realizadas;1.7.2.4.00.00.00 - Transferências Multigovernamentais;siconfi-cor_RO1.7.2.4.00.00.00;36443657,15
Prefeitura Municipal de Iranduba - AM;1301852;AM;45250;Receitas Brutas Realizadas;1.7.2.4.01.00.00 - Transferências de Recursos do Fundo de Manutenção e Desenvolvimento do Ensino Fundamental e de Valorização do Magistério - FUNDEB;siconfi-cor_RO1.7.2.4.01.00.00;29227648,84
Prefeitura Municipal de Iranduba - AM;1301852;AM;45250;Receitas Brutas Realizadas;1.7.2.4.02.00.00 - Transferências de Recursos da Complementação ao Fundo de Manutenção e Desenvolvimento do Ensino Fundamental e de Valorização do Magistério - FUNDEB;siconfi-cor_RO1.7.2.4.02.00.00;6605475,54
Prefeitura Municipal de Iranduba - AM;1301852;AM;45250;Receitas Brutas Realizadas;1.7.2.4.99.00.00 - Outras Transferências Multigovernamentais;siconfi-cor_RO1.7.2.4.99.00.00;610532,77
Prefeitura Municipal de Iranduba - AM;1301852;AM;45250;Receitas Brutas Realizadas;1.7.6.0.00.00.00 - Transferências de Convênios;siconfi-cor_RO1.7.6.0.00.00.00;315442
Prefeitura Municipal de Iranduba - AM;1301852;AM;45250;Receitas Brutas Realizadas;1.7.6.1.00.00.00 - Transferências de Convênios da União e de Suas Entidades;siconfi-cor_RO1.7.6.1.00.00.00;15442
Prefeitura Municipal de Iranduba - AM;1301852;AM;45250;Receitas Brutas Realizadas;1.7.6.1.01.00.00 - Transferências de Convênios da União para o Sistema Único de Saúde - SUS;siconfi-cor_RO1.7.6.1.01.00.00;15442
Prefeitura Municipal de Iranduba - AM;1301852;AM;45250;Receitas Brutas Realizadas;1.7.6.2.00.00.00 - Transferências de Convênios dos Estados e do Distrito Federal e de Suas Entidades;siconfi-cor_RO1.7.6.2.00.00.00;300000
Prefeitura Municipal de Iranduba - AM;1301852;AM;45250;Receitas Brutas Realizadas;1.7.6.2.02.00.00 - Transferências de Convênios dos Estados Destinadas a Programas de Educação;siconfi-cor_RO1.7.6.2.02.00.00;300000
Prefeitura Municipal de Iranduba - AM;1301852;AM;45250;Receitas Brutas Realizadas;1.9.0.0.00.00.00 - Outras Receitas Correntes;siconfi-cor_RO1.9.0.0.00.00.00;124154,17
Prefeitura Municipal de Iranduba - AM;1301852;AM;45250;Receitas Brutas Realizadas;1.9.1.0.00.00.00 - Multas e Juros de Mora;siconfi-cor_RO1.9.1.0.00.00.00;19173,99
Prefeitura Municipal de Iranduba - AM;1301852;AM;45250;Receitas Brutas Realizadas;1.9.1.9.00.00.00 - Multas de Outras Origens;siconfi-cor_RO1.9.1.9.00.00.00;19173,99
Prefeitura Municipal de Iranduba - AM;1301852;AM;45250;Receitas Brutas Realizadas;1.9.2.0.00.00.00 - Indenizações e Restituições;siconfi-cor_RO1.9.2.0.00.00.00;60908,21
Prefeitura Municipal de Iranduba - AM;1301852;AM;45250;Receitas Brutas Realizadas;1.9.2.2.00.00.00 - Restituições;siconfi-cor_RO1.9.2.2.00.00.00;60908,21
Prefeitura Municipal de Iranduba - AM;1301852;AM;45250;Receitas Brutas Realizadas;1.9.2.2.99.00.00 - Outras Restituições;siconfi-cor_RO1.9.2.2.99.00.00;60908,21
Prefeitura Municipal de Iranduba - AM;1301852;AM;45250;Receitas Brutas Realizadas;1.9.9.0.00.00.00 - Receitas Diversas;siconfi-cor_RO1.9.9.0.00.00.00;44071,97
Prefeitura Municipal de Iranduba - AM;1301852;AM;45250;Receitas Brutas Realizadas;2.0.0.0.00.00.00 - Receitas de Capital;siconfi-cor_RO2.0.0.0.00.00.00;203847,24
Prefeitura Municipal de Iranduba - AM;1301852;AM;45250;Receitas Brutas Realizadas;2.4.0.0.00.00.00 - Transferências de Capital;siconfi-cor_RO2.4.0.0.00.00.00;203847,24
Prefeitura Municipal de Iranduba - AM;1301852;AM;45250;Receitas Brutas Realizadas;2.4.7.0.00.00.00 - Transferências de Convênios;siconfi-cor_RO2.4.7.0.00.00.00;203847,24
Prefeitura Municipal de Iranduba - AM;1301852;AM;45250;Receitas Brutas Realizadas;2.4.7.1.00.00.00 - Transferências de Convênios da União e de suas Entidades;siconfi-cor_RO2.4.7.1.00.00.00;203847,24
Prefeitura Municipal de Iranduba - AM;1301852;AM;45250;Receitas Brutas Realizadas;2.4.7.1.02.00.00 - Transferências de Convênios da União Destinadas a Programas de Educação;siconfi-cor_RO2.4.7.1.02.00.00;203847,24
Prefeitura Municipal de Iranduba - AM;1301852;AM;45250;Deduções - FUNDEB;Total Receitas;siconfi-cor_TotalReceitas;-5918199,42
Prefeitura Municipal de Iranduba - AM;1301852;AM;45250;Deduções - FUNDEB;1.0.0.0.00.00.00 - Receitas Correntes;siconfi-cor_RO1.0.0.0.00.00.00;-5918199,42
Prefeitura Municipal de Iranduba - AM;1301852;AM;45250;Deduções - FUNDEB;1.7.0.0.00.00.00 - Transferências Correntes;siconfi-cor_RO1.7.0.0.00.00.00;-5918199,42
Prefeitura Municipal de Iranduba - AM;1301852;AM;45250;Deduções - FUNDEB;1.7.2.0.00.00.00 - Transferências Intergovernamentais;siconfi-cor_RO1.7.2.0.00.00.00;-5918199,42
Prefeitura Municipal de Iranduba - AM;1301852;AM;45250;Deduções - FUNDEB;1.7.2.1.00.00.00 - Transferências da União;siconfi-cor_RO1.7.2.1.00.00.00;-4080936,44
Prefeitura Municipal de Iranduba - AM;1301852;AM;45250;Deduções - FUNDEB;1.7.2.1.01.00.00 - Participação na Receita da União;siconfi-cor_RO1.7.2.1.01.00.00;-4076666,6
Prefeitura Municipal de Iranduba - AM;1301852;AM;45250;Deduções - FUNDEB;1.7.2.1.01.02.00 - Cota-Parte do Fundo de Participação dos Municípios ¿ FPM;siconfi-cor_RO1.7.2.1.01.02.00;-4068257,37
Prefeitura Municipal de Iranduba - AM;1301852;AM;45250;Deduções - FUNDEB;1.7.2.1.01.05.00 - Cota-Parte do Imposto Sobre a Propriedade Territorial Rural ¿ ITR;siconfi-cor_RO1.7.2.1.01.05.00;-8409,23
Prefeitura Municipal de Iranduba - AM;1301852;AM;45250;Deduções - FUNDEB;1.7.2.1.36.00.00 - Transferências Financeiras do ICMS ¿ Desoneração ¿ L.C. Nº 87/96;siconfi-cor_RO1.7.2.1.36.00.00;-4269,84
Prefeitura Municipal de Iranduba - AM;1301852;AM;45250;Deduções - FUNDEB;1.7.2.2.00.00.00 - Transferências dos Estados;siconfi-cor_RO1.7.2.2.00.00.00;-1837262,98
Prefeitura Municipal de Iranduba - AM;1301852;AM;45250;Deduções - FUNDEB;1.7.2.2.01.00.00 - Participação na Receita dos Estados;siconfi-cor_RO1.7.2.2.01.00.00;-1837262,98
Prefeitura Municipal de Iranduba - AM;1301852;AM;45250;Deduções - FUNDEB;1.7.2.2.01.01.00 - Cota-Parte do ICMS;siconfi-cor_RO1.7.2.2.01.01.00;-1558547,88
Prefeitura Municipal de Iranduba - AM;1301852;AM;45250;Deduções - FUNDEB;1.7.2.2.01.02.00 - Cota-Parte do IPVA;siconfi-cor_RO1.7.2.2.01.02.00;-270491,22
Prefeitura Municipal de Iranduba - AM;1301852;AM;45250;Deduções - FUNDEB;1.7.2.2.01.04.00 - Cota-Parte do IPI sobre Exportação;siconfi-cor_RO1.7.2.2.01.04.00;-8223,88
Prefeitura Municipal de São Paulo de Olivença - AM;1303908;AM;35757;Receitas Brutas Realizadas;Total Receitas;siconfi-cor_TotalReceitas;61016237,88
Prefeitura Municipal de São Paulo de Olivença - AM;1303908;AM;35757;Receitas Brutas Realizadas;1.0.0.0.00.00.00 - Receitas Correntes;siconfi-cor_RO1.0.0.0.00.00.00;58502898,3
Prefeitura Municipal de São Paulo de Olivença - AM;1303908;AM;35757;Receitas Brutas Realizadas;1.1.0.0.00.00.00 - Receita Tributária;siconfi-cor_RO1.1.0.0.00.00.00;1453189,51
Prefeitura Municipal de São Paulo de Olivença - AM;1303908;AM;35757;Receitas Brutas Realizadas;1.1.1.0.00.00.00 - Impostos;siconfi-cor_RO1.1.1.0.00.00.00;1437254,51
Prefeitura Municipal de São Paulo de Olivença - AM;1303908;AM;35757;Receitas Brutas Realizadas;1.1.1.2.00.00.00 - Impostos sobre o Patrimônio e a Renda;siconfi-cor_RO1.1.1.2.00.00.00;615275,43
Prefeitura Municipal de São Paulo de Olivença - AM;1303908;AM;35757;Receitas Brutas Realizadas;1.1.1.2.02.00.00 - Imposto sobre a Propriedade Predial e Territorial Urbana ¿ IPTU;siconfi-cor_RO1.1.1.2.02.00.00;19269,25
Prefeitura Municipal de São Paulo de Olivença - AM;1303908;AM;35757;Receitas Brutas Realizadas;1.1.1.2.04.00.00 - Imposto sobre a Renda e Proventos de Qualquer Natureza ¿ IR;siconfi-cor_RO1.1.1.2.04.00.00;596006,18
Prefeitura Municipal de São Paulo de Olivença - AM;1303908;AM;35757;Receitas Brutas Realizadas;1.1.1.2.04.31.00 - Retido nas Fontes - Trabalho;siconfi-cor_RO1.1.1.2.04.31.00;426128,98
Prefeitura Municipal de São Paulo de Olivença - AM;1303908;AM;35757;Receitas Brutas Realizadas;1.1.1.2.04.34.00 - Retido nas Fontes - Outros Rendimentos;siconfi-cor_RO1.1.1.2.04.34.00;169877,2
Prefeitura Municipal de São Paulo de Olivença - AM;1303908;AM;35757;Receitas Brutas Realizadas;1.1.1.3.00.00.00 - Impostos sobre a Produção e a Circulação;siconfi-cor_RO1.1.1.3.00.00.00;821979,08
Prefeitura Municipal de São Paulo de Olivença - AM;1303908;AM;35757;Receitas Brutas Realizadas;1.1.1.3.05.00.00 - Imposto sobre Serviços de Qualquer Natureza ¿ ISSQN;siconfi-cor_RO1.1.1.3.05.00.00;821979,08
Prefeitura Municipal de São Paulo de Olivença - AM;1303908;AM;35757;Receitas Brutas Realizadas;1.1.2.0.00.00.00 - Taxas;siconfi-cor_RO1.1.2.0.00.00.00;15935
Prefeitura Municipal de São Paulo de Olivença - AM;1303908;AM;35757;Receitas Brutas Realizadas;1.1.2.1.00.00.00 - Taxas pelo Exercício do Poder de Polícia;siconfi-cor_RO1.1.2.1.00.00.00;85
Prefeitura Municipal de São Paulo de Olivença - AM;1303908;AM;35757;Receitas Brutas Realizadas;1.1.2.2.00.00.00 - Taxas pela Prestação de Serviços;siconfi-cor_RO1.1.2.2.00.00.00;15850
Prefeitura Municipal de São Paulo de Olivença - AM;1303908;AM;35757;Receitas Brutas Realizadas;1.3.0.0.00.00.00 - Receita Patrimonial;siconfi-cor_RO1.3.0.0.00.00.00;394553,03
Prefeitura Municipal de São Paulo de Olivença - AM;1303908;AM;35757;Receitas Brutas Realizadas;1.3.2.0.00.00.00 - Receitas de Valores Mobiliários;siconfi-cor_RO1.3.2.0.00.00.00;394553,03
Prefeitura Municipal de São Paulo de Olivença - AM;1303908;AM;35757;Receitas Brutas Realizadas;1.3.2.5.00.00.00 - Remuneração de Depósitos Bancários;siconfi-cor_RO1.3.2.5.00.00.00;394553,03
Prefeitura Municipal de São Paulo de Olivença - AM;1303908;AM;35757;Receitas Brutas Realizadas;1.7.0.0.00.00.00 - Transferências Correntes;siconfi-cor_RO1.7.0.0.00.00.00;56152464,15
Prefeitura Municipal de São Paulo de Olivença - AM;1303908;AM;35757;Receitas Brutas Realizadas;1.7.2.0.00.00.00 - Transferências Intergovernamentais;siconfi-cor_RO1.7.2.0.00.00.00;53846921,83
Prefeitura Municipal de São Paulo de Olivença - AM;1303908;AM;35757;Receitas Brutas Realizadas;1.7.2.1.00.00.00 - Transferências da União;siconfi-cor_RO1.7.2.1.00.00.00;23433769,5
Prefeitura Municipal de São Paulo de Olivença - AM;1303908;AM;35757;Receitas Brutas Realizadas;1.7.2.1.01.00.00 - Participação na Receita da União;siconfi-cor_RO1.7.2.1.01.00.00;15924792,4
Prefeitura Municipal de São Paulo de Olivença - AM;1303908;AM;35757;Receitas Brutas Realizadas;1.7.2.1.01.02.00 - Cota-Parte do Fundo de Participação dos Municípios ¿ FPM;siconfi-cor_RO1.7.2.1.01.02.00;15924617,23
Prefeitura Municipal de São Paulo de Olivença - AM;1303908;AM;35757;Receitas Brutas Realizadas;1.7.2.1.01.05.00 - Cota-Parte do Imposto Sobre a Propriedade Territorial Rural ¿ ITR;siconfi-cor_RO1.7.2.1.01.05.00;175,17
Prefeitura Municipal de São Paulo de Olivença - AM;1303908;AM;35757;Receitas Brutas Realizadas;1.7.2.1.22.00.00 - Transferências da Compensação Financeira pela Exploração de Recursos Naturais;siconfi-cor_RO1.7.2.1.22.00.00;242666,89
Prefeitura Municipal de São Paulo de Olivença - AM;1303908;AM;35757;Receitas Brutas Realizadas;1.7.2.1.22.20.00 - Cota-Parte da Compensação Financeira de Recursos Minerais - CFEM;siconfi-cor_RO1.7.2.1.22.20.00;8788,57
Prefeitura Municipal de São Paulo de Olivença - AM;1303908;AM;35757;Receitas Brutas Realizadas;1.7.2.1.22.70.00 - Cota-Parte do Fundo Especial do Petróleo ¿ FEP;siconfi-cor_RO1.7.2.1.22.70.00;233878,32
Prefeitura Municipal de São Paulo de Olivença - AM;1303908;AM;35757;Receitas Brutas Realizadas;1.7.2.1.33.00.00 - Transferências de Recursos do Sistema Único de Saúde - SUS - Repasses Fundo a Fundo;siconfi-cor_RO1.7.2.1.33.00.00;4461959,79
Prefeitura Municipal de São Paulo de Olivença - AM;1303908;AM;35757;Receitas Brutas Realizadas;1.7.2.1.34.00.00 - Transferências de Recursos do Fundo Nacional de Assistência Social ¿ FNAS;siconfi-cor_RO1.7.2.1.34.00.00;308595,61
Prefeitura Municipal de São Paulo de Olivença - AM;1303908;AM;35757;Receitas Brutas Realizadas;1.7.2.1.35.00.00 - Transferências de Recursos do Fundo Nacional do Desenvolvimento da Educação ¿ FNDE;siconfi-cor_RO1.7.2.1.35.00.00;2415381,83
Prefeitura Municipal de São Paulo de Olivença - AM;1303908;AM;35757;Receitas Brutas Realizadas;1.7.2.1.36.00.00 - Transferências Financeiras do ICMS ¿ Desoneração ¿ L.C. Nº 87/96;siconfi-cor_RO1.7.2.1.36.00.00;19541,52
Prefeitura Municipal de São Paulo de Olivença - AM;1303908;AM;35757;Receitas Brutas Realizadas;1.7.2.1.99.00.00 - Outras Transferências da União;siconfi-cor_RO1.7.2.1.99.00.00;60831,46
Prefeitura Municipal de São Paulo de Olivença - AM;1303908;AM;35757;Receitas Brutas Realizadas;1.7.2.2.00.00.00 - Transferências dos Estados;siconfi-cor_RO1.7.2.2.00.00.00;8327889,93
Prefeitura Municipal de São Paulo de Olivença - AM;1303908;AM;35757;Receitas Brutas Realizadas;1.7.2.2.01.00.00 - Participação na Receita dos Estados;siconfi-cor_RO1.7.2.2.01.00.00;7814088,77
Prefeitura Municipal de São Paulo de Olivença - AM;1303908;AM;35757;Receitas Brutas Realizadas;1.7.2.2.01.01.00 - Cota-Parte do ICMS;siconfi-cor_RO1.7.2.2.01.01.00;7759781,38
Prefeitura Municipal de São Paulo de Olivença - AM;1303908;AM;35757;Receitas Brutas Realizadas;1.7.2.2.01.02.00 - Cota-Parte do IPVA;siconfi-cor_RO1.7.2.2.01.02.00;10395,47
Prefeitura Municipal de São Paulo de Olivença - AM;1303908;AM;35757;Receitas Brutas Realizadas;1.7.2.2.01.04.00 - Cota-Parte do IPI sobre Exportação;siconfi-cor_RO1.7.2.2.01.04.00;37637,96
Prefeitura Municipal de São Paulo de Olivença - AM;1303908;AM;35757;Receitas Brutas Realizadas;1.7.2.2.01.13.00 - Cota-Parte da Contribuição de Intervenção no Domínio Econômico;siconfi-cor_RO1.7.2.2.01.13.00;6273,96
Prefeitura Municipal de São Paulo de Olivença - AM;1303908;AM;35757;Receitas Brutas Realizadas;1.7.2.2.22.00.00 - Transferências da Cota-Parte da Compensação Financeira (25%);siconfi-cor_RO1.7.2.2.22.00.00;121889,37
Prefeitura Municipal de São Paulo de Olivença - AM;1303908;AM;35757;Receitas Brutas Realizadas;1.7.2.2.22.30.00 - Cota-Parte Royalties - Compensação Financeira pela Produção de Petróleo - Lei nº 7.990/89 artigo 9º;siconfi-cor_RO1.7.2.2.22.30.00;121889,37
Prefeitura Municipal de São Paulo de Olivença - AM;1303908;AM;35757;Receitas Brutas Realizadas;1.7.2.2.33.00.00 - Transferências de Recursos do Estado para Programas de Saúde - Repasse Fundo a Fundo;siconfi-cor_RO1.7.2.2.33.00.00;391911,79
Prefeitura Municipal de São Paulo de Olivença - AM;1303908;AM;35757;Receitas Brutas Realizadas;1.7.2.4.00.00.00 - Transferências Multigovernamentais;siconfi-cor_RO1.7.2.4.00.00.00;22085262,4
Prefeitura Municipal de São Paulo de Olivença - AM;1303908;AM;35757;Receitas Brutas Realizadas;1.7.2.4.01.00.00 - Transferências de Recursos do Fundo de Manutenção e Desenvolvimento do Ensino Fundamental e de Valorização do Magistério - FUNDEB;siconfi-cor_RO1.7.2.4.01.00.00;17962761,93
Prefeitura Municipal de São Paulo de Olivença - AM;1303908;AM;35757;Receitas Brutas Realizadas;1.7.2.4.02.00.00 - Transferências de Recursos da Complementação ao Fundo de Manutenção e Desenvolvimento do Ensino Fundamental e de Valorização do Magistério - FUNDEB;siconfi-cor_RO1.7.2.4.02.00.00;4122500,47
Prefeitura Municipal de São Paulo de Olivença - AM;1303908;AM;35757;Receitas Brutas Realizadas;1.7.6.0.00.00.00 - Transferências de Convênios;siconfi-cor_RO1.7.6.0.00.00.00;2305542,32
Prefeitura Municipal de São Paulo de Olivença - AM;1303908;AM;35757;Receitas Brutas Realizadas;1.7.6.2.00.00.00 - Transferências de Convênios dos Estados e do Distrito Federal e de Suas Entidades;siconfi-cor_RO1.7.6.2.00.00.00;2305542,32
Prefeitura Municipal de São Paulo de Olivença - AM;1303908;AM;35757;Receitas Brutas Realizadas;1.7.6.2.02.00.00 - Transferências de Convênios dos Estados Destinadas a Programas de Educação;siconfi-cor_RO1.7.6.2.02.00.00;2036542,32
Prefeitura Municipal de São Paulo de Olivença - AM;1303908;AM;35757;Receitas Brutas Realizadas;1.7.6.2.99.00.00 - Outras Transferências de Convênios dos Estados;siconfi-cor_RO1.7.6.2.99.00.00;269000
Prefeitura Municipal de São Paulo de Olivença - AM;1303908;AM;35757;Receitas Brutas Realizadas;1.9.0.0.00.00.00 - Outras Receitas Correntes;siconfi-cor_RO1.9.0.0.00.00.00;502691,61
Prefeitura Municipal de São Paulo de Olivença - AM;1303908;AM;35757;Receitas Brutas Realizadas;1.9.9.0.00.00.00 - Receitas Diversas;siconfi-cor_RO1.9.9.0.00.00.00;502691,61
Prefeitura Municipal de São Paulo de Olivença - AM;1303908;AM;35757;Receitas Brutas Realizadas;2.0.0.0.00.00.00 - Receitas de Capital;siconfi-cor_RO2.0.0.0.00.00.00;2513339,58
Prefeitura Municipal de São Paulo de Olivença - AM;1303908;AM;35757;Receitas Brutas Realizadas;2.4.0.0.00.00.00 - Transferências de Capital;siconfi-cor_RO2.4.0.0.00.00.00;2513339,58
Prefeitura Municipal de São Paulo de Olivença - AM;1303908;AM;35757;Receitas Brutas Realizadas;2.4.7.0.00.00.00 - Transferências de Convênios;siconfi-cor_RO2.4.7.0.00.00.00;2513339,58
Prefeitura Municipal de São Paulo de Olivença - AM;1303908;AM;35757;Receitas Brutas Realizadas;2.4.7.1.00.00.00 - Transferências de Convênios da União e de suas Entidades;siconfi-cor_RO2.4.7.1.00.00.00;1266959,86
Prefeitura Municipal de São Paulo de Olivença - AM;1303908;AM;35757;Receitas Brutas Realizadas;2.4.7.1.01.00.00 - Transferências de Convênios da União para o Sistema Único de Saúde - SUS;siconfi-cor_RO2.4.7.1.01.00.00;250000
Prefeitura Municipal de São Paulo de Olivença - AM;1303908;AM;35757;Receitas Brutas Realizadas;2.4.7.1.02.00.00 - Transferências de Convênios da União Destinadas a Programas de Educação;siconfi-cor_RO2.4.7.1.02.00.00;710985,86
Prefeitura Municipal de São Paulo de Olivença - AM;1303908;AM;35757;Receitas Brutas Realizadas;2.4.7.1.99.00.00 - Outras Transferências de Convênios da União;siconfi-cor_RO2.4.7.1.99.00.00;305974
Prefeitura Municipal de São Paulo de Olivença - AM;1303908;AM;35757;Receitas Brutas Realizadas;2.4.7.2.00.00.00 - Transferências de Convênios dos Estados e do Distrito Federal e de suas Entidades;siconfi-cor_RO2.4.7.2.00.00.00;1246379,72
Prefeitura Municipal de São Paulo de Olivença - AM;1303908;AM;35757;Receitas Brutas Realizadas;2.4.7.2.99.00.00 - Outras Transferências de Convênios dos Estados;siconfi-cor_RO2.4.7.2.99.00.00;1246379,72
Prefeitura Municipal de São Paulo de Olivença - AM;1303908;AM;35757;Deduções - FUNDEB;Total Receitas;siconfi-cor_TotalReceitas;-4558600,79
Prefeitura Municipal de São Paulo de Olivença - AM;1303908;AM;35757;Deduções - FUNDEB;1.0.0.0.00.00.00 - Receitas Correntes;siconfi-cor_RO1.0.0.0.00.00.00;-4558600,79
Prefeitura Municipal de São Paulo de Olivença - AM;1303908;AM;35757;Deduções - FUNDEB;1.7.0.0.00.00.00 - Transferências Correntes;siconfi-cor_RO1.7.0.0.00.00.00;-4558600,79
Prefeitura Municipal de São Paulo de Olivença - AM;1303908;AM;35757;Deduções - FUNDEB;1.7.2.0.00.00.00 - Transferências Intergovernamentais;siconfi-cor_RO1.7.2.0.00.00.00;-4558600,79
Prefeitura Municipal de São Paulo de Olivença - AM;1303908;AM;35757;Deduções - FUNDEB;1.7.2.1.00.00.00 - Transferências da União;siconfi-cor_RO1.7.2.1.00.00.00;-2997021,63
Prefeitura Municipal de São Paulo de Olivença - AM;1303908;AM;35757;Deduções - FUNDEB;1.7.2.1.01.00.00 - Participação na Receita da União;siconfi-cor_RO1.7.2.1.01.00.00;-2993113,35
Prefeitura Municipal de São Paulo de Olivença - AM;1303908;AM;35757;Deduções - FUNDEB;1.7.2.1.01.02.00 - Cota-Parte do Fundo de Participação dos Municípios ¿ FPM;siconfi-cor_RO1.7.2.1.01.02.00;-2993078,33
Prefeitura Municipal de São Paulo de Olivença - AM;1303908;AM;35757;Deduções - FUNDEB;1.7.2.1.01.05.00 - Cota-Parte do Imposto Sobre a Propriedade Territorial Rural ¿ ITR;siconfi-cor_RO1.7.2.1.01.05.00;-35,02
Prefeitura Municipal de São Paulo de Olivença - AM;1303908;AM;35757;Deduções - FUNDEB;1.7.2.1.36.00.00 - Transferências Financeiras do ICMS ¿ Desoneração ¿ L.C. Nº 87/96;siconfi-cor_RO1.7.2.1.36.00.00;-3908,28
Prefeitura Municipal de São Paulo de Olivença - AM;1303908;AM;35757;Deduções - FUNDEB;1.7.2.2.00.00.00 - Transferências dos Estados;siconfi-cor_RO1.7.2.2.00.00.00;-1561579,16
Prefeitura Municipal de São Paulo de Olivença - AM;1303908;AM;35757;Deduções - FUNDEB;1.7.2.2.01.00.00 - Participação na Receita dos Estados;siconfi-cor_RO1.7.2.2.01.00.00;-1561579,16
Prefeitura Municipal de São Paulo de Olivença - AM;1303908;AM;35757;Deduções - FUNDEB;1.7.2.2.01.01.00 - Cota-Parte do ICMS;siconfi-cor_RO1.7.2.2.01.01.00;-1524862,26
Prefeitura Municipal de São Paulo de Olivença - AM;1303908;AM;35757;Deduções - FUNDEB;1.7.2.2.01.02.00 - Cota-Parte do IPVA;siconfi-cor_RO1.7.2.2.01.02.00;-29172,64
Prefeitura Municipal de São Paulo de Olivença - AM;1303908;AM;35757;Deduções - FUNDEB;1.7.2.2.01.04.00 - Cota-Parte do IPI sobre Exportação;siconfi-cor_RO1.7.2.2.01.04.00;-7544,26
Prefeitura Municipal de Novo Airão - AM;1303205;AM;17199;Receitas Brutas Realizadas;Total Receitas;siconfi-cor_TotalReceitas;29763312,69
Prefeitura Municipal de Novo Airão - AM;1303205;AM;17199;Receitas Brutas Realizadas;1.0.0.0.00.00.00 - Receitas Correntes;siconfi-cor_RO1.0.0.0.00.00.00;29763312,69
Prefeitura Municipal de Novo Airão - AM;1303205;AM;17199;Receitas Brutas Realizadas;1.1.0.0.00.00.00 - Receita Tributária;siconfi-cor_RO1.1.0.0.00.00.00;1083310,54
Prefeitura Municipal de Novo Airão - AM;1303205;AM;17199;Receitas Brutas Realizadas;1.1.1.0.00.00.00 - Impostos;siconfi-cor_RO1.1.1.0.00.00.00;1083310,54
Prefeitura Municipal de Novo Airão - AM;1303205;AM;17199;Receitas Brutas Realizadas;1.1.1.2.00.00.00 - Impostos sobre o Patrimônio e a Renda;siconfi-cor_RO1.1.1.2.00.00.00;346464,49
Prefeitura Municipal de Novo Airão - AM;1303205;AM;17199;Receitas Brutas Realizadas;1.1.1.2.02.00.00 - Imposto sobre a Propriedade Predial e Territorial Urbana ¿ IPTU;siconfi-cor_RO1.1.1.2.02.00.00;11118,94
Prefeitura Municipal de Novo Airão - AM;1303205;AM;17199;Receitas Brutas Realizadas;1.1.1.2.04.00.00 - Imposto sobre a Renda e Proventos de Qualquer Natureza ¿ IR;siconfi-cor_RO1.1.1.2.04.00.00;335345,55
Prefeitura Municipal de Novo Airão - AM;1303205;AM;17199;Receitas Brutas Realizadas;1.1.1.2.04.31.00 - Retido nas Fontes - Trabalho;siconfi-cor_RO1.1.1.2.04.31.00;212433,71
Prefeitura Municipal de Novo Airão - AM;1303205;AM;17199;Receitas Brutas Realizadas;1.1.1.2.04.34.00 - Retido nas Fontes - Outros Rendimentos;siconfi-cor_RO1.1.1.2.04.34.00;122911,84
Prefeitura Municipal de Novo Airão - AM;1303205;AM;17199;Receitas Brutas Realizadas;1.1.1.3.00.00.00 - Impostos sobre a Produção e a Circulação;siconfi-cor_RO1.1.1.3.00.00.00;736846,05
Prefeitura Municipal de Novo Airão - AM;1303205;AM;17199;Receitas Brutas Realizadas;1.1.1.3.05.00.00 - Imposto sobre Serviços de Qualquer Natureza ¿ ISSQN;siconfi-cor_RO1.1.1.3.05.00.00;736846,05
Prefeitura Municipal de Novo Airão - AM;1303205;AM;17199;Receitas Brutas Realizadas;1.3.0.0.00.00.00 - Receita Patrimonial;siconfi-cor_RO1.3.0.0.00.00.00;28176,48
Prefeitura Municipal de Novo Airão - AM;1303205;AM;17199;Receitas Brutas Realizadas;1.3.2.0.00.00.00 - Receitas de Valores Mobiliários;siconfi-cor_RO1.3.2.0.00.00.00;28176,48
Prefeitura Municipal de Novo Airão - AM;1303205;AM;17199;Receitas Brutas Realizadas;1.3.2.5.00.00.00 - Remuneração de Depósitos Bancários;siconfi-cor_RO1.3.2.5.00.00.00;28176,48
Prefeitura Municipal de Novo Airão - AM;1303205;AM;17199;Receitas Brutas Realizadas;1.7.0.0.00.00.00 - Transferências Correntes;siconfi-cor_RO1.7.0.0.00.00.00;28651776,67
Prefeitura Municipal de Novo Airão - AM;1303205;AM;17199;Receitas Brutas Realizadas;1.7.2.0.00.00.00 - Transferências Intergovernamentais;siconfi-cor_RO1.7.2.0.00.00.00;28651776,67
Prefeitura Municipal de Novo Airão - AM;1303205;AM;17199;Receitas Brutas Realizadas;1.7.2.1.00.00.00 - Transferências da União;siconfi-cor_RO1.7.2.1.00.00.00;12756982,67
Prefeitura Municipal de Novo Airão - AM;1303205;AM;17199;Receitas Brutas Realizadas;1.7.2.1.01.00.00 - Participação na Receita da União;siconfi-cor_RO1.7.2.1.01.00.00;9776408,21
Prefeitura Municipal de Novo Airão - AM;1303205;AM;17199;Receitas Brutas Realizadas;1.7.2.1.01.02.00 - Cota-Parte do Fundo de Participação dos Municípios ¿ FPM;siconfi-cor_RO1.7.2.1.01.02.00;9768242,74
Prefeitura Municipal de Novo Airão - AM;1303205;AM;17199;Receitas Brutas Realizadas;1.7.2.1.01.05.00 - Cota-Parte do Imposto Sobre a Propriedade Territorial Rural ¿ ITR;siconfi-cor_RO1.7.2.1.01.05.00;8165,47
Prefeitura Municipal de Novo Airão - AM;1303205;AM;17199;Receitas Brutas Realizadas;1.7.2.1.22.00.00 - Transferências da Compensação Financeira pela Exploração de Recursos Naturais;siconfi-cor_RO1.7.2.1.22.00.00;148376,5
Prefeitura Municipal de Novo Airão - AM;1303205;AM;17199;Receitas Brutas Realizadas;1.7.2.1.22.20.00 - Cota-Parte da Compensação Financeira de Recursos Minerais - CFEM;siconfi-cor_RO1.7.2.1.22.20.00;2202,55
Prefeitura Municipal de Novo Airão - AM;1303205;AM;17199;Receitas Brutas Realizadas;1.7.2.1.22.70.00 - Cota-Parte do Fundo Especial do Petróleo ¿ FEP;siconfi-cor_RO1.7.2.1.22.70.00;146173,95
Prefeitura Municipal de Novo Airão - AM;1303205;AM;17199;Receitas Brutas Realizadas;1.7.2.1.33.00.00 - Transferências de Recursos do Sistema Único de Saúde - SUS - Repasses Fundo a Fundo;siconfi-cor_RO1.7.2.1.33.00.00;1864289,99
Prefeitura Municipal de Novo Airão - AM;1303205;AM;17199;Receitas Brutas Realizadas;1.7.2.1.34.00.00 - Transferências de Recursos do Fundo Nacional de Assistência Social ¿ FNAS;siconfi-cor_RO1.7.2.1.34.00.00;362836,51
Prefeitura Municipal de Novo Airão - AM;1303205;AM;17199;Receitas Brutas Realizadas;1.7.2.1.35.00.00 - Transferências de Recursos do Fundo Nacional do Desenvolvimento da Educação ¿ FNDE;siconfi-cor_RO1.7.2.1.35.00.00;378181,79
Prefeitura Municipal de Novo Airão - AM;1303205;AM;17199;Receitas Brutas Realizadas;1.7.2.1.36.00.00 - Transferências Financeiras do ICMS ¿ Desoneração ¿ L.C. Nº 87/96;siconfi-cor_RO1.7.2.1.36.00.00;21433,2
Prefeitura Municipal de Novo Airão - AM;1303205;AM;17199;Receitas Brutas Realizadas;1.7.2.1.99.00.00 - Outras Transferências da União;siconfi-cor_RO1.7.2.1.99.00.00;205456,47
Prefeitura Municipal de Novo Airão - AM;1303205;AM;17199;Receitas Brutas Realizadas;1.7.2.2.00.00.00 - Transferências dos Estados;siconfi-cor_RO1.7.2.2.00.00.00;8857866,74
Prefeitura Municipal de Novo Airão - AM;1303205;AM;17199;Receitas Brutas Realizadas;1.7.2.2.01.00.00 - Participação na Receita dos Estados;siconfi-cor_RO1.7.2.2.01.00.00;8704178,2
Prefeitura Municipal de Novo Airão - AM;1303205;AM;17199;Receitas Brutas Realizadas;1.7.2.2.01.01.00 - Cota-Parte do ICMS;siconfi-cor_RO1.7.2.2.01.01.00;8510944,72
Prefeitura Municipal de Novo Airão - AM;1303205;AM;17199;Receitas Brutas Realizadas;1.7.2.2.01.02.00 - Cota-Parte do IPVA;siconfi-cor_RO1.7.2.2.01.02.00;148361,49
Prefeitura Municipal de Novo Airão - AM;1303205;AM;17199;Receitas Brutas Realizadas;1.7.2.2.01.04.00 - Cota-Parte do IPI sobre Exportação;siconfi-cor_RO1.7.2.2.01.04.00;41280,29
Prefeitura Municipal de Novo Airão - AM;1303205;AM;17199;Receitas Brutas Realizadas;1.7.2.2.01.13.00 - Cota-Parte da Contribuição de Intervenção no Domínio Econômico;siconfi-cor_RO1.7.2.2.01.13.00;3591,7
Prefeitura Municipal de Novo Airão - AM;1303205;AM;17199;Receitas Brutas Realizadas;1.7.2.2.22.00.00 - Transferências da Cota-Parte da Compensação Financeira (25%);siconfi-cor_RO1.7.2.2.22.00.00;133688,54
Prefeitura Municipal de Novo Airão - AM;1303205;AM;17199;Receitas Brutas Realizadas;1.7.2.2.22.30.00 - Cota-Parte Royalties - Compensação Financeira pela Produção de Petróleo - Lei nº 7.990/89 artigo 9º;siconfi-cor_RO1.7.2.2.22.30.00;133688,54
Prefeitura Municipal de Novo Airão - AM;1303205;AM;17199;Receitas Brutas Realizadas;1.7.2.2.33.00.00 - Transferências de Recursos do Estado para Programas de Saúde - Repasse Fundo a Fundo;siconfi-cor_RO1.7.2.2.33.00.00;20000
Prefeitura Municipal de Novo Airão - AM;1303205;AM;17199;Receitas Brutas Realizadas;1.7.2.4.00.00.00 - Transferências Multigovernamentais;siconfi-cor_RO1.7.2.4.00.00.00;7036927,26
Prefeitura Municipal de Novo Airão - AM;1303205;AM;17199;Receitas Brutas Realizadas;1.7.2.4.01.00.00 - Transferências de Recursos do Fundo de Manutenção e Desenvolvimento do Ensino Fundamental e de Valorização do Magistério - FUNDEB;siconfi-cor_RO1.7.2.4.01.00.00;5635595,48
Prefeitura Municipal de Novo Airão - AM;1303205;AM;17199;Receitas Brutas Realizadas;1.7.2.4.02.00.00 - Transferências de Recursos da Complementação ao Fundo de Manutenção e Desenvolvimento do Ensino Fundamental e de Valorização do Magistério - FUNDEB;siconfi-cor_RO1.7.2.4.02.00.00;1401331,78
Prefeitura Municipal de Novo Airão - AM;1303205;AM;17199;Receitas Brutas Realizadas;1.9.0.0.00.00.00 - Outras Receitas Correntes;siconfi-cor_RO1.9.0.0.00.00.00;49
Prefeitura Municipal de Novo Airão - AM;1303205;AM;17199;Receitas Brutas Realizadas;1.9.9.0.00.00.00 - Receitas Diversas;siconfi-cor_RO1.9.9.0.00.00.00;49
Prefeitura Municipal de Novo Airão - AM;1303205;AM;17199;Deduções - FUNDEB;Total Receitas;siconfi-cor_TotalReceitas;3616710,01
Prefeitura Municipal de Novo Airão - AM;1303205;AM;17199;Deduções - FUNDEB;1.0.0.0.00.00.00 - Receitas Correntes;siconfi-cor_RO1.0.0.0.00.00.00;3616710,01
Prefeitura Municipal de Novo Airão - AM;1303205;AM;17199;Deduções - FUNDEB;1.7.0.0.00.00.00 - Transferências Correntes;siconfi-cor_RO1.7.0.0.00.00.00;3616710,01
Prefeitura Municipal de Novo Airão - AM;1303205;AM;17199;Deduções - FUNDEB;1.7.2.0.00.00.00 - Transferências Intergovernamentais;siconfi-cor_RO1.7.2.0.00.00.00;3616710,01
Prefeitura Municipal de Novo Airão - AM;1303205;AM;17199;Deduções - FUNDEB;1.7.2.1.00.00.00 - Transferências da União;siconfi-cor_RO1.7.2.1.00.00.00;1876593,46
Prefeitura Municipal de Novo Airão - AM;1303205;AM;17199;Deduções - FUNDEB;1.7.2.1.01.00.00 - Participação na Receita da União;siconfi-cor_RO1.7.2.1.01.00.00;1872306,82
Prefeitura Municipal de Novo Airão - AM;1303205;AM;17199;Deduções - FUNDEB;1.7.2.1.01.02.00 - Cota-Parte do Fundo de Participação dos Municípios ¿ FPM;siconfi-cor_RO1.7.2.1.01.02.00;1870673,78
Prefeitura Municipal de Novo Airão - AM;1303205;AM;17199;Deduções - FUNDEB;1.7.2.1.01.05.00 - Cota-Parte do Imposto Sobre a Propriedade Territorial Rural ¿ ITR;siconfi-cor_RO1.7.2.1.01.05.00;1633,04
Prefeitura Municipal de Novo Airão - AM;1303205;AM;17199;Deduções - FUNDEB;1.7.2.1.36.00.00 - Transferências Financeiras do ICMS ¿ Desoneração ¿ L.C. Nº 87/96;siconfi-cor_RO1.7.2.1.36.00.00;4286,64
Prefeitura Municipal de Novo Airão - AM;1303205;AM;17199;Deduções - FUNDEB;1.7.2.2.00.00.00 - Transferências dos Estados;siconfi-cor_RO1.7.2.2.00.00.00;1740116,55
Prefeitura Municipal de Novo Airão - AM;1303205;AM;17199;Deduções - FUNDEB;1.7.2.2.01.00.00 - Participação na Receita dos Estados;siconfi-cor_RO1.7.2.2.01.00.00;1740116,55
Prefeitura Municipal de Novo Airão - AM;1303205;AM;17199;Deduções - FUNDEB;1.7.2.2.01.01.00 - Cota-Parte do ICMS;siconfi-cor_RO1.7.2.2.01.01.00;1702202,25
Prefeitura Municipal de Novo Airão - AM;1303205;AM;17199;Deduções - FUNDEB;1.7.2.2.01.02.00 - Cota-Parte do IPVA;siconfi-cor_RO1.7.2.2.01.02.00;29658,24
Prefeitura Municipal de Novo Airão - AM;1303205;AM;17199;Deduções - FUNDEB;1.7.2.2.01.04.00 - Cota-Parte do IPI sobre Exportação;siconfi-cor_RO1.7.2.2.01.04.00;8256,06
Prefeitura Municipal de Fonte Boa - AM;1301605;AM;21295;Receitas Brutas Realizadas;Total Receitas;siconfi-cor_TotalReceitas;78862114,52
Prefeitura Municipal de Fonte Boa - AM;1301605;AM;21295;Receitas Brutas Realizadas;1.0.0.0.00.00.00 - Receitas Correntes;siconfi-cor_RO1.0.0.0.00.00.00;50031934,2
Prefeitura Municipal de Fonte Boa - AM;1301605;AM;21295;Receitas Brutas Realizadas;1.1.0.0.00.00.00 - Receita Tributária;siconfi-cor_RO1.1.0.0.00.00.00;2559596,36
Prefeitura Municipal de Fonte Boa - AM;1301605;AM;21295;Receitas Brutas Realizadas;1.1.1.0.00.00.00 - Impostos;siconfi-cor_RO1.1.1.0.00.00.00;2376761,21
Prefeitura Municipal de Fonte Boa - AM;1301605;AM;21295;Receitas Brutas Realizadas;1.1.1.2.00.00.00 - Impostos sobre o Patrimônio e a Renda;siconfi-cor_RO1.1.1.2.00.00.00;974756,47
Prefeitura Municipal de Fonte Boa - AM;1301605;AM;21295;Receitas Brutas Realizadas;1.1.1.2.02.00.00 - Imposto sobre a Propriedade Predial e Territorial Urbana ¿ IPTU;siconfi-cor_RO1.1.1.2.02.00.00;88005,34
Prefeitura Municipal de Fonte Boa - AM;1301605;AM;21295;Receitas Brutas Realizadas;1.1.1.2.04.00.00 - Imposto sobre a Renda e Proventos de Qualquer Natureza ¿ IR;siconfi-cor_RO1.1.1.2.04.00.00;884543,63
Prefeitura Municipal de Fonte Boa - AM;1301605;AM;21295;Receitas Brutas Realizadas;1.1.1.2.04.31.00 - Retido nas Fontes - Trabalho;siconfi-cor_RO1.1.1.2.04.31.00;410783,18
Prefeitura Municipal de Fonte Boa - AM;1301605;AM;21295;Receitas Brutas Realizadas;1.1.1.2.04.34.00 - Retido nas Fontes - Outros Rendimentos;siconfi-cor_RO1.1.1.2.04.34.00;473760,45
Prefeitura Municipal de Fonte Boa - AM;1301605;AM;21295;Receitas Brutas Realizadas;"1.1.1.2.08.00.00 - Imposto sobre Transmissão Inter Vivos"" de Bens Imóveis e de Direitos Reais sobre Imóveis ¿ ITBI""";siconfi-cor_RO1.1.1.2.08.00.00;2207,5
Prefeitura Municipal de Fonte Boa - AM;1301605;AM;21295;Receitas Brutas Realizadas;1.1.1.3.00.00.00 - Impostos sobre a Produção e a Circulação;siconfi-cor_RO1.1.1.3.00.00.00;1402004,74
Prefeitura Municipal de Fonte Boa - AM;1301605;AM;21295;Receitas Brutas Realizadas;1.1.1.3.05.00.00 - Imposto sobre Serviços de Qualquer Natureza ¿ ISSQN;siconfi-cor_RO1.1.1.3.05.00.00;1402004,74
Prefeitura Municipal de Fonte Boa - AM;1301605;AM;21295;Receitas Brutas Realizadas;1.1.3.0.00.00.00 - Contribuição de Melhoria;siconfi-cor_RO1.1.3.0.00.00.00;182835,15
Prefeitura Municipal de Fonte Boa - AM;1301605;AM;21295;Receitas Brutas Realizadas;1.2.0.0.00.00.00 - Receitas de Contribuições;siconfi-cor_RO1.2.0.0.00.00.00;1778859,22
Prefeitura Municipal de Fonte Boa - AM;1301605;AM;21295;Receitas Brutas Realizadas;1.2.1.0.00.00.00 - Contribuições Sociais;siconfi-cor_RO1.2.1.0.00.00.00;1778859,22
Prefeitura Municipal de Fonte Boa - AM;1301605;AM;21295;Receitas Brutas Realizadas;1.2.1.0.29.00.00 - Contribuições para o Regime Próprio de Previdência do Servidor Público;siconfi-cor_RO1.2.1.0.29.00.00;1778859,22
Prefeitura Municipal de Fonte Boa - AM;1301605;AM;21295;Receitas Brutas Realizadas;1.2.1.0.29.01.00 - Contribuição Patronal de Servidor Ativo Civil para o Regime Próprio;siconfi-cor_RO1.2.1.0.29.01.00;762733,93
Prefeitura Municipal de Fonte Boa - AM;1301605;AM;21295;Receitas Brutas Realizadas;1.2.1.0.29.07.00 - Contribuição do Servidor Ativo Civil para o Regime Próprio;siconfi-cor_RO1.2.1.0.29.07.00;1016125,29
Prefeitura Municipal de Fonte Boa - AM;1301605;AM;21295;Receitas Brutas Realizadas;1.3.0.0.00.00.00 - Receita Patrimonial;siconfi-cor_RO1.3.0.0.00.00.00;206507,19
Prefeitura Municipal de Fonte Boa - AM;1301605;AM;21295;Receitas Brutas Realizadas;1.3.2.0.00.00.00 - Receitas de Valores Mobiliários;siconfi-cor_RO1.3.2.0.00.00.00;206507,19
Prefeitura Municipal de Fonte Boa - AM;1301605;AM;21295;Receitas Brutas Realizadas;1.3.2.5.00.00.00 - Remuneração de Depósitos Bancários;siconfi-cor_RO1.3.2.5.00.00.00;206507,19
Prefeitura Municipal de Fonte Boa - AM;1301605;AM;21295;Receitas Brutas Realizadas;1.6.0.0.00.00.00 - Receita de Serviços;siconfi-cor_RO1.6.0.0.00.00.00;449975,06
Prefeitura Municipal de Fonte Boa - AM;1301605;AM;21295;Receitas Brutas Realizadas;1.6.0.0.13.00.00 - Serviços Administrativos;siconfi-cor_RO1.6.0.0.13.00.00;3059,26
Prefeitura Municipal de Fonte Boa - AM;1301605;AM;21295;Receitas Brutas Realizadas;1.6.0.0.26.00.00 - Serviços de Fornecimento de Água;siconfi-cor_RO1.6.0.0.26.00.00;446915,8
Prefeitura Municipal de Fonte Boa - AM;1301605;AM;21295;Receitas Brutas Realizadas;1.7.0.0.00.00.00 - Transferências Correntes;siconfi-cor_RO1.7.0.0.00.00.00;44978554,53
Prefeitura Municipal de Fonte Boa - AM;1301605;AM;21295;Receitas Brutas Realizadas;1.7.2.0.00.00.00 - Transferências Intergovernamentais;siconfi-cor_RO1.7.2.0.00.00.00;42867559,07
Prefeitura Municipal de Fonte Boa - AM;1301605;AM;21295;Receitas Brutas Realizadas;1.7.2.1.00.00.00 - Transferências da União;siconfi-cor_RO1.7.2.1.00.00.00;18562877,74
Prefeitura Municipal de Fonte Boa - AM;1301605;AM;21295;Receitas Brutas Realizadas;1.7.2.1.01.00.00 - Participação na Receita da União;siconfi-cor_RO1.7.2.1.01.00.00;11722065,01
Prefeitura Municipal de Fonte Boa - AM;1301605;AM;21295;Receitas Brutas Realizadas;1.7.2.1.01.02.00 - Cota-Parte do Fundo de Participação dos Municípios ¿ FPM;siconfi-cor_RO1.7.2.1.01.02.00;11721891,31
Prefeitura Municipal de Fonte Boa - AM;1301605;AM;21295;Receitas Brutas Realizadas;1.7.2.1.01.05.00 - Cota-Parte do Imposto Sobre a Propriedade Territorial Rural ¿ ITR;siconfi-cor_RO1.7.2.1.01.05.00;173,7
Prefeitura Municipal de Fonte Boa - AM;1301605;AM;21295;Receitas Brutas Realizadas;1.7.2.1.22.00.00 - Transferências da Compensação Financeira pela Exploração de Recursos Naturais;siconfi-cor_RO1.7.2.1.22.00.00;194573,89
Prefeitura Municipal de Fonte Boa - AM;1301605;AM;21295;Receitas Brutas Realizadas;1.7.2.1.22.70.00 - Cota-Parte do Fundo Especial do Petróleo ¿ FEP;siconfi-cor_RO1.7.2.1.22.70.00;194573,89
Prefeitura Municipal de Fonte Boa - AM;1301605;AM;21295;Receitas Brutas Realizadas;1.7.2.1.33.00.00 - Transferências de Recursos do Sistema Único de Saúde - SUS - Repasses Fundo a Fundo;siconfi-cor_RO1.7.2.1.33.00.00;4126247,83
Prefeitura Municipal de Fonte Boa - AM;1301605;AM;21295;Receitas Brutas Realizadas;1.7.2.1.34.00.00 - Transferências de Recursos do Fundo Nacional de Assistência Social ¿ FNAS;siconfi-cor_RO1.7.2.1.34.00.00;695505,52
Prefeitura Municipal de Fonte Boa - AM;1301605;AM;21295;Receitas Brutas Realizadas;1.7.2.1.35.00.00 - Transferências de Recursos do Fundo Nacional do Desenvolvimento da Educação ¿ FNDE;siconfi-cor_RO1.7.2.1.35.00.00;1582836,9
Prefeitura Municipal de Fonte Boa - AM;1301605;AM;21295;Receitas Brutas Realizadas;1.7.2.1.36.00.00 - Transferências Financeiras do ICMS ¿ Desoneração ¿ L.C. Nº 87/96;siconfi-cor_RO1.7.2.1.36.00.00;20077,08
Prefeitura Municipal de Fonte Boa - AM;1301605;AM;21295;Receitas Brutas Realizadas;1.7.2.1.99.00.00 - Outras Transferências da União;siconfi-cor_RO1.7.2.1.99.00.00;221571,51
Prefeitura Municipal de Fonte Boa - AM;1301605;AM;21295;Receitas Brutas Realizadas;1.7.2.2.00.00.00 - Transferências dos Estados;siconfi-cor_RO1.7.2.2.00.00.00;8916280,36
Prefeitura Municipal de Fonte Boa - AM;1301605;AM;21295;Receitas Brutas Realizadas;1.7.2.2.01.00.00 - Participação na Receita dos Estados;siconfi-cor_RO1.7.2.2.01.00.00;8034035
Prefeitura Municipal de Fonte Boa - AM;1301605;AM;21295;Receitas Brutas Realizadas;1.7.2.2.01.01.00 - Cota-Parte do ICMS;siconfi-cor_RO1.7.2.2.01.01.00;7972447,72
Prefeitura Municipal de Fonte Boa - AM;1301605;AM;21295;Receitas Brutas Realizadas;1.7.2.2.01.02.00 - Cota-Parte do IPVA;siconfi-cor_RO1.7.2.2.01.02.00;18300,8
Prefeitura Municipal de Fonte Boa - AM;1301605;AM;21295;Receitas Brutas Realizadas;1.7.2.2.01.04.00 - Cota-Parte do IPI sobre Exportação;siconfi-cor_RO1.7.2.2.01.04.00;38668,48
Prefeitura Municipal de Fonte Boa - AM;1301605;AM;21295;Receitas Brutas Realizadas;1.7.2.2.01.13.00 - Cota-Parte da Contribuição de Intervenção no Domínio Econômico;siconfi-cor_RO1.7.2.2.01.13.00;4618
Prefeitura Municipal de Fonte Boa - AM;1301605;AM;21295;Receitas Brutas Realizadas;1.7.2.2.22.00.00 - Transferências da Cota-Parte da Compensação Financeira (25%);siconfi-cor_RO1.7.2.2.22.00.00;125229,92
Prefeitura Municipal de Fonte Boa - AM;1301605;AM;21295;Receitas Brutas Realizadas;1.7.2.2.22.30.00 - Cota-Parte Royalties - Compensação Financeira pela Produção de Petróleo - Lei nº 7.990/89 artigo 9º;siconfi-cor_RO1.7.2.2.22.30.00;125229,92
Prefeitura Municipal de Fonte Boa - AM;1301605;AM;21295;Receitas Brutas Realizadas;1.7.2.2.33.00.00 - Transferências de Recursos do Estado para Programas de Saúde - Repasse Fundo a Fundo;siconfi-cor_RO1.7.2.2.33.00.00;757015,44
Prefeitura Municipal de Fonte Boa - AM;1301605;AM;21295;Receitas Brutas Realizadas;1.7.2.4.00.00.00 - Transferências Multigovernamentais;siconfi-cor_RO1.7.2.4.00.00.00;15388400,97
Prefeitura Municipal de Fonte Boa - AM;1301605;AM;21295;Receitas Brutas Realizadas;1.7.2.4.01.00.00 - Transferências de Recursos do Fundo de Manutenção e Desenvolvimento do Ensino Fundamental e de Valorização do Magistério - FUNDEB;siconfi-cor_RO1.7.2.4.01.00.00;12501488,84
Prefeitura Municipal de Fonte Boa - AM;1301605;AM;21295;Receitas Brutas Realizadas;1.7.2.4.02.00.00 - Transferências de Recursos da Complementação ao Fundo de Manutenção e Desenvolvimento do Ensino Fundamental e de Valorização do Magistério - FUNDEB;siconfi-cor_RO1.7.2.4.02.00.00;2886912,13
Prefeitura Municipal de Fonte Boa - AM;1301605;AM;21295;Receitas Brutas Realizadas;1.7.6.0.00.00.00 - Transferências de Convênios;siconfi-cor_RO1.7.6.0.00.00.00;2110995,46
Prefeitura Municipal de Fonte Boa - AM;1301605;AM;21295;Receitas Brutas Realizadas;1.7.6.2.00.00.00 - Transferências de Convênios dos Estados e do Distrito Federal e de Suas Entidades;siconfi-cor_RO1.7.6.2.00.00.00;2110995,46
Prefeitura Municipal de Fonte Boa - AM;1301605;AM;21295;Receitas Brutas Realizadas;1.7.6.2.02.00.00 - Transferências de Convênios dos Estados Destinadas a Programas de Educação;siconfi-cor_RO1.7.6.2.02.00.00;1110995,46
Prefeitura Municipal de Fonte Boa - AM;1301605;AM;21295;Receitas Brutas Realizadas;1.7.6.2.99.00.00 - Outras Transferências de Convênios dos Estados;siconfi-cor_RO1.7.6.2.99.00.00;1000000
Prefeitura Municipal de Fonte Boa - AM;1301605;AM;21295;Receitas Brutas Realizadas;1.9.0.0.00.00.00 - Outras Receitas Correntes;siconfi-cor_RO1.9.0.0.00.00.00;58441,84
Prefeitura Municipal de Fonte Boa - AM;1301605;AM;21295;Receitas Brutas Realizadas;1.9.2.0.00.00.00 - Indenizações e Restituições;siconfi-cor_RO1.9.2.0.00.00.00;3441,84
Prefeitura Municipal de Fonte Boa - AM;1301605;AM;21295;Receitas Brutas Realizadas;1.9.2.1.00.00.00 - Indenizações;siconfi-cor_RO1.9.2.1.00.00.00;3441,84
Prefeitura Municipal de Fonte Boa - AM;1301605;AM;21295;Receitas Brutas Realizadas;1.9.9.0.00.00.00 - Receitas Diversas;siconfi-cor_RO1.9.9.0.00.00.00;55000
Prefeitura Municipal de Fonte Boa - AM;1301605;AM;21295;Receitas Brutas Realizadas;2.0.0.0.00.00.00 - Receitas de Capital;siconfi-cor_RO2.0.0.0.00.00.00;28830180,32
Prefeitura Municipal de Fonte Boa - AM;1301605;AM;21295;Receitas Brutas Realizadas;2.4.0.0.00.00.00 - Transferências de Capital;siconfi-cor_RO2.4.0.0.00.00.00;28830180,32
Prefeitura Municipal de Fonte Boa - AM;1301605;AM;21295;Receitas Brutas Realizadas;2.4.2.0.00.00.00 - Transferências Intergovernamentais;siconfi-cor_RO2.4.2.0.00.00.00;1280354,5
Prefeitura Municipal de Fonte Boa - AM;1301605;AM;21295;Receitas Brutas Realizadas;2.4.2.1.00.00.00 - Transferências da União;siconfi-cor_RO2.4.2.1.00.00.00;1280354,5
Prefeitura Municipal de Fonte Boa - AM;1301605;AM;21295;Receitas Brutas Realizadas;2.4.2.1.01.00.00 - Participação na Receita da União;siconfi-cor_RO2.4.2.1.01.00.00;660400
Prefeitura Municipal de Fonte Boa - AM;1301605;AM;21295;Receitas Brutas Realizadas;2.4.2.1.02.00.00 - Transferências de Recursos Destinados a Programas de Educação;siconfi-cor_RO2.4.2.1.02.00.00;619954,5
Prefeitura Municipal de Fonte Boa - AM;1301605;AM;21295;Receitas Brutas Realizadas;2.4.7.0.00.00.00 - Transferências de Convênios;siconfi-cor_RO2.4.7.0.00.00.00;27549825,82
Prefeitura Municipal de Fonte Boa - AM;1301605;AM;21295;Receitas Brutas Realizadas;2.4.7.1.00.00.00 - Transferências de Convênios da União e de suas Entidades;siconfi-cor_RO2.4.7.1.00.00.00;270000
Prefeitura Municipal de Fonte Boa - AM;1301605;AM;21295;Receitas Brutas Realizadas;2.4.7.1.03.00.00 - Transferências de Convênios da União Destinadas a Programas de Saneamento Básico;siconfi-cor_RO2.4.7.1.03.00.00;270000
Prefeitura Municipal de Fonte Boa - AM;1301605;AM;21295;Receitas Brutas Realizadas;2.4.7.2.00.00.00 - Transferências de Convênios dos Estados e do Distrito Federal e de suas Entidades;siconfi-cor_RO2.4.7.2.00.00.00;27279825,82
Prefeitura Municipal de Fonte Boa - AM;1301605;AM;21295;Receitas Brutas Realizadas;2.4.7.2.99.00.00 - Outras Transferências de Convênios dos Estados;siconfi-cor_RO2.4.7.2.99.00.00;27279825,82
Prefeitura Municipal de Fonte Boa - AM;1301605;AM;21295;Deduções - FUNDEB;Total Receitas;siconfi-cor_TotalReceitas;-3854741,8
Prefeitura Municipal de Fonte Boa - AM;1301605;AM;21295;Deduções - FUNDEB;1.0.0.0.00.00.00 - Receitas Correntes;siconfi-cor_RO1.0.0.0.00.00.00;-3854741,8
Prefeitura Municipal de Fonte Boa - AM;1301605;AM;21295;Deduções - FUNDEB;1.7.0.0.00.00.00 - Transferências Correntes;siconfi-cor_RO1.7.0.0.00.00.00;-3854741,8
Prefeitura Municipal de Fonte Boa - AM;1301605;AM;21295;Deduções - FUNDEB;1.7.2.0.00.00.00 - Transferências Intergovernamentais;siconfi-cor_RO1.7.2.0.00.00.00;-3854741,8
Prefeitura Municipal de Fonte Boa - AM;1301605;AM;21295;Deduções - FUNDEB;1.7.2.1.00.00.00 - Transferências da União;siconfi-cor_RO1.7.2.1.00.00.00;-2248858,71
Prefeitura Municipal de Fonte Boa - AM;1301605;AM;21295;Deduções - FUNDEB;1.7.2.1.01.00.00 - Participação na Receita da União;siconfi-cor_RO1.7.2.1.01.00.00;-2244843,39
Prefeitura Municipal de Fonte Boa - AM;1301605;AM;21295;Deduções - FUNDEB;1.7.2.1.01.02.00 - Cota-Parte do Fundo de Participação dos Municípios ¿ FPM;siconfi-cor_RO1.7.2.1.01.02.00;-2244808,66
Prefeitura Municipal de Fonte Boa - AM;1301605;AM;21295;Deduções - FUNDEB;1.7.2.1.01.05.00 - Cota-Parte do Imposto Sobre a Propriedade Territorial Rural ¿ ITR;siconfi-cor_RO1.7.2.1.01.05.00;-34,73
Prefeitura Municipal de Fonte Boa - AM;1301605;AM;21295;Deduções - FUNDEB;1.7.2.1.36.00.00 - Transferências Financeiras do ICMS ¿ Desoneração ¿ L.C. Nº 87/96;siconfi-cor_RO1.7.2.1.36.00.00;-4015,32
Prefeitura Municipal de Fonte Boa - AM;1301605;AM;21295;Deduções - FUNDEB;1.7.2.2.00.00.00 - Transferências dos Estados;siconfi-cor_RO1.7.2.2.00.00.00;-1605883,09
Prefeitura Municipal de Fonte Boa - AM;1301605;AM;21295;Deduções - FUNDEB;1.7.2.2.01.00.00 - Participação na Receita dos Estados;siconfi-cor_RO1.7.2.2.01.00.00;-1605883,09
Prefeitura Municipal de Fonte Boa - AM;1301605;AM;21295;Deduções - FUNDEB;1.7.2.2.01.01.00 - Cota-Parte do ICMS;siconfi-cor_RO1.7.2.2.01.01.00;-1594489,52
Prefeitura Municipal de Fonte Boa - AM;1301605;AM;21295;Deduções - FUNDEB;1.7.2.2.01.02.00 - Cota-Parte do IPVA;siconfi-cor_RO1.7.2.2.01.02.00;-3659,84
Prefeitura Municipal de Fonte Boa - AM;1301605;AM;21295;Deduções - FUNDEB;1.7.2.2.01.04.00 - Cota-Parte do IPI sobre Exportação;siconfi-cor_RO1.7.2.2.01.04.00;-7733,73
Prefeitura Municipal de Presidente Figueiredo - AM;1303536;AM;31903;Receitas Brutas Realizadas;Total Receitas;siconfi-cor_TotalReceitas;172822143,1
Prefeitura Municipal de Presidente Figueiredo - AM;1303536;AM;31903;Receitas Brutas Realizadas;1.0.0.0.00.00.00 - Receitas Correntes;siconfi-cor_RO1.0.0.0.00.00.00;167275172,8
Prefeitura Municipal de Presidente Figueiredo - AM;1303536;AM;31903;Receitas Brutas Realizadas;1.1.0.0.00.00.00 - Receita Tributária;siconfi-cor_RO1.1.0.0.00.00.00;10908824,5
Prefeitura Municipal de Presidente Figueiredo - AM;1303536;AM;31903;Receitas Brutas Realizadas;1.1.1.0.00.00.00 - Impostos;siconfi-cor_RO1.1.1.0.00.00.00;10681634,72
Prefeitura Municipal de Presidente Figueiredo - AM;1303536;AM;31903;Receitas Brutas Realizadas;1.1.1.2.00.00.00 - Impostos sobre o Patrimônio e a Renda;siconfi-cor_RO1.1.1.2.00.00.00;3317150,07
Prefeitura Municipal de Presidente Figueiredo - AM;1303536;AM;31903;Receitas Brutas Realizadas;1.1.1.2.02.00.00 - Imposto sobre a Propriedade Predial e Territorial Urbana ¿ IPTU;siconfi-cor_RO1.1.1.2.02.00.00;411014,28
Prefeitura Municipal de Presidente Figueiredo - AM;1303536;AM;31903;Receitas Brutas Realizadas;1.1.1.2.04.00.00 - Imposto sobre a Renda e Proventos de Qualquer Natureza ¿ IR;siconfi-cor_RO1.1.1.2.04.00.00;2705899,84
Prefeitura Municipal de Presidente Figueiredo - AM;1303536;AM;31903;Receitas Brutas Realizadas;1.1.1.2.04.31.00 - Retido nas Fontes - Trabalho;siconfi-cor_RO1.1.1.2.04.31.00;2046822,54
Prefeitura Municipal de Presidente Figueiredo - AM;1303536;AM;31903;Receitas Brutas Realizadas;1.1.1.2.04.34.00 - Retido nas Fontes - Outros Rendimentos;siconfi-cor_RO1.1.1.2.04.34.00;659077,3
Prefeitura Municipal de Presidente Figueiredo - AM;1303536;AM;31903;Receitas Brutas Realizadas;"1.1.1.2.08.00.00 - Imposto sobre Transmissão Inter Vivos"" de Bens Imóveis e de Direitos Reais sobre Imóveis ¿ ITBI""";siconfi-cor_RO1.1.1.2.08.00.00;200235,95
Prefeitura Municipal de Presidente Figueiredo - AM;1303536;AM;31903;Receitas Brutas Realizadas;1.1.1.3.00.00.00 - Impostos sobre a Produção e a Circulação;siconfi-cor_RO1.1.1.3.00.00.00;7364484,65
Prefeitura Municipal de Presidente Figueiredo - AM;1303536;AM;31903;Receitas Brutas Realizadas;1.1.1.3.05.00.00 - Imposto sobre Serviços de Qualquer Natureza ¿ ISSQN;siconfi-cor_RO1.1.1.3.05.00.00;7364484,65
Prefeitura Municipal de Presidente Figueiredo - AM;1303536;AM;31903;Receitas Brutas Realizadas;1.1.2.0.00.00.00 - Taxas;siconfi-cor_RO1.1.2.0.00.00.00;227189,78
Prefeitura Municipal de Presidente Figueiredo - AM;1303536;AM;31903;Receitas Brutas Realizadas;1.1.2.1.00.00.00 - Taxas pelo Exercício do Poder de Polícia;siconfi-cor_RO1.1.2.1.00.00.00;225976,28
Prefeitura Municipal de Presidente Figueiredo - AM;1303536;AM;31903;Receitas Brutas Realizadas;1.1.2.2.00.00.00 - Taxas pela Prestação de Serviços;siconfi-cor_RO1.1.2.2.00.00.00;1213,5
Prefeitura Municipal de Presidente Figueiredo - AM;1303536;AM;31903;Receitas Brutas Realizadas;1.2.0.0.00.00.00 - Receitas de Contribuições;siconfi-cor_RO1.2.0.0.00.00.00;6196273,79
Prefeitura Municipal de Presidente Figueiredo - AM;1303536;AM;31903;Receitas Brutas Realizadas;1.2.1.0.00.00.00 - Contribuições Sociais;siconfi-cor_RO1.2.1.0.00.00.00;6196273,79
Prefeitura Municipal de Presidente Figueiredo - AM;1303536;AM;31903;Receitas Brutas Realizadas;1.2.1.0.29.00.00 - Contribuições para o Regime Próprio de Previdência do Servidor Público;siconfi-cor_RO1.2.1.0.29.00.00;6196273,79
Prefeitura Municipal de Presidente Figueiredo - AM;1303536;AM;31903;Receitas Brutas Realizadas;1.2.1.0.29.01.00 - Contribuição Patronal de Servidor Ativo Civil para o Regime Próprio;siconfi-cor_RO1.2.1.0.29.01.00;3622024,06
Prefeitura Municipal de Presidente Figueiredo - AM;1303536;AM;31903;Receitas Brutas Realizadas;1.2.1.0.29.07.00 - Contribuição do Servidor Ativo Civil para o Regime Próprio;siconfi-cor_RO1.2.1.0.29.07.00;2198714,34
Prefeitura Municipal de Presidente Figueiredo - AM;1303536;AM;31903;Receitas Brutas Realizadas;1.2.1.0.29.13.00 - Contribuição Previdenciária para Amortização do Déficit Atuarial;siconfi-cor_RO1.2.1.0.29.13.00;205647,25
Prefeitura Municipal de Presidente Figueiredo - AM;1303536;AM;31903;Receitas Brutas Realizadas;1.2.1.0.29.15.00 - Contribuição Previdenciária em Regime de Parcelamento de Débitos;siconfi-cor_RO1.2.1.0.29.15.00;169888,14
Prefeitura Municipal de Presidente Figueiredo - AM;1303536;AM;31903;Receitas Brutas Realizadas;1.3.0.0.00.00.00 - Receita Patrimonial;siconfi-cor_RO1.3.0.0.00.00.00;4880055,29
Prefeitura Municipal de Presidente Figueiredo - AM;1303536;AM;31903;Receitas Brutas Realizadas;1.3.2.0.00.00.00 - Receitas de Valores Mobiliários;siconfi-cor_RO1.3.2.0.00.00.00;4880055,29
Prefeitura Municipal de Presidente Figueiredo - AM;1303536;AM;31903;Receitas Brutas Realizadas;1.3.2.2.00.00.00 - Dividendos;siconfi-cor_RO1.3.2.2.00.00.00;97,37
Prefeitura Municipal de Presidente Figueiredo - AM;1303536;AM;31903;Receitas Brutas Realizadas;1.3.2.5.00.00.00 - Remuneração de Depósitos Bancários;siconfi-cor_RO1.3.2.5.00.00.00;1341964,97
Prefeitura Municipal de Presidente Figueiredo - AM;1303536;AM;31903;Receitas Brutas Realizadas;1.3.2.8.00.00.00 - Remuneração dos Investimentos do Regime Próprio de Previdência do Servidor;siconfi-cor_RO1.3.2.8.00.00.00;3537992,95
Prefeitura Municipal de Presidente Figueiredo - AM;1303536;AM;31903;Receitas Brutas Realizadas;1.6.0.0.00.00.00 - Receita de Serviços;siconfi-cor_RO1.6.0.0.00.00.00;1701451,03
Prefeitura Municipal de Presidente Figueiredo - AM;1303536;AM;31903;Receitas Brutas Realizadas;1.6.0.0.13.00.00 - Serviços Administrativos;siconfi-cor_RO1.6.0.0.13.00.00;34138
Prefeitura Municipal de Presidente Figueiredo - AM;1303536;AM;31903;Receitas Brutas Realizadas;1.6.0.0.99.00.00 - Demais Receitas de Serviços;siconfi-cor_RO1.6.0.0.99.00.00;1667313,03
Prefeitura Municipal de Presidente Figueiredo - AM;1303536;AM;31903;Receitas Brutas Realizadas;1.7.0.0.00.00.00 - Transferências Correntes;siconfi-cor_RO1.7.0.0.00.00.00;142463713,5
Prefeitura Municipal de Presidente Figueiredo - AM;1303536;AM;31903;Receitas Brutas Realizadas;1.7.2.0.00.00.00 - Transferências Intergovernamentais;siconfi-cor_RO1.7.2.0.00.00.00;140884414,4
Prefeitura Municipal de Presidente Figueiredo - AM;1303536;AM;31903;Receitas Brutas Realizadas;1.7.2.1.00.00.00 - Transferências da União;siconfi-cor_RO1.7.2.1.00.00.00;32701258,85
Prefeitura Municipal de Presidente Figueiredo - AM;1303536;AM;31903;Receitas Brutas Realizadas;1.7.2.1.01.00.00 - Participação na Receita da União;siconfi-cor_RO1.7.2.1.01.00.00;15681790,02
Prefeitura Municipal de Presidente Figueiredo - AM;1303536;AM;31903;Receitas Brutas Realizadas;1.7.2.1.01.02.00 - Cota-Parte do Fundo de Participação dos Municípios ¿ FPM;siconfi-cor_RO1.7.2.1.01.02.00;15629188,4
Prefeitura Municipal de Presidente Figueiredo - AM;1303536;AM;31903;Receitas Brutas Realizadas;1.7.2.1.01.05.00 - Cota-Parte do Imposto Sobre a Propriedade Territorial Rural ¿ ITR;siconfi-cor_RO1.7.2.1.01.05.00;52601,62
Prefeitura Municipal de Presidente Figueiredo - AM;1303536;AM;31903;Receitas Brutas Realizadas;1.7.2.1.22.00.00 - Transferências da Compensação Financeira pela Exploração de Recursos Naturais;siconfi-cor_RO1.7.2.1.22.00.00;8126303,46
Prefeitura Municipal de Presidente Figueiredo - AM;1303536;AM;31903;Receitas Brutas Realizadas;1.7.2.1.22.11.00 - Cota-Parte da Compensação Financeira de Recursos Hídricos;siconfi-cor_RO1.7.2.1.22.11.00;2866171,62
Prefeitura Municipal de Presidente Figueiredo - AM;1303536;AM;31903;Receitas Brutas Realizadas;1.7.2.1.22.20.00 - Cota-Parte da Compensação Financeira de Recursos Minerais - CFEM;siconfi-cor_RO1.7.2.1.22.20.00;5026253,52
Prefeitura Municipal de Presidente Figueiredo - AM;1303536;AM;31903;Receitas Brutas Realizadas;1.7.2.1.22.70.00 - Cota-Parte do Fundo Especial do Petróleo ¿ FEP;siconfi-cor_RO1.7.2.1.22.70.00;233878,32
Prefeitura Municipal de Presidente Figueiredo - AM;1303536;AM;31903;Receitas Brutas Realizadas;1.7.2.1.33.00.00 - Transferências de Recursos do Sistema Único de Saúde - SUS - Repasses Fundo a Fundo;siconfi-cor_RO1.7.2.1.33.00.00;5602979,11
Prefeitura Municipal de Presidente Figueiredo - AM;1303536;AM;31903;Receitas Brutas Realizadas;1.7.2.1.34.00.00 - Transferências de Recursos do Fundo Nacional de Assistência Social ¿ FNAS;siconfi-cor_RO1.7.2.1.34.00.00;503353,78
Prefeitura Municipal de Presidente Figueiredo - AM;1303536;AM;31903;Receitas Brutas Realizadas;1.7.2.1.35.00.00 - Transferências de Recursos do Fundo Nacional do Desenvolvimento da Educação ¿ FNDE;siconfi-cor_RO1.7.2.1.35.00.00;2082265,74
Prefeitura Municipal de Presidente Figueiredo - AM;1303536;AM;31903;Receitas Brutas Realizadas;1.7.2.1.36.00.00 - Transferências Financeiras do ICMS ¿ Desoneração ¿ L.C. Nº 87/96;siconfi-cor_RO1.7.2.1.36.00.00;209322,96
Prefeitura Municipal de Presidente Figueiredo - AM;1303536;AM;31903;Receitas Brutas Realizadas;1.7.2.1.99.00.00 - Outras Transferências da União;siconfi-cor_RO1.7.2.1.99.00.00;495243,78
Prefeitura Municipal de Presidente Figueiredo - AM;1303536;AM;31903;Receitas Brutas Realizadas;1.7.2.2.00.00.00 - Transferências dos Estados;siconfi-cor_RO1.7.2.2.00.00.00;86570594,79
Prefeitura Municipal de Presidente Figueiredo - AM;1303536;AM;31903;Receitas Brutas Realizadas;1.7.2.2.01.00.00 - Participação na Receita dos Estados;siconfi-cor_RO1.7.2.2.01.00.00;84504601,43
Prefeitura Municipal de Presidente Figueiredo - AM;1303536;AM;31903;Receitas Brutas Realizadas;1.7.2.2.01.01.00 - Cota-Parte do ICMS;siconfi-cor_RO1.7.2.2.01.01.00;83120403,2
Prefeitura Municipal de Presidente Figueiredo - AM;1303536;AM;31903;Receitas Brutas Realizadas;1.7.2.2.01.02.00 - Cota-Parte do IPVA;siconfi-cor_RO1.7.2.2.01.02.00;975548,64
Prefeitura Municipal de Presidente Figueiredo - AM;1303536;AM;31903;Receitas Brutas Realizadas;1.7.2.2.01.04.00 - Cota-Parte do IPI sobre Exportação;siconfi-cor_RO1.7.2.2.01.04.00;403155,89
Prefeitura Municipal de Presidente Figueiredo - AM;1303536;AM;31903;Receitas Brutas Realizadas;1.7.2.2.01.13.00 - Cota-Parte da Contribuição de Intervenção no Domínio Econômico;siconfi-cor_RO1.7.2.2.01.13.00;5493,7
Prefeitura Municipal de Presidente Figueiredo - AM;1303536;AM;31903;Receitas Brutas Realizadas;1.7.2.2.22.00.00 - Transferências da Cota-Parte da Compensação Financeira (25%);siconfi-cor_RO1.7.2.2.22.00.00;1305641,82
Prefeitura Municipal de Presidente Figueiredo - AM;1303536;AM;31903;Receitas Brutas Realizadas;1.7.2.2.22.30.00 - Cota-Parte Royalties - Compensação Financeira pela Produção de Petróleo - Lei nº 7.990/89 artigo 9º;siconfi-cor_RO1.7.2.2.22.30.00;1305641,82
Prefeitura Municipal de Presidente Figueiredo - AM;1303536;AM;31903;Receitas Brutas Realizadas;1.7.2.2.33.00.00 - Transferências de Recursos do Estado para Programas de Saúde - Repasse Fundo a Fundo;siconfi-cor_RO1.7.2.2.33.00.00;760351,54
Prefeitura Municipal de Presidente Figueiredo - AM;1303536;AM;31903;Receitas Brutas Realizadas;1.7.2.4.00.00.00 - Transferências Multigovernamentais;siconfi-cor_RO1.7.2.4.00.00.00;21612560,8
Prefeitura Municipal de Presidente Figueiredo - AM;1303536;AM;31903;Receitas Brutas Realizadas;1.7.2.4.01.00.00 - Transferências de Recursos do Fundo de Manutenção e Desenvolvimento do Ensino Fundamental e de Valorização do Magistério - FUNDEB;siconfi-cor_RO1.7.2.4.01.00.00;17460950,53
Prefeitura Municipal de Presidente Figueiredo - AM;1303536;AM;31903;Receitas Brutas Realizadas;1.7.2.4.02.00.00 - Transferências de Recursos da Complementação ao Fundo de Manutenção e Desenvolvimento do Ensino Fundamental e de Valorização do Magistério - FUNDEB;siconfi-cor_RO1.7.2.4.02.00.00;4151610,27
Prefeitura Municipal de Presidente Figueiredo - AM;1303536;AM;31903;Receitas Brutas Realizadas;1.7.3.0.00.00.00 - Transferências de Instituições Privadas;siconfi-cor_RO1.7.3.0.00.00.00;447799,03
Prefeitura Municipal de Presidente Figueiredo - AM;1303536;AM;31903;Receitas Brutas Realizadas;1.7.6.0.00.00.00 - Transferências de Convênios;siconfi-cor_RO1.7.6.0.00.00.00;1131500
Prefeitura Municipal de Presidente Figueiredo - AM;1303536;AM;31903;Receitas Brutas Realizadas;1.7.6.2.00.00.00 - Transferências de Convênios dos Estados e do Distrito Federal e de Suas Entidades;siconfi-cor_RO1.7.6.2.00.00.00;1131500
Prefeitura Municipal de Presidente Figueiredo - AM;1303536;AM;31903;Receitas Brutas Realizadas;1.7.6.2.02.00.00 - Transferências de Convênios dos Estados Destinadas a Programas de Educação;siconfi-cor_RO1.7.6.2.02.00.00;1131500
Prefeitura Municipal de Presidente Figueiredo - AM;1303536;AM;31903;Receitas Brutas Realizadas;1.9.0.0.00.00.00 - Outras Receitas Correntes;siconfi-cor_RO1.9.0.0.00.00.00;1124854,73
Prefeitura Municipal de Presidente Figueiredo - AM;1303536;AM;31903;Receitas Brutas Realizadas;1.9.1.0.00.00.00 - Multas e Juros de Mora;siconfi-cor_RO1.9.1.0.00.00.00;102439,78
Prefeitura Municipal de Presidente Figueiredo - AM;1303536;AM;31903;Receitas Brutas Realizadas;1.9.1.2.00.00.00 - Multas e Juros de Mora das Contribuições;siconfi-cor_RO1.9.1.2.00.00.00;89141,27
Prefeitura Municipal de Presidente Figueiredo - AM;1303536;AM;31903;Receitas Brutas Realizadas;1.9.1.9.00.00.00 - Multas de Outras Origens;siconfi-cor_RO1.9.1.9.00.00.00;13298,51
Prefeitura Municipal de Presidente Figueiredo - AM;1303536;AM;31903;Receitas Brutas Realizadas;1.9.2.0.00.00.00 - Indenizações e Restituições;siconfi-cor_RO1.9.2.0.00.00.00;779920,17
Prefeitura Municipal de Presidente Figueiredo - AM;1303536;AM;31903;Receitas Brutas Realizadas;1.9.2.2.00.00.00 - Restituições;siconfi-cor_RO1.9.2.2.00.00.00;779920,17
Prefeitura Municipal de Presidente Figueiredo - AM;1303536;AM;31903;Receitas Brutas Realizadas;1.9.2.2.99.00.00 - Outras Restituições;siconfi-cor_RO1.9.2.2.99.00.00;779920,17
Prefeitura Municipal de Presidente Figueiredo - AM;1303536;AM;31903;Receitas Brutas Realizadas;1.9.3.0.00.00.00 - Receita da Dívida Ativa;siconfi-cor_RO1.9.3.0.00.00.00;135531,3
Prefeitura Municipal de Presidente Figueiredo - AM;1303536;AM;31903;Receitas Brutas Realizadas;1.9.3.1.00.00.00 - Receita da Dívida Ativa Tributária;siconfi-cor_RO1.9.3.1.00.00.00;128066,14
Prefeitura Municipal de Presidente Figueiredo - AM;1303536;AM;31903;Receitas Brutas Realizadas;1.9.3.2.00.00.00 - Receita da Dívida Ativa Não Tributária;siconfi-cor_RO1.9.3.2.00.00.00;7465,16
Prefeitura Municipal de Presidente Figueiredo - AM;1303536;AM;31903;Receitas Brutas Realizadas;1.9.9.0.00.00.00 - Receitas Diversas;siconfi-cor_RO1.9.9.0.00.00.00;106963,48
Prefeitura Municipal de Presidente Figueiredo - AM;1303536;AM;31903;Receitas Brutas Realizadas;2.0.0.0.00.00.00 - Receitas de Capital;siconfi-cor_RO2.0.0.0.00.00.00;5546970,33
Prefeitura Municipal de Presidente Figueiredo - AM;1303536;AM;31903;Receitas Brutas Realizadas;2.4.0.0.00.00.00 - Transferências de Capital;siconfi-cor_RO2.4.0.0.00.00.00;5546970,33
Prefeitura Municipal de Presidente Figueiredo - AM;1303536;AM;31903;Receitas Brutas Realizadas;2.4.2.0.00.00.00 - Transferências Intergovernamentais;siconfi-cor_RO2.4.2.0.00.00.00;4186970,33
Prefeitura Municipal de Presidente Figueiredo - AM;1303536;AM;31903;Receitas Brutas Realizadas;2.4.2.1.00.00.00 - Transferências da União;siconfi-cor_RO2.4.2.1.00.00.00;1800063,4
Prefeitura Municipal de Presidente Figueiredo - AM;1303536;AM;31903;Receitas Brutas Realizadas;2.4.2.1.01.00.00 - Participação na Receita da União;siconfi-cor_RO2.4.2.1.01.00.00;953920
Prefeitura Municipal de Presidente Figueiredo - AM;1303536;AM;31903;Receitas Brutas Realizadas;2.4.2.1.02.00.00 - Transferências de Recursos Destinados a Programas de Educação;siconfi-cor_RO2.4.2.1.02.00.00;846143,4
Prefeitura Municipal de Presidente Figueiredo - AM;1303536;AM;31903;Receitas Brutas Realizadas;2.4.2.2.00.00.00 - Transferências dos Estados;siconfi-cor_RO2.4.2.2.00.00.00;2386906,93
Prefeitura Municipal de Presidente Figueiredo - AM;1303536;AM;31903;Receitas Brutas Realizadas;2.4.2.2.99.00.00 - Outras Transferências dos Estados;siconfi-cor_RO2.4.2.2.99.00.00;2386906,93
Prefeitura Municipal de Presidente Figueiredo - AM;1303536;AM;31903;Receitas Brutas Realizadas;2.4.7.0.00.00.00 - Transferências de Convênios;siconfi-cor_RO2.4.7.0.00.00.00;1360000
Prefeitura Municipal de Presidente Figueiredo - AM;1303536;AM;31903;Receitas Brutas Realizadas;2.4.7.1.00.00.00 - Transferências de Convênios da União e de suas Entidades;siconfi-cor_RO2.4.7.1.00.00.00;1360000
Prefeitura Municipal de Presidente Figueiredo - AM;1303536;AM;31903;Receitas Brutas Realizadas;2.4.7.1.02.00.00 - Transferências de Convênios da União Destinadas a Programas de Educação;siconfi-cor_RO2.4.7.1.02.00.00;610000
Prefeitura Municipal de Presidente Figueiredo - AM;1303536;AM;31903;Receitas Brutas Realizadas;2.4.7.1.99.00.00 - Outras Transferências de Convênios da União;siconfi-cor_RO2.4.7.1.99.00.00;750000
Prefeitura Municipal de Presidente Figueiredo - AM;1303536;AM;31903;Deduções - FUNDEB;Total Receitas;siconfi-cor_TotalReceitas;19945283,61
Prefeitura Municipal de Presidente Figueiredo - AM;1303536;AM;31903;Deduções - FUNDEB;1.0.0.0.00.00.00 - Receitas Correntes;siconfi-cor_RO1.0.0.0.00.00.00;19945283,61
Prefeitura Municipal de Presidente Figueiredo - AM;1303536;AM;31903;Deduções - FUNDEB;1.7.0.0.00.00.00 - Transferências Correntes;siconfi-cor_RO1.7.0.0.00.00.00;19945283,61
Prefeitura Municipal de Presidente Figueiredo - AM;1303536;AM;31903;Deduções - FUNDEB;1.7.2.0.00.00.00 - Transferências Intergovernamentais;siconfi-cor_RO1.7.2.0.00.00.00;19945283,61
Prefeitura Municipal de Presidente Figueiredo - AM;1303536;AM;31903;Deduções - FUNDEB;1.7.2.1.00.00.00 - Transferências da União;siconfi-cor_RO1.7.2.1.00.00.00;3045463,04
Prefeitura Municipal de Presidente Figueiredo - AM;1303536;AM;31903;Deduções - FUNDEB;1.7.2.1.01.00.00 - Participação na Receita da União;siconfi-cor_RO1.7.2.1.01.00.00;3003598,52
Prefeitura Municipal de Presidente Figueiredo - AM;1303536;AM;31903;Deduções - FUNDEB;1.7.2.1.01.02.00 - Cota-Parte do Fundo de Participação dos Municípios ¿ FPM;siconfi-cor_RO1.7.2.1.01.02.00;2993078,33
Prefeitura Municipal de Presidente Figueiredo - AM;1303536;AM;31903;Deduções - FUNDEB;1.7.2.1.01.05.00 - Cota-Parte do Imposto Sobre a Propriedade Territorial Rural ¿ ITR;siconfi-cor_RO1.7.2.1.01.05.00;10520,19
Prefeitura Municipal de Presidente Figueiredo - AM;1303536;AM;31903;Deduções - FUNDEB;1.7.2.1.36.00.00 - Transferências Financeiras do ICMS ¿ Desoneração ¿ L.C. Nº 87/96;siconfi-cor_RO1.7.2.1.36.00.00;41864,52
Prefeitura Municipal de Presidente Figueiredo - AM;1303536;AM;31903;Deduções - FUNDEB;1.7.2.2.00.00.00 - Transferências dos Estados;siconfi-cor_RO1.7.2.2.00.00.00;16899820,57
Prefeitura Municipal de Presidente Figueiredo - AM;1303536;AM;31903;Deduções - FUNDEB;1.7.2.2.01.00.00 - Participação na Receita dos Estados;siconfi-cor_RO1.7.2.2.01.00.00;16899820,57
Prefeitura Municipal de Presidente Figueiredo - AM;1303536;AM;31903;Deduções - FUNDEB;1.7.2.2.01.01.00 - Cota-Parte do ICMS;siconfi-cor_RO1.7.2.2.01.01.00;16624080,65
Prefeitura Municipal de Presidente Figueiredo - AM;1303536;AM;31903;Deduções - FUNDEB;1.7.2.2.01.02.00 - Cota-Parte do IPVA;siconfi-cor_RO1.7.2.2.01.02.00;195108,72
Prefeitura Municipal de Presidente Figueiredo - AM;1303536;AM;31903;Deduções - FUNDEB;1.7.2.2.01.04.00 - Cota-Parte do IPI sobre Exportação;siconfi-cor_RO1.7.2.2.01.04.00;80631,2
Prefeitura Municipal de Coari - AM;1301209;AM;82209;Receitas Brutas Realizadas;Total Receitas;siconfi-cor_TotalReceitas;269928197,8
Prefeitura Municipal de Coari - AM;1301209;AM;82209;Receitas Brutas Realizadas;1.0.0.0.00.00.00 - Receitas Correntes;siconfi-cor_RO1.0.0.0.00.00.00;269928197,8
Prefeitura Municipal de Coari - AM;1301209;AM;82209;Receitas Brutas Realizadas;1.1.0.0.00.00.00 - Receita Tributária;siconfi-cor_RO1.1.0.0.00.00.00;41520225,25
Prefeitura Municipal de Coari - AM;1301209;AM;82209;Receitas Brutas Realizadas;1.1.1.0.00.00.00 - Impostos;siconfi-cor_RO1.1.1.0.00.00.00;41148087,85
Prefeitura Municipal de Coari - AM;1301209;AM;82209;Receitas Brutas Realizadas;1.1.1.2.00.00.00 - Impostos sobre o Patrimônio e a Renda;siconfi-cor_RO1.1.1.2.00.00.00;9289545,43
Prefeitura Municipal de Coari - AM;1301209;AM;82209;Receitas Brutas Realizadas;1.1.1.2.02.00.00 - Imposto sobre a Propriedade Predial e Territorial Urbana ¿ IPTU;siconfi-cor_RO1.1.1.2.02.00.00;345361,03
Prefeitura Municipal de Coari - AM;1301209;AM;82209;Receitas Brutas Realizadas;1.1.1.2.04.00.00 - Imposto sobre a Renda e Proventos de Qualquer Natureza ¿ IR;siconfi-cor_RO1.1.1.2.04.00.00;8717293,96
Prefeitura Municipal de Coari - AM;1301209;AM;82209;Receitas Brutas Realizadas;1.1.1.2.04.31.00 - Retido nas Fontes - Trabalho;siconfi-cor_RO1.1.1.2.04.31.00;7941430,66
Prefeitura Municipal de Coari - AM;1301209;AM;82209;Receitas Brutas Realizadas;1.1.1.2.04.34.00 - Retido nas Fontes - Outros Rendimentos;siconfi-cor_RO1.1.1.2.04.34.00;775863,3
Prefeitura Municipal de Coari - AM;1301209;AM;82209;Receitas Brutas Realizadas;"1.1.1.2.08.00.00 - Imposto sobre Transmissão Inter Vivos"" de Bens Imóveis e de Direitos Reais sobre Imóveis ¿ ITBI""";siconfi-cor_RO1.1.1.2.08.00.00;226890,44
Prefeitura Municipal de Coari - AM;1301209;AM;82209;Receitas Brutas Realizadas;1.1.1.3.00.00.00 - Impostos sobre a Produção e a Circulação;siconfi-cor_RO1.1.1.3.00.00.00;31858542,42
Prefeitura Municipal de Coari - AM;1301209;AM;82209;Receitas Brutas Realizadas;1.1.1.3.05.00.00 - Imposto sobre Serviços de Qualquer Natureza ¿ ISSQN;siconfi-cor_RO1.1.1.3.05.00.00;31858542,42
Prefeitura Municipal de Coari - AM;1301209;AM;82209;Receitas Brutas Realizadas;1.1.2.0.00.00.00 - Taxas;siconfi-cor_RO1.1.2.0.00.00.00;372137,4
Prefeitura Municipal de Coari - AM;1301209;AM;82209;Receitas Brutas Realizadas;1.1.2.1.00.00.00 - Taxas pelo Exercício do Poder de Polícia;siconfi-cor_RO1.1.2.1.00.00.00;806,7
Prefeitura Municipal de Coari - AM;1301209;AM;82209;Receitas Brutas Realizadas;1.1.2.2.00.00.00 - Taxas pela Prestação de Serviços;siconfi-cor_RO1.1.2.2.00.00.00;371330,7
Prefeitura Municipal de Coari - AM;1301209;AM;82209;Receitas Brutas Realizadas;1.2.0.0.00.00.00 - Receitas de Contribuições;siconfi-cor_RO1.2.0.0.00.00.00;4830690,35
Prefeitura Municipal de Coari - AM;1301209;AM;82209;Receitas Brutas Realizadas;1.2.1.0.00.00.00 - Contribuições Sociais;siconfi-cor_RO1.2.1.0.00.00.00;4830690,35
Prefeitura Municipal de Coari - AM;1301209;AM;82209;Receitas Brutas Realizadas;1.2.1.0.29.00.00 - Contribuições para o Regime Próprio de Previdência do Servidor Público;siconfi-cor_RO1.2.1.0.29.00.00;4830690,35
Prefeitura Municipal de Coari - AM;1301209;AM;82209;Receitas Brutas Realizadas;1.2.1.0.29.01.00 - Contribuição Patronal de Servidor Ativo Civil para o Regime Próprio;siconfi-cor_RO1.2.1.0.29.01.00;2149273,96
Prefeitura Municipal de Coari - AM;1301209;AM;82209;Receitas Brutas Realizadas;1.2.1.0.29.07.00 - Contribuição do Servidor Ativo Civil para o Regime Próprio;siconfi-cor_RO1.2.1.0.29.07.00;2610067,51
Prefeitura Municipal de Coari - AM;1301209;AM;82209;Receitas Brutas Realizadas;1.2.1.0.29.15.00 - Contribuição Previdenciária em Regime de Parcelamento de Débitos;siconfi-cor_RO1.2.1.0.29.15.00;71348,88
Prefeitura Municipal de Coari - AM;1301209;AM;82209;Receitas Brutas Realizadas;1.3.0.0.00.00.00 - Receita Patrimonial;siconfi-cor_RO1.3.0.0.00.00.00;260016,2
Prefeitura Municipal de Coari - AM;1301209;AM;82209;Receitas Brutas Realizadas;1.3.2.0.00.00.00 - Receitas de Valores Mobiliários;siconfi-cor_RO1.3.2.0.00.00.00;260016,2
Prefeitura Municipal de Coari - AM;1301209;AM;82209;Receitas Brutas Realizadas;1.3.2.5.00.00.00 - Remuneração de Depósitos Bancários;siconfi-cor_RO1.3.2.5.00.00.00;260016,2
Prefeitura Municipal de Coari - AM;1301209;AM;82209;Receitas Brutas Realizadas;1.6.0.0.00.00.00 - Receita de Serviços;siconfi-cor_RO1.6.0.0.00.00.00;7030,87
Prefeitura Municipal de Coari - AM;1301209;AM;82209;Receitas Brutas Realizadas;1.6.0.0.99.00.00 - Demais Receitas de Serviços;siconfi-cor_RO1.6.0.0.99.00.00;7030,87
Prefeitura Municipal de Coari - AM;1301209;AM;82209;Receitas Brutas Realizadas;1.7.0.0.00.00.00 - Transferências Correntes;siconfi-cor_RO1.7.0.0.00.00.00;223050424,6
Prefeitura Municipal de Coari - AM;1301209;AM;82209;Receitas Brutas Realizadas;1.7.2.0.00.00.00 - Transferências Intergovernamentais;siconfi-cor_RO1.7.2.0.00.00.00;223050424,6
Prefeitura Municipal de Coari - AM;1301209;AM;82209;Receitas Brutas Realizadas;1.7.2.1.00.00.00 - Transferências da União;siconfi-cor_RO1.7.2.1.00.00.00;133237678,9
Prefeitura Municipal de Coari - AM;1301209;AM;82209;Receitas Brutas Realizadas;1.7.2.1.01.00.00 - Participação na Receita da União;siconfi-cor_RO1.7.2.1.01.00.00;25402790
Prefeitura Municipal de Coari - AM;1301209;AM;82209;Receitas Brutas Realizadas;1.7.2.1.01.02.00 - Cota-Parte do Fundo de Participação dos Municípios ¿ FPM;siconfi-cor_RO1.7.2.1.01.02.00;25397431,14
Prefeitura Municipal de Coari - AM;1301209;AM;82209;Receitas Brutas Realizadas;1.7.2.1.01.05.00 - Cota-Parte do Imposto Sobre a Propriedade Territorial Rural ¿ ITR;siconfi-cor_RO1.7.2.1.01.05.00;5358,86
Prefeitura Municipal de Coari - AM;1301209;AM;82209;Receitas Brutas Realizadas;1.7.2.1.22.00.00 - Transferências da Compensação Financeira pela Exploração de Recursos Naturais;siconfi-cor_RO1.7.2.1.22.00.00;90257359,03
Prefeitura Municipal de Coari - AM;1301209;AM;82209;Receitas Brutas Realizadas;1.7.2.1.22.11.00 - Cota-Parte da Compensação Financeira de Recursos Hídricos;siconfi-cor_RO1.7.2.1.22.11.00;1743,75
Prefeitura Municipal de Coari - AM;1301209;AM;82209;Receitas Brutas Realizadas;1.7.2.1.22.40.00 - Cota-Parte Royalties pelo Excedente da Produção do Petróleo - Lei nº 9.478/97 artigo 49 I e II;siconfi-cor_RO1.7.2.1.22.40.00;72381548,31
Prefeitura Municipal de Coari - AM;1301209;AM;82209;Receitas Brutas Realizadas;1.7.2.1.22.50.00 - Cota-Parte Royalties pela Participação Especial - Lei nº 9.478/97 artigo 50;siconfi-cor_RO1.7.2.1.22.50.00;17494014,69
Prefeitura Municipal de Coari - AM;1301209;AM;82209;Receitas Brutas Realizadas;1.7.2.1.22.70.00 - Cota-Parte do Fundo Especial do Petróleo ¿ FEP;siconfi-cor_RO1.7.2.1.22.70.00;380052,28
Prefeitura Municipal de Coari - AM;1301209;AM;82209;Receitas Brutas Realizadas;1.7.2.1.33.00.00 - Transferências de Recursos do Sistema Único de Saúde - SUS - Repasses Fundo a Fundo;siconfi-cor_RO1.7.2.1.33.00.00;12548940,17
Prefeitura Municipal de Coari - AM;1301209;AM;82209;Receitas Brutas Realizadas;1.7.2.1.34.00.00 - Transferências de Recursos do Fundo Nacional de Assistência Social ¿ FNAS;siconfi-cor_RO1.7.2.1.34.00.00;998956,41
Prefeitura Municipal de Coari - AM;1301209;AM;82209;Receitas Brutas Realizadas;1.7.2.1.35.00.00 - Transferências de Recursos do Fundo Nacional do Desenvolvimento da Educação ¿ FNDE;siconfi-cor_RO1.7.2.1.35.00.00;3178615,17
Prefeitura Municipal de Coari - AM;1301209;AM;82209;Receitas Brutas Realizadas;1.7.2.1.36.00.00 - Transferências Financeiras do ICMS ¿ Desoneração ¿ L.C. Nº 87/96;siconfi-cor_RO1.7.2.1.36.00.00;125549,76
Prefeitura Municipal de Coari - AM;1301209;AM;82209;Receitas Brutas Realizadas;1.7.2.1.99.00.00 - Outras Transferências da União;siconfi-cor_RO1.7.2.1.99.00.00;725468,39
Prefeitura Municipal de Coari - AM;1301209;AM;82209;Receitas Brutas Realizadas;1.7.2.2.00.00.00 - Transferências dos Estados;siconfi-cor_RO1.7.2.2.00.00.00;52348982,94
Prefeitura Municipal de Coari - AM;1301209;AM;82209;Receitas Brutas Realizadas;1.7.2.2.01.00.00 - Participação na Receita dos Estados;siconfi-cor_RO1.7.2.2.01.00.00;50511004,43
Prefeitura Municipal de Coari - AM;1301209;AM;82209;Receitas Brutas Realizadas;1.7.2.2.01.01.00 - Cota-Parte do ICMS;siconfi-cor_RO1.7.2.2.01.01.00;49854752,52
Prefeitura Municipal de Coari - AM;1301209;AM;82209;Receitas Brutas Realizadas;1.7.2.2.01.02.00 - Cota-Parte do IPVA;siconfi-cor_RO1.7.2.2.01.02.00;402631,55
Prefeitura Municipal de Coari - AM;1301209;AM;82209;Receitas Brutas Realizadas;1.7.2.2.01.04.00 - Cota-Parte do IPI sobre Exportação;siconfi-cor_RO1.7.2.2.01.04.00;241808,69
Prefeitura Municipal de Coari - AM;1301209;AM;82209;Receitas Brutas Realizadas;1.7.2.2.01.13.00 - Cota-Parte da Contribuição de Intervenção no Domínio Econômico;siconfi-cor_RO1.7.2.2.01.13.00;11811,67
Prefeitura Municipal de Coari - AM;1301209;AM;82209;Receitas Brutas Realizadas;1.7.2.2.22.00.00 - Transferências da Cota-Parte da Compensação Financeira (25%);siconfi-cor_RO1.7.2.2.22.00.00;783110,36
Prefeitura Municipal de Coari - AM;1301209;AM;82209;Receitas Brutas Realizadas;1.7.2.2.22.30.00 - Cota-Parte Royalties - Compensação Financeira pela Produção de Petróleo - Lei nº 7.990/89 artigo 9º;siconfi-cor_RO1.7.2.2.22.30.00;783110,36
Prefeitura Municipal de Coari - AM;1301209;AM;82209;Receitas Brutas Realizadas;1.7.2.2.99.00.00 - Outras Transferências dos Estados;siconfi-cor_RO1.7.2.2.99.00.00;1054868,15
Prefeitura Municipal de Coari - AM;1301209;AM;82209;Receitas Brutas Realizadas;1.7.2.4.00.00.00 - Transferências Multigovernamentais;siconfi-cor_RO1.7.2.4.00.00.00;37463762,74
Prefeitura Municipal de Coari - AM;1301209;AM;82209;Receitas Brutas Realizadas;1.7.2.4.01.00.00 - Transferências de Recursos do Fundo de Manutenção e Desenvolvimento do Ensino Fundamental e de Valorização do Magistério - FUNDEB;siconfi-cor_RO1.7.2.4.01.00.00;37463762,74
Prefeitura Municipal de Coari - AM;1301209;AM;82209;Receitas Brutas Realizadas;1.9.0.0.00.00.00 - Outras Receitas Correntes;siconfi-cor_RO1.9.0.0.00.00.00;259810,55
Prefeitura Municipal de Coari - AM;1301209;AM;82209;Receitas Brutas Realizadas;1.9.9.0.00.00.00 - Receitas Diversas;siconfi-cor_RO1.9.9.0.00.00.00;259810,55
Prefeitura Municipal de Coari - AM;1301209;AM;82209;Deduções - FUNDEB;Total Receitas;siconfi-cor_TotalReceitas;-14989773,56
Prefeitura Municipal de Coari - AM;1301209;AM;82209;Deduções - FUNDEB;1.0.0.0.00.00.00 - Receitas Correntes;siconfi-cor_RO1.0.0.0.00.00.00;-14989773,56
Prefeitura Municipal de Coari - AM;1301209;AM;82209;Deduções - FUNDEB;1.7.0.0.00.00.00 - Transferências Correntes;siconfi-cor_RO1.7.0.0.00.00.00;-14989773,56
Prefeitura Municipal de Coari - AM;1301209;AM;82209;Deduções - FUNDEB;1.7.2.0.00.00.00 - Transferências Intergovernamentais;siconfi-cor_RO1.7.2.0.00.00.00;-14989773,56
Prefeitura Municipal de Coari - AM;1301209;AM;82209;Deduções - FUNDEB;1.7.2.1.00.00.00 - Transferências da União;siconfi-cor_RO1.7.2.1.00.00.00;-4889932,58
Prefeitura Municipal de Coari - AM;1301209;AM;82209;Deduções - FUNDEB;1.7.2.1.01.00.00 - Participação na Receita da União;siconfi-cor_RO1.7.2.1.01.00.00;-4864822,7
Prefeitura Municipal de Coari - AM;1301209;AM;82209;Deduções - FUNDEB;1.7.2.1.01.02.00 - Cota-Parte do Fundo de Participação dos Municípios ¿ FPM;siconfi-cor_RO1.7.2.1.01.02.00;-4863752,45
Prefeitura Municipal de Coari - AM;1301209;AM;82209;Deduções - FUNDEB;1.7.2.1.01.05.00 - Cota-Parte do Imposto Sobre a Propriedade Territorial Rural ¿ ITR;siconfi-cor_RO1.7.2.1.01.05.00;-1070,25
Prefeitura Municipal de Coari - AM;1301209;AM;82209;Deduções - FUNDEB;1.7.2.1.36.00.00 - Transferências Financeiras do ICMS ¿ Desoneração ¿ L.C. Nº 87/96;siconfi-cor_RO1.7.2.1.36.00.00;-25109,88
Prefeitura Municipal de Coari - AM;1301209;AM;82209;Deduções - FUNDEB;1.7.2.2.00.00.00 - Transferências dos Estados;siconfi-cor_RO1.7.2.2.00.00.00;-10099840,98
Prefeitura Municipal de Coari - AM;1301209;AM;82209;Deduções - FUNDEB;1.7.2.2.01.00.00 - Participação na Receita dos Estados;siconfi-cor_RO1.7.2.2.01.00.00;-10099840,98
Prefeitura Municipal de Coari - AM;1301209;AM;82209;Deduções - FUNDEB;1.7.2.2.01.01.00 - Cota-Parte do ICMS;siconfi-cor_RO1.7.2.2.01.01.00;-9970950,5
Prefeitura Municipal de Coari - AM;1301209;AM;82209;Deduções - FUNDEB;1.7.2.2.01.02.00 - Cota-Parte do IPVA;siconfi-cor_RO1.7.2.2.01.02.00;-80528,74
Prefeitura Municipal de Coari - AM;1301209;AM;82209;Deduções - FUNDEB;1.7.2.2.01.04.00 - Cota-Parte do IPI sobre Exportação;siconfi-cor_RO1.7.2.2.01.04.00;-48361,74
Prefeitura Municipal de Itapiranga - AM;1302009;AM;8864;Receitas Brutas Realizadas;Total Receitas;siconfi-cor_TotalReceitas;22754186,85
Prefeitura Municipal de Itapiranga - AM;1302009;AM;8864;Receitas Brutas Realizadas;1.0.0.0.00.00.00 - Receitas Correntes;siconfi-cor_RO1.0.0.0.00.00.00;22215788,66
Prefeitura Municipal de Itapiranga - AM;1302009;AM;8864;Receitas Brutas Realizadas;1.1.0.0.00.00.00 - Receita Tributária;siconfi-cor_RO1.1.0.0.00.00.00;992650,12
Prefeitura Municipal de Itapiranga - AM;1302009;AM;8864;Receitas Brutas Realizadas;1.1.1.0.00.00.00 - Impostos;siconfi-cor_RO1.1.1.0.00.00.00;983471,06
Prefeitura Municipal de Itapiranga - AM;1302009;AM;8864;Receitas Brutas Realizadas;1.1.1.2.00.00.00 - Impostos sobre o Patrimônio e a Renda;siconfi-cor_RO1.1.1.2.00.00.00;91931,21
Prefeitura Municipal de Itapiranga - AM;1302009;AM;8864;Receitas Brutas Realizadas;1.1.1.2.02.00.00 - Imposto sobre a Propriedade Predial e Territorial Urbana ¿ IPTU;siconfi-cor_RO1.1.1.2.02.00.00;6510,07
Prefeitura Municipal de Itapiranga - AM;1302009;AM;8864;Receitas Brutas Realizadas;1.1.1.2.04.00.00 - Imposto sobre a Renda e Proventos de Qualquer Natureza ¿ IR;siconfi-cor_RO1.1.1.2.04.00.00;82281,96
Prefeitura Municipal de Itapiranga - AM;1302009;AM;8864;Receitas Brutas Realizadas;1.1.1.2.04.31.00 - Retido nas Fontes - Trabalho;siconfi-cor_RO1.1.1.2.04.31.00;75349,3
Prefeitura Municipal de Itapiranga - AM;1302009;AM;8864;Receitas Brutas Realizadas;1.1.1.2.04.32.00 - Retido nas Fontes - Capital;siconfi-cor_RO1.1.1.2.04.32.00;6932,66
Prefeitura Municipal de Itapiranga - AM;1302009;AM;8864;Receitas Brutas Realizadas;"1.1.1.2.08.00.00 - Imposto sobre Transmissão Inter Vivos"" de Bens Imóveis e de Direitos Reais sobre Imóveis ¿ ITBI""";siconfi-cor_RO1.1.1.2.08.00.00;3139,18
Prefeitura Municipal de Itapiranga - AM;1302009;AM;8864;Receitas Brutas Realizadas;1.1.1.3.00.00.00 - Impostos sobre a Produção e a Circulação;siconfi-cor_RO1.1.1.3.00.00.00;891539,85
Prefeitura Municipal de Itapiranga - AM;1302009;AM;8864;Receitas Brutas Realizadas;1.1.1.3.05.00.00 - Imposto sobre Serviços de Qualquer Natureza ¿ ISSQN;siconfi-cor_RO1.1.1.3.05.00.00;891539,85
Prefeitura Municipal de Itapiranga - AM;1302009;AM;8864;Receitas Brutas Realizadas;1.1.2.0.00.00.00 - Taxas;siconfi-cor_RO1.1.2.0.00.00.00;9179,06
Prefeitura Municipal de Itapiranga - AM;1302009;AM;8864;Receitas Brutas Realizadas;1.1.2.1.00.00.00 - Taxas pelo Exercício do Poder de Polícia;siconfi-cor_RO1.1.2.1.00.00.00;8031,2
Prefeitura Municipal de Itapiranga - AM;1302009;AM;8864;Receitas Brutas Realizadas;1.1.2.2.00.00.00 - Taxas pela Prestação de Serviços;siconfi-cor_RO1.1.2.2.00.00.00;1147,86
Prefeitura Municipal de Itapiranga - AM;1302009;AM;8864;Receitas Brutas Realizadas;1.3.0.0.00.00.00 - Receita Patrimonial;siconfi-cor_RO1.3.0.0.00.00.00;37780,49
Prefeitura Municipal de Itapiranga - AM;1302009;AM;8864;Receitas Brutas Realizadas;1.3.2.0.00.00.00 - Receitas de Valores Mobiliários;siconfi-cor_RO1.3.2.0.00.00.00;37780,49
Prefeitura Municipal de Itapiranga - AM;1302009;AM;8864;Receitas Brutas Realizadas;1.3.2.5.00.00.00 - Remuneração de Depósitos Bancários;siconfi-cor_RO1.3.2.5.00.00.00;37780,49
Prefeitura Municipal de Itapiranga - AM;1302009;AM;8864;Receitas Brutas Realizadas;1.6.0.0.00.00.00 - Receita de Serviços;siconfi-cor_RO1.6.0.0.00.00.00;23566,97
Prefeitura Municipal de Itapiranga - AM;1302009;AM;8864;Receitas Brutas Realizadas;1.6.0.0.13.00.00 - Serviços Administrativos;siconfi-cor_RO1.6.0.0.13.00.00;20
Prefeitura Municipal de Itapiranga - AM;1302009;AM;8864;Receitas Brutas Realizadas;1.6.0.0.99.00.00 - Demais Receitas de Serviços;siconfi-cor_RO1.6.0.0.99.00.00;23546,97
Prefeitura Municipal de Itapiranga - AM;1302009;AM;8864;Receitas Brutas Realizadas;1.7.0.0.00.00.00 - Transferências Correntes;siconfi-cor_RO1.7.0.0.00.00.00;19974506,28
Prefeitura Municipal de Itapiranga - AM;1302009;AM;8864;Receitas Brutas Realizadas;1.7.2.0.00.00.00 - Transferências Intergovernamentais;siconfi-cor_RO1.7.2.0.00.00.00;19974506,28
Prefeitura Municipal de Itapiranga - AM;1302009;AM;8864;Receitas Brutas Realizadas;1.7.2.1.00.00.00 - Transferências da União;siconfi-cor_RO1.7.2.1.00.00.00;8547555,91
Prefeitura Municipal de Itapiranga - AM;1302009;AM;8864;Receitas Brutas Realizadas;1.7.2.1.01.00.00 - Participação na Receita da União;siconfi-cor_RO1.7.2.1.01.00.00;5867365,43
Prefeitura Municipal de Itapiranga - AM;1302009;AM;8864;Receitas Brutas Realizadas;1.7.2.1.01.02.00 - Cota-Parte do Fundo de Participação dos Municípios ¿ FPM;siconfi-cor_RO1.7.2.1.01.02.00;5860945,63
Prefeitura Municipal de Itapiranga - AM;1302009;AM;8864;Receitas Brutas Realizadas;1.7.2.1.01.05.00 - Cota-Parte do Imposto Sobre a Propriedade Territorial Rural ¿ ITR;siconfi-cor_RO1.7.2.1.01.05.00;6419,8
Prefeitura Municipal de Itapiranga - AM;1302009;AM;8864;Receitas Brutas Realizadas;1.7.2.1.22.00.00 - Transferências da Compensação Financeira pela Exploração de Recursos Naturais;siconfi-cor_RO1.7.2.1.22.00.00;204130,82
Prefeitura Municipal de Itapiranga - AM;1302009;AM;8864;Receitas Brutas Realizadas;1.7.2.1.22.40.00 - Cota-Parte Royalties pelo Excedente da Produção do Petróleo - Lei nº 9.478/97 artigo 49 I e II;siconfi-cor_RO1.7.2.1.22.40.00;116426,45
Prefeitura Municipal de Itapiranga - AM;1302009;AM;8864;Receitas Brutas Realizadas;1.7.2.1.22.70.00 - Cota-Parte do Fundo Especial do Petróleo ¿ FEP;siconfi-cor_RO1.7.2.1.22.70.00;87704,37
Prefeitura Municipal de Itapiranga - AM;1302009;AM;8864;Receitas Brutas Realizadas;1.7.2.1.33.00.00 - Transferências de Recursos do Sistema Único de Saúde - SUS - Repasses Fundo a Fundo;siconfi-cor_RO1.7.2.1.33.00.00;1616716,33
Prefeitura Municipal de Itapiranga - AM;1302009;AM;8864;Receitas Brutas Realizadas;1.7.2.1.34.00.00 - Transferências de Recursos do Fundo Nacional de Assistência Social ¿ FNAS;siconfi-cor_RO1.7.2.1.34.00.00;265256,63
Prefeitura Municipal de Itapiranga - AM;1302009;AM;8864;Receitas Brutas Realizadas;1.7.2.1.35.00.00 - Transferências de Recursos do Fundo Nacional do Desenvolvimento da Educação ¿ FNDE;siconfi-cor_RO1.7.2.1.35.00.00;451991,36
Prefeitura Municipal de Itapiranga - AM;1302009;AM;8864;Receitas Brutas Realizadas;1.7.2.1.36.00.00 - Transferências Financeiras do ICMS ¿ Desoneração ¿ L.C. Nº 87/96;siconfi-cor_RO1.7.2.1.36.00.00;16018,56
Prefeitura Municipal de Itapiranga - AM;1302009;AM;8864;Receitas Brutas Realizadas;1.7.2.1.99.00.00 - Outras Transferências da União;siconfi-cor_RO1.7.2.1.99.00.00;126076,78
Prefeitura Municipal de Itapiranga - AM;1302009;AM;8864;Receitas Brutas Realizadas;1.7.2.2.00.00.00 - Transferências dos Estados;siconfi-cor_RO1.7.2.2.00.00.00;6652686,66
Prefeitura Municipal de Itapiranga - AM;1302009;AM;8864;Receitas Brutas Realizadas;1.7.2.2.01.00.00 - Participação na Receita dos Estados;siconfi-cor_RO1.7.2.2.01.00.00;6449801,44
Prefeitura Municipal de Itapiranga - AM;1302009;AM;8864;Receitas Brutas Realizadas;1.7.2.2.01.01.00 - Cota-Parte do ICMS;siconfi-cor_RO1.7.2.2.01.01.00;6360858,99
Prefeitura Municipal de Itapiranga - AM;1302009;AM;8864;Receitas Brutas Realizadas;1.7.2.2.01.02.00 - Cota-Parte do IPVA;siconfi-cor_RO1.7.2.2.01.02.00;55998,71
Prefeitura Municipal de Itapiranga - AM;1302009;AM;8864;Receitas Brutas Realizadas;1.7.2.2.01.04.00 - Cota-Parte do IPI sobre Exportação;siconfi-cor_RO1.7.2.2.01.04.00;30851,85
Prefeitura Municipal de Itapiranga - AM;1302009;AM;8864;Receitas Brutas Realizadas;1.7.2.2.01.13.00 - Cota-Parte da Contribuição de Intervenção no Domínio Econômico;siconfi-cor_RO1.7.2.2.01.13.00;2091,89
Prefeitura Municipal de Itapiranga - AM;1302009;AM;8864;Receitas Brutas Realizadas;1.7.2.2.22.00.00 - Transferências da Cota-Parte da Compensação Financeira (25%);siconfi-cor_RO1.7.2.2.22.00.00;99915,34
Prefeitura Municipal de Itapiranga - AM;1302009;AM;8864;Receitas Brutas Realizadas;1.7.2.2.22.30.00 - Cota-Parte Royalties - Compensação Financeira pela Produção de Petróleo - Lei nº 7.990/89 artigo 9º;siconfi-cor_RO1.7.2.2.22.30.00;99915,34
Prefeitura Municipal de Itapiranga - AM;1302009;AM;8864;Receitas Brutas Realizadas;1.7.2.2.33.00.00 - Transferências de Recursos do Estado para Programas de Saúde - Repasse Fundo a Fundo;siconfi-cor_RO1.7.2.2.33.00.00;102969,88
Prefeitura Municipal de Itapiranga - AM;1302009;AM;8864;Receitas Brutas Realizadas;1.7.2.4.00.00.00 - Transferências Multigovernamentais;siconfi-cor_RO1.7.2.4.00.00.00;4774263,71
Prefeitura Municipal de Itapiranga - AM;1302009;AM;8864;Receitas Brutas Realizadas;1.7.2.4.01.00.00 - Transferências de Recursos do Fundo de Manutenção e Desenvolvimento do Ensino Fundamental e de Valorização do Magistério - FUNDEB;siconfi-cor_RO1.7.2.4.01.00.00;3775726,81
Prefeitura Municipal de Itapiranga - AM;1302009;AM;8864;Receitas Brutas Realizadas;1.7.2.4.02.00.00 - Transferências de Recursos da Complementação ao Fundo de Manutenção e Desenvolvimento do Ensino Fundamental e de Valorização do Magistério - FUNDEB;siconfi-cor_RO1.7.2.4.02.00.00;998536,9
Prefeitura Municipal de Itapiranga - AM;1302009;AM;8864;Receitas Brutas Realizadas;1.9.0.0.00.00.00 - Outras Receitas Correntes;siconfi-cor_RO1.9.0.0.00.00.00;1187284,8
Prefeitura Municipal de Itapiranga - AM;1302009;AM;8864;Receitas Brutas Realizadas;1.9.2.0.00.00.00 - Indenizações e Restituições;siconfi-cor_RO1.9.2.0.00.00.00;1187284,8
Prefeitura Municipal de Itapiranga - AM;1302009;AM;8864;Receitas Brutas Realizadas;1.9.2.2.00.00.00 - Restituições;siconfi-cor_RO1.9.2.2.00.00.00;1187284,8
Prefeitura Municipal de Itapiranga - AM;1302009;AM;8864;Receitas Brutas Realizadas;1.9.2.2.99.00.00 - Outras Restituições;siconfi-cor_RO1.9.2.2.99.00.00;1187284,8
Prefeitura Municipal de Itapiranga - AM;1302009;AM;8864;Receitas Brutas Realizadas;2.0.0.0.00.00.00 - Receitas de Capital;siconfi-cor_RO2.0.0.0.00.00.00;538398,19
Prefeitura Municipal de Itapiranga - AM;1302009;AM;8864;Receitas Brutas Realizadas;2.4.0.0.00.00.00 - Transferências de Capital;siconfi-cor_RO2.4.0.0.00.00.00;538398,19
Prefeitura Municipal de Itapiranga - AM;1302009;AM;8864;Receitas Brutas Realizadas;2.4.2.0.00.00.00 - Transferências Intergovernamentais;siconfi-cor_RO2.4.2.0.00.00.00;538398,19
Prefeitura Municipal de Itapiranga - AM;1302009;AM;8864;Receitas Brutas Realizadas;2.4.2.1.00.00.00 - Transferências da União;siconfi-cor_RO2.4.2.1.00.00.00;538398,19
Prefeitura Municipal de Itapiranga - AM;1302009;AM;8864;Receitas Brutas Realizadas;2.4.2.1.01.00.00 - Participação na Receita da União;siconfi-cor_RO2.4.2.1.01.00.00;489600
Prefeitura Municipal de Itapiranga - AM;1302009;AM;8864;Receitas Brutas Realizadas;2.4.2.1.02.00.00 - Transferências de Recursos Destinados a Programas de Educação;siconfi-cor_RO2.4.2.1.02.00.00;48798,19
Prefeitura Municipal de Itapiranga - AM;1302009;AM;8864;Deduções - FUNDEB;Total Receitas;siconfi-cor_TotalReceitas;2416433,1
Prefeitura Municipal de Itapiranga - AM;1302009;AM;8864;Deduções - FUNDEB;1.0.0.0.00.00.00 - Receitas Correntes;siconfi-cor_RO1.0.0.0.00.00.00;2416433,1
Prefeitura Municipal de Itapiranga - AM;1302009;AM;8864;Deduções - FUNDEB;1.7.0.0.00.00.00 - Transferências Correntes;siconfi-cor_RO1.7.0.0.00.00.00;2416433,1
Prefeitura Municipal de Itapiranga - AM;1302009;AM;8864;Deduções - FUNDEB;1.7.2.0.00.00.00 - Transferências Intergovernamentais;siconfi-cor_RO1.7.2.0.00.00.00;2416433,1
Prefeitura Municipal de Itapiranga - AM;1302009;AM;8864;Deduções - FUNDEB;1.7.2.1.00.00.00 - Transferências da União;siconfi-cor_RO1.7.2.1.00.00.00;1126891,7
Prefeitura Municipal de Itapiranga - AM;1302009;AM;8864;Deduções - FUNDEB;1.7.2.1.01.00.00 - Participação na Receita da União;siconfi-cor_RO1.7.2.1.01.00.00;1123688,06
Prefeitura Municipal de Itapiranga - AM;1302009;AM;8864;Deduções - FUNDEB;1.7.2.1.01.02.00 - Cota-Parte do Fundo de Participação dos Municípios ¿ FPM;siconfi-cor_RO1.7.2.1.01.02.00;1122404,17
Prefeitura Municipal de Itapiranga - AM;1302009;AM;8864;Deduções - FUNDEB;1.7.2.1.01.05.00 - Cota-Parte do Imposto Sobre a Propriedade Territorial Rural ¿ ITR;siconfi-cor_RO1.7.2.1.01.05.00;1283,89
Prefeitura Municipal de Itapiranga - AM;1302009;AM;8864;Deduções - FUNDEB;1.7.2.1.36.00.00 - Transferências Financeiras do ICMS ¿ Desoneração ¿ L.C. Nº 87/96;siconfi-cor_RO1.7.2.1.36.00.00;3203,64
Prefeitura Municipal de Itapiranga - AM;1302009;AM;8864;Deduções - FUNDEB;1.7.2.2.00.00.00 - Transferências dos Estados;siconfi-cor_RO1.7.2.2.00.00.00;1289541,4
Prefeitura Municipal de Itapiranga - AM;1302009;AM;8864;Deduções - FUNDEB;1.7.2.2.01.00.00 - Participação na Receita dos Estados;siconfi-cor_RO1.7.2.2.01.00.00;1289541,4
Prefeitura Municipal de Itapiranga - AM;1302009;AM;8864;Deduções - FUNDEB;1.7.2.2.01.01.00 - Cota-Parte do ICMS;siconfi-cor_RO1.7.2.2.01.01.00;1272171,78
Prefeitura Municipal de Itapiranga - AM;1302009;AM;8864;Deduções - FUNDEB;1.7.2.2.01.02.00 - Cota-Parte do IPVA;siconfi-cor_RO1.7.2.2.01.02.00;11199,26
Prefeitura Municipal de Itapiranga - AM;1302009;AM;8864;Deduções - FUNDEB;1.7.2.2.01.04.00 - Cota-Parte do IPI sobre Exportação;siconfi-cor_RO1.7.2.2.01.04.00;6170,36
Prefeitura Municipal de Humaitá - AM;1301704;AM;50230;Receitas Brutas Realizadas;Total Receitas;siconfi-cor_TotalReceitas;88109253,99
Prefeitura Municipal de Humaitá - AM;1301704;AM;50230;Receitas Brutas Realizadas;1.0.0.0.00.00.00 - Receitas Correntes;siconfi-cor_RO1.0.0.0.00.00.00;83979761,35
Prefeitura Municipal de Humaitá - AM;1301704;AM;50230;Receitas Brutas Realizadas;1.1.0.0.00.00.00 - Receita Tributária;siconfi-cor_RO1.1.0.0.00.00.00;5313433,59
Prefeitura Municipal de Humaitá - AM;1301704;AM;50230;Receitas Brutas Realizadas;1.1.1.0.00.00.00 - Impostos;siconfi-cor_RO1.1.1.0.00.00.00;4745553,95
Prefeitura Municipal de Humaitá - AM;1301704;AM;50230;Receitas Brutas Realizadas;1.1.1.2.00.00.00 - Impostos sobre o Patrimônio e a Renda;siconfi-cor_RO1.1.1.2.00.00.00;1466158,64
Prefeitura Municipal de Humaitá - AM;1301704;AM;50230;Receitas Brutas Realizadas;1.1.1.2.02.00.00 - Imposto sobre a Propriedade Predial e Territorial Urbana ¿ IPTU;siconfi-cor_RO1.1.1.2.02.00.00;98856,88
Prefeitura Municipal de Humaitá - AM;1301704;AM;50230;Receitas Brutas Realizadas;1.1.1.2.04.00.00 - Imposto sobre a Renda e Proventos de Qualquer Natureza ¿ IR;siconfi-cor_RO1.1.1.2.04.00.00;1367301,76
Prefeitura Municipal de Humaitá - AM;1301704;AM;50230;Receitas Brutas Realizadas;1.1.1.2.04.31.00 - Retido nas Fontes - Trabalho;siconfi-cor_RO1.1.1.2.04.31.00;324285,67
Prefeitura Municipal de Humaitá - AM;1301704;AM;50230;Receitas Brutas Realizadas;1.1.1.2.04.34.00 - Retido nas Fontes - Outros Rendimentos;siconfi-cor_RO1.1.1.2.04.34.00;1043016,09
Prefeitura Municipal de Humaitá - AM;1301704;AM;50230;Receitas Brutas Realizadas;1.1.1.3.00.00.00 - Impostos sobre a Produção e a Circulação;siconfi-cor_RO1.1.1.3.00.00.00;3279395,31
Prefeitura Municipal de Humaitá - AM;1301704;AM;50230;Receitas Brutas Realizadas;1.1.1.3.05.00.00 - Imposto sobre Serviços de Qualquer Natureza ¿ ISSQN;siconfi-cor_RO1.1.1.3.05.00.00;3279395,31
Prefeitura Municipal de Humaitá - AM;1301704;AM;50230;Receitas Brutas Realizadas;1.1.2.0.00.00.00 - Taxas;siconfi-cor_RO1.1.2.0.00.00.00;567879,64
Prefeitura Municipal de Humaitá - AM;1301704;AM;50230;Receitas Brutas Realizadas;1.1.2.2.00.00.00 - Taxas pela Prestação de Serviços;siconfi-cor_RO1.1.2.2.00.00.00;567879,64
Prefeitura Municipal de Humaitá - AM;1301704;AM;50230;Receitas Brutas Realizadas;1.3.0.0.00.00.00 - Receita Patrimonial;siconfi-cor_RO1.3.0.0.00.00.00;456199
Prefeitura Municipal de Humaitá - AM;1301704;AM;50230;Receitas Brutas Realizadas;1.3.2.0.00.00.00 - Receitas de Valores Mobiliários;siconfi-cor_RO1.3.2.0.00.00.00;456199
Prefeitura Municipal de Humaitá - AM;1301704;AM;50230;Receitas Brutas Realizadas;1.3.2.5.00.00.00 - Remuneração de Depósitos Bancários;siconfi-cor_RO1.3.2.5.00.00.00;456199
Prefeitura Municipal de Humaitá - AM;1301704;AM;50230;Receitas Brutas Realizadas;1.6.0.0.00.00.00 - Receita de Serviços;siconfi-cor_RO1.6.0.0.00.00.00;31591,16
Prefeitura Municipal de Humaitá - AM;1301704;AM;50230;Receitas Brutas Realizadas;1.6.0.0.03.00.00 - Serviços de Transporte;siconfi-cor_RO1.6.0.0.03.00.00;26140,47
Prefeitura Municipal de Humaitá - AM;1301704;AM;50230;Receitas Brutas Realizadas;1.6.0.0.13.00.00 - Serviços Administrativos;siconfi-cor_RO1.6.0.0.13.00.00;457,2
Prefeitura Municipal de Humaitá - AM;1301704;AM;50230;Receitas Brutas Realizadas;1.6.0.0.99.00.00 - Demais Receitas de Serviços;siconfi-cor_RO1.6.0.0.99.00.00;4993,49
Prefeitura Municipal de Humaitá - AM;1301704;AM;50230;Receitas Brutas Realizadas;1.7.0.0.00.00.00 - Transferências Correntes;siconfi-cor_RO1.7.0.0.00.00.00;77126611,58
Prefeitura Municipal de Humaitá - AM;1301704;AM;50230;Receitas Brutas Realizadas;1.7.2.0.00.00.00 - Transferências Intergovernamentais;siconfi-cor_RO1.7.2.0.00.00.00;72339982,98
Prefeitura Municipal de Humaitá - AM;1301704;AM;50230;Receitas Brutas Realizadas;1.7.2.1.00.00.00 - Transferências da União;siconfi-cor_RO1.7.2.1.00.00.00;32978053,14
Prefeitura Municipal de Humaitá - AM;1301704;AM;50230;Receitas Brutas Realizadas;1.7.2.1.01.00.00 - Participação na Receita da União;siconfi-cor_RO1.7.2.1.01.00.00;19695573,74
Prefeitura Municipal de Humaitá - AM;1301704;AM;50230;Receitas Brutas Realizadas;1.7.2.1.01.02.00 - Cota-Parte do Fundo de Participação dos Municípios ¿ FPM;siconfi-cor_RO1.7.2.1.01.02.00;19536485,54
Prefeitura Municipal de Humaitá - AM;1301704;AM;50230;Receitas Brutas Realizadas;1.7.2.1.01.05.00 - Cota-Parte do Imposto Sobre a Propriedade Territorial Rural ¿ ITR;siconfi-cor_RO1.7.2.1.01.05.00;57449,53
Prefeitura Municipal de Humaitá - AM;1301704;AM;50230;Receitas Brutas Realizadas;1.7.2.1.01.32.00 - Cota-Parte do Imposto Sobre Operações de Crédito Câmbio e Seguro ou Relativas a Títulos ou Valores Mobiliários ¿ Comercialização do Ouro;siconfi-cor_RO1.7.2.1.01.32.00;101638,67
Prefeitura Municipal de Humaitá - AM;1301704;AM;50230;Receitas Brutas Realizadas;1.7.2.1.22.00.00 - Transferências da Compensação Financeira pela Exploração de Recursos Naturais;siconfi-cor_RO1.7.2.1.22.00.00;315699,79
Prefeitura Municipal de Humaitá - AM;1301704;AM;50230;Receitas Brutas Realizadas;1.7.2.1.22.20.00 - Cota-Parte da Compensação Financeira de Recursos Minerais - CFEM;siconfi-cor_RO1.7.2.1.22.20.00;23351,89
Prefeitura Municipal de Humaitá - AM;1301704;AM;50230;Receitas Brutas Realizadas;1.7.2.1.22.70.00 - Cota-Parte do Fundo Especial do Petróleo ¿ FEP;siconfi-cor_RO1.7.2.1.22.70.00;292347,9
Prefeitura Municipal de Humaitá - AM;1301704;AM;50230;Receitas Brutas Realizadas;1.7.2.1.33.00.00 - Transferências de Recursos do Sistema Único de Saúde - SUS - Repasses Fundo a Fundo;siconfi-cor_RO1.7.2.1.33.00.00;9971039,2
Prefeitura Municipal de Humaitá - AM;1301704;AM;50230;Receitas Brutas Realizadas;1.7.2.1.34.00.00 - Transferências de Recursos do Fundo Nacional de Assistência Social ¿ FNAS;siconfi-cor_RO1.7.2.1.34.00.00;674504,8
Prefeitura Municipal de Humaitá - AM;1301704;AM;50230;Receitas Brutas Realizadas;1.7.2.1.35.00.00 - Transferências de Recursos do Fundo Nacional do Desenvolvimento da Educação ¿ FNDE;siconfi-cor_RO1.7.2.1.35.00.00;1774084,41
Prefeitura Municipal de Humaitá - AM;1301704;AM;50230;Receitas Brutas Realizadas;1.7.2.1.36.00.00 - Transferências Financeiras do ICMS ¿ Desoneração ¿ L.C. Nº 87/96;siconfi-cor_RO1.7.2.1.36.00.00;40304,76
Prefeitura Municipal de Humaitá - AM;1301704;AM;50230;Receitas Brutas Realizadas;1.7.2.1.99.00.00 - Outras Transferências da União;siconfi-cor_RO1.7.2.1.99.00.00;506846,44
Prefeitura Municipal de Humaitá - AM;1301704;AM;50230;Receitas Brutas Realizadas;1.7.2.2.00.00.00 - Transferências dos Estados;siconfi-cor_RO1.7.2.2.00.00.00;17153233,39
Prefeitura Municipal de Humaitá - AM;1301704;AM;50230;Receitas Brutas Realizadas;1.7.2.2.01.00.00 - Participação na Receita dos Estados;siconfi-cor_RO1.7.2.2.01.00.00;16533189,09
Prefeitura Municipal de Humaitá - AM;1301704;AM;50230;Receitas Brutas Realizadas;1.7.2.2.01.01.00 - Cota-Parte do ICMS;siconfi-cor_RO1.7.2.2.01.01.00;16004676,35
Prefeitura Municipal de Humaitá - AM;1301704;AM;50230;Receitas Brutas Realizadas;1.7.2.2.01.02.00 - Cota-Parte do IPVA;siconfi-cor_RO1.7.2.2.01.02.00;442702,27
Prefeitura Municipal de Humaitá - AM;1301704;AM;50230;Receitas Brutas Realizadas;1.7.2.2.01.04.00 - Cota-Parte do IPI sobre Exportação;siconfi-cor_RO1.7.2.2.01.04.00;77626,9
Prefeitura Municipal de Humaitá - AM;1301704;AM;50230;Receitas Brutas Realizadas;1.7.2.2.01.13.00 - Cota-Parte da Contribuição de Intervenção no Domínio Econômico;siconfi-cor_RO1.7.2.2.01.13.00;8183,57
Prefeitura Municipal de Humaitá - AM;1301704;AM;50230;Receitas Brutas Realizadas;1.7.2.2.22.00.00 - Transferências da Cota-Parte da Compensação Financeira (25%);siconfi-cor_RO1.7.2.2.22.00.00;251398,86
Prefeitura Municipal de Humaitá - AM;1301704;AM;50230;Receitas Brutas Realizadas;1.7.2.2.22.30.00 - Cota-Parte Royalties - Compensação Financeira pela Produção de Petróleo - Lei nº 7.990/89 artigo 9º;siconfi-cor_RO1.7.2.2.22.30.00;251398,86
Prefeitura Municipal de Humaitá - AM;1301704;AM;50230;Receitas Brutas Realizadas;1.7.2.2.33.00.00 - Transferências de Recursos do Estado para Programas de Saúde - Repasse Fundo a Fundo;siconfi-cor_RO1.7.2.2.33.00.00;112200
Prefeitura Municipal de Humaitá - AM;1301704;AM;50230;Receitas Brutas Realizadas;1.7.2.2.99.00.00 - Outras Transferências dos Estados;siconfi-cor_RO1.7.2.2.99.00.00;256445,44
Prefeitura Municipal de Humaitá - AM;1301704;AM;50230;Receitas Brutas Realizadas;1.7.2.4.00.00.00 - Transferências Multigovernamentais;siconfi-cor_RO1.7.2.4.00.00.00;22208696,45
Prefeitura Municipal de Humaitá - AM;1301704;AM;50230;Receitas Brutas Realizadas;1.7.2.4.01.00.00 - Transferências de Recursos do Fundo de Manutenção e Desenvolvimento do Ensino Fundamental e de Valorização do Magistério - FUNDEB;siconfi-cor_RO1.7.2.4.01.00.00;17943653,92
Prefeitura Municipal de Humaitá - AM;1301704;AM;50230;Receitas Brutas Realizadas;1.7.2.4.02.00.00 - Transferências de Recursos da Complementação ao Fundo de Manutenção e Desenvolvimento do Ensino Fundamental e de Valorização do Magistério - FUNDEB;siconfi-cor_RO1.7.2.4.02.00.00;4265042,53
Prefeitura Municipal de Humaitá - AM;1301704;AM;50230;Receitas Brutas Realizadas;1.7.6.0.00.00.00 - Transferências de Convênios;siconfi-cor_RO1.7.6.0.00.00.00;4786628,6
Prefeitura Municipal de Humaitá - AM;1301704;AM;50230;Receitas Brutas Realizadas;1.7.6.1.00.00.00 - Transferências de Convênios da União e de Suas Entidades;siconfi-cor_RO1.7.6.1.00.00.00;942000
Prefeitura Municipal de Humaitá - AM;1301704;AM;50230;Receitas Brutas Realizadas;1.7.6.1.99.00.00 - Outras Transferências de Convênios da União;siconfi-cor_RO1.7.6.1.99.00.00;942000
Prefeitura Municipal de Humaitá - AM;1301704;AM;50230;Receitas Brutas Realizadas;1.7.6.2.00.00.00 - Transferências de Convênios dos Estados e do Distrito Federal e de Suas Entidades;siconfi-cor_RO1.7.6.2.00.00.00;3844628,6
Prefeitura Municipal de Humaitá - AM;1301704;AM;50230;Receitas Brutas Realizadas;1.7.6.2.99.00.00 - Outras Transferências de Convênios dos Estados;siconfi-cor_RO1.7.6.2.99.00.00;3844628,6
Prefeitura Municipal de Humaitá - AM;1301704;AM;50230;Receitas Brutas Realizadas;1.9.0.0.00.00.00 - Outras Receitas Correntes;siconfi-cor_RO1.9.0.0.00.00.00;1051926,02
Prefeitura Municipal de Humaitá - AM;1301704;AM;50230;Receitas Brutas Realizadas;1.9.1.0.00.00.00 - Multas e Juros de Mora;siconfi-cor_RO1.9.1.0.00.00.00;23871,54
Prefeitura Municipal de Humaitá - AM;1301704;AM;50230;Receitas Brutas Realizadas;1.9.1.1.00.00.00 - Multas e Juros de Mora dos Tributos;siconfi-cor_RO1.9.1.1.00.00.00;23871,54
Prefeitura Municipal de Humaitá - AM;1301704;AM;50230;Receitas Brutas Realizadas;1.9.3.0.00.00.00 - Receita da Dívida Ativa;siconfi-cor_RO1.9.3.0.00.00.00;102080,21
Prefeitura Municipal de Humaitá - AM;1301704;AM;50230;Receitas Brutas Realizadas;1.9.3.1.00.00.00 - Receita da Dívida Ativa Tributária;siconfi-cor_RO1.9.3.1.00.00.00;102080,21
Prefeitura Municipal de Humaitá - AM;1301704;AM;50230;Receitas Brutas Realizadas;1.9.9.0.00.00.00 - Receitas Diversas;siconfi-cor_RO1.9.9.0.00.00.00;925974,27
Prefeitura Municipal de Humaitá - AM;1301704;AM;50230;Receitas Brutas Realizadas;2.0.0.0.00.00.00 - Receitas de Capital;siconfi-cor_RO2.0.0.0.00.00.00;4129492,64
Prefeitura Municipal de Humaitá - AM;1301704;AM;50230;Receitas Brutas Realizadas;2.2.0.0.00.00.00 - Alienação de Bens;siconfi-cor_RO2.2.0.0.00.00.00;119700
Prefeitura Municipal de Humaitá - AM;1301704;AM;50230;Receitas Brutas Realizadas;2.2.1.0.00.00.00 - Alienação de Bens Móveis;siconfi-cor_RO2.2.1.0.00.00.00;119700
Prefeitura Municipal de Humaitá - AM;1301704;AM;50230;Receitas Brutas Realizadas;2.4.0.0.00.00.00 - Transferências de Capital;siconfi-cor_RO2.4.0.0.00.00.00;4009792,64
Prefeitura Municipal de Humaitá - AM;1301704;AM;50230;Receitas Brutas Realizadas;2.4.7.0.00.00.00 - Transferências de Convênios;siconfi-cor_RO2.4.7.0.00.00.00;4009792,64
Prefeitura Municipal de Humaitá - AM;1301704;AM;50230;Receitas Brutas Realizadas;2.4.7.1.00.00.00 - Transferências de Convênios da União e de suas Entidades;siconfi-cor_RO2.4.7.1.00.00.00;1110000
Prefeitura Municipal de Humaitá - AM;1301704;AM;50230;Receitas Brutas Realizadas;2.4.7.1.99.00.00 - Outras Transferências de Convênios da União;siconfi-cor_RO2.4.7.1.99.00.00;1110000
Prefeitura Municipal de Humaitá - AM;1301704;AM;50230;Receitas Brutas Realizadas;2.4.7.2.00.00.00 - Transferências de Convênios dos Estados e do Distrito Federal e de suas Entidades;siconfi-cor_RO2.4.7.2.00.00.00;2899792,64
Prefeitura Municipal de Humaitá - AM;1301704;AM;50230;Receitas Brutas Realizadas;2.4.7.2.99.00.00 - Outras Transferências de Convênios dos Estados;siconfi-cor_RO2.4.7.2.99.00.00;2899792,64
Prefeitura Municipal de Humaitá - AM;1301704;AM;50230;Deduções - FUNDEB;Total Receitas;siconfi-cor_TotalReceitas;-7065898,69
Prefeitura Municipal de Humaitá - AM;1301704;AM;50230;Deduções - FUNDEB;1.0.0.0.00.00.00 - Receitas Correntes;siconfi-cor_RO1.0.0.0.00.00.00;-7065898,69
Prefeitura Municipal de Humaitá - AM;1301704;AM;50230;Deduções - FUNDEB;1.7.0.0.00.00.00 - Transferências Correntes;siconfi-cor_RO1.7.0.0.00.00.00;-7065898,69
Prefeitura Municipal de Humaitá - AM;1301704;AM;50230;Deduções - FUNDEB;1.7.2.0.00.00.00 - Transferências Intergovernamentais;siconfi-cor_RO1.7.2.0.00.00.00;-7065898,69
Prefeitura Municipal de Humaitá - AM;1301704;AM;50230;Deduções - FUNDEB;1.7.2.1.00.00.00 - Transferências da União;siconfi-cor_RO1.7.2.1.00.00.00;-3760898,64
Prefeitura Municipal de Humaitá - AM;1301704;AM;50230;Deduções - FUNDEB;1.7.2.1.01.00.00 - Participação na Receita da União;siconfi-cor_RO1.7.2.1.01.00.00;-3752837,76
Prefeitura Municipal de Humaitá - AM;1301704;AM;50230;Deduções - FUNDEB;1.7.2.1.01.02.00 - Cota-Parte do Fundo de Participação dos Municípios ¿ FPM;siconfi-cor_RO1.7.2.1.01.02.00;-3741347,99
Prefeitura Municipal de Humaitá - AM;1301704;AM;50230;Deduções - FUNDEB;1.7.2.1.01.05.00 - Cota-Parte do Imposto Sobre a Propriedade Territorial Rural ¿ ITR;siconfi-cor_RO1.7.2.1.01.05.00;-11489,77
Prefeitura Municipal de Humaitá - AM;1301704;AM;50230;Deduções - FUNDEB;1.7.2.1.36.00.00 - Transferências Financeiras do ICMS ¿ Desoneração ¿ L.C. Nº 87/96;siconfi-cor_RO1.7.2.1.36.00.00;-8060,88
Prefeitura Municipal de Humaitá - AM;1301704;AM;50230;Deduções - FUNDEB;1.7.2.2.00.00.00 - Transferências dos Estados;siconfi-cor_RO1.7.2.2.00.00.00;-3305000,05
Prefeitura Municipal de Humaitá - AM;1301704;AM;50230;Deduções - FUNDEB;1.7.2.2.01.00.00 - Participação na Receita dos Estados;siconfi-cor_RO1.7.2.2.01.00.00;-3305000,05
Prefeitura Municipal de Humaitá - AM;1301704;AM;50230;Deduções - FUNDEB;1.7.2.2.01.01.00 - Cota-Parte do ICMS;siconfi-cor_RO1.7.2.2.01.01.00;-3200935,26
Prefeitura Municipal de Humaitá - AM;1301704;AM;50230;Deduções - FUNDEB;1.7.2.2.01.02.00 - Cota-Parte do IPVA;siconfi-cor_RO1.7.2.2.01.02.00;-88539,42
Prefeitura Municipal de Humaitá - AM;1301704;AM;50230;Deduções - FUNDEB;1.7.2.2.01.04.00 - Cota-Parte do IPI sobre Exportação;siconfi-cor_RO1.7.2.2.01.04.00;-15525,37
Prefeitura Municipal de Itacoatiara - AM;1301902;AM;95714;Receitas Brutas Realizadas;Total Receitas;siconfi-cor_TotalReceitas;210821939,8
Prefeitura Municipal de Itacoatiara - AM;1301902;AM;95714;Receitas Brutas Realizadas;1.0.0.0.00.00.00 - Receitas Correntes;siconfi-cor_RO1.0.0.0.00.00.00;181132960,9
Prefeitura Municipal de Itacoatiara - AM;1301902;AM;95714;Receitas Brutas Realizadas;1.1.0.0.00.00.00 - Receita Tributária;siconfi-cor_RO1.1.0.0.00.00.00;14658333,57
Prefeitura Municipal de Itacoatiara - AM;1301902;AM;95714;Receitas Brutas Realizadas;1.1.1.0.00.00.00 - Impostos;siconfi-cor_RO1.1.1.0.00.00.00;14352005,96
Prefeitura Municipal de Itacoatiara - AM;1301902;AM;95714;Receitas Brutas Realizadas;1.1.1.2.00.00.00 - Impostos sobre o Patrimônio e a Renda;siconfi-cor_RO1.1.1.2.00.00.00;2610201,38
Prefeitura Municipal de Itacoatiara - AM;1301902;AM;95714;Receitas Brutas Realizadas;1.1.1.2.02.00.00 - Imposto sobre a Propriedade Predial e Territorial Urbana ¿ IPTU;siconfi-cor_RO1.1.1.2.02.00.00;251723,74
Prefeitura Municipal de Itacoatiara - AM;1301902;AM;95714;Receitas Brutas Realizadas;1.1.1.2.04.00.00 - Imposto sobre a Renda e Proventos de Qualquer Natureza ¿ IR;siconfi-cor_RO1.1.1.2.04.00.00;2268727,29
Prefeitura Municipal de Itacoatiara - AM;1301902;AM;95714;Receitas Brutas Realizadas;1.1.1.2.04.31.00 - Retido nas Fontes - Trabalho;siconfi-cor_RO1.1.1.2.04.31.00;1701348,58
Prefeitura Municipal de Itacoatiara - AM;1301902;AM;95714;Receitas Brutas Realizadas;1.1.1.2.04.34.00 - Retido nas Fontes - Outros Rendimentos;siconfi-cor_RO1.1.1.2.04.34.00;567378,71
Prefeitura Municipal de Itacoatiara - AM;1301902;AM;95714;Receitas Brutas Realizadas;"1.1.1.2.08.00.00 - Imposto sobre Transmissão Inter Vivos"" de Bens Imóveis e de Direitos Reais sobre Imóveis ¿ ITBI""";siconfi-cor_RO1.1.1.2.08.00.00;89750,35
Prefeitura Municipal de Itacoatiara - AM;1301902;AM;95714;Receitas Brutas Realizadas;1.1.1.3.00.00.00 - Impostos sobre a Produção e a Circulação;siconfi-cor_RO1.1.1.3.00.00.00;11741804,58
Prefeitura Municipal de Itacoatiara - AM;1301902;AM;95714;Receitas Brutas Realizadas;1.1.1.3.05.00.00 - Imposto sobre Serviços de Qualquer Natureza ¿ ISSQN;siconfi-cor_RO1.1.1.3.05.00.00;11741804,58
Prefeitura Municipal de Itacoatiara - AM;1301902;AM;95714;Receitas Brutas Realizadas;1.1.2.0.00.00.00 - Taxas;siconfi-cor_RO1.1.2.0.00.00.00;306327,61
Prefeitura Municipal de Itacoatiara - AM;1301902;AM;95714;Receitas Brutas Realizadas;1.1.2.1.00.00.00 - Taxas pelo Exercício do Poder de Polícia;siconfi-cor_RO1.1.2.1.00.00.00;276049,19
Prefeitura Municipal de Itacoatiara - AM;1301902;AM;95714;Receitas Brutas Realizadas;1.1.2.2.00.00.00 - Taxas pela Prestação de Serviços;siconfi-cor_RO1.1.2.2.00.00.00;30278,42
Prefeitura Municipal de Itacoatiara - AM;1301902;AM;95714;Receitas Brutas Realizadas;1.2.0.0.00.00.00 - Receitas de Contribuições;siconfi-cor_RO1.2.0.0.00.00.00;9722368,6
Prefeitura Municipal de Itacoatiara - AM;1301902;AM;95714;Receitas Brutas Realizadas;1.2.1.0.00.00.00 - Contribuições Sociais;siconfi-cor_RO1.2.1.0.00.00.00;8781246,39
Prefeitura Municipal de Itacoatiara - AM;1301902;AM;95714;Receitas Brutas Realizadas;1.2.1.0.29.00.00 - Contribuições para o Regime Próprio de Previdência do Servidor Público;siconfi-cor_RO1.2.1.0.29.00.00;8781246,39
Prefeitura Municipal de Itacoatiara - AM;1301902;AM;95714;Receitas Brutas Realizadas;1.2.1.0.29.01.00 - Contribuição Patronal de Servidor Ativo Civil para o Regime Próprio;siconfi-cor_RO1.2.1.0.29.01.00;2124996,29
Prefeitura Municipal de Itacoatiara - AM;1301902;AM;95714;Receitas Brutas Realizadas;1.2.1.0.29.07.00 - Contribuição do Servidor Ativo Civil para o Regime Próprio;siconfi-cor_RO1.2.1.0.29.07.00;5464968,21
Prefeitura Municipal de Itacoatiara - AM;1301902;AM;95714;Receitas Brutas Realizadas;1.2.1.0.29.09.00 - Contribuições do Servidor Inativo Civil para o Regime Próprio;siconfi-cor_RO1.2.1.0.29.09.00;39968,92
Prefeitura Municipal de Itacoatiara - AM;1301902;AM;95714;Receitas Brutas Realizadas;1.2.1.0.29.15.00 - Contribuição Previdenciária em Regime de Parcelamento de Débitos;siconfi-cor_RO1.2.1.0.29.15.00;1151312,97
Prefeitura Municipal de Itacoatiara - AM;1301902;AM;95714;Receitas Brutas Realizadas;1.2.3.0.00.00.00 - Contribuição para Custeio do Serviço de Iluminação Pública;siconfi-cor_RO1.2.3.0.00.00.00;941122,21
Prefeitura Municipal de Itacoatiara - AM;1301902;AM;95714;Receitas Brutas Realizadas;1.3.0.0.00.00.00 - Receita Patrimonial;siconfi-cor_RO1.3.0.0.00.00.00;1368769,98
Prefeitura Municipal de Itacoatiara - AM;1301902;AM;95714;Receitas Brutas Realizadas;1.3.2.0.00.00.00 - Receitas de Valores Mobiliários;siconfi-cor_RO1.3.2.0.00.00.00;1368769,98
Prefeitura Municipal de Itacoatiara - AM;1301902;AM;95714;Receitas Brutas Realizadas;1.3.2.5.00.00.00 - Remuneração de Depósitos Bancários;siconfi-cor_RO1.3.2.5.00.00.00;917472,49
Prefeitura Municipal de Itacoatiara - AM;1301902;AM;95714;Receitas Brutas Realizadas;1.3.2.8.00.00.00 - Remuneração dos Investimentos do Regime Próprio de Previdência do Servidor;siconfi-cor_RO1.3.2.8.00.00.00;451297,49
Prefeitura Municipal de Itacoatiara - AM;1301902;AM;95714;Receitas Brutas Realizadas;1.6.0.0.00.00.00 - Receita de Serviços;siconfi-cor_RO1.6.0.0.00.00.00;2740397,78
Prefeitura Municipal de Itacoatiara - AM;1301902;AM;95714;Receitas Brutas Realizadas;1.6.0.0.99.00.00 - Demais Receitas de Serviços;siconfi-cor_RO1.6.0.0.99.00.00;2740397,78
Prefeitura Municipal de Itacoatiara - AM;1301902;AM;95714;Receitas Brutas Realizadas;1.7.0.0.00.00.00 - Transferências Correntes;siconfi-cor_RO1.7.0.0.00.00.00;152030528,2
Prefeitura Municipal de Itacoatiara - AM;1301902;AM;95714;Receitas Brutas Realizadas;1.7.2.0.00.00.00 - Transferências Intergovernamentais;siconfi-cor_RO1.7.2.0.00.00.00;146540528,2
Prefeitura Municipal de Itacoatiara - AM;1301902;AM;95714;Receitas Brutas Realizadas;1.7.2.1.00.00.00 - Transferências da União;siconfi-cor_RO1.7.2.1.00.00.00;54196665,35
Prefeitura Municipal de Itacoatiara - AM;1301902;AM;95714;Receitas Brutas Realizadas;1.7.2.1.01.00.00 - Participação na Receita da União;siconfi-cor_RO1.7.2.1.01.00.00;29320770
Prefeitura Municipal de Itacoatiara - AM;1301902;AM;95714;Receitas Brutas Realizadas;1.7.2.1.01.02.00 - Cota-Parte do Fundo de Participação dos Municípios ¿ FPM;siconfi-cor_RO1.7.2.1.01.02.00;29304728,26
Prefeitura Municipal de Itacoatiara - AM;1301902;AM;95714;Receitas Brutas Realizadas;1.7.2.1.01.05.00 - Cota-Parte do Imposto Sobre a Propriedade Territorial Rural ¿ ITR;siconfi-cor_RO1.7.2.1.01.05.00;16041,74
Prefeitura Municipal de Itacoatiara - AM;1301902;AM;95714;Receitas Brutas Realizadas;1.7.2.1.22.00.00 - Transferências da Compensação Financeira pela Exploração de Recursos Naturais;siconfi-cor_RO1.7.2.1.22.00.00;565038,16
Prefeitura Municipal de Itacoatiara - AM;1301902;AM;95714;Receitas Brutas Realizadas;1.7.2.1.22.20.00 - Cota-Parte da Compensação Financeira de Recursos Minerais - CFEM;siconfi-cor_RO1.7.2.1.22.20.00;10089,86
Prefeitura Municipal de Itacoatiara - AM;1301902;AM;95714;Receitas Brutas Realizadas;1.7.2.1.22.40.00 - Cota-Parte Royalties pelo Excedente da Produção do Petróleo - Lei nº 9.478/97 artigo 49 I e II;siconfi-cor_RO1.7.2.1.22.40.00;116426,45
Prefeitura Municipal de Itacoatiara - AM;1301902;AM;95714;Receitas Brutas Realizadas;1.7.2.1.22.70.00 - Cota-Parte do Fundo Especial do Petróleo ¿ FEP;siconfi-cor_RO1.7.2.1.22.70.00;438521,85
Prefeitura Municipal de Itacoatiara - AM;1301902;AM;95714;Receitas Brutas Realizadas;1.7.2.1.33.00.00 - Transferências de Recursos do Sistema Único de Saúde - SUS - Repasses Fundo a Fundo;siconfi-cor_RO1.7.2.1.33.00.00;17188978,21
Prefeitura Municipal de Itacoatiara - AM;1301902;AM;95714;Receitas Brutas Realizadas;1.7.2.1.34.00.00 - Transferências de Recursos do Fundo Nacional de Assistência Social ¿ FNAS;siconfi-cor_RO1.7.2.1.34.00.00;780124,92
Prefeitura Municipal de Itacoatiara - AM;1301902;AM;95714;Receitas Brutas Realizadas;1.7.2.1.35.00.00 - Transferências de Recursos do Fundo Nacional do Desenvolvimento da Educação ¿ FNDE;siconfi-cor_RO1.7.2.1.35.00.00;5602263,46
Prefeitura Municipal de Itacoatiara - AM;1301902;AM;95714;Receitas Brutas Realizadas;1.7.2.1.36.00.00 - Transferências Financeiras do ICMS ¿ Desoneração ¿ L.C. Nº 87/96;siconfi-cor_RO1.7.2.1.36.00.00;94937,04
Prefeitura Municipal de Itacoatiara - AM;1301902;AM;95714;Receitas Brutas Realizadas;1.7.2.1.99.00.00 - Outras Transferências da União;siconfi-cor_RO1.7.2.1.99.00.00;644553,56
Prefeitura Municipal de Itacoatiara - AM;1301902;AM;95714;Receitas Brutas Realizadas;1.7.2.2.00.00.00 - Transferências dos Estados;siconfi-cor_RO1.7.2.2.00.00.00;41534715,19
Prefeitura Municipal de Itacoatiara - AM;1301902;AM;95714;Receitas Brutas Realizadas;1.7.2.2.01.00.00 - Participação na Receita dos Estados;siconfi-cor_RO1.7.2.2.01.00.00;39191439,44
Prefeitura Municipal de Itacoatiara - AM;1301902;AM;95714;Receitas Brutas Realizadas;1.7.2.2.01.01.00 - Cota-Parte do ICMS;siconfi-cor_RO1.7.2.2.01.01.00;37698690,53
Prefeitura Municipal de Itacoatiara - AM;1301902;AM;95714;Receitas Brutas Realizadas;1.7.2.2.01.02.00 - Cota-Parte do IPVA;siconfi-cor_RO1.7.2.2.01.02.00;1296791,88
Prefeitura Municipal de Itacoatiara - AM;1301902;AM;95714;Receitas Brutas Realizadas;1.7.2.2.01.04.00 - Cota-Parte do IPI sobre Exportação;siconfi-cor_RO1.7.2.2.01.04.00;182848,59
Prefeitura Municipal de Itacoatiara - AM;1301902;AM;95714;Receitas Brutas Realizadas;1.7.2.2.01.13.00 - Cota-Parte da Contribuição de Intervenção no Domínio Econômico;siconfi-cor_RO1.7.2.2.01.13.00;13108,44
Prefeitura Municipal de Itacoatiara - AM;1301902;AM;95714;Receitas Brutas Realizadas;1.7.2.2.22.00.00 - Transferências da Cota-Parte da Compensação Financeira (25%);siconfi-cor_RO1.7.2.2.22.00.00;592164,92
Prefeitura Municipal de Itacoatiara - AM;1301902;AM;95714;Receitas Brutas Realizadas;1.7.2.2.22.30.00 - Cota-Parte Royalties - Compensação Financeira pela Produção de Petróleo - Lei nº 7.990/89 artigo 9º;siconfi-cor_RO1.7.2.2.22.30.00;592164,92
Prefeitura Municipal de Itacoatiara - AM;1301902;AM;95714;Receitas Brutas Realizadas;1.7.2.2.33.00.00 - Transferências de Recursos do Estado para Programas de Saúde - Repasse Fundo a Fundo;siconfi-cor_RO1.7.2.2.33.00.00;1751110,83
Prefeitura Municipal de Itacoatiara - AM;1301902;AM;95714;Receitas Brutas Realizadas;1.7.2.4.00.00.00 - Transferências Multigovernamentais;siconfi-cor_RO1.7.2.4.00.00.00;50809147,7
Prefeitura Municipal de Itacoatiara - AM;1301902;AM;95714;Receitas Brutas Realizadas;1.7.2.4.01.00.00 - Transferências de Recursos do Fundo de Manutenção e Desenvolvimento do Ensino Fundamental e de Valorização do Magistério - FUNDEB;siconfi-cor_RO1.7.2.4.01.00.00;40548282,71
Prefeitura Municipal de Itacoatiara - AM;1301902;AM;95714;Receitas Brutas Realizadas;1.7.2.4.02.00.00 - Transferências de Recursos da Complementação ao Fundo de Manutenção e Desenvolvimento do Ensino Fundamental e de Valorização do Magistério - FUNDEB;siconfi-cor_RO1.7.2.4.02.00.00;10260864,99
Prefeitura Municipal de Itacoatiara - AM;1301902;AM;95714;Receitas Brutas Realizadas;1.7.6.0.00.00.00 - Transferências de Convênios;siconfi-cor_RO1.7.6.0.00.00.00;5490000
Prefeitura Municipal de Itacoatiara - AM;1301902;AM;95714;Receitas Brutas Realizadas;1.7.6.2.00.00.00 - Transferências de Convênios dos Estados e do Distrito Federal e de Suas Entidades;siconfi-cor_RO1.7.6.2.00.00.00;5490000
Prefeitura Municipal de Itacoatiara - AM;1301902;AM;95714;Receitas Brutas Realizadas;1.7.6.2.02.00.00 - Transferências de Convênios dos Estados Destinadas a Programas de Educação;siconfi-cor_RO1.7.6.2.02.00.00;5120000
Prefeitura Municipal de Itacoatiara - AM;1301902;AM;95714;Receitas Brutas Realizadas;1.7.6.2.99.00.00 - Outras Transferências de Convênios dos Estados;siconfi-cor_RO1.7.6.2.99.00.00;370000
Prefeitura Municipal de Itacoatiara - AM;1301902;AM;95714;Receitas Brutas Realizadas;1.9.0.0.00.00.00 - Outras Receitas Correntes;siconfi-cor_RO1.9.0.0.00.00.00;612562,74
Prefeitura Municipal de Itacoatiara - AM;1301902;AM;95714;Receitas Brutas Realizadas;1.9.1.0.00.00.00 - Multas e Juros de Mora;siconfi-cor_RO1.9.1.0.00.00.00;463846,51
Prefeitura Municipal de Itacoatiara - AM;1301902;AM;95714;Receitas Brutas Realizadas;1.9.1.2.00.00.00 - Multas e Juros de Mora das Contribuições;siconfi-cor_RO1.9.1.2.00.00.00;203127,5
Prefeitura Municipal de Itacoatiara - AM;1301902;AM;95714;Receitas Brutas Realizadas;1.9.1.3.00.00.00 - Multas e Juros de Mora da Dívida Ativa dos Tributos;siconfi-cor_RO1.9.1.3.00.00.00;163709,18
Prefeitura Municipal de Itacoatiara - AM;1301902;AM;95714;Receitas Brutas Realizadas;1.9.1.9.00.00.00 - Multas de Outras Origens;siconfi-cor_RO1.9.1.9.00.00.00;97009,83
Prefeitura Municipal de Itacoatiara - AM;1301902;AM;95714;Receitas Brutas Realizadas;1.9.2.0.00.00.00 - Indenizações e Restituições;siconfi-cor_RO1.9.2.0.00.00.00;48420,98
Prefeitura Municipal de Itacoatiara - AM;1301902;AM;95714;Receitas Brutas Realizadas;1.9.2.2.00.00.00 - Restituições;siconfi-cor_RO1.9.2.2.00.00.00;48420,98
Prefeitura Municipal de Itacoatiara - AM;1301902;AM;95714;Receitas Brutas Realizadas;1.9.2.2.99.00.00 - Outras Restituições;siconfi-cor_RO1.9.2.2.99.00.00;48420,98
Prefeitura Municipal de Itacoatiara - AM;1301902;AM;95714;Receitas Brutas Realizadas;1.9.9.0.00.00.00 - Receitas Diversas;siconfi-cor_RO1.9.9.0.00.00.00;100295,25
Prefeitura Municipal de Itacoatiara - AM;1301902;AM;95714;Receitas Brutas Realizadas;2.0.0.0.00.00.00 - Receitas de Capital;siconfi-cor_RO2.0.0.0.00.00.00;29688978,85
Prefeitura Municipal de Itacoatiara - AM;1301902;AM;95714;Receitas Brutas Realizadas;2.4.0.0.00.00.00 - Transferências de Capital;siconfi-cor_RO2.4.0.0.00.00.00;29688978,85
Prefeitura Municipal de Itacoatiara - AM;1301902;AM;95714;Receitas Brutas Realizadas;2.4.2.0.00.00.00 - Transferências Intergovernamentais;siconfi-cor_RO2.4.2.0.00.00.00;744000
Prefeitura Municipal de Itacoatiara - AM;1301902;AM;95714;Receitas Brutas Realizadas;2.4.2.1.00.00.00 - Transferências da União;siconfi-cor_RO2.4.2.1.00.00.00;744000
Prefeitura Municipal de Itacoatiara - AM;1301902;AM;95714;Receitas Brutas Realizadas;2.4.2.1.01.00.00 - Participação na Receita da União;siconfi-cor_RO2.4.2.1.01.00.00;744000
Prefeitura Municipal de Itacoatiara - AM;1301902;AM;95714;Receitas Brutas Realizadas;2.4.7.0.00.00.00 - Transferências de Convênios;siconfi-cor_RO2.4.7.0.00.00.00;28944978,85
Prefeitura Municipal de Itacoatiara - AM;1301902;AM;95714;Receitas Brutas Realizadas;2.4.7.1.00.00.00 - Transferências de Convênios da União e de suas Entidades;siconfi-cor_RO2.4.7.1.00.00.00;3835410,55
Prefeitura Municipal de Itacoatiara - AM;1301902;AM;95714;Receitas Brutas Realizadas;2.4.7.1.02.00.00 - Transferências de Convênios da União Destinadas a Programas de Educação;siconfi-cor_RO2.4.7.1.02.00.00;2818997,28
Prefeitura Municipal de Itacoatiara - AM;1301902;AM;95714;Receitas Brutas Realizadas;2.4.7.1.99.00.00 - Outras Transferências de Convênios da União;siconfi-cor_RO2.4.7.1.99.00.00;1016413,27
Prefeitura Municipal de Itacoatiara - AM;1301902;AM;95714;Receitas Brutas Realizadas;2.4.7.2.00.00.00 - Transferências de Convênios dos Estados e do Distrito Federal e de suas Entidades;siconfi-cor_RO2.4.7.2.00.00.00;25109568,3
Prefeitura Municipal de Itacoatiara - AM;1301902;AM;95714;Receitas Brutas Realizadas;2.4.7.2.99.00.00 - Outras Transferências de Convênios dos Estados;siconfi-cor_RO2.4.7.2.99.00.00;25109568,3
Prefeitura Municipal de Itacoatiara - AM;1301902;AM;95714;Deduções - FUNDEB;Total Receitas;siconfi-cor_TotalReceitas;13469779,73
Prefeitura Municipal de Itacoatiara - AM;1301902;AM;95714;Deduções - FUNDEB;1.0.0.0.00.00.00 - Receitas Correntes;siconfi-cor_RO1.0.0.0.00.00.00;13469779,73
Prefeitura Municipal de Itacoatiara - AM;1301902;AM;95714;Deduções - FUNDEB;1.7.0.0.00.00.00 - Transferências Correntes;siconfi-cor_RO1.7.0.0.00.00.00;13469779,73
Prefeitura Municipal de Itacoatiara - AM;1301902;AM;95714;Deduções - FUNDEB;1.7.2.0.00.00.00 - Transferências Intergovernamentais;siconfi-cor_RO1.7.2.0.00.00.00;13469779,73
Prefeitura Municipal de Itacoatiara - AM;1301902;AM;95714;Deduções - FUNDEB;1.7.2.1.00.00.00 - Transferências da União;siconfi-cor_RO1.7.2.1.00.00.00;5634217,62
Prefeitura Municipal de Itacoatiara - AM;1301902;AM;95714;Deduções - FUNDEB;1.7.2.1.01.00.00 - Participação na Receita da União;siconfi-cor_RO1.7.2.1.01.00.00;5615230,26
Prefeitura Municipal de Itacoatiara - AM;1301902;AM;95714;Deduções - FUNDEB;1.7.2.1.01.02.00 - Cota-Parte do Fundo de Participação dos Municípios ¿ FPM;siconfi-cor_RO1.7.2.1.01.02.00;5612022,06
Prefeitura Municipal de Itacoatiara - AM;1301902;AM;95714;Deduções - FUNDEB;1.7.2.1.01.05.00 - Cota-Parte do Imposto Sobre a Propriedade Territorial Rural ¿ ITR;siconfi-cor_RO1.7.2.1.01.05.00;3208,2
Prefeitura Municipal de Itacoatiara - AM;1301902;AM;95714;Deduções - FUNDEB;1.7.2.1.36.00.00 - Transferências Financeiras do ICMS ¿ Desoneração ¿ L.C. Nº 87/96;siconfi-cor_RO1.7.2.1.36.00.00;18987,36
Prefeitura Municipal de Itacoatiara - AM;1301902;AM;95714;Deduções - FUNDEB;1.7.2.2.00.00.00 - Transferências dos Estados;siconfi-cor_RO1.7.2.2.00.00.00;7835562,11
Prefeitura Municipal de Itacoatiara - AM;1301902;AM;95714;Deduções - FUNDEB;1.7.2.2.01.00.00 - Participação na Receita dos Estados;siconfi-cor_RO1.7.2.2.01.00.00;7835562,11
Prefeitura Municipal de Itacoatiara - AM;1301902;AM;95714;Deduções - FUNDEB;1.7.2.2.01.01.00 - Cota-Parte do ICMS;siconfi-cor_RO1.7.2.2.01.01.00;7539738,09
Prefeitura Municipal de Itacoatiara - AM;1301902;AM;95714;Deduções - FUNDEB;1.7.2.2.01.02.00 - Cota-Parte do IPVA;siconfi-cor_RO1.7.2.2.01.02.00;259254,28
Prefeitura Municipal de Itacoatiara - AM;1301902;AM;95714;Deduções - FUNDEB;1.7.2.2.01.04.00 - Cota-Parte do IPI sobre Exportação;siconfi-cor_RO1.7.2.2.01.04.00;36569,74
Prefeitura Municipal de Maués - AM;1302900;AM;58834;Receitas Brutas Realizadas;Total Receitas;siconfi-cor_TotalReceitas;111623128,4
Prefeitura Municipal de Maués - AM;1302900;AM;58834;Receitas Brutas Realizadas;1.0.0.0.00.00.00 - Receitas Correntes;siconfi-cor_RO1.0.0.0.00.00.00;109913623
Prefeitura Municipal de Maués - AM;1302900;AM;58834;Receitas Brutas Realizadas;1.1.0.0.00.00.00 - Receita Tributária;siconfi-cor_RO1.1.0.0.00.00.00;2909876,4
Prefeitura Municipal de Maués - AM;1302900;AM;58834;Receitas Brutas Realizadas;1.1.1.0.00.00.00 - Impostos;siconfi-cor_RO1.1.1.0.00.00.00;2756613,12
Prefeitura Municipal de Maués - AM;1302900;AM;58834;Receitas Brutas Realizadas;1.1.1.2.00.00.00 - Impostos sobre o Patrimônio e a Renda;siconfi-cor_RO1.1.1.2.00.00.00;1053831,49
Prefeitura Municipal de Maués - AM;1302900;AM;58834;Receitas Brutas Realizadas;1.1.1.2.01.00.00 - Imposto sobre a Propriedade Territorial Rural - ITR;siconfi-cor_RO1.1.1.2.01.00.00;9654,07
Prefeitura Municipal de Maués - AM;1302900;AM;58834;Receitas Brutas Realizadas;1.1.1.2.02.00.00 - Imposto sobre a Propriedade Predial e Territorial Urbana ¿ IPTU;siconfi-cor_RO1.1.1.2.02.00.00;106492,47
Prefeitura Municipal de Maués - AM;1302900;AM;58834;Receitas Brutas Realizadas;1.1.1.2.04.00.00 - Imposto sobre a Renda e Proventos de Qualquer Natureza ¿ IR;siconfi-cor_RO1.1.1.2.04.00.00;874763,54
Prefeitura Municipal de Maués - AM;1302900;AM;58834;Receitas Brutas Realizadas;1.1.1.2.04.31.00 - Retido nas Fontes - Trabalho;siconfi-cor_RO1.1.1.2.04.31.00;681787,52
Prefeitura Municipal de Maués - AM;1302900;AM;58834;Receitas Brutas Realizadas;1.1.1.2.04.34.00 - Retido nas Fontes - Outros Rendimentos;siconfi-cor_RO1.1.1.2.04.34.00;192976,02
Prefeitura Municipal de Maués - AM;1302900;AM;58834;Receitas Brutas Realizadas;"1.1.1.2.08.00.00 - Imposto sobre Transmissão Inter Vivos"" de Bens Imóveis e de Direitos Reais sobre Imóveis ¿ ITBI""";siconfi-cor_RO1.1.1.2.08.00.00;62921,41
Prefeitura Municipal de Maués - AM;1302900;AM;58834;Receitas Brutas Realizadas;1.1.1.3.00.00.00 - Impostos sobre a Produção e a Circulação;siconfi-cor_RO1.1.1.3.00.00.00;1702781,63
Prefeitura Municipal de Maués - AM;1302900;AM;58834;Receitas Brutas Realizadas;1.1.1.3.05.00.00 - Imposto sobre Serviços de Qualquer Natureza ¿ ISSQN;siconfi-cor_RO1.1.1.3.05.00.00;1702781,63
Prefeitura Municipal de Maués - AM;1302900;AM;58834;Receitas Brutas Realizadas;1.1.2.0.00.00.00 - Taxas;siconfi-cor_RO1.1.2.0.00.00.00;153263,28
Prefeitura Municipal de Maués - AM;1302900;AM;58834;Receitas Brutas Realizadas;1.1.2.1.00.00.00 - Taxas pelo Exercício do Poder de Polícia;siconfi-cor_RO1.1.2.1.00.00.00;143909,24
Prefeitura Municipal de Maués - AM;1302900;AM;58834;Receitas Brutas Realizadas;1.1.2.2.00.00.00 - Taxas pela Prestação de Serviços;siconfi-cor_RO1.1.2.2.00.00.00;9354,04
Prefeitura Municipal de Maués - AM;1302900;AM;58834;Receitas Brutas Realizadas;1.2.0.0.00.00.00 - Receitas de Contribuições;siconfi-cor_RO1.2.0.0.00.00.00;6661964,51
Prefeitura Municipal de Maués - AM;1302900;AM;58834;Receitas Brutas Realizadas;1.2.1.0.00.00.00 - Contribuições Sociais;siconfi-cor_RO1.2.1.0.00.00.00;6306715,67
Prefeitura Municipal de Maués - AM;1302900;AM;58834;Receitas Brutas Realizadas;1.2.1.0.29.00.00 - Contribuições para o Regime Próprio de Previdência do Servidor Público;siconfi-cor_RO1.2.1.0.29.00.00;6306715,67
Prefeitura Municipal de Maués - AM;1302900;AM;58834;Receitas Brutas Realizadas;1.2.1.0.29.01.00 - Contribuição Patronal de Servidor Ativo Civil para o Regime Próprio;siconfi-cor_RO1.2.1.0.29.01.00;1721287,66
Prefeitura Municipal de Maués - AM;1302900;AM;58834;Receitas Brutas Realizadas;1.2.1.0.29.07.00 - Contribuição do Servidor Ativo Civil para o Regime Próprio;siconfi-cor_RO1.2.1.0.29.07.00;1873962,55
Prefeitura Municipal de Maués - AM;1302900;AM;58834;Receitas Brutas Realizadas;1.2.1.0.29.13.00 - Contribuição Previdenciária para Amortização do Déficit Atuarial;siconfi-cor_RO1.2.1.0.29.13.00;1016014,02
Prefeitura Municipal de Maués - AM;1302900;AM;58834;Receitas Brutas Realizadas;1.2.1.0.29.15.00 - Contribuição Previdenciária em Regime de Parcelamento de Débitos;siconfi-cor_RO1.2.1.0.29.15.00;1695451,44
Prefeitura Municipal de Maués - AM;1302900;AM;58834;Receitas Brutas Realizadas;1.2.2.0.00.00.00 - Contribuições de Intervenção no Domínio Econômico;siconfi-cor_RO1.2.2.0.00.00.00;355248,84
Prefeitura Municipal de Maués - AM;1302900;AM;58834;Receitas Brutas Realizadas;1.3.0.0.00.00.00 - Receita Patrimonial;siconfi-cor_RO1.3.0.0.00.00.00;2895312,34
Prefeitura Municipal de Maués - AM;1302900;AM;58834;Receitas Brutas Realizadas;1.3.2.0.00.00.00 - Receitas de Valores Mobiliários;siconfi-cor_RO1.3.2.0.00.00.00;2890632,34
Prefeitura Municipal de Maués - AM;1302900;AM;58834;Receitas Brutas Realizadas;1.3.2.5.00.00.00 - Remuneração de Depósitos Bancários;siconfi-cor_RO1.3.2.5.00.00.00;2140839,5
Prefeitura Municipal de Maués - AM;1302900;AM;58834;Receitas Brutas Realizadas;1.3.2.8.00.00.00 - Remuneração dos Investimentos do Regime Próprio de Previdência do Servidor;siconfi-cor_RO1.3.2.8.00.00.00;749792,84
Prefeitura Municipal de Maués - AM;1302900;AM;58834;Receitas Brutas Realizadas;1.3.9.0.00.00.00 - Outras Receitas Patrimoniais;siconfi-cor_RO1.3.9.0.00.00.00;4680
Prefeitura Municipal de Maués - AM;1302900;AM;58834;Receitas Brutas Realizadas;1.6.0.0.00.00.00 - Receita de Serviços;siconfi-cor_RO1.6.0.0.00.00.00;944383,07
Prefeitura Municipal de Maués - AM;1302900;AM;58834;Receitas Brutas Realizadas;1.6.0.0.13.00.00 - Serviços Administrativos;siconfi-cor_RO1.6.0.0.13.00.00;48116,8
Prefeitura Municipal de Maués - AM;1302900;AM;58834;Receitas Brutas Realizadas;1.6.0.0.99.00.00 - Demais Receitas de Serviços;siconfi-cor_RO1.6.0.0.99.00.00;896266,27
Prefeitura Municipal de Maués - AM;1302900;AM;58834;Receitas Brutas Realizadas;1.7.0.0.00.00.00 - Transferências Correntes;siconfi-cor_RO1.7.0.0.00.00.00;95593469,41
Prefeitura Municipal de Maués - AM;1302900;AM;58834;Receitas Brutas Realizadas;1.7.2.0.00.00.00 - Transferências Intergovernamentais;siconfi-cor_RO1.7.2.0.00.00.00;92725114,38
Prefeitura Municipal de Maués - AM;1302900;AM;58834;Receitas Brutas Realizadas;1.7.2.1.00.00.00 - Transferências da União;siconfi-cor_RO1.7.2.1.00.00.00;35921681,34
Prefeitura Municipal de Maués - AM;1302900;AM;58834;Receitas Brutas Realizadas;1.7.2.1.01.00.00 - Participação na Receita da União;siconfi-cor_RO1.7.2.1.01.00.00;21498409,39
Prefeitura Municipal de Maués - AM;1302900;AM;58834;Receitas Brutas Realizadas;1.7.2.1.01.02.00 - Cota-Parte do Fundo de Participação dos Municípios ¿ FPM;siconfi-cor_RO1.7.2.1.01.02.00;21490134,09
Prefeitura Municipal de Maués - AM;1302900;AM;58834;Receitas Brutas Realizadas;1.7.2.1.01.05.00 - Cota-Parte do Imposto Sobre a Propriedade Territorial Rural ¿ ITR;siconfi-cor_RO1.7.2.1.01.05.00;8275,3
Prefeitura Municipal de Maués - AM;1302900;AM;58834;Receitas Brutas Realizadas;1.7.2.1.22.00.00 - Transferências da Compensação Financeira pela Exploração de Recursos Naturais;siconfi-cor_RO1.7.2.1.22.00.00;321582,7
Prefeitura Municipal de Maués - AM;1302900;AM;58834;Receitas Brutas Realizadas;1.7.2.1.22.70.00 - Cota-Parte do Fundo Especial do Petróleo ¿ FEP;siconfi-cor_RO1.7.2.1.22.70.00;321582,7
Prefeitura Municipal de Maués - AM;1302900;AM;58834;Receitas Brutas Realizadas;1.7.2.1.33.00.00 - Transferências de Recursos do Sistema Único de Saúde - SUS - Repasses Fundo a Fundo;siconfi-cor_RO1.7.2.1.33.00.00;8963588,58
Prefeitura Municipal de Maués - AM;1302900;AM;58834;Receitas Brutas Realizadas;1.7.2.1.34.00.00 - Transferências de Recursos do Fundo Nacional de Assistência Social ¿ FNAS;siconfi-cor_RO1.7.2.1.34.00.00;1065876,29
Prefeitura Municipal de Maués - AM;1302900;AM;58834;Receitas Brutas Realizadas;1.7.2.1.35.00.00 - Transferências de Recursos do Fundo Nacional do Desenvolvimento da Educação ¿ FNDE;siconfi-cor_RO1.7.2.1.35.00.00;3442123,68
Prefeitura Municipal de Maués - AM;1302900;AM;58834;Receitas Brutas Realizadas;1.7.2.1.36.00.00 - Transferências Financeiras do ICMS ¿ Desoneração ¿ L.C. Nº 87/96;siconfi-cor_RO1.7.2.1.36.00.00;54563,52
Prefeitura Municipal de Maués - AM;1302900;AM;58834;Receitas Brutas Realizadas;1.7.2.1.99.00.00 - Outras Transferências da União;siconfi-cor_RO1.7.2.1.99.00.00;575537,18
Prefeitura Municipal de Maués - AM;1302900;AM;58834;Receitas Brutas Realizadas;1.7.2.2.00.00.00 - Transferências dos Estados;siconfi-cor_RO1.7.2.2.00.00.00;23033091,41
Prefeitura Municipal de Maués - AM;1302900;AM;58834;Receitas Brutas Realizadas;1.7.2.2.01.00.00 - Participação na Receita dos Estados;siconfi-cor_RO1.7.2.2.01.00.00;21948757,66
Prefeitura Municipal de Maués - AM;1302900;AM;58834;Receitas Brutas Realizadas;1.7.2.2.01.01.00 - Cota-Parte do ICMS;siconfi-cor_RO1.7.2.2.01.01.00;21666699
Prefeitura Municipal de Maués - AM;1302900;AM;58834;Receitas Brutas Realizadas;1.7.2.2.01.02.00 - Cota-Parte do IPVA;siconfi-cor_RO1.7.2.2.01.02.00;176969,45
Prefeitura Municipal de Maués - AM;1302900;AM;58834;Receitas Brutas Realizadas;1.7.2.2.01.04.00 - Cota-Parte do IPI sobre Exportação;siconfi-cor_RO1.7.2.2.01.04.00;105089,21
Prefeitura Municipal de Maués - AM;1302900;AM;58834;Receitas Brutas Realizadas;1.7.2.2.22.00.00 - Transferências da Cota-Parte da Compensação Financeira (25%);siconfi-cor_RO1.7.2.2.22.00.00;340336,99
Prefeitura Municipal de Maués - AM;1302900;AM;58834;Receitas Brutas Realizadas;1.7.2.2.22.30.00 - Cota-Parte Royalties - Compensação Financeira pela Produção de Petróleo - Lei nº 7.990/89 artigo 9º;siconfi-cor_RO1.7.2.2.22.30.00;340336,99
Prefeitura Municipal de Maués - AM;1302900;AM;58834;Receitas Brutas Realizadas;1.7.2.2.33.00.00 - Transferências de Recursos do Estado para Programas de Saúde - Repasse Fundo a Fundo;siconfi-cor_RO1.7.2.2.33.00.00;743996,76
Prefeitura Municipal de Maués - AM;1302900;AM;58834;Receitas Brutas Realizadas;1.7.2.4.00.00.00 - Transferências Multigovernamentais;siconfi-cor_RO1.7.2.4.00.00.00;33770341,63
Prefeitura Municipal de Maués - AM;1302900;AM;58834;Receitas Brutas Realizadas;1.7.2.4.01.00.00 - Transferências de Recursos do Fundo de Manutenção e Desenvolvimento do Ensino Fundamental e de Valorização do Magistério - FUNDEB;siconfi-cor_RO1.7.2.4.01.00.00;27531086,21
Prefeitura Municipal de Maués - AM;1302900;AM;58834;Receitas Brutas Realizadas;1.7.2.4.02.00.00 - Transferências de Recursos da Complementação ao Fundo de Manutenção e Desenvolvimento do Ensino Fundamental e de Valorização do Magistério - FUNDEB;siconfi-cor_RO1.7.2.4.02.00.00;6239255,42
Prefeitura Municipal de Maués - AM;1302900;AM;58834;Receitas Brutas Realizadas;1.7.3.0.00.00.00 - Transferências de Instituições Privadas;siconfi-cor_RO1.7.3.0.00.00.00;300000
Prefeitura Municipal de Maués - AM;1302900;AM;58834;Receitas Brutas Realizadas;1.7.5.0.00.00.00 - Transferências de Pessoas;siconfi-cor_RO1.7.5.0.00.00.00;593855,03
Prefeitura Municipal de Maués - AM;1302900;AM;58834;Receitas Brutas Realizadas;1.7.6.0.00.00.00 - Transferências de Convênios;siconfi-cor_RO1.7.6.0.00.00.00;1974500
Prefeitura Municipal de Maués - AM;1302900;AM;58834;Receitas Brutas Realizadas;1.7.6.2.00.00.00 - Transferências de Convênios dos Estados e do Distrito Federal e de Suas Entidades;siconfi-cor_RO1.7.6.2.00.00.00;1974500
Prefeitura Municipal de Maués - AM;1302900;AM;58834;Receitas Brutas Realizadas;1.7.6.2.99.00.00 - Outras Transferências de Convênios dos Estados;siconfi-cor_RO1.7.6.2.99.00.00;1974500
Prefeitura Municipal de Maués - AM;1302900;AM;58834;Receitas Brutas Realizadas;1.9.0.0.00.00.00 - Outras Receitas Correntes;siconfi-cor_RO1.9.0.0.00.00.00;908617,25
Prefeitura Municipal de Maués - AM;1302900;AM;58834;Receitas Brutas Realizadas;1.9.1.0.00.00.00 - Multas e Juros de Mora;siconfi-cor_RO1.9.1.0.00.00.00;246903,16
Prefeitura Municipal de Maués - AM;1302900;AM;58834;Receitas Brutas Realizadas;1.9.1.1.00.00.00 - Multas e Juros de Mora dos Tributos;siconfi-cor_RO1.9.1.1.00.00.00;3117,31
Prefeitura Municipal de Maués - AM;1302900;AM;58834;Receitas Brutas Realizadas;1.9.1.2.00.00.00 - Multas e Juros de Mora das Contribuições;siconfi-cor_RO1.9.1.2.00.00.00;119668,43
Prefeitura Municipal de Maués - AM;1302900;AM;58834;Receitas Brutas Realizadas;1.9.1.3.00.00.00 - Multas e Juros de Mora da Dívida Ativa dos Tributos;siconfi-cor_RO1.9.1.3.00.00.00;31900,8
Prefeitura Municipal de Maués - AM;1302900;AM;58834;Receitas Brutas Realizadas;1.9.1.5.00.00.00 - Multas e Juros de Mora da Dívida Ativa de Outras Receitas;siconfi-cor_RO1.9.1.5.00.00.00;3282,39
Prefeitura Municipal de Maués - AM;1302900;AM;58834;Receitas Brutas Realizadas;1.9.1.9.00.00.00 - Multas de Outras Origens;siconfi-cor_RO1.9.1.9.00.00.00;88934,23
Prefeitura Municipal de Maués - AM;1302900;AM;58834;Receitas Brutas Realizadas;1.9.2.0.00.00.00 - Indenizações e Restituições;siconfi-cor_RO1.9.2.0.00.00.00;235179,08
Prefeitura Municipal de Maués - AM;1302900;AM;58834;Receitas Brutas Realizadas;1.9.2.2.00.00.00 - Restituições;siconfi-cor_RO1.9.2.2.00.00.00;235179,08
Prefeitura Municipal de Maués - AM;1302900;AM;58834;Receitas Brutas Realizadas;1.9.2.2.99.00.00 - Outras Restituições;siconfi-cor_RO1.9.2.2.99.00.00;235179,08
Prefeitura Municipal de Maués - AM;1302900;AM;58834;Receitas Brutas Realizadas;1.9.3.0.00.00.00 - Receita da Dívida Ativa;siconfi-cor_RO1.9.3.0.00.00.00;386441,85
Prefeitura Municipal de Maués - AM;1302900;AM;58834;Receitas Brutas Realizadas;1.9.3.1.00.00.00 - Receita da Dívida Ativa Tributária;siconfi-cor_RO1.9.3.1.00.00.00;54021,54
Prefeitura Municipal de Maués - AM;1302900;AM;58834;Receitas Brutas Realizadas;1.9.3.2.00.00.00 - Receita da Dívida Ativa Não Tributária;siconfi-cor_RO1.9.3.2.00.00.00;332420,31
Prefeitura Municipal de Maués - AM;1302900;AM;58834;Receitas Brutas Realizadas;1.9.9.0.00.00.00 - Receitas Diversas;siconfi-cor_RO1.9.9.0.00.00.00;40093,16
Prefeitura Municipal de Maués - AM;1302900;AM;58834;Receitas Brutas Realizadas;2.0.0.0.00.00.00 - Receitas de Capital;siconfi-cor_RO2.0.0.0.00.00.00;1709505,37
Prefeitura Municipal de Maués - AM;1302900;AM;58834;Receitas Brutas Realizadas;2.4.0.0.00.00.00 - Transferências de Capital;siconfi-cor_RO2.4.0.0.00.00.00;1709505,37
Prefeitura Municipal de Maués - AM;1302900;AM;58834;Receitas Brutas Realizadas;2.4.2.0.00.00.00 - Transferências Intergovernamentais;siconfi-cor_RO2.4.2.0.00.00.00;841275
Prefeitura Municipal de Maués - AM;1302900;AM;58834;Receitas Brutas Realizadas;2.4.2.1.00.00.00 - Transferências da União;siconfi-cor_RO2.4.2.1.00.00.00;841275
Prefeitura Municipal de Maués - AM;1302900;AM;58834;Receitas Brutas Realizadas;2.4.2.1.01.00.00 - Participação na Receita da União;siconfi-cor_RO2.4.2.1.01.00.00;841275
Prefeitura Municipal de Maués - AM;1302900;AM;58834;Receitas Brutas Realizadas;2.4.7.0.00.00.00 - Transferências de Convênios;siconfi-cor_RO2.4.7.0.00.00.00;868230,37
Prefeitura Municipal de Maués - AM;1302900;AM;58834;Receitas Brutas Realizadas;2.4.7.1.00.00.00 - Transferências de Convênios da União e de suas Entidades;siconfi-cor_RO2.4.7.1.00.00.00;868230,37
Prefeitura Municipal de Maués - AM;1302900;AM;58834;Receitas Brutas Realizadas;2.4.7.1.02.00.00 - Transferências de Convênios da União Destinadas a Programas de Educação;siconfi-cor_RO2.4.7.1.02.00.00;321230,37
Prefeitura Municipal de Maués - AM;1302900;AM;58834;Receitas Brutas Realizadas;2.4.7.1.99.00.00 - Outras Transferências de Convênios da União;siconfi-cor_RO2.4.7.1.99.00.00;547000
Prefeitura Municipal de Maués - AM;1302900;AM;58834;Deduções - FUNDEB;Total Receitas;siconfi-cor_TotalReceitas;8516200,96
Prefeitura Municipal de Maués - AM;1302900;AM;58834;Deduções - FUNDEB;1.0.0.0.00.00.00 - Receitas Correntes;siconfi-cor_RO1.0.0.0.00.00.00;8516200,96
Prefeitura Municipal de Maués - AM;1302900;AM;58834;Deduções - FUNDEB;1.7.0.0.00.00.00 - Transferências Correntes;siconfi-cor_RO1.7.0.0.00.00.00;8516200,96
Prefeitura Municipal de Maués - AM;1302900;AM;58834;Deduções - FUNDEB;1.7.2.0.00.00.00 - Transferências Intergovernamentais;siconfi-cor_RO1.7.2.0.00.00.00;8516200,96
Prefeitura Municipal de Maués - AM;1302900;AM;58834;Deduções - FUNDEB;1.7.2.1.00.00.00 - Transferências da União;siconfi-cor_RO1.7.2.1.00.00.00;4128050,46
Prefeitura Municipal de Maués - AM;1302900;AM;58834;Deduções - FUNDEB;1.7.2.1.01.00.00 - Participação na Receita da União;siconfi-cor_RO1.7.2.1.01.00.00;4117137,78
Prefeitura Municipal de Maués - AM;1302900;AM;58834;Deduções - FUNDEB;1.7.2.1.01.02.00 - Cota-Parte do Fundo de Participação dos Municípios ¿ FPM;siconfi-cor_RO1.7.2.1.01.02.00;4115482,81
Prefeitura Municipal de Maués - AM;1302900;AM;58834;Deduções - FUNDEB;1.7.2.1.01.05.00 - Cota-Parte do Imposto Sobre a Propriedade Territorial Rural ¿ ITR;siconfi-cor_RO1.7.2.1.01.05.00;1654,97
Prefeitura Municipal de Maués - AM;1302900;AM;58834;Deduções - FUNDEB;1.7.2.1.36.00.00 - Transferências Financeiras do ICMS ¿ Desoneração ¿ L.C. Nº 87/96;siconfi-cor_RO1.7.2.1.36.00.00;10912,68
Prefeitura Municipal de Maués - AM;1302900;AM;58834;Deduções - FUNDEB;1.7.2.2.00.00.00 - Transferências dos Estados;siconfi-cor_RO1.7.2.2.00.00.00;4388150,5
Prefeitura Municipal de Maués - AM;1302900;AM;58834;Deduções - FUNDEB;1.7.2.2.01.00.00 - Participação na Receita dos Estados;siconfi-cor_RO1.7.2.2.01.00.00;4388150,5
Prefeitura Municipal de Maués - AM;1302900;AM;58834;Deduções - FUNDEB;1.7.2.2.01.01.00 - Cota-Parte do ICMS;siconfi-cor_RO1.7.2.2.01.01.00;4331738,79
Prefeitura Municipal de Maués - AM;1302900;AM;58834;Deduções - FUNDEB;1.7.2.2.01.02.00 - Cota-Parte do IPVA;siconfi-cor_RO1.7.2.2.01.02.00;35393,89
Prefeitura Municipal de Maués - AM;1302900;AM;58834;Deduções - FUNDEB;1.7.2.2.01.04.00 - Cota-Parte do IPI sobre Exportação;siconfi-cor_RO1.7.2.2.01.04.00;21017,82
Prefeitura Municipal de Silves - AM;1304005;AM;9014;Receitas Brutas Realizadas;Total Receitas;siconfi-cor_TotalReceitas;24456417,43
Prefeitura Municipal de Silves - AM;1304005;AM;9014;Receitas Brutas Realizadas;1.0.0.0.00.00.00 - Receitas Correntes;siconfi-cor_RO1.0.0.0.00.00.00;22630740,84
Prefeitura Municipal de Silves - AM;1304005;AM;9014;Receitas Brutas Realizadas;1.1.0.0.00.00.00 - Receita Tributária;siconfi-cor_RO1.1.0.0.00.00.00;733869,43
Prefeitura Municipal de Silves - AM;1304005;AM;9014;Receitas Brutas Realizadas;1.1.1.0.00.00.00 - Impostos;siconfi-cor_RO1.1.1.0.00.00.00;717132,27
Prefeitura Municipal de Silves - AM;1304005;AM;9014;Receitas Brutas Realizadas;1.1.1.2.00.00.00 - Impostos sobre o Patrimônio e a Renda;siconfi-cor_RO1.1.1.2.00.00.00;359483,94
Prefeitura Municipal de Silves - AM;1304005;AM;9014;Receitas Brutas Realizadas;1.1.1.2.02.00.00 - Imposto sobre a Propriedade Predial e Territorial Urbana ¿ IPTU;siconfi-cor_RO1.1.1.2.02.00.00;7874,1
Prefeitura Municipal de Silves - AM;1304005;AM;9014;Receitas Brutas Realizadas;1.1.1.2.04.00.00 - Imposto sobre a Renda e Proventos de Qualquer Natureza ¿ IR;siconfi-cor_RO1.1.1.2.04.00.00;348407,08
Prefeitura Municipal de Silves - AM;1304005;AM;9014;Receitas Brutas Realizadas;1.1.1.2.04.31.00 - Retido nas Fontes - Trabalho;siconfi-cor_RO1.1.1.2.04.31.00;236483,73
Prefeitura Municipal de Silves - AM;1304005;AM;9014;Receitas Brutas Realizadas;1.1.1.2.04.34.00 - Retido nas Fontes - Outros Rendimentos;siconfi-cor_RO1.1.1.2.04.34.00;111923,35
Prefeitura Municipal de Silves - AM;1304005;AM;9014;Receitas Brutas Realizadas;"1.1.1.2.08.00.00 - Imposto sobre Transmissão Inter Vivos"" de Bens Imóveis e de Direitos Reais sobre Imóveis ¿ ITBI""";siconfi-cor_RO1.1.1.2.08.00.00;3202,76
Prefeitura Municipal de Silves - AM;1304005;AM;9014;Receitas Brutas Realizadas;1.1.1.3.00.00.00 - Impostos sobre a Produção e a Circulação;siconfi-cor_RO1.1.1.3.00.00.00;357648,33
Prefeitura Municipal de Silves - AM;1304005;AM;9014;Receitas Brutas Realizadas;1.1.1.3.05.00.00 - Imposto sobre Serviços de Qualquer Natureza ¿ ISSQN;siconfi-cor_RO1.1.1.3.05.00.00;357648,33
Prefeitura Municipal de Silves - AM;1304005;AM;9014;Receitas Brutas Realizadas;1.1.2.0.00.00.00 - Taxas;siconfi-cor_RO1.1.2.0.00.00.00;16737,16
Prefeitura Municipal de Silves - AM;1304005;AM;9014;Receitas Brutas Realizadas;1.1.2.1.00.00.00 - Taxas pelo Exercício do Poder de Polícia;siconfi-cor_RO1.1.2.1.00.00.00;9592,51
Prefeitura Municipal de Silves - AM;1304005;AM;9014;Receitas Brutas Realizadas;1.1.2.2.00.00.00 - Taxas pela Prestação de Serviços;siconfi-cor_RO1.1.2.2.00.00.00;7144,65
Prefeitura Municipal de Silves - AM;1304005;AM;9014;Receitas Brutas Realizadas;1.2.0.0.00.00.00 - Receitas de Contribuições;siconfi-cor_RO1.2.0.0.00.00.00;25418,16
Prefeitura Municipal de Silves - AM;1304005;AM;9014;Receitas Brutas Realizadas;1.2.3.0.00.00.00 - Contribuição para Custeio do Serviço de Iluminação Pública;siconfi-cor_RO1.2.3.0.00.00.00;25418,16
Prefeitura Municipal de Silves - AM;1304005;AM;9014;Receitas Brutas Realizadas;1.3.0.0.00.00.00 - Receita Patrimonial;siconfi-cor_RO1.3.0.0.00.00.00;373465,32
Prefeitura Municipal de Silves - AM;1304005;AM;9014;Receitas Brutas Realizadas;1.3.2.0.00.00.00 - Receitas de Valores Mobiliários;siconfi-cor_RO1.3.2.0.00.00.00;373465,32
Prefeitura Municipal de Silves - AM;1304005;AM;9014;Receitas Brutas Realizadas;1.3.2.5.00.00.00 - Remuneração de Depósitos Bancários;siconfi-cor_RO1.3.2.5.00.00.00;373465,32
Prefeitura Municipal de Silves - AM;1304005;AM;9014;Receitas Brutas Realizadas;1.6.0.0.00.00.00 - Receita de Serviços;siconfi-cor_RO1.6.0.0.00.00.00;36670,54
Prefeitura Municipal de Silves - AM;1304005;AM;9014;Receitas Brutas Realizadas;1.6.0.0.13.00.00 - Serviços Administrativos;siconfi-cor_RO1.6.0.0.13.00.00;1480
Prefeitura Municipal de Silves - AM;1304005;AM;9014;Receitas Brutas Realizadas;1.6.0.0.99.00.00 - Demais Receitas de Serviços;siconfi-cor_RO1.6.0.0.99.00.00;35190,54
Prefeitura Municipal de Silves - AM;1304005;AM;9014;Receitas Brutas Realizadas;1.7.0.0.00.00.00 - Transferências Correntes;siconfi-cor_RO1.7.0.0.00.00.00;21444985,06
Prefeitura Municipal de Silves - AM;1304005;AM;9014;Receitas Brutas Realizadas;1.7.2.0.00.00.00 - Transferências Intergovernamentais;siconfi-cor_RO1.7.2.0.00.00.00;21259542,06
Prefeitura Municipal de Silves - AM;1304005;AM;9014;Receitas Brutas Realizadas;1.7.2.1.00.00.00 - Transferências da União;siconfi-cor_RO1.7.2.1.00.00.00;8537280,33
Prefeitura Municipal de Silves - AM;1304005;AM;9014;Receitas Brutas Realizadas;1.7.2.1.01.00.00 - Participação na Receita da União;siconfi-cor_RO1.7.2.1.01.00.00;5914726,91
Prefeitura Municipal de Silves - AM;1304005;AM;9014;Receitas Brutas Realizadas;1.7.2.1.01.02.00 - Cota-Parte do Fundo de Participação dos Municípios ¿ FPM;siconfi-cor_RO1.7.2.1.01.02.00;5860945,63
Prefeitura Municipal de Silves - AM;1304005;AM;9014;Receitas Brutas Realizadas;1.7.2.1.01.05.00 - Cota-Parte do Imposto Sobre a Propriedade Territorial Rural ¿ ITR;siconfi-cor_RO1.7.2.1.01.05.00;53781,28
Prefeitura Municipal de Silves - AM;1304005;AM;9014;Receitas Brutas Realizadas;1.7.2.1.22.00.00 - Transferências da Compensação Financeira pela Exploração de Recursos Naturais;siconfi-cor_RO1.7.2.1.22.00.00;204130,82
Prefeitura Municipal de Silves - AM;1304005;AM;9014;Receitas Brutas Realizadas;1.7.2.1.22.40.00 - Cota-Parte Royalties pelo Excedente da Produção do Petróleo - Lei nº 9.478/97 artigo 49 I e II;siconfi-cor_RO1.7.2.1.22.40.00;116426,45
Prefeitura Municipal de Silves - AM;1304005;AM;9014;Receitas Brutas Realizadas;1.7.2.1.22.70.00 - Cota-Parte do Fundo Especial do Petróleo ¿ FEP;siconfi-cor_RO1.7.2.1.22.70.00;87704,37
Prefeitura Municipal de Silves - AM;1304005;AM;9014;Receitas Brutas Realizadas;1.7.2.1.33.00.00 - Transferências de Recursos do Sistema Único de Saúde - SUS - Repasses Fundo a Fundo;siconfi-cor_RO1.7.2.1.33.00.00;1500730,36
Prefeitura Municipal de Silves - AM;1304005;AM;9014;Receitas Brutas Realizadas;1.7.2.1.34.00.00 - Transferências de Recursos do Fundo Nacional de Assistência Social ¿ FNAS;siconfi-cor_RO1.7.2.1.34.00.00;264766,08
Prefeitura Municipal de Silves - AM;1304005;AM;9014;Receitas Brutas Realizadas;1.7.2.1.35.00.00 - Transferências de Recursos do Fundo Nacional do Desenvolvimento da Educação ¿ FNDE;siconfi-cor_RO1.7.2.1.35.00.00;512396,21
Prefeitura Municipal de Silves - AM;1304005;AM;9014;Receitas Brutas Realizadas;1.7.2.1.36.00.00 - Transferências Financeiras do ICMS ¿ Desoneração ¿ L.C. Nº 87/96;siconfi-cor_RO1.7.2.1.36.00.00;15217,68
Prefeitura Municipal de Silves - AM;1304005;AM;9014;Receitas Brutas Realizadas;1.7.2.1.99.00.00 - Outras Transferências da União;siconfi-cor_RO1.7.2.1.99.00.00;125312,27
Prefeitura Municipal de Silves - AM;1304005;AM;9014;Receitas Brutas Realizadas;1.7.2.2.00.00.00 - Transferências dos Estados;siconfi-cor_RO1.7.2.2.00.00.00;6272184,89
Prefeitura Municipal de Silves - AM;1304005;AM;9014;Receitas Brutas Realizadas;1.7.2.2.01.00.00 - Participação na Receita dos Estados;siconfi-cor_RO1.7.2.2.01.00.00;6096336,36
Prefeitura Municipal de Silves - AM;1304005;AM;9014;Receitas Brutas Realizadas;1.7.2.2.01.01.00 - Cota-Parte do ICMS;siconfi-cor_RO1.7.2.2.01.01.00;6042833,67
Prefeitura Municipal de Silves - AM;1304005;AM;9014;Receitas Brutas Realizadas;1.7.2.2.01.02.00 - Cota-Parte do IPVA;siconfi-cor_RO1.7.2.2.01.02.00;22088,38
Prefeitura Municipal de Silves - AM;1304005;AM;9014;Receitas Brutas Realizadas;1.7.2.2.01.04.00 - Cota-Parte do IPI sobre Exportação;siconfi-cor_RO1.7.2.2.01.04.00;29309,33
Prefeitura Municipal de Silves - AM;1304005;AM;9014;Receitas Brutas Realizadas;1.7.2.2.01.13.00 - Cota-Parte da Contribuição de Intervenção no Domínio Econômico;siconfi-cor_RO1.7.2.2.01.13.00;2104,98
Prefeitura Municipal de Silves - AM;1304005;AM;9014;Receitas Brutas Realizadas;1.7.2.2.22.00.00 - Transferências da Cota-Parte da Compensação Financeira (25%);siconfi-cor_RO1.7.2.2.22.00.00;95202,61
Prefeitura Municipal de Silves - AM;1304005;AM;9014;Receitas Brutas Realizadas;1.7.2.2.22.20.00 - Cota-Parte da Compensação Financeira de Recursos Minerais - CFEM;siconfi-cor_RO1.7.2.2.22.20.00;282,76
Prefeitura Municipal de Silves - AM;1304005;AM;9014;Receitas Brutas Realizadas;1.7.2.2.22.30.00 - Cota-Parte Royalties - Compensação Financeira pela Produção de Petróleo - Lei nº 7.990/89 artigo 9º;siconfi-cor_RO1.7.2.2.22.30.00;94919,85
Prefeitura Municipal de Silves - AM;1304005;AM;9014;Receitas Brutas Realizadas;1.7.2.2.33.00.00 - Transferências de Recursos do Estado para Programas de Saúde - Repasse Fundo a Fundo;siconfi-cor_RO1.7.2.2.33.00.00;80645,92
Prefeitura Municipal de Silves - AM;1304005;AM;9014;Receitas Brutas Realizadas;1.7.2.4.00.00.00 - Transferências Multigovernamentais;siconfi-cor_RO1.7.2.4.00.00.00;6450076,84
Prefeitura Municipal de Silves - AM;1304005;AM;9014;Receitas Brutas Realizadas;1.7.2.4.01.00.00 - Transferências de Recursos do Fundo de Manutenção e Desenvolvimento do Ensino Fundamental e de Valorização do Magistério - FUNDEB;siconfi-cor_RO1.7.2.4.01.00.00;5229142,06
Prefeitura Municipal de Silves - AM;1304005;AM;9014;Receitas Brutas Realizadas;1.7.2.4.02.00.00 - Transferências de Recursos da Complementação ao Fundo de Manutenção e Desenvolvimento do Ensino Fundamental e de Valorização do Magistério - FUNDEB;siconfi-cor_RO1.7.2.4.02.00.00;1220934,78
Prefeitura Municipal de Silves - AM;1304005;AM;9014;Receitas Brutas Realizadas;1.7.6.0.00.00.00 - Transferências de Convênios;siconfi-cor_RO1.7.6.0.00.00.00;185443
Prefeitura Municipal de Silves - AM;1304005;AM;9014;Receitas Brutas Realizadas;1.7.6.1.00.00.00 - Transferências de Convênios da União e de Suas Entidades;siconfi-cor_RO1.7.6.1.00.00.00;5443
Prefeitura Municipal de Silves - AM;1304005;AM;9014;Receitas Brutas Realizadas;1.7.6.1.03.00.00 - Transferências de Convênios da União Destinadas a Programas de Assistência Social;siconfi-cor_RO1.7.6.1.03.00.00;5443
Prefeitura Municipal de Silves - AM;1304005;AM;9014;Receitas Brutas Realizadas;1.7.6.2.00.00.00 - Transferências de Convênios dos Estados e do Distrito Federal e de Suas Entidades;siconfi-cor_RO1.7.6.2.00.00.00;180000
Prefeitura Municipal de Silves - AM;1304005;AM;9014;Receitas Brutas Realizadas;1.7.6.2.99.00.00 - Outras Transferências de Convênios dos Estados;siconfi-cor_RO1.7.6.2.99.00.00;180000
Prefeitura Municipal de Silves - AM;1304005;AM;9014;Receitas Brutas Realizadas;1.9.0.0.00.00.00 - Outras Receitas Correntes;siconfi-cor_RO1.9.0.0.00.00.00;16332,33
Prefeitura Municipal de Silves - AM;1304005;AM;9014;Receitas Brutas Realizadas;1.9.1.0.00.00.00 - Multas e Juros de Mora;siconfi-cor_RO1.9.1.0.00.00.00;1586,91
Prefeitura Municipal de Silves - AM;1304005;AM;9014;Receitas Brutas Realizadas;1.9.1.1.00.00.00 - Multas e Juros de Mora dos Tributos;siconfi-cor_RO1.9.1.1.00.00.00;1586,91
Prefeitura Municipal de Silves - AM;1304005;AM;9014;Receitas Brutas Realizadas;1.9.2.0.00.00.00 - Indenizações e Restituições;siconfi-cor_RO1.9.2.0.00.00.00;799,06
Prefeitura Municipal de Silves - AM;1304005;AM;9014;Receitas Brutas Realizadas;1.9.2.2.00.00.00 - Restituições;siconfi-cor_RO1.9.2.2.00.00.00;799,06
Prefeitura Municipal de Silves - AM;1304005;AM;9014;Receitas Brutas Realizadas;1.9.2.2.99.00.00 - Outras Restituições;siconfi-cor_RO1.9.2.2.99.00.00;799,06
Prefeitura Municipal de Silves - AM;1304005;AM;9014;Receitas Brutas Realizadas;1.9.3.0.00.00.00 - Receita da Dívida Ativa;siconfi-cor_RO1.9.3.0.00.00.00;13083,95
Prefeitura Municipal de Silves - AM;1304005;AM;9014;Receitas Brutas Realizadas;1.9.3.1.00.00.00 - Receita da Dívida Ativa Tributária;siconfi-cor_RO1.9.3.1.00.00.00;4520,87
Prefeitura Municipal de Silves - AM;1304005;AM;9014;Receitas Brutas Realizadas;1.9.3.2.00.00.00 - Receita da Dívida Ativa Não Tributária;siconfi-cor_RO1.9.3.2.00.00.00;8563,08
Prefeitura Municipal de Silves - AM;1304005;AM;9014;Receitas Brutas Realizadas;1.9.9.0.00.00.00 - Receitas Diversas;siconfi-cor_RO1.9.9.0.00.00.00;862,41
Prefeitura Municipal de Silves - AM;1304005;AM;9014;Receitas Brutas Realizadas;2.0.0.0.00.00.00 - Receitas de Capital;siconfi-cor_RO2.0.0.0.00.00.00;1825676,59
Prefeitura Municipal de Silves - AM;1304005;AM;9014;Receitas Brutas Realizadas;2.4.0.0.00.00.00 - Transferências de Capital;siconfi-cor_RO2.4.0.0.00.00.00;1825676,59
Prefeitura Municipal de Silves - AM;1304005;AM;9014;Receitas Brutas Realizadas;2.4.2.0.00.00.00 - Transferências Intergovernamentais;siconfi-cor_RO2.4.2.0.00.00.00;61568,11
Prefeitura Municipal de Silves - AM;1304005;AM;9014;Receitas Brutas Realizadas;2.4.2.1.00.00.00 - Transferências da União;siconfi-cor_RO2.4.2.1.00.00.00;61568,11
Prefeitura Municipal de Silves - AM;1304005;AM;9014;Receitas Brutas Realizadas;2.4.2.1.01.00.00 - Participação na Receita da União;siconfi-cor_RO2.4.2.1.01.00.00;9000
Prefeitura Municipal de Silves - AM;1304005;AM;9014;Receitas Brutas Realizadas;2.4.2.1.02.00.00 - Transferências de Recursos Destinados a Programas de Educação;siconfi-cor_RO2.4.2.1.02.00.00;52568,11
Prefeitura Municipal de Silves - AM;1304005;AM;9014;Receitas Brutas Realizadas;2.4.7.0.00.00.00 - Transferências de Convênios;siconfi-cor_RO2.4.7.0.00.00.00;1764108,48
Prefeitura Municipal de Silves - AM;1304005;AM;9014;Receitas Brutas Realizadas;2.4.7.1.00.00.00 - Transferências de Convênios da União e de suas Entidades;siconfi-cor_RO2.4.7.1.00.00.00;1680108,48
Prefeitura Municipal de Silves - AM;1304005;AM;9014;Receitas Brutas Realizadas;2.4.7.1.02.00.00 - Transferências de Convênios da União Destinadas a Programas de Educação;siconfi-cor_RO2.4.7.1.02.00.00;1180108,48
Prefeitura Municipal de Silves - AM;1304005;AM;9014;Receitas Brutas Realizadas;2.4.7.1.99.00.00 - Outras Transferências de Convênios da União;siconfi-cor_RO2.4.7.1.99.00.00;500000
Prefeitura Municipal de Silves - AM;1304005;AM;9014;Receitas Brutas Realizadas;2.4.7.2.00.00.00 - Transferências de Convênios dos Estados e do Distrito Federal e de suas Entidades;siconfi-cor_RO2.4.7.2.00.00.00;84000
Prefeitura Municipal de Silves - AM;1304005;AM;9014;Receitas Brutas Realizadas;2.4.7.2.99.00.00 - Outras Transferências de Convênios dos Estados;siconfi-cor_RO2.4.7.2.99.00.00;84000
Prefeitura Municipal de Silves - AM;1304005;AM;9014;Deduções - FUNDEB;Total Receitas;siconfi-cor_TotalReceitas;2355049,8
Prefeitura Municipal de Silves - AM;1304005;AM;9014;Deduções - FUNDEB;1.0.0.0.00.00.00 - Receitas Correntes;siconfi-cor_RO1.0.0.0.00.00.00;2355049,8
Prefeitura Municipal de Silves - AM;1304005;AM;9014;Deduções - FUNDEB;1.7.0.0.00.00.00 - Transferências Correntes;siconfi-cor_RO1.7.0.0.00.00.00;2355049,8
Prefeitura Municipal de Silves - AM;1304005;AM;9014;Deduções - FUNDEB;1.7.2.0.00.00.00 - Transferências Intergovernamentais;siconfi-cor_RO1.7.2.0.00.00.00;2355049,8
Prefeitura Municipal de Silves - AM;1304005;AM;9014;Deduções - FUNDEB;1.7.2.1.00.00.00 - Transferências da União;siconfi-cor_RO1.7.2.1.00.00.00;1136203,78
Prefeitura Municipal de Silves - AM;1304005;AM;9014;Deduções - FUNDEB;1.7.2.1.01.00.00 - Participação na Receita da União;siconfi-cor_RO1.7.2.1.01.00.00;1133160,34
Prefeitura Municipal de Silves - AM;1304005;AM;9014;Deduções - FUNDEB;1.7.2.1.01.02.00 - Cota-Parte do Fundo de Participação dos Municípios ¿ FPM;siconfi-cor_RO1.7.2.1.01.02.00;1122404,17
Prefeitura Municipal de Silves - AM;1304005;AM;9014;Deduções - FUNDEB;1.7.2.1.01.05.00 - Cota-Parte do Imposto Sobre a Propriedade Territorial Rural ¿ ITR;siconfi-cor_RO1.7.2.1.01.05.00;10756,17
Prefeitura Municipal de Silves - AM;1304005;AM;9014;Deduções - FUNDEB;1.7.2.1.36.00.00 - Transferências Financeiras do ICMS ¿ Desoneração ¿ L.C. Nº 87/96;siconfi-cor_RO1.7.2.1.36.00.00;3043,44
Prefeitura Municipal de Silves - AM;1304005;AM;9014;Deduções - FUNDEB;1.7.2.2.00.00.00 - Transferências dos Estados;siconfi-cor_RO1.7.2.2.00.00.00;1218846,02
Prefeitura Municipal de Silves - AM;1304005;AM;9014;Deduções - FUNDEB;1.7.2.2.01.00.00 - Participação na Receita dos Estados;siconfi-cor_RO1.7.2.2.01.00.00;1218846,02
Prefeitura Municipal de Silves - AM;1304005;AM;9014;Deduções - FUNDEB;1.7.2.2.01.01.00 - Cota-Parte do ICMS;siconfi-cor_RO1.7.2.2.01.01.00;1208566,74
Prefeitura Municipal de Silves - AM;1304005;AM;9014;Deduções - FUNDEB;1.7.2.2.01.02.00 - Cota-Parte do IPVA;siconfi-cor_RO1.7.2.2.01.02.00;4417,39
Prefeitura Municipal de Silves - AM;1304005;AM;9014;Deduções - FUNDEB;1.7.2.2.01.04.00 - Cota-Parte do IPI sobre Exportação;siconfi-cor_RO1.7.2.2.01.04.00;5861,89
Prefeitura Municipal de Uarini - AM;1304260;AM;12963;Receitas Brutas Realizadas;Total Receitas;siconfi-cor_TotalReceitas;32348419,73
Prefeitura Municipal de Uarini - AM;1304260;AM;12963;Receitas Brutas Realizadas;1.0.0.0.00.00.00 - Receitas Correntes;siconfi-cor_RO1.0.0.0.00.00.00;31211891,78
Prefeitura Municipal de Uarini - AM;1304260;AM;12963;Receitas Brutas Realizadas;1.1.0.0.00.00.00 - Receita Tributária;siconfi-cor_RO1.1.0.0.00.00.00;309598,39
Prefeitura Municipal de Uarini - AM;1304260;AM;12963;Receitas Brutas Realizadas;1.1.1.0.00.00.00 - Impostos;siconfi-cor_RO1.1.1.0.00.00.00;298264,32
Prefeitura Municipal de Uarini - AM;1304260;AM;12963;Receitas Brutas Realizadas;1.1.1.2.00.00.00 - Impostos sobre o Patrimônio e a Renda;siconfi-cor_RO1.1.1.2.00.00.00;30142,43
Prefeitura Municipal de Uarini - AM;1304260;AM;12963;Receitas Brutas Realizadas;1.1.1.2.01.00.00 - Imposto sobre a Propriedade Territorial Rural - ITR;siconfi-cor_RO1.1.1.2.01.00.00;10988,41
Prefeitura Municipal de Uarini - AM;1304260;AM;12963;Receitas Brutas Realizadas;1.1.1.2.04.00.00 - Imposto sobre a Renda e Proventos de Qualquer Natureza ¿ IR;siconfi-cor_RO1.1.1.2.04.00.00;19154,02
Prefeitura Municipal de Uarini - AM;1304260;AM;12963;Receitas Brutas Realizadas;1.1.1.2.04.31.00 - Retido nas Fontes - Trabalho;siconfi-cor_RO1.1.1.2.04.31.00;19154,02
Prefeitura Municipal de Uarini - AM;1304260;AM;12963;Receitas Brutas Realizadas;1.1.1.3.00.00.00 - Impostos sobre a Produção e a Circulação;siconfi-cor_RO1.1.1.3.00.00.00;268121,89
Prefeitura Municipal de Uarini - AM;1304260;AM;12963;Receitas Brutas Realizadas;1.1.1.3.05.00.00 - Imposto sobre Serviços de Qualquer Natureza ¿ ISSQN;siconfi-cor_RO1.1.1.3.05.00.00;268121,89
Prefeitura Municipal de Uarini - AM;1304260;AM;12963;Receitas Brutas Realizadas;1.1.2.0.00.00.00 - Taxas;siconfi-cor_RO1.1.2.0.00.00.00;11334,07
Prefeitura Municipal de Uarini - AM;1304260;AM;12963;Receitas Brutas Realizadas;1.1.2.1.00.00.00 - Taxas pelo Exercício do Poder de Polícia;siconfi-cor_RO1.1.2.1.00.00.00;8971,07
Prefeitura Municipal de Uarini - AM;1304260;AM;12963;Receitas Brutas Realizadas;1.1.2.2.00.00.00 - Taxas pela Prestação de Serviços;siconfi-cor_RO1.1.2.2.00.00.00;2363
Prefeitura Municipal de Uarini - AM;1304260;AM;12963;Receitas Brutas Realizadas;1.3.0.0.00.00.00 - Receita Patrimonial;siconfi-cor_RO1.3.0.0.00.00.00;32130,41
Prefeitura Municipal de Uarini - AM;1304260;AM;12963;Receitas Brutas Realizadas;1.3.2.0.00.00.00 - Receitas de Valores Mobiliários;siconfi-cor_RO1.3.2.0.00.00.00;32130,41
Prefeitura Municipal de Uarini - AM;1304260;AM;12963;Receitas Brutas Realizadas;1.3.2.5.00.00.00 - Remuneração de Depósitos Bancários;siconfi-cor_RO1.3.2.5.00.00.00;32130,41
Prefeitura Municipal de Uarini - AM;1304260;AM;12963;Receitas Brutas Realizadas;1.6.0.0.00.00.00 - Receita de Serviços;siconfi-cor_RO1.6.0.0.00.00.00;389041,26
Prefeitura Municipal de Uarini - AM;1304260;AM;12963;Receitas Brutas Realizadas;1.6.0.0.26.00.00 - Serviços de Fornecimento de Água;siconfi-cor_RO1.6.0.0.26.00.00;388457,07
Prefeitura Municipal de Uarini - AM;1304260;AM;12963;Receitas Brutas Realizadas;1.6.0.0.99.00.00 - Demais Receitas de Serviços;siconfi-cor_RO1.6.0.0.99.00.00;584,19
Prefeitura Municipal de Uarini - AM;1304260;AM;12963;Receitas Brutas Realizadas;1.7.0.0.00.00.00 - Transferências Correntes;siconfi-cor_RO1.7.0.0.00.00.00;29306074,83
Prefeitura Municipal de Uarini - AM;1304260;AM;12963;Receitas Brutas Realizadas;1.7.2.0.00.00.00 - Transferências Intergovernamentais;siconfi-cor_RO1.7.2.0.00.00.00;28668384,83
Prefeitura Municipal de Uarini - AM;1304260;AM;12963;Receitas Brutas Realizadas;1.7.2.1.00.00.00 - Transferências da União;siconfi-cor_RO1.7.2.1.00.00.00;9624607,46
Prefeitura Municipal de Uarini - AM;1304260;AM;12963;Receitas Brutas Realizadas;1.7.2.1.01.00.00 - Participação na Receita da União;siconfi-cor_RO1.7.2.1.01.00.00;7815356,33
Prefeitura Municipal de Uarini - AM;1304260;AM;12963;Receitas Brutas Realizadas;1.7.2.1.01.02.00 - Cota-Parte do Fundo de Participação dos Municípios ¿ FPM;siconfi-cor_RO1.7.2.1.01.02.00;7814594,18
Prefeitura Municipal de Uarini - AM;1304260;AM;12963;Receitas Brutas Realizadas;1.7.2.1.01.05.00 - Cota-Parte do Imposto Sobre a Propriedade Territorial Rural ¿ ITR;siconfi-cor_RO1.7.2.1.01.05.00;762,15
Prefeitura Municipal de Uarini - AM;1304260;AM;12963;Receitas Brutas Realizadas;1.7.2.1.22.00.00 - Transferências da Compensação Financeira pela Exploração de Recursos Naturais;siconfi-cor_RO1.7.2.1.22.00.00;216732
Prefeitura Municipal de Uarini - AM;1304260;AM;12963;Receitas Brutas Realizadas;1.7.2.1.22.40.00 - Cota-Parte Royalties pelo Excedente da Produção do Petróleo - Lei nº 9.478/97 artigo 49 I e II;siconfi-cor_RO1.7.2.1.22.40.00;99792,84
Prefeitura Municipal de Uarini - AM;1304260;AM;12963;Receitas Brutas Realizadas;1.7.2.1.22.70.00 - Cota-Parte do Fundo Especial do Petróleo ¿ FEP;siconfi-cor_RO1.7.2.1.22.70.00;116939,16
Prefeitura Municipal de Uarini - AM;1304260;AM;12963;Receitas Brutas Realizadas;1.7.2.1.34.00.00 - Transferências de Recursos do Fundo Nacional de Assistência Social ¿ FNAS;siconfi-cor_RO1.7.2.1.34.00.00;244974,39
Prefeitura Municipal de Uarini - AM;1304260;AM;12963;Receitas Brutas Realizadas;1.7.2.1.35.00.00 - Transferências de Recursos do Fundo Nacional do Desenvolvimento da Educação ¿ FNDE;siconfi-cor_RO1.7.2.1.35.00.00;1168559,14
Prefeitura Municipal de Uarini - AM;1304260;AM;12963;Receitas Brutas Realizadas;1.7.2.1.36.00.00 - Transferências Financeiras do ICMS ¿ Desoneração ¿ L.C. Nº 87/96;siconfi-cor_RO1.7.2.1.36.00.00;15999
Prefeitura Municipal de Uarini - AM;1304260;AM;12963;Receitas Brutas Realizadas;1.7.2.1.99.00.00 - Outras Transferências da União;siconfi-cor_RO1.7.2.1.99.00.00;162986,6
Prefeitura Municipal de Uarini - AM;1304260;AM;12963;Receitas Brutas Realizadas;1.7.2.2.00.00.00 - Transferências dos Estados;siconfi-cor_RO1.7.2.2.00.00.00;6394863,68
Prefeitura Municipal de Uarini - AM;1304260;AM;12963;Receitas Brutas Realizadas;1.7.2.2.01.00.00 - Participação na Receita dos Estados;siconfi-cor_RO1.7.2.2.01.00.00;6394863,68
Prefeitura Municipal de Uarini - AM;1304260;AM;12963;Receitas Brutas Realizadas;1.7.2.2.01.01.00 - Cota-Parte do ICMS;siconfi-cor_RO1.7.2.2.01.01.00;6353055,44
Prefeitura Municipal de Uarini - AM;1304260;AM;12963;Receitas Brutas Realizadas;1.7.2.2.01.02.00 - Cota-Parte do IPVA;siconfi-cor_RO1.7.2.2.01.02.00;8137,59
Prefeitura Municipal de Uarini - AM;1304260;AM;12963;Receitas Brutas Realizadas;1.7.2.2.01.04.00 - Cota-Parte do IPI sobre Exportação;siconfi-cor_RO1.7.2.2.01.04.00;30814,13
Prefeitura Municipal de Uarini - AM;1304260;AM;12963;Receitas Brutas Realizadas;1.7.2.2.01.13.00 - Cota-Parte da Contribuição de Intervenção no Domínio Econômico;siconfi-cor_RO1.7.2.2.01.13.00;2856,52
Prefeitura Municipal de Uarini - AM;1304260;AM;12963;Receitas Brutas Realizadas;1.7.2.4.00.00.00 - Transferências Multigovernamentais;siconfi-cor_RO1.7.2.4.00.00.00;12648913,69
Prefeitura Municipal de Uarini - AM;1304260;AM;12963;Receitas Brutas Realizadas;1.7.2.4.01.00.00 - Transferências de Recursos do Fundo de Manutenção e Desenvolvimento do Ensino Fundamental e de Valorização do Magistério - FUNDEB;siconfi-cor_RO1.7.2.4.01.00.00;10207352,64
Prefeitura Municipal de Uarini - AM;1304260;AM;12963;Receitas Brutas Realizadas;1.7.2.4.02.00.00 - Transferências de Recursos da Complementação ao Fundo de Manutenção e Desenvolvimento do Ensino Fundamental e de Valorização do Magistério - FUNDEB;siconfi-cor_RO1.7.2.4.02.00.00;2441561,05
Prefeitura Municipal de Uarini - AM;1304260;AM;12963;Receitas Brutas Realizadas;1.7.6.0.00.00.00 - Transferências de Convênios;siconfi-cor_RO1.7.6.0.00.00.00;637690
Prefeitura Municipal de Uarini - AM;1304260;AM;12963;Receitas Brutas Realizadas;1.7.6.2.00.00.00 - Transferências de Convênios dos Estados e do Distrito Federal e de Suas Entidades;siconfi-cor_RO1.7.6.2.00.00.00;637690
Prefeitura Municipal de Uarini - AM;1304260;AM;12963;Receitas Brutas Realizadas;1.7.6.2.02.00.00 - Transferências de Convênios dos Estados Destinadas a Programas de Educação;siconfi-cor_RO1.7.6.2.02.00.00;437690
Prefeitura Municipal de Uarini - AM;1304260;AM;12963;Receitas Brutas Realizadas;1.7.6.2.99.00.00 - Outras Transferências de Convênios dos Estados;siconfi-cor_RO1.7.6.2.99.00.00;200000
Prefeitura Municipal de Uarini - AM;1304260;AM;12963;Receitas Brutas Realizadas;1.9.0.0.00.00.00 - Outras Receitas Correntes;siconfi-cor_RO1.9.0.0.00.00.00;1175046,89
Prefeitura Municipal de Uarini - AM;1304260;AM;12963;Receitas Brutas Realizadas;1.9.9.0.00.00.00 - Receitas Diversas;siconfi-cor_RO1.9.9.0.00.00.00;1175046,89
Prefeitura Municipal de Uarini - AM;1304260;AM;12963;Receitas Brutas Realizadas;2.0.0.0.00.00.00 - Receitas de Capital;siconfi-cor_RO2.0.0.0.00.00.00;1136527,95
Prefeitura Municipal de Uarini - AM;1304260;AM;12963;Receitas Brutas Realizadas;2.4.0.0.00.00.00 - Transferências de Capital;siconfi-cor_RO2.4.0.0.00.00.00;1136527,95
Prefeitura Municipal de Uarini - AM;1304260;AM;12963;Receitas Brutas Realizadas;2.4.7.0.00.00.00 - Transferências de Convênios;siconfi-cor_RO2.4.7.0.00.00.00;1136527,95
Prefeitura Municipal de Uarini - AM;1304260;AM;12963;Receitas Brutas Realizadas;2.4.7.1.00.00.00 - Transferências de Convênios da União e de suas Entidades;siconfi-cor_RO2.4.7.1.00.00.00;629988
Prefeitura Municipal de Uarini - AM;1304260;AM;12963;Receitas Brutas Realizadas;2.4.7.1.01.00.00 - Transferências de Convênios da União para o Sistema Único de Saúde - SUS;siconfi-cor_RO2.4.7.1.01.00.00;402208
Prefeitura Municipal de Uarini - AM;1304260;AM;12963;Receitas Brutas Realizadas;2.4.7.1.02.00.00 - Transferências de Convênios da União Destinadas a Programas de Educação;siconfi-cor_RO2.4.7.1.02.00.00;227780
Prefeitura Municipal de Uarini - AM;1304260;AM;12963;Receitas Brutas Realizadas;2.4.7.2.00.00.00 - Transferências de Convênios dos Estados e do Distrito Federal e de suas Entidades;siconfi-cor_RO2.4.7.2.00.00.00;506539,95
Prefeitura Municipal de Uarini - AM;1304260;AM;12963;Receitas Brutas Realizadas;2.4.7.2.02.00.00 - Transferências de Convênios dos Estados Destinadas a Programas de Educação;siconfi-cor_RO2.4.7.2.02.00.00;506539,95
Prefeitura Municipal de Uarini - AM;1304260;AM;12963;Deduções - FUNDEB;Total Receitas;siconfi-cor_TotalReceitas;-2778226,24
Prefeitura Municipal de Uarini - AM;1304260;AM;12963;Deduções - FUNDEB;1.0.0.0.00.00.00 - Receitas Correntes;siconfi-cor_RO1.0.0.0.00.00.00;-2778226,24
Prefeitura Municipal de Uarini - AM;1304260;AM;12963;Deduções - FUNDEB;1.7.0.0.00.00.00 - Transferências Correntes;siconfi-cor_RO1.7.0.0.00.00.00;-2778226,24
Prefeitura Municipal de Uarini - AM;1304260;AM;12963;Deduções - FUNDEB;1.7.2.0.00.00.00 - Transferências Intergovernamentais;siconfi-cor_RO1.7.2.0.00.00.00;-2778226,24
Prefeitura Municipal de Uarini - AM;1304260;AM;12963;Deduções - FUNDEB;1.7.2.1.00.00.00 - Transferências da União;siconfi-cor_RO1.7.2.1.00.00.00;-1499891,17
Prefeitura Municipal de Uarini - AM;1304260;AM;12963;Deduções - FUNDEB;1.7.2.1.01.00.00 - Participação na Receita da União;siconfi-cor_RO1.7.2.1.01.00.00;-1496691,37
Prefeitura Municipal de Uarini - AM;1304260;AM;12963;Deduções - FUNDEB;1.7.2.1.01.02.00 - Cota-Parte do Fundo de Participação dos Municípios ¿ FPM;siconfi-cor_RO1.7.2.1.01.02.00;-1496538,99
Prefeitura Municipal de Uarini - AM;1304260;AM;12963;Deduções - FUNDEB;1.7.2.1.01.05.00 - Cota-Parte do Imposto Sobre a Propriedade Territorial Rural ¿ ITR;siconfi-cor_RO1.7.2.1.01.05.00;-152,38
Prefeitura Municipal de Uarini - AM;1304260;AM;12963;Deduções - FUNDEB;1.7.2.1.36.00.00 - Transferências Financeiras do ICMS ¿ Desoneração ¿ L.C. Nº 87/96;siconfi-cor_RO1.7.2.1.36.00.00;-3199,8
Prefeitura Municipal de Uarini - AM;1304260;AM;12963;Deduções - FUNDEB;1.7.2.2.00.00.00 - Transferências dos Estados;siconfi-cor_RO1.7.2.2.00.00.00;-1278335,07
Prefeitura Municipal de Uarini - AM;1304260;AM;12963;Deduções - FUNDEB;1.7.2.2.01.00.00 - Participação na Receita dos Estados;siconfi-cor_RO1.7.2.2.01.00.00;-1278335,07
Prefeitura Municipal de Uarini - AM;1304260;AM;12963;Deduções - FUNDEB;1.7.2.2.01.01.00 - Cota-Parte do ICMS;siconfi-cor_RO1.7.2.2.01.01.00;-1262076,82
Prefeitura Municipal de Uarini - AM;1304260;AM;12963;Deduções - FUNDEB;1.7.2.2.01.02.00 - Cota-Parte do IPVA;siconfi-cor_RO1.7.2.2.01.02.00;-10095,24
Prefeitura Municipal de Uarini - AM;1304260;AM;12963;Deduções - FUNDEB;1.7.2.2.01.04.00 - Cota-Parte do IPI sobre Exportação;siconfi-cor_RO1.7.2.2.01.04.00;-6163,01
Prefeitura Municipal de Manacapuru - AM;1302504;AM;92996;Receitas Brutas Realizadas;Total Receitas;siconfi-cor_TotalReceitas;143516502,8
Prefeitura Municipal de Manacapuru - AM;1302504;AM;92996;Receitas Brutas Realizadas;1.0.0.0.00.00.00 - Receitas Correntes;siconfi-cor_RO1.0.0.0.00.00.00;134885956,8
Prefeitura Municipal de Manacapuru - AM;1302504;AM;92996;Receitas Brutas Realizadas;1.1.0.0.00.00.00 - Receita Tributária;siconfi-cor_RO1.1.0.0.00.00.00;6740595,62
Prefeitura Municipal de Manacapuru - AM;1302504;AM;92996;Receitas Brutas Realizadas;1.1.1.0.00.00.00 - Impostos;siconfi-cor_RO1.1.1.0.00.00.00;5595733,57
Prefeitura Municipal de Manacapuru - AM;1302504;AM;92996;Receitas Brutas Realizadas;1.1.1.2.00.00.00 - Impostos sobre o Patrimônio e a Renda;siconfi-cor_RO1.1.1.2.00.00.00;2857479,68
Prefeitura Municipal de Manacapuru - AM;1302504;AM;92996;Receitas Brutas Realizadas;1.1.1.2.02.00.00 - Imposto sobre a Propriedade Predial e Territorial Urbana ¿ IPTU;siconfi-cor_RO1.1.1.2.02.00.00;214272,02
Prefeitura Municipal de Manacapuru - AM;1302504;AM;92996;Receitas Brutas Realizadas;1.1.1.2.04.00.00 - Imposto sobre a Renda e Proventos de Qualquer Natureza ¿ IR;siconfi-cor_RO1.1.1.2.04.00.00;2258516,78
Prefeitura Municipal de Manacapuru - AM;1302504;AM;92996;Receitas Brutas Realizadas;1.1.1.2.04.31.00 - Retido nas Fontes - Trabalho;siconfi-cor_RO1.1.1.2.04.31.00;1389293,6
Prefeitura Municipal de Manacapuru - AM;1302504;AM;92996;Receitas Brutas Realizadas;1.1.1.2.04.34.00 - Retido nas Fontes - Outros Rendimentos;siconfi-cor_RO1.1.1.2.04.34.00;869223,18
Prefeitura Municipal de Manacapuru - AM;1302504;AM;92996;Receitas Brutas Realizadas;"1.1.1.2.08.00.00 - Imposto sobre Transmissão Inter Vivos"" de Bens Imóveis e de Direitos Reais sobre Imóveis ¿ ITBI""";siconfi-cor_RO1.1.1.2.08.00.00;384690,88
Prefeitura Municipal de Manacapuru - AM;1302504;AM;92996;Receitas Brutas Realizadas;1.1.1.3.00.00.00 - Impostos sobre a Produção e a Circulação;siconfi-cor_RO1.1.1.3.00.00.00;2738253,89
Prefeitura Municipal de Manacapuru - AM;1302504;AM;92996;Receitas Brutas Realizadas;1.1.1.3.05.00.00 - Imposto sobre Serviços de Qualquer Natureza ¿ ISSQN;siconfi-cor_RO1.1.1.3.05.00.00;2738253,89
Prefeitura Municipal de Manacapuru - AM;1302504;AM;92996;Receitas Brutas Realizadas;1.1.2.0.00.00.00 - Taxas;siconfi-cor_RO1.1.2.0.00.00.00;355008,22
Prefeitura Municipal de Manacapuru - AM;1302504;AM;92996;Receitas Brutas Realizadas;1.1.2.1.00.00.00 - Taxas pelo Exercício do Poder de Polícia;siconfi-cor_RO1.1.2.1.00.00.00;217497,86
Prefeitura Municipal de Manacapuru - AM;1302504;AM;92996;Receitas Brutas Realizadas;1.1.2.2.00.00.00 - Taxas pela Prestação de Serviços;siconfi-cor_RO1.1.2.2.00.00.00;137510,36
Prefeitura Municipal de Manacapuru - AM;1302504;AM;92996;Receitas Brutas Realizadas;1.1.3.0.00.00.00 - Contribuição de Melhoria;siconfi-cor_RO1.1.3.0.00.00.00;789853,83
Prefeitura Municipal de Manacapuru - AM;1302504;AM;92996;Receitas Brutas Realizadas;1.3.0.0.00.00.00 - Receita Patrimonial;siconfi-cor_RO1.3.0.0.00.00.00;1355780,19
Prefeitura Municipal de Manacapuru - AM;1302504;AM;92996;Receitas Brutas Realizadas;1.3.2.0.00.00.00 - Receitas de Valores Mobiliários;siconfi-cor_RO1.3.2.0.00.00.00;1355780,19
Prefeitura Municipal de Manacapuru - AM;1302504;AM;92996;Receitas Brutas Realizadas;1.3.2.5.00.00.00 - Remuneração de Depósitos Bancários;siconfi-cor_RO1.3.2.5.00.00.00;1355780,19
Prefeitura Municipal de Manacapuru - AM;1302504;AM;92996;Receitas Brutas Realizadas;1.6.0.0.00.00.00 - Receita de Serviços;siconfi-cor_RO1.6.0.0.00.00.00;29172,64
Prefeitura Municipal de Manacapuru - AM;1302504;AM;92996;Receitas Brutas Realizadas;1.6.0.0.99.00.00 - Demais Receitas de Serviços;siconfi-cor_RO1.6.0.0.99.00.00;29172,64
Prefeitura Municipal de Manacapuru - AM;1302504;AM;92996;Receitas Brutas Realizadas;1.7.0.0.00.00.00 - Transferências Correntes;siconfi-cor_RO1.7.0.0.00.00.00;126463834,7
Prefeitura Municipal de Manacapuru - AM;1302504;AM;92996;Receitas Brutas Realizadas;1.7.2.0.00.00.00 - Transferências Intergovernamentais;siconfi-cor_RO1.7.2.0.00.00.00;123454259,7
Prefeitura Municipal de Manacapuru - AM;1302504;AM;92996;Receitas Brutas Realizadas;1.7.2.1.00.00.00 - Transferências da União;siconfi-cor_RO1.7.2.1.00.00.00;54626768,41
Prefeitura Municipal de Manacapuru - AM;1302504;AM;92996;Receitas Brutas Realizadas;1.7.2.1.01.00.00 - Participação na Receita da União;siconfi-cor_RO1.7.2.1.01.00.00;29312984,22
Prefeitura Municipal de Manacapuru - AM;1302504;AM;92996;Receitas Brutas Realizadas;1.7.2.1.01.02.00 - Cota-Parte do Fundo de Participação dos Municípios ¿ FPM;siconfi-cor_RO1.7.2.1.01.02.00;29304728,26
Prefeitura Municipal de Manacapuru - AM;1302504;AM;92996;Receitas Brutas Realizadas;1.7.2.1.01.05.00 - Cota-Parte do Imposto Sobre a Propriedade Territorial Rural ¿ ITR;siconfi-cor_RO1.7.2.1.01.05.00;8255,96
Prefeitura Municipal de Manacapuru - AM;1302504;AM;92996;Receitas Brutas Realizadas;1.7.2.1.22.00.00 - Transferências da Compensação Financeira pela Exploração de Recursos Naturais;siconfi-cor_RO1.7.2.1.22.00.00;477607,12
Prefeitura Municipal de Manacapuru - AM;1302504;AM;92996;Receitas Brutas Realizadas;1.7.2.1.22.20.00 - Cota-Parte da Compensação Financeira de Recursos Minerais - CFEM;siconfi-cor_RO1.7.2.1.22.20.00;5472,03
Prefeitura Municipal de Manacapuru - AM;1302504;AM;92996;Receitas Brutas Realizadas;1.7.2.1.22.40.00 - Cota-Parte Royalties pelo Excedente da Produção do Petróleo - Lei nº 9.478/97 artigo 49 I e II;siconfi-cor_RO1.7.2.1.22.40.00;33613,24
Prefeitura Municipal de Manacapuru - AM;1302504;AM;92996;Receitas Brutas Realizadas;1.7.2.1.22.70.00 - Cota-Parte do Fundo Especial do Petróleo ¿ FEP;siconfi-cor_RO1.7.2.1.22.70.00;438521,85
Prefeitura Municipal de Manacapuru - AM;1302504;AM;92996;Receitas Brutas Realizadas;1.7.2.1.33.00.00 - Transferências de Recursos do Sistema Único de Saúde - SUS - Repasses Fundo a Fundo;siconfi-cor_RO1.7.2.1.33.00.00;16894278,69
Prefeitura Municipal de Manacapuru - AM;1302504;AM;92996;Receitas Brutas Realizadas;1.7.2.1.34.00.00 - Transferências de Recursos do Fundo Nacional de Assistência Social ¿ FNAS;siconfi-cor_RO1.7.2.1.34.00.00;1513551,73
Prefeitura Municipal de Manacapuru - AM;1302504;AM;92996;Receitas Brutas Realizadas;1.7.2.1.35.00.00 - Transferências de Recursos do Fundo Nacional do Desenvolvimento da Educação ¿ FNDE;siconfi-cor_RO1.7.2.1.35.00.00;5745431,2
Prefeitura Municipal de Manacapuru - AM;1302504;AM;92996;Receitas Brutas Realizadas;1.7.2.1.36.00.00 - Transferências Financeiras do ICMS ¿ Desoneração ¿ L.C. Nº 87/96;siconfi-cor_RO1.7.2.1.36.00.00;65992,08
Prefeitura Municipal de Manacapuru - AM;1302504;AM;92996;Receitas Brutas Realizadas;1.7.2.1.99.00.00 - Outras Transferências da União;siconfi-cor_RO1.7.2.1.99.00.00;616923,37
Prefeitura Municipal de Manacapuru - AM;1302504;AM;92996;Receitas Brutas Realizadas;1.7.2.2.00.00.00 - Transferências dos Estados;siconfi-cor_RO1.7.2.2.00.00.00;29547860,19
Prefeitura Municipal de Manacapuru - AM;1302504;AM;92996;Receitas Brutas Realizadas;1.7.2.2.01.00.00 - Participação na Receita dos Estados;siconfi-cor_RO1.7.2.2.01.00.00;27488992,27
Prefeitura Municipal de Manacapuru - AM;1302504;AM;92996;Receitas Brutas Realizadas;1.7.2.2.01.01.00 - Cota-Parte do ICMS;siconfi-cor_RO1.7.2.2.01.01.00;26204901,76
Prefeitura Municipal de Manacapuru - AM;1302504;AM;92996;Receitas Brutas Realizadas;1.7.2.2.01.02.00 - Cota-Parte do IPVA;siconfi-cor_RO1.7.2.2.01.02.00;1144020,21
Prefeitura Municipal de Manacapuru - AM;1302504;AM;92996;Receitas Brutas Realizadas;1.7.2.2.01.04.00 - Cota-Parte do IPI sobre Exportação;siconfi-cor_RO1.7.2.2.01.04.00;127100,7
Prefeitura Municipal de Manacapuru - AM;1302504;AM;92996;Receitas Brutas Realizadas;1.7.2.2.01.13.00 - Cota-Parte da Contribuição de Intervenção no Domínio Econômico;siconfi-cor_RO1.7.2.2.01.13.00;12969,6
Prefeitura Municipal de Manacapuru - AM;1302504;AM;92996;Receitas Brutas Realizadas;1.7.2.2.22.00.00 - Transferências da Cota-Parte da Compensação Financeira (25%);siconfi-cor_RO1.7.2.2.22.00.00;411622,34
Prefeitura Municipal de Manacapuru - AM;1302504;AM;92996;Receitas Brutas Realizadas;1.7.2.2.22.30.00 - Cota-Parte Royalties - Compensação Financeira pela Produção de Petróleo - Lei nº 7.990/89 artigo 9º;siconfi-cor_RO1.7.2.2.22.30.00;411622,34
Prefeitura Municipal de Manacapuru - AM;1302504;AM;92996;Receitas Brutas Realizadas;1.7.2.2.33.00.00 - Transferências de Recursos do Estado para Programas de Saúde - Repasse Fundo a Fundo;siconfi-cor_RO1.7.2.2.33.00.00;160837,92
Prefeitura Municipal de Manacapuru - AM;1302504;AM;92996;Receitas Brutas Realizadas;1.7.2.2.99.00.00 - Outras Transferências dos Estados;siconfi-cor_RO1.7.2.2.99.00.00;1486407,66
Prefeitura Municipal de Manacapuru - AM;1302504;AM;92996;Receitas Brutas Realizadas;1.7.2.4.00.00.00 - Transferências Multigovernamentais;siconfi-cor_RO1.7.2.4.00.00.00;39279631,13
Prefeitura Municipal de Manacapuru - AM;1302504;AM;92996;Receitas Brutas Realizadas;1.7.2.4.01.00.00 - Transferências de Recursos do Fundo de Manutenção e Desenvolvimento do Ensino Fundamental e de Valorização do Magistério - FUNDEB;siconfi-cor_RO1.7.2.4.01.00.00;32061668,08
Prefeitura Municipal de Manacapuru - AM;1302504;AM;92996;Receitas Brutas Realizadas;1.7.2.4.02.00.00 - Transferências de Recursos da Complementação ao Fundo de Manutenção e Desenvolvimento do Ensino Fundamental e de Valorização do Magistério - FUNDEB;siconfi-cor_RO1.7.2.4.02.00.00;7217963,05
Prefeitura Municipal de Manacapuru - AM;1302504;AM;92996;Receitas Brutas Realizadas;1.7.6.0.00.00.00 - Transferências de Convênios;siconfi-cor_RO1.7.6.0.00.00.00;3009575
Prefeitura Municipal de Manacapuru - AM;1302504;AM;92996;Receitas Brutas Realizadas;1.7.6.1.00.00.00 - Transferências de Convênios da União e de Suas Entidades;siconfi-cor_RO1.7.6.1.00.00.00;484575
Prefeitura Municipal de Manacapuru - AM;1302504;AM;92996;Receitas Brutas Realizadas;1.7.6.1.03.00.00 - Transferências de Convênios da União Destinadas a Programas de Assistência Social;siconfi-cor_RO1.7.6.1.03.00.00;484575
Prefeitura Municipal de Manacapuru - AM;1302504;AM;92996;Receitas Brutas Realizadas;1.7.6.2.00.00.00 - Transferências de Convênios dos Estados e do Distrito Federal e de Suas Entidades;siconfi-cor_RO1.7.6.2.00.00.00;2500000
Prefeitura Municipal de Manacapuru - AM;1302504;AM;92996;Receitas Brutas Realizadas;1.7.6.2.99.00.00 - Outras Transferências de Convênios dos Estados;siconfi-cor_RO1.7.6.2.99.00.00;2500000
Prefeitura Municipal de Manacapuru - AM;1302504;AM;92996;Receitas Brutas Realizadas;1.7.6.4.00.00.00 - Transferências de Convênios de Instituições Privadas;siconfi-cor_RO1.7.6.4.00.00.00;25000
Prefeitura Municipal de Manacapuru - AM;1302504;AM;92996;Receitas Brutas Realizadas;1.9.0.0.00.00.00 - Outras Receitas Correntes;siconfi-cor_RO1.9.0.0.00.00.00;296573,62
Prefeitura Municipal de Manacapuru - AM;1302504;AM;92996;Receitas Brutas Realizadas;1.9.3.0.00.00.00 - Receita da Dívida Ativa;siconfi-cor_RO1.9.3.0.00.00.00;36198,47
Prefeitura Municipal de Manacapuru - AM;1302504;AM;92996;Receitas Brutas Realizadas;1.9.3.1.00.00.00 - Receita da Dívida Ativa Tributária;siconfi-cor_RO1.9.3.1.00.00.00;36198,47
Prefeitura Municipal de Manacapuru - AM;1302504;AM;92996;Receitas Brutas Realizadas;1.9.9.0.00.00.00 - Receitas Diversas;siconfi-cor_RO1.9.9.0.00.00.00;260375,15
Prefeitura Municipal de Manacapuru - AM;1302504;AM;92996;Receitas Brutas Realizadas;2.0.0.0.00.00.00 - Receitas de Capital;siconfi-cor_RO2.0.0.0.00.00.00;8630545,99
Prefeitura Municipal de Manacapuru - AM;1302504;AM;92996;Receitas Brutas Realizadas;2.4.0.0.00.00.00 - Transferências de Capital;siconfi-cor_RO2.4.0.0.00.00.00;8630545,99
Prefeitura Municipal de Manacapuru - AM;1302504;AM;92996;Receitas Brutas Realizadas;2.4.2.0.00.00.00 - Transferências Intergovernamentais;siconfi-cor_RO2.4.2.0.00.00.00;2223583,33
Prefeitura Municipal de Manacapuru - AM;1302504;AM;92996;Receitas Brutas Realizadas;2.4.2.1.00.00.00 - Transferências da União;siconfi-cor_RO2.4.2.1.00.00.00;2223583,33
Prefeitura Municipal de Manacapuru - AM;1302504;AM;92996;Receitas Brutas Realizadas;2.4.2.1.01.00.00 - Participação na Receita da União;siconfi-cor_RO2.4.2.1.01.00.00;2223583,33
Prefeitura Municipal de Manacapuru - AM;1302504;AM;92996;Receitas Brutas Realizadas;2.4.7.0.00.00.00 - Transferências de Convênios;siconfi-cor_RO2.4.7.0.00.00.00;6406962,66
Prefeitura Municipal de Manacapuru - AM;1302504;AM;92996;Receitas Brutas Realizadas;2.4.7.1.00.00.00 - Transferências de Convênios da União e de suas Entidades;siconfi-cor_RO2.4.7.1.00.00.00;2382165,1
Prefeitura Municipal de Manacapuru - AM;1302504;AM;92996;Receitas Brutas Realizadas;2.4.7.1.99.00.00 - Outras Transferências de Convênios da União;siconfi-cor_RO2.4.7.1.99.00.00;2382165,1
Prefeitura Municipal de Manacapuru - AM;1302504;AM;92996;Receitas Brutas Realizadas;2.4.7.2.00.00.00 - Transferências de Convênios dos Estados e do Distrito Federal e de suas Entidades;siconfi-cor_RO2.4.7.2.00.00.00;4024797,56
Prefeitura Municipal de Manacapuru - AM;1302504;AM;92996;Receitas Brutas Realizadas;2.4.7.2.03.00.00 - Transferências de Convênios dos Estados Destinadas a Programas de Saneamento Básico;siconfi-cor_RO2.4.7.2.03.00.00;2567624,63
Prefeitura Municipal de Manacapuru - AM;1302504;AM;92996;Receitas Brutas Realizadas;2.4.7.2.99.00.00 - Outras Transferências de Convênios dos Estados;siconfi-cor_RO2.4.7.2.99.00.00;1457172,93
Prefeitura Municipal de Manacapuru - AM;1302504;AM;92996;Deduções - FUNDEB;Total Receitas;siconfi-cor_TotalReceitas;-11122606,12
Prefeitura Municipal de Manacapuru - AM;1302504;AM;92996;Deduções - FUNDEB;1.0.0.0.00.00.00 - Receitas Correntes;siconfi-cor_RO1.0.0.0.00.00.00;-11122606,12
Prefeitura Municipal de Manacapuru - AM;1302504;AM;92996;Deduções - FUNDEB;1.7.0.0.00.00.00 - Transferências Correntes;siconfi-cor_RO1.7.0.0.00.00.00;-11122606,12
Prefeitura Municipal de Manacapuru - AM;1302504;AM;92996;Deduções - FUNDEB;1.7.2.0.00.00.00 - Transferências Intergovernamentais;siconfi-cor_RO1.7.2.0.00.00.00;-11122606,12
Prefeitura Municipal de Manacapuru - AM;1302504;AM;92996;Deduções - FUNDEB;1.7.2.1.00.00.00 - Transferências da União;siconfi-cor_RO1.7.2.1.00.00.00;-5626871,48
Prefeitura Municipal de Manacapuru - AM;1302504;AM;92996;Deduções - FUNDEB;1.7.2.1.01.00.00 - Participação na Receita da União;siconfi-cor_RO1.7.2.1.01.00.00;-5613673,16
Prefeitura Municipal de Manacapuru - AM;1302504;AM;92996;Deduções - FUNDEB;1.7.2.1.01.02.00 - Cota-Parte do Fundo de Participação dos Municípios ¿ FPM;siconfi-cor_RO1.7.2.1.01.02.00;-5612022,06
Prefeitura Municipal de Manacapuru - AM;1302504;AM;92996;Deduções - FUNDEB;1.7.2.1.01.05.00 - Cota-Parte do Imposto Sobre a Propriedade Territorial Rural ¿ ITR;siconfi-cor_RO1.7.2.1.01.05.00;-1651,1
Prefeitura Municipal de Manacapuru - AM;1302504;AM;92996;Deduções - FUNDEB;1.7.2.1.36.00.00 - Transferências Financeiras do ICMS ¿ Desoneração ¿ L.C. Nº 87/96;siconfi-cor_RO1.7.2.1.36.00.00;-13198,32
Prefeitura Municipal de Manacapuru - AM;1302504;AM;92996;Deduções - FUNDEB;1.7.2.2.00.00.00 - Transferências dos Estados;siconfi-cor_RO1.7.2.2.00.00.00;-5495734,64
Prefeitura Municipal de Manacapuru - AM;1302504;AM;92996;Deduções - FUNDEB;1.7.2.2.01.00.00 - Participação na Receita dos Estados;siconfi-cor_RO1.7.2.2.01.00.00;-5495734,64
Prefeitura Municipal de Manacapuru - AM;1302504;AM;92996;Deduções - FUNDEB;1.7.2.2.01.01.00 - Cota-Parte do ICMS;siconfi-cor_RO1.7.2.2.01.01.00;-5240980,38
Prefeitura Municipal de Manacapuru - AM;1302504;AM;92996;Deduções - FUNDEB;1.7.2.2.01.02.00 - Cota-Parte do IPVA;siconfi-cor_RO1.7.2.2.01.02.00;-229334,13
Prefeitura Municipal de Manacapuru - AM;1302504;AM;92996;Deduções - FUNDEB;1.7.2.2.01.04.00 - Cota-Parte do IPI sobre Exportação;siconfi-cor_RO1.7.2.2.01.04.00;-25420,13
Prefeitura Municipal de Tefé - AM;1304203;AM;62662;Receitas Brutas Realizadas;Total Receitas;siconfi-cor_TotalReceitas;113035402,9
Prefeitura Municipal de Tefé - AM;1304203;AM;62662;Receitas Brutas Realizadas;1.0.0.0.00.00.00 - Receitas Correntes;siconfi-cor_RO1.0.0.0.00.00.00;107467555,9
Prefeitura Municipal de Tefé - AM;1304203;AM;62662;Receitas Brutas Realizadas;1.1.0.0.00.00.00 - Receita Tributária;siconfi-cor_RO1.1.0.0.00.00.00;6171187,63
Prefeitura Municipal de Tefé - AM;1304203;AM;62662;Receitas Brutas Realizadas;1.1.1.0.00.00.00 - Impostos;siconfi-cor_RO1.1.1.0.00.00.00;5917808,75
Prefeitura Municipal de Tefé - AM;1304203;AM;62662;Receitas Brutas Realizadas;1.1.1.2.00.00.00 - Impostos sobre o Patrimônio e a Renda;siconfi-cor_RO1.1.1.2.00.00.00;1803567,24
Prefeitura Municipal de Tefé - AM;1304203;AM;62662;Receitas Brutas Realizadas;1.1.1.2.02.00.00 - Imposto sobre a Propriedade Predial e Territorial Urbana ¿ IPTU;siconfi-cor_RO1.1.1.2.02.00.00;96449,63
Prefeitura Municipal de Tefé - AM;1304203;AM;62662;Receitas Brutas Realizadas;1.1.1.2.04.00.00 - Imposto sobre a Renda e Proventos de Qualquer Natureza ¿ IR;siconfi-cor_RO1.1.1.2.04.00.00;1476670,96
Prefeitura Municipal de Tefé - AM;1304203;AM;62662;Receitas Brutas Realizadas;1.1.1.2.04.31.00 - Retido nas Fontes - Trabalho;siconfi-cor_RO1.1.1.2.04.31.00;733994,53
Prefeitura Municipal de Tefé - AM;1304203;AM;62662;Receitas Brutas Realizadas;1.1.1.2.04.34.00 - Retido nas Fontes - Outros Rendimentos;siconfi-cor_RO1.1.1.2.04.34.00;742676,43
Prefeitura Municipal de Tefé - AM;1304203;AM;62662;Receitas Brutas Realizadas;"1.1.1.2.08.00.00 - Imposto sobre Transmissão Inter Vivos"" de Bens Imóveis e de Direitos Reais sobre Imóveis ¿ ITBI""";siconfi-cor_RO1.1.1.2.08.00.00;230446,65
Prefeitura Municipal de Tefé - AM;1304203;AM;62662;Receitas Brutas Realizadas;1.1.1.3.00.00.00 - Impostos sobre a Produção e a Circulação;siconfi-cor_RO1.1.1.3.00.00.00;4114241,51
Prefeitura Municipal de Tefé - AM;1304203;AM;62662;Receitas Brutas Realizadas;1.1.1.3.05.00.00 - Imposto sobre Serviços de Qualquer Natureza ¿ ISSQN;siconfi-cor_RO1.1.1.3.05.00.00;4114241,51
Prefeitura Municipal de Tefé - AM;1304203;AM;62662;Receitas Brutas Realizadas;1.1.2.0.00.00.00 - Taxas;siconfi-cor_RO1.1.2.0.00.00.00;253378,88
Prefeitura Municipal de Tefé - AM;1304203;AM;62662;Receitas Brutas Realizadas;1.1.2.1.00.00.00 - Taxas pelo Exercício do Poder de Polícia;siconfi-cor_RO1.1.2.1.00.00.00;218324,28
Prefeitura Municipal de Tefé - AM;1304203;AM;62662;Receitas Brutas Realizadas;1.1.2.2.00.00.00 - Taxas pela Prestação de Serviços;siconfi-cor_RO1.1.2.2.00.00.00;35054,6
Prefeitura Municipal de Tefé - AM;1304203;AM;62662;Receitas Brutas Realizadas;1.2.0.0.00.00.00 - Receitas de Contribuições;siconfi-cor_RO1.2.0.0.00.00.00;654786,87
Prefeitura Municipal de Tefé - AM;1304203;AM;62662;Receitas Brutas Realizadas;1.2.2.0.00.00.00 - Contribuições de Intervenção no Domínio Econômico;siconfi-cor_RO1.2.2.0.00.00.00;654786,87
Prefeitura Municipal de Tefé - AM;1304203;AM;62662;Receitas Brutas Realizadas;1.3.0.0.00.00.00 - Receita Patrimonial;siconfi-cor_RO1.3.0.0.00.00.00;785570,34
Prefeitura Municipal de Tefé - AM;1304203;AM;62662;Receitas Brutas Realizadas;1.3.2.0.00.00.00 - Receitas de Valores Mobiliários;siconfi-cor_RO1.3.2.0.00.00.00;785570,34
Prefeitura Municipal de Tefé - AM;1304203;AM;62662;Receitas Brutas Realizadas;1.3.2.5.00.00.00 - Remuneração de Depósitos Bancários;siconfi-cor_RO1.3.2.5.00.00.00;785570,34
Prefeitura Municipal de Tefé - AM;1304203;AM;62662;Receitas Brutas Realizadas;1.6.0.0.00.00.00 - Receita de Serviços;siconfi-cor_RO1.6.0.0.00.00.00;8375,5
Prefeitura Municipal de Tefé - AM;1304203;AM;62662;Receitas Brutas Realizadas;1.6.0.0.13.00.00 - Serviços Administrativos;siconfi-cor_RO1.6.0.0.13.00.00;8375,5
Prefeitura Municipal de Tefé - AM;1304203;AM;62662;Receitas Brutas Realizadas;1.7.0.0.00.00.00 - Transferências Correntes;siconfi-cor_RO1.7.0.0.00.00.00;99842155,55
Prefeitura Municipal de Tefé - AM;1304203;AM;62662;Receitas Brutas Realizadas;1.7.2.0.00.00.00 - Transferências Intergovernamentais;siconfi-cor_RO1.7.2.0.00.00.00;98701379,71
Prefeitura Municipal de Tefé - AM;1304203;AM;62662;Receitas Brutas Realizadas;1.7.2.1.00.00.00 - Transferências da União;siconfi-cor_RO1.7.2.1.00.00.00;41612885,06
Prefeitura Municipal de Tefé - AM;1304203;AM;62662;Receitas Brutas Realizadas;1.7.2.1.01.00.00 - Participação na Receita da União;siconfi-cor_RO1.7.2.1.01.00.00;23478517,9
Prefeitura Municipal de Tefé - AM;1304203;AM;62662;Receitas Brutas Realizadas;1.7.2.1.01.02.00 - Cota-Parte do Fundo de Participação dos Municípios ¿ FPM;siconfi-cor_RO1.7.2.1.01.02.00;23443782,57
Prefeitura Municipal de Tefé - AM;1304203;AM;62662;Receitas Brutas Realizadas;1.7.2.1.01.05.00 - Cota-Parte do Imposto Sobre a Propriedade Territorial Rural ¿ ITR;siconfi-cor_RO1.7.2.1.01.05.00;34735,33
Prefeitura Municipal de Tefé - AM;1304203;AM;62662;Receitas Brutas Realizadas;1.7.2.1.22.00.00 - Transferências da Compensação Financeira pela Exploração de Recursos Naturais;siconfi-cor_RO1.7.2.1.22.00.00;1897815,44
Prefeitura Municipal de Tefé - AM;1304203;AM;62662;Receitas Brutas Realizadas;1.7.2.1.22.20.00 - Cota-Parte da Compensação Financeira de Recursos Minerais - CFEM;siconfi-cor_RO1.7.2.1.22.20.00;1298,73
Prefeitura Municipal de Tefé - AM;1304203;AM;62662;Receitas Brutas Realizadas;1.7.2.1.22.30.00 - Cota-Parte Royalties ¿ Compensação Financeira pela Produção de Petróleo ¿ Lei nº 7.990/89;siconfi-cor_RO1.7.2.1.22.30.00;1119370,33
Prefeitura Municipal de Tefé - AM;1304203;AM;62662;Receitas Brutas Realizadas;1.7.2.1.22.40.00 - Cota-Parte Royalties pelo Excedente da Produção do Petróleo - Lei nº 9.478/97 artigo 49 I e II;siconfi-cor_RO1.7.2.1.22.40.00;426328,9
Prefeitura Municipal de Tefé - AM;1304203;AM;62662;Receitas Brutas Realizadas;1.7.2.1.22.70.00 - Cota-Parte do Fundo Especial do Petróleo ¿ FEP;siconfi-cor_RO1.7.2.1.22.70.00;350817,48
Prefeitura Municipal de Tefé - AM;1304203;AM;62662;Receitas Brutas Realizadas;1.7.2.1.33.00.00 - Transferências de Recursos do Sistema Único de Saúde - SUS - Repasses Fundo a Fundo;siconfi-cor_RO1.7.2.1.33.00.00;11625548,54
Prefeitura Municipal de Tefé - AM;1304203;AM;62662;Receitas Brutas Realizadas;1.7.2.1.34.00.00 - Transferências de Recursos do Fundo Nacional de Assistência Social ¿ FNAS;siconfi-cor_RO1.7.2.1.34.00.00;1141457,73
Prefeitura Municipal de Tefé - AM;1304203;AM;62662;Receitas Brutas Realizadas;1.7.2.1.35.00.00 - Transferências de Recursos do Fundo Nacional do Desenvolvimento da Educação ¿ FNDE;siconfi-cor_RO1.7.2.1.35.00.00;2931182,2
Prefeitura Municipal de Tefé - AM;1304203;AM;62662;Receitas Brutas Realizadas;1.7.2.1.36.00.00 - Transferências Financeiras do ICMS ¿ Desoneração ¿ L.C. Nº 87/96;siconfi-cor_RO1.7.2.1.36.00.00;48716,52
Prefeitura Municipal de Tefé - AM;1304203;AM;62662;Receitas Brutas Realizadas;1.7.2.1.99.00.00 - Outras Transferências da União;siconfi-cor_RO1.7.2.1.99.00.00;489646,73
Prefeitura Municipal de Tefé - AM;1304203;AM;62662;Receitas Brutas Realizadas;1.7.2.2.00.00.00 - Transferências dos Estados;siconfi-cor_RO1.7.2.2.00.00.00;21434837,57
Prefeitura Municipal de Tefé - AM;1304203;AM;62662;Receitas Brutas Realizadas;1.7.2.2.01.00.00 - Participação na Receita dos Estados;siconfi-cor_RO1.7.2.2.01.00.00;19825422,72
Prefeitura Municipal de Tefé - AM;1304203;AM;62662;Receitas Brutas Realizadas;1.7.2.2.01.01.00 - Cota-Parte do ICMS;siconfi-cor_RO1.7.2.2.01.01.00;19344918,01
Prefeitura Municipal de Tefé - AM;1304203;AM;62662;Receitas Brutas Realizadas;1.7.2.2.01.02.00 - Cota-Parte do IPVA;siconfi-cor_RO1.7.2.2.01.02.00;376976,91
Prefeitura Municipal de Tefé - AM;1304203;AM;62662;Receitas Brutas Realizadas;1.7.2.2.01.04.00 - Cota-Parte do IPI sobre Exportação;siconfi-cor_RO1.7.2.2.01.04.00;93827,95
Prefeitura Municipal de Tefé - AM;1304203;AM;62662;Receitas Brutas Realizadas;1.7.2.2.01.13.00 - Cota-Parte da Contribuição de Intervenção no Domínio Econômico;siconfi-cor_RO1.7.2.2.01.13.00;9699,85
Prefeitura Municipal de Tefé - AM;1304203;AM;62662;Receitas Brutas Realizadas;1.7.2.2.22.00.00 - Transferências da Cota-Parte da Compensação Financeira (25%);siconfi-cor_RO1.7.2.2.22.00.00;303866,85
Prefeitura Municipal de Tefé - AM;1304203;AM;62662;Receitas Brutas Realizadas;1.7.2.2.22.30.00 - Cota-Parte Royalties - Compensação Financeira pela Produção de Petróleo - Lei nº 7.990/89 artigo 9º;siconfi-cor_RO1.7.2.2.22.30.00;303866,85
Prefeitura Municipal de Tefé - AM;1304203;AM;62662;Receitas Brutas Realizadas;1.7.2.2.33.00.00 - Transferências de Recursos do Estado para Programas de Saúde - Repasse Fundo a Fundo;siconfi-cor_RO1.7.2.2.33.00.00;1185259,94
Prefeitura Municipal de Tefé - AM;1304203;AM;62662;Receitas Brutas Realizadas;1.7.2.2.99.00.00 - Outras Transferências dos Estados;siconfi-cor_RO1.7.2.2.99.00.00;120288,06
Prefeitura Municipal de Tefé - AM;1304203;AM;62662;Receitas Brutas Realizadas;1.7.2.4.00.00.00 - Transferências Multigovernamentais;siconfi-cor_RO1.7.2.4.00.00.00;35653657,08
Prefeitura Municipal de Tefé - AM;1304203;AM;62662;Receitas Brutas Realizadas;1.7.2.4.01.00.00 - Transferências de Recursos do Fundo de Manutenção e Desenvolvimento do Ensino Fundamental e de Valorização do Magistério - FUNDEB;siconfi-cor_RO1.7.2.4.01.00.00;29113633,16
Prefeitura Municipal de Tefé - AM;1304203;AM;62662;Receitas Brutas Realizadas;1.7.2.4.02.00.00 - Transferências de Recursos da Complementação ao Fundo de Manutenção e Desenvolvimento do Ensino Fundamental e de Valorização do Magistério - FUNDEB;siconfi-cor_RO1.7.2.4.02.00.00;6540023,92
Prefeitura Municipal de Tefé - AM;1304203;AM;62662;Receitas Brutas Realizadas;1.7.6.0.00.00.00 - Transferências de Convênios;siconfi-cor_RO1.7.6.0.00.00.00;1140775,84
Prefeitura Municipal de Tefé - AM;1304203;AM;62662;Receitas Brutas Realizadas;1.7.6.1.00.00.00 - Transferências de Convênios da União e de Suas Entidades;siconfi-cor_RO1.7.6.1.00.00.00;19775,84
Prefeitura Municipal de Tefé - AM;1304203;AM;62662;Receitas Brutas Realizadas;1.7.6.1.99.00.00 - Outras Transferências de Convênios da União;siconfi-cor_RO1.7.6.1.99.00.00;19775,84
Prefeitura Municipal de Tefé - AM;1304203;AM;62662;Receitas Brutas Realizadas;1.7.6.2.00.00.00 - Transferências de Convênios dos Estados e do Distrito Federal e de Suas Entidades;siconfi-cor_RO1.7.6.2.00.00.00;1121000
Prefeitura Municipal de Tefé - AM;1304203;AM;62662;Receitas Brutas Realizadas;1.7.6.2.02.00.00 - Transferências de Convênios dos Estados Destinadas a Programas de Educação;siconfi-cor_RO1.7.6.2.02.00.00;761000
Prefeitura Municipal de Tefé - AM;1304203;AM;62662;Receitas Brutas Realizadas;1.7.6.2.99.00.00 - Outras Transferências de Convênios dos Estados;siconfi-cor_RO1.7.6.2.99.00.00;360000
Prefeitura Municipal de Tefé - AM;1304203;AM;62662;Receitas Brutas Realizadas;1.9.0.0.00.00.00 - Outras Receitas Correntes;siconfi-cor_RO1.9.0.0.00.00.00;5480
Prefeitura Municipal de Tefé - AM;1304203;AM;62662;Receitas Brutas Realizadas;1.9.9.0.00.00.00 - Receitas Diversas;siconfi-cor_RO1.9.9.0.00.00.00;5480
Prefeitura Municipal de Tefé - AM;1304203;AM;62662;Receitas Brutas Realizadas;2.0.0.0.00.00.00 - Receitas de Capital;siconfi-cor_RO2.0.0.0.00.00.00;5567847,04
Prefeitura Municipal de Tefé - AM;1304203;AM;62662;Receitas Brutas Realizadas;2.4.0.0.00.00.00 - Transferências de Capital;siconfi-cor_RO2.4.0.0.00.00.00;5567847,04
Prefeitura Municipal de Tefé - AM;1304203;AM;62662;Receitas Brutas Realizadas;2.4.2.0.00.00.00 - Transferências Intergovernamentais;siconfi-cor_RO2.4.2.0.00.00.00;5085697,21
Prefeitura Municipal de Tefé - AM;1304203;AM;62662;Receitas Brutas Realizadas;2.4.2.1.00.00.00 - Transferências da União;siconfi-cor_RO2.4.2.1.00.00.00;4707296,21
Prefeitura Municipal de Tefé - AM;1304203;AM;62662;Receitas Brutas Realizadas;2.4.2.1.01.00.00 - Participação na Receita da União;siconfi-cor_RO2.4.2.1.01.00.00;754070
Prefeitura Municipal de Tefé - AM;1304203;AM;62662;Receitas Brutas Realizadas;2.4.2.1.02.00.00 - Transferências de Recursos Destinados a Programas de Educação;siconfi-cor_RO2.4.2.1.02.00.00;3656706,21
Prefeitura Municipal de Tefé - AM;1304203;AM;62662;Receitas Brutas Realizadas;2.4.2.1.37.00.00 - Transferências a Consórcios Públicos;siconfi-cor_RO2.4.2.1.37.00.00;48000
Prefeitura Municipal de Tefé - AM;1304203;AM;62662;Receitas Brutas Realizadas;2.4.2.1.99.00.00 - Outras Transferências da União;siconfi-cor_RO2.4.2.1.99.00.00;248520
Prefeitura Municipal de Tefé - AM;1304203;AM;62662;Receitas Brutas Realizadas;2.4.2.2.00.00.00 - Transferências dos Estados;siconfi-cor_RO2.4.2.2.00.00.00;378401
Prefeitura Municipal de Tefé - AM;1304203;AM;62662;Receitas Brutas Realizadas;2.4.2.2.01.00.00 - Participação na Receita dos Estados;siconfi-cor_RO2.4.2.2.01.00.00;378401
Prefeitura Municipal de Tefé - AM;1304203;AM;62662;Receitas Brutas Realizadas;2.4.7.0.00.00.00 - Transferências de Convênios;siconfi-cor_RO2.4.7.0.00.00.00;482149,83
Prefeitura Municipal de Tefé - AM;1304203;AM;62662;Receitas Brutas Realizadas;2.4.7.2.00.00.00 - Transferências de Convênios dos Estados e do Distrito Federal e de suas Entidades;siconfi-cor_RO2.4.7.2.00.00.00;482149,83
Prefeitura Municipal de Tefé - AM;1304203;AM;62662;Receitas Brutas Realizadas;2.4.7.2.05.00.00 - Transferências de Convênios dos Estados Destinadas a Programas de Infraestrutura em Transporte;siconfi-cor_RO2.4.7.2.05.00.00;482149,83
Prefeitura Municipal de Tefé - AM;1304203;AM;62662;Deduções - FUNDEB;Total Receitas;siconfi-cor_TotalReceitas;-8469451,41
Prefeitura Municipal de Tefé - AM;1304203;AM;62662;Deduções - FUNDEB;1.0.0.0.00.00.00 - Receitas Correntes;siconfi-cor_RO1.0.0.0.00.00.00;-8469451,41
Prefeitura Municipal de Tefé - AM;1304203;AM;62662;Deduções - FUNDEB;1.7.0.0.00.00.00 - Transferências Correntes;siconfi-cor_RO1.7.0.0.00.00.00;-8469451,41
Prefeitura Municipal de Tefé - AM;1304203;AM;62662;Deduções - FUNDEB;1.7.2.0.00.00.00 - Transferências Intergovernamentais;siconfi-cor_RO1.7.2.0.00.00.00;-8469451,41
Prefeitura Municipal de Tefé - AM;1304203;AM;62662;Deduções - FUNDEB;1.7.2.1.00.00.00 - Transferências da União;siconfi-cor_RO1.7.2.1.00.00.00;-4506307,84
Prefeitura Municipal de Tefé - AM;1304203;AM;62662;Deduções - FUNDEB;1.7.2.1.01.00.00 - Participação na Receita da União;siconfi-cor_RO1.7.2.1.01.00.00;-4496564,56
Prefeitura Municipal de Tefé - AM;1304203;AM;62662;Deduções - FUNDEB;1.7.2.1.01.02.00 - Cota-Parte do Fundo de Participação dos Municípios ¿ FPM;siconfi-cor_RO1.7.2.1.01.02.00;-4489617,58
Prefeitura Municipal de Tefé - AM;1304203;AM;62662;Deduções - FUNDEB;1.7.2.1.01.05.00 - Cota-Parte do Imposto Sobre a Propriedade Territorial Rural ¿ ITR;siconfi-cor_RO1.7.2.1.01.05.00;-6946,98
Prefeitura Municipal de Tefé - AM;1304203;AM;62662;Deduções - FUNDEB;1.7.2.1.36.00.00 - Transferências Financeiras do ICMS ¿ Desoneração ¿ L.C. Nº 87/96;siconfi-cor_RO1.7.2.1.36.00.00;-9743,28
Prefeitura Municipal de Tefé - AM;1304203;AM;62662;Deduções - FUNDEB;1.7.2.2.00.00.00 - Transferências dos Estados;siconfi-cor_RO1.7.2.2.00.00.00;-3963143,57
Prefeitura Municipal de Tefé - AM;1304203;AM;62662;Deduções - FUNDEB;1.7.2.2.01.00.00 - Participação na Receita dos Estados;siconfi-cor_RO1.7.2.2.01.00.00;-3963143,57
Prefeitura Municipal de Tefé - AM;1304203;AM;62662;Deduções - FUNDEB;1.7.2.2.01.01.00 - Cota-Parte do ICMS;siconfi-cor_RO1.7.2.2.01.01.00;-3868983,62
Prefeitura Municipal de Tefé - AM;1304203;AM;62662;Deduções - FUNDEB;1.7.2.2.01.02.00 - Cota-Parte do IPVA;siconfi-cor_RO1.7.2.2.01.02.00;-75394,39
Prefeitura Municipal de Tefé - AM;1304203;AM;62662;Deduções - FUNDEB;1.7.2.2.01.04.00 - Cota-Parte do IPI sobre Exportação;siconfi-cor_RO1.7.2.2.01.04.00;-18765,56
Prefeitura Municipal de Manicoré - AM;1302702;AM;52200;Receitas Brutas Realizadas;Total Receitas;siconfi-cor_TotalReceitas;104933766,7
Prefeitura Municipal de Manicoré - AM;1302702;AM;52200;Receitas Brutas Realizadas;1.0.0.0.00.00.00 - Receitas Correntes;siconfi-cor_RO1.0.0.0.00.00.00;76268919,62
Prefeitura Municipal de Manicoré - AM;1302702;AM;52200;Receitas Brutas Realizadas;1.1.0.0.00.00.00 - Receita Tributária;siconfi-cor_RO1.1.0.0.00.00.00;3134061,31
Prefeitura Municipal de Manicoré - AM;1302702;AM;52200;Receitas Brutas Realizadas;1.1.1.0.00.00.00 - Impostos;siconfi-cor_RO1.1.1.0.00.00.00;2939044,16
Prefeitura Municipal de Manicoré - AM;1302702;AM;52200;Receitas Brutas Realizadas;1.1.1.2.00.00.00 - Impostos sobre o Patrimônio e a Renda;siconfi-cor_RO1.1.1.2.00.00.00;539615,5
Prefeitura Municipal de Manicoré - AM;1302702;AM;52200;Receitas Brutas Realizadas;1.1.1.2.02.00.00 - Imposto sobre a Propriedade Predial e Territorial Urbana ¿ IPTU;siconfi-cor_RO1.1.1.2.02.00.00;8772,27
Prefeitura Municipal de Manicoré - AM;1302702;AM;52200;Receitas Brutas Realizadas;1.1.1.2.04.00.00 - Imposto sobre a Renda e Proventos de Qualquer Natureza ¿ IR;siconfi-cor_RO1.1.1.2.04.00.00;525625,81
Prefeitura Municipal de Manicoré - AM;1302702;AM;52200;Receitas Brutas Realizadas;1.1.1.2.04.31.00 - Retido nas Fontes - Trabalho;siconfi-cor_RO1.1.1.2.04.31.00;444445,5
Prefeitura Municipal de Manicoré - AM;1302702;AM;52200;Receitas Brutas Realizadas;1.1.1.2.04.34.00 - Retido nas Fontes - Outros Rendimentos;siconfi-cor_RO1.1.1.2.04.34.00;81180,31
Prefeitura Municipal de Manicoré - AM;1302702;AM;52200;Receitas Brutas Realizadas;"1.1.1.2.08.00.00 - Imposto sobre Transmissão Inter Vivos"" de Bens Imóveis e de Direitos Reais sobre Imóveis ¿ ITBI""";siconfi-cor_RO1.1.1.2.08.00.00;5217,42
Prefeitura Municipal de Manicoré - AM;1302702;AM;52200;Receitas Brutas Realizadas;1.1.1.3.00.00.00 - Impostos sobre a Produção e a Circulação;siconfi-cor_RO1.1.1.3.00.00.00;2399428,66
Prefeitura Municipal de Manicoré - AM;1302702;AM;52200;Receitas Brutas Realizadas;1.1.1.3.05.00.00 - Imposto sobre Serviços de Qualquer Natureza ¿ ISSQN;siconfi-cor_RO1.1.1.3.05.00.00;2399428,66
Prefeitura Municipal de Manicoré - AM;1302702;AM;52200;Receitas Brutas Realizadas;1.1.2.0.00.00.00 - Taxas;siconfi-cor_RO1.1.2.0.00.00.00;35830,83
Prefeitura Municipal de Manicoré - AM;1302702;AM;52200;Receitas Brutas Realizadas;1.1.2.1.00.00.00 - Taxas pelo Exercício do Poder de Polícia;siconfi-cor_RO1.1.2.1.00.00.00;28691,86
Prefeitura Municipal de Manicoré - AM;1302702;AM;52200;Receitas Brutas Realizadas;1.1.2.2.00.00.00 - Taxas pela Prestação de Serviços;siconfi-cor_RO1.1.2.2.00.00.00;7138,97
Prefeitura Municipal de Manicoré - AM;1302702;AM;52200;Receitas Brutas Realizadas;1.1.3.0.00.00.00 - Contribuição de Melhoria;siconfi-cor_RO1.1.3.0.00.00.00;159186,32
Prefeitura Municipal de Manicoré - AM;1302702;AM;52200;Receitas Brutas Realizadas;1.2.0.0.00.00.00 - Receitas de Contribuições;siconfi-cor_RO1.2.0.0.00.00.00;1451298,99
Prefeitura Municipal de Manicoré - AM;1302702;AM;52200;Receitas Brutas Realizadas;1.2.1.0.00.00.00 - Contribuições Sociais;siconfi-cor_RO1.2.1.0.00.00.00;1451298,99
Prefeitura Municipal de Manicoré - AM;1302702;AM;52200;Receitas Brutas Realizadas;1.2.1.0.29.00.00 - Contribuições para o Regime Próprio de Previdência do Servidor Público;siconfi-cor_RO1.2.1.0.29.00.00;1451298,99
Prefeitura Municipal de Manicoré - AM;1302702;AM;52200;Receitas Brutas Realizadas;1.2.1.0.29.01.00 - Contribuição Patronal de Servidor Ativo Civil para o Regime Próprio;siconfi-cor_RO1.2.1.0.29.01.00;350628,15
Prefeitura Municipal de Manicoré - AM;1302702;AM;52200;Receitas Brutas Realizadas;1.2.1.0.29.07.00 - Contribuição do Servidor Ativo Civil para o Regime Próprio;siconfi-cor_RO1.2.1.0.29.07.00;1100670,84
Prefeitura Municipal de Manicoré - AM;1302702;AM;52200;Receitas Brutas Realizadas;1.3.0.0.00.00.00 - Receita Patrimonial;siconfi-cor_RO1.3.0.0.00.00.00;790439,79
Prefeitura Municipal de Manicoré - AM;1302702;AM;52200;Receitas Brutas Realizadas;1.3.2.0.00.00.00 - Receitas de Valores Mobiliários;siconfi-cor_RO1.3.2.0.00.00.00;790439,79
Prefeitura Municipal de Manicoré - AM;1302702;AM;52200;Receitas Brutas Realizadas;1.3.2.2.00.00.00 - Dividendos;siconfi-cor_RO1.3.2.2.00.00.00;453,17
Prefeitura Municipal de Manicoré - AM;1302702;AM;52200;Receitas Brutas Realizadas;1.3.2.5.00.00.00 - Remuneração de Depósitos Bancários;siconfi-cor_RO1.3.2.5.00.00.00;789986,62
Prefeitura Municipal de Manicoré - AM;1302702;AM;52200;Receitas Brutas Realizadas;1.6.0.0.00.00.00 - Receita de Serviços;siconfi-cor_RO1.6.0.0.00.00.00;51938,04
Prefeitura Municipal de Manicoré - AM;1302702;AM;52200;Receitas Brutas Realizadas;1.6.0.0.99.00.00 - Demais Receitas de Serviços;siconfi-cor_RO1.6.0.0.99.00.00;51938,04
Prefeitura Municipal de Manicoré - AM;1302702;AM;52200;Receitas Brutas Realizadas;1.7.0.0.00.00.00 - Transferências Correntes;siconfi-cor_RO1.7.0.0.00.00.00;70398772,98
Prefeitura Municipal de Manicoré - AM;1302702;AM;52200;Receitas Brutas Realizadas;1.7.2.0.00.00.00 - Transferências Intergovernamentais;siconfi-cor_RO1.7.2.0.00.00.00;69811972,98
Prefeitura Municipal de Manicoré - AM;1302702;AM;52200;Receitas Brutas Realizadas;1.7.2.1.00.00.00 - Transferências da União;siconfi-cor_RO1.7.2.1.00.00.00;30931638,42
Prefeitura Municipal de Manicoré - AM;1302702;AM;52200;Receitas Brutas Realizadas;1.7.2.1.01.00.00 - Participação na Receita da União;siconfi-cor_RO1.7.2.1.01.00.00;21501870,35
Prefeitura Municipal de Manicoré - AM;1302702;AM;52200;Receitas Brutas Realizadas;1.7.2.1.01.02.00 - Cota-Parte do Fundo de Participação dos Municípios ¿ FPM;siconfi-cor_RO1.7.2.1.01.02.00;21490134,09
Prefeitura Municipal de Manicoré - AM;1302702;AM;52200;Receitas Brutas Realizadas;1.7.2.1.01.05.00 - Cota-Parte do Imposto Sobre a Propriedade Territorial Rural ¿ ITR;siconfi-cor_RO1.7.2.1.01.05.00;11736,26
Prefeitura Municipal de Manicoré - AM;1302702;AM;52200;Receitas Brutas Realizadas;1.7.2.1.22.00.00 - Transferências da Compensação Financeira pela Exploração de Recursos Naturais;siconfi-cor_RO1.7.2.1.22.00.00;321582,7
Prefeitura Municipal de Manicoré - AM;1302702;AM;52200;Receitas Brutas Realizadas;1.7.2.1.22.70.00 - Cota-Parte do Fundo Especial do Petróleo ¿ FEP;siconfi-cor_RO1.7.2.1.22.70.00;321582,7
Prefeitura Municipal de Manicoré - AM;1302702;AM;52200;Receitas Brutas Realizadas;1.7.2.1.33.00.00 - Transferências de Recursos do Sistema Único de Saúde - SUS - Repasses Fundo a Fundo;siconfi-cor_RO1.7.2.1.33.00.00;5084516,14
Prefeitura Municipal de Manicoré - AM;1302702;AM;52200;Receitas Brutas Realizadas;1.7.2.1.34.00.00 - Transferências de Recursos do Fundo Nacional de Assistência Social ¿ FNAS;siconfi-cor_RO1.7.2.1.34.00.00;529739,12
Prefeitura Municipal de Manicoré - AM;1302702;AM;52200;Receitas Brutas Realizadas;1.7.2.1.35.00.00 - Transferências de Recursos do Fundo Nacional do Desenvolvimento da Educação ¿ FNDE;siconfi-cor_RO1.7.2.1.35.00.00;3023736,19
Prefeitura Municipal de Manicoré - AM;1302702;AM;52200;Receitas Brutas Realizadas;1.7.2.1.36.00.00 - Transferências Financeiras do ICMS ¿ Desoneração ¿ L.C. Nº 87/96;siconfi-cor_RO1.7.2.1.36.00.00;32733,12
Prefeitura Municipal de Manicoré - AM;1302702;AM;52200;Receitas Brutas Realizadas;1.7.2.1.99.00.00 - Outras Transferências da União;siconfi-cor_RO1.7.2.1.99.00.00;437460,8
Prefeitura Municipal de Manicoré - AM;1302702;AM;52200;Receitas Brutas Realizadas;1.7.2.2.00.00.00 - Transferências dos Estados;siconfi-cor_RO1.7.2.2.00.00.00;14164329,6
Prefeitura Municipal de Manicoré - AM;1302702;AM;52200;Receitas Brutas Realizadas;1.7.2.2.01.00.00 - Participação na Receita dos Estados;siconfi-cor_RO1.7.2.2.01.00.00;13187911,89
Prefeitura Municipal de Manicoré - AM;1302702;AM;52200;Receitas Brutas Realizadas;1.7.2.2.01.01.00 - Cota-Parte do ICMS;siconfi-cor_RO1.7.2.2.01.01.00;12998068,3
Prefeitura Municipal de Manicoré - AM;1302702;AM;52200;Receitas Brutas Realizadas;1.7.2.2.01.02.00 - Cota-Parte do IPVA;siconfi-cor_RO1.7.2.2.01.02.00;118454,41
Prefeitura Municipal de Manicoré - AM;1302702;AM;52200;Receitas Brutas Realizadas;1.7.2.2.01.04.00 - Cota-Parte do IPI sobre Exportação;siconfi-cor_RO1.7.2.2.01.04.00;63044,07
Prefeitura Municipal de Manicoré - AM;1302702;AM;52200;Receitas Brutas Realizadas;1.7.2.2.01.13.00 - Cota-Parte da Contribuição de Intervenção no Domínio Econômico;siconfi-cor_RO1.7.2.2.01.13.00;8345,11
Prefeitura Municipal de Manicoré - AM;1302702;AM;52200;Receitas Brutas Realizadas;1.7.2.2.22.00.00 - Transferências da Cota-Parte da Compensação Financeira (25%);siconfi-cor_RO1.7.2.2.22.00.00;204171,55
Prefeitura Municipal de Manicoré - AM;1302702;AM;52200;Receitas Brutas Realizadas;1.7.2.2.22.30.00 - Cota-Parte Royalties - Compensação Financeira pela Produção de Petróleo - Lei nº 7.990/89 artigo 9º;siconfi-cor_RO1.7.2.2.22.30.00;204171,55
Prefeitura Municipal de Manicoré - AM;1302702;AM;52200;Receitas Brutas Realizadas;1.7.2.2.33.00.00 - Transferências de Recursos do Estado para Programas de Saúde - Repasse Fundo a Fundo;siconfi-cor_RO1.7.2.2.33.00.00;772246,16
Prefeitura Municipal de Manicoré - AM;1302702;AM;52200;Receitas Brutas Realizadas;1.7.2.4.00.00.00 - Transferências Multigovernamentais;siconfi-cor_RO1.7.2.4.00.00.00;24716004,96
Prefeitura Municipal de Manicoré - AM;1302702;AM;52200;Receitas Brutas Realizadas;1.7.2.4.01.00.00 - Transferências de Recursos do Fundo de Manutenção e Desenvolvimento do Ensino Fundamental e de Valorização do Magistério - FUNDEB;siconfi-cor_RO1.7.2.4.01.00.00;20154735,23
Prefeitura Municipal de Manicoré - AM;1302702;AM;52200;Receitas Brutas Realizadas;1.7.2.4.99.00.00 - Outras Transferências Multigovernamentais;siconfi-cor_RO1.7.2.4.99.00.00;4561269,73
Prefeitura Municipal de Manicoré - AM;1302702;AM;52200;Receitas Brutas Realizadas;1.7.6.0.00.00.00 - Transferências de Convênios;siconfi-cor_RO1.7.6.0.00.00.00;586800
Prefeitura Municipal de Manicoré - AM;1302702;AM;52200;Receitas Brutas Realizadas;1.7.6.2.00.00.00 - Transferências de Convênios dos Estados e do Distrito Federal e de Suas Entidades;siconfi-cor_RO1.7.6.2.00.00.00;586800
Prefeitura Municipal de Manicoré - AM;1302702;AM;52200;Receitas Brutas Realizadas;1.7.6.2.02.00.00 - Transferências de Convênios dos Estados Destinadas a Programas de Educação;siconfi-cor_RO1.7.6.2.02.00.00;136800
Prefeitura Municipal de Manicoré - AM;1302702;AM;52200;Receitas Brutas Realizadas;1.7.6.2.99.00.00 - Outras Transferências de Convênios dos Estados;siconfi-cor_RO1.7.6.2.99.00.00;450000
Prefeitura Municipal de Manicoré - AM;1302702;AM;52200;Receitas Brutas Realizadas;1.9.0.0.00.00.00 - Outras Receitas Correntes;siconfi-cor_RO1.9.0.0.00.00.00;442408,51
Prefeitura Municipal de Manicoré - AM;1302702;AM;52200;Receitas Brutas Realizadas;1.9.9.0.00.00.00 - Receitas Diversas;siconfi-cor_RO1.9.9.0.00.00.00;442408,51
Prefeitura Municipal de Manicoré - AM;1302702;AM;52200;Receitas Brutas Realizadas;2.0.0.0.00.00.00 - Receitas de Capital;siconfi-cor_RO2.0.0.0.00.00.00;28664847,1
Prefeitura Municipal de Manicoré - AM;1302702;AM;52200;Receitas Brutas Realizadas;2.4.0.0.00.00.00 - Transferências de Capital;siconfi-cor_RO2.4.0.0.00.00.00;28664847,1
Prefeitura Municipal de Manicoré - AM;1302702;AM;52200;Receitas Brutas Realizadas;2.4.2.0.00.00.00 - Transferências Intergovernamentais;siconfi-cor_RO2.4.2.0.00.00.00;4001655,68
Prefeitura Municipal de Manicoré - AM;1302702;AM;52200;Receitas Brutas Realizadas;2.4.2.1.00.00.00 - Transferências da União;siconfi-cor_RO2.4.2.1.00.00.00;3951655,68
Prefeitura Municipal de Manicoré - AM;1302702;AM;52200;Receitas Brutas Realizadas;2.4.2.1.01.00.00 - Participação na Receita da União;siconfi-cor_RO2.4.2.1.01.00.00;1023000
Prefeitura Municipal de Manicoré - AM;1302702;AM;52200;Receitas Brutas Realizadas;2.4.2.1.02.00.00 - Transferências de Recursos Destinados a Programas de Educação;siconfi-cor_RO2.4.2.1.02.00.00;2928655,68
Prefeitura Municipal de Manicoré - AM;1302702;AM;52200;Receitas Brutas Realizadas;2.4.2.2.00.00.00 - Transferências dos Estados;siconfi-cor_RO2.4.2.2.00.00.00;50000
Prefeitura Municipal de Manicoré - AM;1302702;AM;52200;Receitas Brutas Realizadas;2.4.2.2.99.00.00 - Outras Transferências dos Estados;siconfi-cor_RO2.4.2.2.99.00.00;50000
Prefeitura Municipal de Manicoré - AM;1302702;AM;52200;Receitas Brutas Realizadas;2.4.7.0.00.00.00 - Transferências de Convênios;siconfi-cor_RO2.4.7.0.00.00.00;24663191,42
Prefeitura Municipal de Manicoré - AM;1302702;AM;52200;Receitas Brutas Realizadas;2.4.7.2.00.00.00 - Transferências de Convênios dos Estados e do Distrito Federal e de suas Entidades;siconfi-cor_RO2.4.7.2.00.00.00;24663191,42
Prefeitura Municipal de Manicoré - AM;1302702;AM;52200;Receitas Brutas Realizadas;2.4.7.2.05.00.00 - Transferências de Convênios dos Estados Destinadas a Programas de Infraestrutura em Transporte;siconfi-cor_RO2.4.7.2.05.00.00;23071651,96
Prefeitura Municipal de Manicoré - AM;1302702;AM;52200;Receitas Brutas Realizadas;2.4.7.2.99.00.00 - Outras Transferências de Convênios dos Estados;siconfi-cor_RO2.4.7.2.99.00.00;1591539,46
Prefeitura Municipal de Manicoré - AM;1302702;AM;52200;Deduções - FUNDEB;Total Receitas;siconfi-cor_TotalReceitas;-6760343,98
Prefeitura Municipal de Manicoré - AM;1302702;AM;52200;Deduções - FUNDEB;1.0.0.0.00.00.00 - Receitas Correntes;siconfi-cor_RO1.0.0.0.00.00.00;-6760343,98
Prefeitura Municipal de Manicoré - AM;1302702;AM;52200;Deduções - FUNDEB;1.7.0.0.00.00.00 - Transferências Correntes;siconfi-cor_RO1.7.0.0.00.00.00;-6760343,98
Prefeitura Municipal de Manicoré - AM;1302702;AM;52200;Deduções - FUNDEB;1.7.2.0.00.00.00 - Transferências Intergovernamentais;siconfi-cor_RO1.7.2.0.00.00.00;-6760343,98
Prefeitura Municipal de Manicoré - AM;1302702;AM;52200;Deduções - FUNDEB;1.7.2.1.00.00.00 - Transferências da União;siconfi-cor_RO1.7.2.1.00.00.00;-4124376,56
Prefeitura Municipal de Manicoré - AM;1302702;AM;52200;Deduções - FUNDEB;1.7.2.1.01.00.00 - Participação na Receita da União;siconfi-cor_RO1.7.2.1.01.00.00;-4117829,96
Prefeitura Municipal de Manicoré - AM;1302702;AM;52200;Deduções - FUNDEB;1.7.2.1.01.02.00 - Cota-Parte do Fundo de Participação dos Municípios ¿ FPM;siconfi-cor_RO1.7.2.1.01.02.00;-4115482,81
Prefeitura Municipal de Manicoré - AM;1302702;AM;52200;Deduções - FUNDEB;1.7.2.1.01.05.00 - Cota-Parte do Imposto Sobre a Propriedade Territorial Rural ¿ ITR;siconfi-cor_RO1.7.2.1.01.05.00;-2347,15
Prefeitura Municipal de Manicoré - AM;1302702;AM;52200;Deduções - FUNDEB;1.7.2.1.36.00.00 - Transferências Financeiras do ICMS ¿ Desoneração ¿ L.C. Nº 87/96;siconfi-cor_RO1.7.2.1.36.00.00;-6546,6
Prefeitura Municipal de Manicoré - AM;1302702;AM;52200;Deduções - FUNDEB;1.7.2.2.00.00.00 - Transferências dos Estados;siconfi-cor_RO1.7.2.2.00.00.00;-2635967,42
Prefeitura Municipal de Manicoré - AM;1302702;AM;52200;Deduções - FUNDEB;1.7.2.2.01.00.00 - Participação na Receita dos Estados;siconfi-cor_RO1.7.2.2.01.00.00;-2635967,42
Prefeitura Municipal de Manicoré - AM;1302702;AM;52200;Deduções - FUNDEB;1.7.2.2.01.01.00 - Cota-Parte do ICMS;siconfi-cor_RO1.7.2.2.01.01.00;-2599613,66
Prefeitura Municipal de Manicoré - AM;1302702;AM;52200;Deduções - FUNDEB;1.7.2.2.01.02.00 - Cota-Parte do IPVA;siconfi-cor_RO1.7.2.2.01.02.00;-23744,92
Prefeitura Municipal de Manicoré - AM;1302702;AM;52200;Deduções - FUNDEB;1.7.2.2.01.04.00 - Cota-Parte do IPI sobre Exportação;siconfi-cor_RO1.7.2.2.01.04.00;-12608,84
Prefeitura Municipal de Barcelos - AM;1300409;AM;27273;Receitas Brutas Realizadas;Total Receitas;siconfi-cor_TotalReceitas;43915514,87
Prefeitura Municipal de Barcelos - AM;1300409;AM;27273;Receitas Brutas Realizadas;1.0.0.0.00.00.00 - Receitas Correntes;siconfi-cor_RO1.0.0.0.00.00.00;42351883,15
Prefeitura Municipal de Barcelos - AM;1300409;AM;27273;Receitas Brutas Realizadas;1.1.0.0.00.00.00 - Receita Tributária;siconfi-cor_RO1.1.0.0.00.00.00;1236363,9
Prefeitura Municipal de Barcelos - AM;1300409;AM;27273;Receitas Brutas Realizadas;1.1.1.0.00.00.00 - Impostos;siconfi-cor_RO1.1.1.0.00.00.00;1216261,64
Prefeitura Municipal de Barcelos - AM;1300409;AM;27273;Receitas Brutas Realizadas;1.1.1.2.00.00.00 - Impostos sobre o Patrimônio e a Renda;siconfi-cor_RO1.1.1.2.00.00.00;304120,07
Prefeitura Municipal de Barcelos - AM;1300409;AM;27273;Receitas Brutas Realizadas;1.1.1.2.02.00.00 - Imposto sobre a Propriedade Predial e Territorial Urbana ¿ IPTU;siconfi-cor_RO1.1.1.2.02.00.00;25546,46
Prefeitura Municipal de Barcelos - AM;1300409;AM;27273;Receitas Brutas Realizadas;1.1.1.2.04.00.00 - Imposto sobre a Renda e Proventos de Qualquer Natureza ¿ IR;siconfi-cor_RO1.1.1.2.04.00.00;277023,61
Prefeitura Municipal de Barcelos - AM;1300409;AM;27273;Receitas Brutas Realizadas;1.1.1.2.04.31.00 - Retido nas Fontes - Trabalho;siconfi-cor_RO1.1.1.2.04.31.00;277023,61
Prefeitura Municipal de Barcelos - AM;1300409;AM;27273;Receitas Brutas Realizadas;"1.1.1.2.08.00.00 - Imposto sobre Transmissão Inter Vivos"" de Bens Imóveis e de Direitos Reais sobre Imóveis ¿ ITBI""";siconfi-cor_RO1.1.1.2.08.00.00;1550
Prefeitura Municipal de Barcelos - AM;1300409;AM;27273;Receitas Brutas Realizadas;1.1.1.3.00.00.00 - Impostos sobre a Produção e a Circulação;siconfi-cor_RO1.1.1.3.00.00.00;912141,57
Prefeitura Municipal de Barcelos - AM;1300409;AM;27273;Receitas Brutas Realizadas;1.1.1.3.05.00.00 - Imposto sobre Serviços de Qualquer Natureza ¿ ISSQN;siconfi-cor_RO1.1.1.3.05.00.00;912141,57
Prefeitura Municipal de Barcelos - AM;1300409;AM;27273;Receitas Brutas Realizadas;1.1.2.0.00.00.00 - Taxas;siconfi-cor_RO1.1.2.0.00.00.00;20102,26
Prefeitura Municipal de Barcelos - AM;1300409;AM;27273;Receitas Brutas Realizadas;1.1.2.1.00.00.00 - Taxas pelo Exercício do Poder de Polícia;siconfi-cor_RO1.1.2.1.00.00.00;20102,26
Prefeitura Municipal de Barcelos - AM;1300409;AM;27273;Receitas Brutas Realizadas;1.2.0.0.00.00.00 - Receitas de Contribuições;siconfi-cor_RO1.2.0.0.00.00.00;2404,81
Prefeitura Municipal de Barcelos - AM;1300409;AM;27273;Receitas Brutas Realizadas;1.2.3.0.00.00.00 - Contribuição para Custeio do Serviço de Iluminação Pública;siconfi-cor_RO1.2.3.0.00.00.00;2404,81
Prefeitura Municipal de Barcelos - AM;1300409;AM;27273;Receitas Brutas Realizadas;1.3.0.0.00.00.00 - Receita Patrimonial;siconfi-cor_RO1.3.0.0.00.00.00;74654,51
Prefeitura Municipal de Barcelos - AM;1300409;AM;27273;Receitas Brutas Realizadas;1.3.1.0.00.00.00 - Receitas Imobiliárias;siconfi-cor_RO1.3.1.0.00.00.00;15394,9
Prefeitura Municipal de Barcelos - AM;1300409;AM;27273;Receitas Brutas Realizadas;1.3.1.1.00.00.00 - Aluguéis;siconfi-cor_RO1.3.1.1.00.00.00;15394,9
Prefeitura Municipal de Barcelos - AM;1300409;AM;27273;Receitas Brutas Realizadas;1.3.2.0.00.00.00 - Receitas de Valores Mobiliários;siconfi-cor_RO1.3.2.0.00.00.00;59259,61
Prefeitura Municipal de Barcelos - AM;1300409;AM;27273;Receitas Brutas Realizadas;1.3.2.5.00.00.00 - Remuneração de Depósitos Bancários;siconfi-cor_RO1.3.2.5.00.00.00;59259,61
Prefeitura Municipal de Barcelos - AM;1300409;AM;27273;Receitas Brutas Realizadas;1.7.0.0.00.00.00 - Transferências Correntes;siconfi-cor_RO1.7.0.0.00.00.00;41038459,93
Prefeitura Municipal de Barcelos - AM;1300409;AM;27273;Receitas Brutas Realizadas;1.7.2.0.00.00.00 - Transferências Intergovernamentais;siconfi-cor_RO1.7.2.0.00.00.00;40540059,93
Prefeitura Municipal de Barcelos - AM;1300409;AM;27273;Receitas Brutas Realizadas;1.7.2.1.00.00.00 - Transferências da União;siconfi-cor_RO1.7.2.1.00.00.00;20572272,61
Prefeitura Municipal de Barcelos - AM;1300409;AM;27273;Receitas Brutas Realizadas;1.7.2.1.01.00.00 - Participação na Receita da União;siconfi-cor_RO1.7.2.1.01.00.00;15632495,48
Prefeitura Municipal de Barcelos - AM;1300409;AM;27273;Receitas Brutas Realizadas;1.7.2.1.01.02.00 - Cota-Parte do Fundo de Participação dos Municípios ¿ FPM;siconfi-cor_RO1.7.2.1.01.02.00;15629188,4
Prefeitura Municipal de Barcelos - AM;1300409;AM;27273;Receitas Brutas Realizadas;1.7.2.1.01.05.00 - Cota-Parte do Imposto Sobre a Propriedade Territorial Rural ¿ ITR;siconfi-cor_RO1.7.2.1.01.05.00;3307,08
Prefeitura Municipal de Barcelos - AM;1300409;AM;27273;Receitas Brutas Realizadas;1.7.2.1.22.00.00 - Transferências da Compensação Financeira pela Exploração de Recursos Naturais;siconfi-cor_RO1.7.2.1.22.00.00;262143,68
Prefeitura Municipal de Barcelos - AM;1300409;AM;27273;Receitas Brutas Realizadas;1.7.2.1.22.20.00 - Cota-Parte da Compensação Financeira de Recursos Minerais - CFEM;siconfi-cor_RO1.7.2.1.22.20.00;57500,13
Prefeitura Municipal de Barcelos - AM;1300409;AM;27273;Receitas Brutas Realizadas;1.7.2.1.22.70.00 - Cota-Parte do Fundo Especial do Petróleo ¿ FEP;siconfi-cor_RO1.7.2.1.22.70.00;204643,55
Prefeitura Municipal de Barcelos - AM;1300409;AM;27273;Receitas Brutas Realizadas;1.7.2.1.33.00.00 - Transferências de Recursos do Sistema Único de Saúde - SUS - Repasses Fundo a Fundo;siconfi-cor_RO1.7.2.1.33.00.00;2881301,2
Prefeitura Municipal de Barcelos - AM;1300409;AM;27273;Receitas Brutas Realizadas;1.7.2.1.34.00.00 - Transferências de Recursos do Fundo Nacional de Assistência Social ¿ FNAS;siconfi-cor_RO1.7.2.1.34.00.00;559598,73
Prefeitura Municipal de Barcelos - AM;1300409;AM;27273;Receitas Brutas Realizadas;1.7.2.1.35.00.00 - Transferências de Recursos do Fundo Nacional do Desenvolvimento da Educação ¿ FNDE;siconfi-cor_RO1.7.2.1.35.00.00;882357,63
Prefeitura Municipal de Barcelos - AM;1300409;AM;27273;Receitas Brutas Realizadas;1.7.2.1.36.00.00 - Transferências Financeiras do ICMS ¿ Desoneração ¿ L.C. Nº 87/96;siconfi-cor_RO1.7.2.1.36.00.00;30158,52
Prefeitura Municipal de Barcelos - AM;1300409;AM;27273;Receitas Brutas Realizadas;1.7.2.1.99.00.00 - Outras Transferências da União;siconfi-cor_RO1.7.2.1.99.00.00;324217,37
Prefeitura Municipal de Barcelos - AM;1300409;AM;27273;Receitas Brutas Realizadas;1.7.2.2.00.00.00 - Transferências dos Estados;siconfi-cor_RO1.7.2.2.00.00.00;12410328,91
Prefeitura Municipal de Barcelos - AM;1300409;AM;27273;Receitas Brutas Realizadas;1.7.2.2.01.00.00 - Participação na Receita dos Estados;siconfi-cor_RO1.7.2.2.01.00.00;12092647,5
Prefeitura Municipal de Barcelos - AM;1300409;AM;27273;Receitas Brutas Realizadas;1.7.2.2.01.01.00 - Cota-Parte do ICMS;siconfi-cor_RO1.7.2.2.01.01.00;11975704,52
Prefeitura Municipal de Barcelos - AM;1300409;AM;27273;Receitas Brutas Realizadas;1.7.2.2.01.02.00 - Cota-Parte do IPVA;siconfi-cor_RO1.7.2.2.01.02.00;53544,55
Prefeitura Municipal de Barcelos - AM;1300409;AM;27273;Receitas Brutas Realizadas;1.7.2.2.01.04.00 - Cota-Parte do IPI sobre Exportação;siconfi-cor_RO1.7.2.2.01.04.00;58085,31
Prefeitura Municipal de Barcelos - AM;1300409;AM;27273;Receitas Brutas Realizadas;1.7.2.2.01.13.00 - Cota-Parte da Contribuição de Intervenção no Domínio Econômico;siconfi-cor_RO1.7.2.2.01.13.00;5313,12
Prefeitura Municipal de Barcelos - AM;1300409;AM;27273;Receitas Brutas Realizadas;1.7.2.2.22.00.00 - Transferências da Cota-Parte da Compensação Financeira (25%);siconfi-cor_RO1.7.2.2.22.00.00;188112,41
Prefeitura Municipal de Barcelos - AM;1300409;AM;27273;Receitas Brutas Realizadas;1.7.2.2.22.30.00 - Cota-Parte Royalties - Compensação Financeira pela Produção de Petróleo - Lei nº 7.990/89 artigo 9º;siconfi-cor_RO1.7.2.2.22.30.00;188112,41
Prefeitura Municipal de Barcelos - AM;1300409;AM;27273;Receitas Brutas Realizadas;1.7.2.2.33.00.00 - Transferências de Recursos do Estado para Programas de Saúde - Repasse Fundo a Fundo;siconfi-cor_RO1.7.2.2.33.00.00;129569
Prefeitura Municipal de Barcelos - AM;1300409;AM;27273;Receitas Brutas Realizadas;1.7.2.4.00.00.00 - Transferências Multigovernamentais;siconfi-cor_RO1.7.2.4.00.00.00;7557458,41
Prefeitura Municipal de Barcelos - AM;1300409;AM;27273;Receitas Brutas Realizadas;1.7.2.4.01.00.00 - Transferências de Recursos do Fundo de Manutenção e Desenvolvimento do Ensino Fundamental e de Valorização do Magistério - FUNDEB;siconfi-cor_RO1.7.2.4.01.00.00;6125030,78
Prefeitura Municipal de Barcelos - AM;1300409;AM;27273;Receitas Brutas Realizadas;1.7.2.4.02.00.00 - Transferências de Recursos da Complementação ao Fundo de Manutenção e Desenvolvimento do Ensino Fundamental e de Valorização do Magistério - FUNDEB;siconfi-cor_RO1.7.2.4.02.00.00;1432427,63
Prefeitura Municipal de Barcelos - AM;1300409;AM;27273;Receitas Brutas Realizadas;1.7.6.0.00.00.00 - Transferências de Convênios;siconfi-cor_RO1.7.6.0.00.00.00;498400
Prefeitura Municipal de Barcelos - AM;1300409;AM;27273;Receitas Brutas Realizadas;1.7.6.2.00.00.00 - Transferências de Convênios dos Estados e do Distrito Federal e de Suas Entidades;siconfi-cor_RO1.7.6.2.00.00.00;498400
Prefeitura Municipal de Barcelos - AM;1300409;AM;27273;Receitas Brutas Realizadas;1.7.6.2.02.00.00 - Transferências de Convênios dos Estados Destinadas a Programas de Educação;siconfi-cor_RO1.7.6.2.02.00.00;498400
Prefeitura Municipal de Barcelos - AM;1300409;AM;27273;Receitas Brutas Realizadas;2.0.0.0.00.00.00 - Receitas de Capital;siconfi-cor_RO2.0.0.0.00.00.00;1563631,72
Prefeitura Municipal de Barcelos - AM;1300409;AM;27273;Receitas Brutas Realizadas;2.4.0.0.00.00.00 - Transferências de Capital;siconfi-cor_RO2.4.0.0.00.00.00;1563631,72
Prefeitura Municipal de Barcelos - AM;1300409;AM;27273;Receitas Brutas Realizadas;2.4.2.0.00.00.00 - Transferências Intergovernamentais;siconfi-cor_RO2.4.2.0.00.00.00;1563631,72
Prefeitura Municipal de Barcelos - AM;1300409;AM;27273;Receitas Brutas Realizadas;2.4.2.1.00.00.00 - Transferências da União;siconfi-cor_RO2.4.2.1.00.00.00;1563631,72
Prefeitura Municipal de Barcelos - AM;1300409;AM;27273;Receitas Brutas Realizadas;2.4.2.1.01.00.00 - Participação na Receita da União;siconfi-cor_RO2.4.2.1.01.00.00;1054018,64
Prefeitura Municipal de Barcelos - AM;1300409;AM;27273;Receitas Brutas Realizadas;2.4.2.1.02.00.00 - Transferências de Recursos Destinados a Programas de Educação;siconfi-cor_RO2.4.2.1.02.00.00;509613,08
Prefeitura Municipal de Barcelos - AM;1300409;AM;27273;Deduções - FUNDEB;Total Receitas;siconfi-cor_TotalReceitas;5417237,99
Prefeitura Municipal de Barcelos - AM;1300409;AM;27273;Deduções - FUNDEB;1.0.0.0.00.00.00 - Receitas Correntes;siconfi-cor_RO1.0.0.0.00.00.00;5417237,99
Prefeitura Municipal de Barcelos - AM;1300409;AM;27273;Deduções - FUNDEB;1.7.0.0.00.00.00 - Transferências Correntes;siconfi-cor_RO1.7.0.0.00.00.00;5417237,99
Prefeitura Municipal de Barcelos - AM;1300409;AM;27273;Deduções - FUNDEB;1.7.2.0.00.00.00 - Transferências Intergovernamentais;siconfi-cor_RO1.7.2.0.00.00.00;5417237,99
Prefeitura Municipal de Barcelos - AM;1300409;AM;27273;Deduções - FUNDEB;1.7.2.1.00.00.00 - Transferências da União;siconfi-cor_RO1.7.2.1.00.00.00;2999771,42
Prefeitura Municipal de Barcelos - AM;1300409;AM;27273;Deduções - FUNDEB;1.7.2.1.01.00.00 - Participação na Receita da União;siconfi-cor_RO1.7.2.1.01.00.00;2993739,74
Prefeitura Municipal de Barcelos - AM;1300409;AM;27273;Deduções - FUNDEB;1.7.2.1.01.02.00 - Cota-Parte do Fundo de Participação dos Municípios ¿ FPM;siconfi-cor_RO1.7.2.1.01.02.00;2993078,34
Prefeitura Municipal de Barcelos - AM;1300409;AM;27273;Deduções - FUNDEB;1.7.2.1.01.05.00 - Cota-Parte do Imposto Sobre a Propriedade Territorial Rural ¿ ITR;siconfi-cor_RO1.7.2.1.01.05.00;661,4
Prefeitura Municipal de Barcelos - AM;1300409;AM;27273;Deduções - FUNDEB;1.7.2.1.36.00.00 - Transferências Financeiras do ICMS ¿ Desoneração ¿ L.C. Nº 87/96;siconfi-cor_RO1.7.2.1.36.00.00;6031,68
Prefeitura Municipal de Barcelos - AM;1300409;AM;27273;Deduções - FUNDEB;1.7.2.2.00.00.00 - Transferências dos Estados;siconfi-cor_RO1.7.2.2.00.00.00;2417466,57
Prefeitura Municipal de Barcelos - AM;1300409;AM;27273;Deduções - FUNDEB;1.7.2.2.01.00.00 - Participação na Receita dos Estados;siconfi-cor_RO1.7.2.2.01.00.00;2417466,57
Prefeitura Municipal de Barcelos - AM;1300409;AM;27273;Deduções - FUNDEB;1.7.2.2.01.01.00 - Cota-Parte do ICMS;siconfi-cor_RO1.7.2.2.01.01.00;2395140,77
Prefeitura Municipal de Barcelos - AM;1300409;AM;27273;Deduções - FUNDEB;1.7.2.2.01.02.00 - Cota-Parte do IPVA;siconfi-cor_RO1.7.2.2.01.02.00;10708,72
Prefeitura Municipal de Barcelos - AM;1300409;AM;27273;Deduções - FUNDEB;1.7.2.2.01.04.00 - Cota-Parte do IPI sobre Exportação;siconfi-cor_RO1.7.2.2.01.04.00;11617,08
Prefeitura Municipal de Novo Aripuanã - AM;1303304;AM;23905;Receitas Brutas Realizadas;Total Receitas;siconfi-cor_TotalReceitas;36871132,47
Prefeitura Municipal de Novo Aripuanã - AM;1303304;AM;23905;Receitas Brutas Realizadas;1.0.0.0.00.00.00 - Receitas Correntes;siconfi-cor_RO1.0.0.0.00.00.00;36269789,01
Prefeitura Municipal de Novo Aripuanã - AM;1303304;AM;23905;Receitas Brutas Realizadas;1.1.0.0.00.00.00 - Receita Tributária;siconfi-cor_RO1.1.0.0.00.00.00;651660,51
Prefeitura Municipal de Novo Aripuanã - AM;1303304;AM;23905;Receitas Brutas Realizadas;1.1.1.0.00.00.00 - Impostos;siconfi-cor_RO1.1.1.0.00.00.00;644039,78
Prefeitura Municipal de Novo Aripuanã - AM;1303304;AM;23905;Receitas Brutas Realizadas;1.1.1.2.00.00.00 - Impostos sobre o Patrimônio e a Renda;siconfi-cor_RO1.1.1.2.00.00.00;240271,21
Prefeitura Municipal de Novo Aripuanã - AM;1303304;AM;23905;Receitas Brutas Realizadas;1.1.1.2.02.00.00 - Imposto sobre a Propriedade Predial e Territorial Urbana ¿ IPTU;siconfi-cor_RO1.1.1.2.02.00.00;3453,72
Prefeitura Municipal de Novo Aripuanã - AM;1303304;AM;23905;Receitas Brutas Realizadas;1.1.1.2.04.00.00 - Imposto sobre a Renda e Proventos de Qualquer Natureza ¿ IR;siconfi-cor_RO1.1.1.2.04.00.00;230746,49
Prefeitura Municipal de Novo Aripuanã - AM;1303304;AM;23905;Receitas Brutas Realizadas;1.1.1.2.04.31.00 - Retido nas Fontes - Trabalho;siconfi-cor_RO1.1.1.2.04.31.00;200645,38
Prefeitura Municipal de Novo Aripuanã - AM;1303304;AM;23905;Receitas Brutas Realizadas;1.1.1.2.04.32.00 - Retido nas Fontes - Capital;siconfi-cor_RO1.1.1.2.04.32.00;30101,11
Prefeitura Municipal de Novo Aripuanã - AM;1303304;AM;23905;Receitas Brutas Realizadas;"1.1.1.2.08.00.00 - Imposto sobre Transmissão Inter Vivos"" de Bens Imóveis e de Direitos Reais sobre Imóveis ¿ ITBI""";siconfi-cor_RO1.1.1.2.08.00.00;6071
Prefeitura Municipal de Novo Aripuanã - AM;1303304;AM;23905;Receitas Brutas Realizadas;1.1.1.3.00.00.00 - Impostos sobre a Produção e a Circulação;siconfi-cor_RO1.1.1.3.00.00.00;403768,57
Prefeitura Municipal de Novo Aripuanã - AM;1303304;AM;23905;Receitas Brutas Realizadas;1.1.1.3.05.00.00 - Imposto sobre Serviços de Qualquer Natureza ¿ ISSQN;siconfi-cor_RO1.1.1.3.05.00.00;403768,57
Prefeitura Municipal de Novo Aripuanã - AM;1303304;AM;23905;Receitas Brutas Realizadas;1.1.2.0.00.00.00 - Taxas;siconfi-cor_RO1.1.2.0.00.00.00;7620,73
Prefeitura Municipal de Novo Aripuanã - AM;1303304;AM;23905;Receitas Brutas Realizadas;1.1.2.1.00.00.00 - Taxas pelo Exercício do Poder de Polícia;siconfi-cor_RO1.1.2.1.00.00.00;55
Prefeitura Municipal de Novo Aripuanã - AM;1303304;AM;23905;Receitas Brutas Realizadas;1.1.2.2.00.00.00 - Taxas pela Prestação de Serviços;siconfi-cor_RO1.1.2.2.00.00.00;7565,73
Prefeitura Municipal de Novo Aripuanã - AM;1303304;AM;23905;Receitas Brutas Realizadas;1.2.0.0.00.00.00 - Receitas de Contribuições;siconfi-cor_RO1.2.0.0.00.00.00;44033,45
Prefeitura Municipal de Novo Aripuanã - AM;1303304;AM;23905;Receitas Brutas Realizadas;1.2.2.0.00.00.00 - Contribuições de Intervenção no Domínio Econômico;siconfi-cor_RO1.2.2.0.00.00.00;44033,45
Prefeitura Municipal de Novo Aripuanã - AM;1303304;AM;23905;Receitas Brutas Realizadas;1.3.0.0.00.00.00 - Receita Patrimonial;siconfi-cor_RO1.3.0.0.00.00.00;111220,84
Prefeitura Municipal de Novo Aripuanã - AM;1303304;AM;23905;Receitas Brutas Realizadas;1.3.2.0.00.00.00 - Receitas de Valores Mobiliários;siconfi-cor_RO1.3.2.0.00.00.00;111220,84
Prefeitura Municipal de Novo Aripuanã - AM;1303304;AM;23905;Receitas Brutas Realizadas;1.3.2.5.00.00.00 - Remuneração de Depósitos Bancários;siconfi-cor_RO1.3.2.5.00.00.00;111220,84
Prefeitura Municipal de Novo Aripuanã - AM;1303304;AM;23905;Receitas Brutas Realizadas;1.6.0.0.00.00.00 - Receita de Serviços;siconfi-cor_RO1.6.0.0.00.00.00;68986,52
Prefeitura Municipal de Novo Aripuanã - AM;1303304;AM;23905;Receitas Brutas Realizadas;1.6.0.0.13.00.00 - Serviços Administrativos;siconfi-cor_RO1.6.0.0.13.00.00;480
Prefeitura Municipal de Novo Aripuanã - AM;1303304;AM;23905;Receitas Brutas Realizadas;1.6.0.0.26.00.00 - Serviços de Fornecimento de Água;siconfi-cor_RO1.6.0.0.26.00.00;68506,52
Prefeitura Municipal de Novo Aripuanã - AM;1303304;AM;23905;Receitas Brutas Realizadas;1.7.0.0.00.00.00 - Transferências Correntes;siconfi-cor_RO1.7.0.0.00.00.00;35384389,73
Prefeitura Municipal de Novo Aripuanã - AM;1303304;AM;23905;Receitas Brutas Realizadas;1.7.2.0.00.00.00 - Transferências Intergovernamentais;siconfi-cor_RO1.7.2.0.00.00.00;35384389,73
Prefeitura Municipal de Novo Aripuanã - AM;1303304;AM;23905;Receitas Brutas Realizadas;1.7.2.1.00.00.00 - Transferências da União;siconfi-cor_RO1.7.2.1.00.00.00;16380907,89
Prefeitura Municipal de Novo Aripuanã - AM;1303304;AM;23905;Receitas Brutas Realizadas;1.7.2.1.01.00.00 - Participação na Receita da União;siconfi-cor_RO1.7.2.1.01.00.00;11771902,52
Prefeitura Municipal de Novo Aripuanã - AM;1303304;AM;23905;Receitas Brutas Realizadas;1.7.2.1.01.02.00 - Cota-Parte do Fundo de Participação dos Municípios ¿ FPM;siconfi-cor_RO1.7.2.1.01.02.00;11721891,31
Prefeitura Municipal de Novo Aripuanã - AM;1303304;AM;23905;Receitas Brutas Realizadas;1.7.2.1.01.05.00 - Cota-Parte do Imposto Sobre a Propriedade Territorial Rural ¿ ITR;siconfi-cor_RO1.7.2.1.01.05.00;50011,21
Prefeitura Municipal de Novo Aripuanã - AM;1303304;AM;23905;Receitas Brutas Realizadas;1.7.2.1.22.00.00 - Transferências da Compensação Financeira pela Exploração de Recursos Naturais;siconfi-cor_RO1.7.2.1.22.00.00;182298,66
Prefeitura Municipal de Novo Aripuanã - AM;1303304;AM;23905;Receitas Brutas Realizadas;1.7.2.1.22.20.00 - Cota-Parte da Compensação Financeira de Recursos Minerais - CFEM;siconfi-cor_RO1.7.2.1.22.20.00;6889,92
Prefeitura Municipal de Novo Aripuanã - AM;1303304;AM;23905;Receitas Brutas Realizadas;1.7.2.1.22.70.00 - Cota-Parte do Fundo Especial do Petróleo ¿ FEP;siconfi-cor_RO1.7.2.1.22.70.00;175408,74
Prefeitura Municipal de Novo Aripuanã - AM;1303304;AM;23905;Receitas Brutas Realizadas;1.7.2.1.33.00.00 - Transferências de Recursos do Sistema Único de Saúde - SUS - Repasses Fundo a Fundo;siconfi-cor_RO1.7.2.1.33.00.00;2612138,99
Prefeitura Municipal de Novo Aripuanã - AM;1303304;AM;23905;Receitas Brutas Realizadas;1.7.2.1.34.00.00 - Transferências de Recursos do Fundo Nacional de Assistência Social ¿ FNAS;siconfi-cor_RO1.7.2.1.34.00.00;975321,45
Prefeitura Municipal de Novo Aripuanã - AM;1303304;AM;23905;Receitas Brutas Realizadas;1.7.2.1.35.00.00 - Transferências de Recursos do Fundo Nacional do Desenvolvimento da Educação ¿ FNDE;siconfi-cor_RO1.7.2.1.35.00.00;577702,63
Prefeitura Municipal de Novo Aripuanã - AM;1303304;AM;23905;Receitas Brutas Realizadas;1.7.2.1.36.00.00 - Transferências Financeiras do ICMS ¿ Desoneração ¿ L.C. Nº 87/96;siconfi-cor_RO1.7.2.1.36.00.00;20450,52
Prefeitura Municipal de Novo Aripuanã - AM;1303304;AM;23905;Receitas Brutas Realizadas;1.7.2.1.99.00.00 - Outras Transferências da União;siconfi-cor_RO1.7.2.1.99.00.00;241093,12
Prefeitura Municipal de Novo Aripuanã - AM;1303304;AM;23905;Receitas Brutas Realizadas;1.7.2.2.00.00.00 - Transferências dos Estados;siconfi-cor_RO1.7.2.2.00.00.00;9667067,67
Prefeitura Municipal de Novo Aripuanã - AM;1303304;AM;23905;Receitas Brutas Realizadas;1.7.2.2.01.00.00 - Participação na Receita dos Estados;siconfi-cor_RO1.7.2.2.01.00.00;8235600,33
Prefeitura Municipal de Novo Aripuanã - AM;1303304;AM;23905;Receitas Brutas Realizadas;1.7.2.2.01.01.00 - Cota-Parte do ICMS;siconfi-cor_RO1.7.2.2.01.01.00;8120729,6
Prefeitura Municipal de Novo Aripuanã - AM;1303304;AM;23905;Receitas Brutas Realizadas;1.7.2.2.01.02.00 - Cota-Parte do IPVA;siconfi-cor_RO1.7.2.2.01.02.00;70937,95
Prefeitura Municipal de Novo Aripuanã - AM;1303304;AM;23905;Receitas Brutas Realizadas;1.7.2.2.01.04.00 - Cota-Parte do IPI sobre Exportação;siconfi-cor_RO1.7.2.2.01.04.00;39387,71
Prefeitura Municipal de Novo Aripuanã - AM;1303304;AM;23905;Receitas Brutas Realizadas;1.7.2.2.01.13.00 - Cota-Parte da Contribuição de Intervenção no Domínio Econômico;siconfi-cor_RO1.7.2.2.01.13.00;4545,07
Prefeitura Municipal de Novo Aripuanã - AM;1303304;AM;23905;Receitas Brutas Realizadas;1.7.2.2.22.00.00 - Transferências da Cota-Parte da Compensação Financeira (25%);siconfi-cor_RO1.7.2.2.22.00.00;127559,1
Prefeitura Municipal de Novo Aripuanã - AM;1303304;AM;23905;Receitas Brutas Realizadas;1.7.2.2.22.30.00 - Cota-Parte Royalties - Compensação Financeira pela Produção de Petróleo - Lei nº 7.990/89 artigo 9º;siconfi-cor_RO1.7.2.2.22.30.00;127559,1
Prefeitura Municipal de Novo Aripuanã - AM;1303304;AM;23905;Receitas Brutas Realizadas;1.7.2.2.99.00.00 - Outras Transferências dos Estados;siconfi-cor_RO1.7.2.2.99.00.00;1303908,24
Prefeitura Municipal de Novo Aripuanã - AM;1303304;AM;23905;Receitas Brutas Realizadas;1.7.2.4.00.00.00 - Transferências Multigovernamentais;siconfi-cor_RO1.7.2.4.00.00.00;9336414,17
Prefeitura Municipal de Novo Aripuanã - AM;1303304;AM;23905;Receitas Brutas Realizadas;1.7.2.4.01.00.00 - Transferências de Recursos do Fundo de Manutenção e Desenvolvimento do Ensino Fundamental e de Valorização do Magistério - FUNDEB;siconfi-cor_RO1.7.2.4.01.00.00;7536056,07
Prefeitura Municipal de Novo Aripuanã - AM;1303304;AM;23905;Receitas Brutas Realizadas;1.7.2.4.02.00.00 - Transferências de Recursos da Complementação ao Fundo de Manutenção e Desenvolvimento do Ensino Fundamental e de Valorização do Magistério - FUNDEB;siconfi-cor_RO1.7.2.4.02.00.00;1800358,1
Prefeitura Municipal de Novo Aripuanã - AM;1303304;AM;23905;Receitas Brutas Realizadas;1.9.0.0.00.00.00 - Outras Receitas Correntes;siconfi-cor_RO1.9.0.0.00.00.00;9497,96
Prefeitura Municipal de Novo Aripuanã - AM;1303304;AM;23905;Receitas Brutas Realizadas;1.9.3.0.00.00.00 - Receita da Dívida Ativa;siconfi-cor_RO1.9.3.0.00.00.00;3685,29
Prefeitura Municipal de Novo Aripuanã - AM;1303304;AM;23905;Receitas Brutas Realizadas;1.9.3.1.00.00.00 - Receita da Dívida Ativa Tributária;siconfi-cor_RO1.9.3.1.00.00.00;3685,29
Prefeitura Municipal de Novo Aripuanã - AM;1303304;AM;23905;Receitas Brutas Realizadas;1.9.9.0.00.00.00 - Receitas Diversas;siconfi-cor_RO1.9.9.0.00.00.00;5812,67
Prefeitura Municipal de Novo Aripuanã - AM;1303304;AM;23905;Receitas Brutas Realizadas;2.0.0.0.00.00.00 - Receitas de Capital;siconfi-cor_RO2.0.0.0.00.00.00;601343,46
Prefeitura Municipal de Novo Aripuanã - AM;1303304;AM;23905;Receitas Brutas Realizadas;2.4.0.0.00.00.00 - Transferências de Capital;siconfi-cor_RO2.4.0.0.00.00.00;601343,46
Prefeitura Municipal de Novo Aripuanã - AM;1303304;AM;23905;Receitas Brutas Realizadas;2.4.2.0.00.00.00 - Transferências Intergovernamentais;siconfi-cor_RO2.4.2.0.00.00.00;3000
Prefeitura Municipal de Novo Aripuanã - AM;1303304;AM;23905;Receitas Brutas Realizadas;2.4.2.1.00.00.00 - Transferências da União;siconfi-cor_RO2.4.2.1.00.00.00;3000
Prefeitura Municipal de Novo Aripuanã - AM;1303304;AM;23905;Receitas Brutas Realizadas;2.4.2.1.01.00.00 - Participação na Receita da União;siconfi-cor_RO2.4.2.1.01.00.00;3000
Prefeitura Municipal de Novo Aripuanã - AM;1303304;AM;23905;Receitas Brutas Realizadas;2.4.7.0.00.00.00 - Transferências de Convênios;siconfi-cor_RO2.4.7.0.00.00.00;598343,46
Prefeitura Municipal de Novo Aripuanã - AM;1303304;AM;23905;Receitas Brutas Realizadas;2.4.7.1.00.00.00 - Transferências de Convênios da União e de suas Entidades;siconfi-cor_RO2.4.7.1.00.00.00;598343,46
Prefeitura Municipal de Novo Aripuanã - AM;1303304;AM;23905;Receitas Brutas Realizadas;2.4.7.1.02.00.00 - Transferências de Convênios da União Destinadas a Programas de Educação;siconfi-cor_RO2.4.7.1.02.00.00;598343,46
Prefeitura Municipal de Novo Aripuanã - AM;1303304;AM;23905;Deduções - FUNDEB;Total Receitas;siconfi-cor_TotalReceitas;3905111,41
Prefeitura Municipal de Novo Aripuanã - AM;1303304;AM;23905;Deduções - FUNDEB;1.0.0.0.00.00.00 - Receitas Correntes;siconfi-cor_RO1.0.0.0.00.00.00;3905111,41
Prefeitura Municipal de Novo Aripuanã - AM;1303304;AM;23905;Deduções - FUNDEB;1.7.0.0.00.00.00 - Transferências Correntes;siconfi-cor_RO1.7.0.0.00.00.00;3905111,41
Prefeitura Municipal de Novo Aripuanã - AM;1303304;AM;23905;Deduções - FUNDEB;1.7.2.0.00.00.00 - Transferências Intergovernamentais;siconfi-cor_RO1.7.2.0.00.00.00;3905111,41
Prefeitura Municipal de Novo Aripuanã - AM;1303304;AM;23905;Deduções - FUNDEB;1.7.2.1.00.00.00 - Transferências da União;siconfi-cor_RO1.7.2.1.00.00.00;2258900,86
Prefeitura Municipal de Novo Aripuanã - AM;1303304;AM;23905;Deduções - FUNDEB;1.7.2.1.01.00.00 - Participação na Receita da União;siconfi-cor_RO1.7.2.1.01.00.00;2254810,78
Prefeitura Municipal de Novo Aripuanã - AM;1303304;AM;23905;Deduções - FUNDEB;1.7.2.1.01.02.00 - Cota-Parte do Fundo de Participação dos Municípios ¿ FPM;siconfi-cor_RO1.7.2.1.01.02.00;2244808,66
Prefeitura Municipal de Novo Aripuanã - AM;1303304;AM;23905;Deduções - FUNDEB;1.7.2.1.01.05.00 - Cota-Parte do Imposto Sobre a Propriedade Territorial Rural ¿ ITR;siconfi-cor_RO1.7.2.1.01.05.00;10002,12
Prefeitura Municipal de Novo Aripuanã - AM;1303304;AM;23905;Deduções - FUNDEB;1.7.2.1.36.00.00 - Transferências Financeiras do ICMS ¿ Desoneração ¿ L.C. Nº 87/96;siconfi-cor_RO1.7.2.1.36.00.00;4090,08
Prefeitura Municipal de Novo Aripuanã - AM;1303304;AM;23905;Deduções - FUNDEB;1.7.2.2.00.00.00 - Transferências dos Estados;siconfi-cor_RO1.7.2.2.00.00.00;1646210,55
Prefeitura Municipal de Novo Aripuanã - AM;1303304;AM;23905;Deduções - FUNDEB;1.7.2.2.01.00.00 - Participação na Receita dos Estados;siconfi-cor_RO1.7.2.2.01.00.00;1646210,55
Prefeitura Municipal de Novo Aripuanã - AM;1303304;AM;23905;Deduções - FUNDEB;1.7.2.2.01.01.00 - Cota-Parte do ICMS;siconfi-cor_RO1.7.2.2.01.01.00;1624145,81
Prefeitura Municipal de Novo Aripuanã - AM;1303304;AM;23905;Deduções - FUNDEB;1.7.2.2.01.02.00 - Cota-Parte do IPVA;siconfi-cor_RO1.7.2.2.01.02.00;14187,17
Prefeitura Municipal de Novo Aripuanã - AM;1303304;AM;23905;Deduções - FUNDEB;1.7.2.2.01.04.00 - Cota-Parte do IPI sobre Exportação;siconfi-cor_RO1.7.2.2.01.04.00;7877,57
Prefeitura Municipal de Manaquiri - AM;1302553;AM;27480;Receitas Brutas Realizadas;Total Receitas;siconfi-cor_TotalReceitas;43239750,17
Prefeitura Municipal de Manaquiri - AM;1302553;AM;27480;Receitas Brutas Realizadas;1.0.0.0.00.00.00 - Receitas Correntes;siconfi-cor_RO1.0.0.0.00.00.00;41970991,89
Prefeitura Municipal de Manaquiri - AM;1302553;AM;27480;Receitas Brutas Realizadas;1.1.0.0.00.00.00 - Receita Tributária;siconfi-cor_RO1.1.0.0.00.00.00;943302,65
Prefeitura Municipal de Manaquiri - AM;1302553;AM;27480;Receitas Brutas Realizadas;1.1.1.0.00.00.00 - Impostos;siconfi-cor_RO1.1.1.0.00.00.00;940618,55
Prefeitura Municipal de Manaquiri - AM;1302553;AM;27480;Receitas Brutas Realizadas;1.1.1.2.00.00.00 - Impostos sobre o Patrimônio e a Renda;siconfi-cor_RO1.1.1.2.00.00.00;410505,48
Prefeitura Municipal de Manaquiri - AM;1302553;AM;27480;Receitas Brutas Realizadas;1.1.1.2.02.00.00 - Imposto sobre a Propriedade Predial e Territorial Urbana ¿ IPTU;siconfi-cor_RO1.1.1.2.02.00.00;26279,39
Prefeitura Municipal de Manaquiri - AM;1302553;AM;27480;Receitas Brutas Realizadas;1.1.1.2.04.00.00 - Imposto sobre a Renda e Proventos de Qualquer Natureza ¿ IR;siconfi-cor_RO1.1.1.2.04.00.00;377291,53
Prefeitura Municipal de Manaquiri - AM;1302553;AM;27480;Receitas Brutas Realizadas;1.1.1.2.04.31.00 - Retido nas Fontes - Trabalho;siconfi-cor_RO1.1.1.2.04.31.00;260243,57
Prefeitura Municipal de Manaquiri - AM;1302553;AM;27480;Receitas Brutas Realizadas;1.1.1.2.04.34.00 - Retido nas Fontes - Outros Rendimentos;siconfi-cor_RO1.1.1.2.04.34.00;117047,96
Prefeitura Municipal de Manaquiri - AM;1302553;AM;27480;Receitas Brutas Realizadas;"1.1.1.2.08.00.00 - Imposto sobre Transmissão Inter Vivos"" de Bens Imóveis e de Direitos Reais sobre Imóveis ¿ ITBI""";siconfi-cor_RO1.1.1.2.08.00.00;6934,56
Prefeitura Municipal de Manaquiri - AM;1302553;AM;27480;Receitas Brutas Realizadas;1.1.1.3.00.00.00 - Impostos sobre a Produção e a Circulação;siconfi-cor_RO1.1.1.3.00.00.00;530113,07
Prefeitura Municipal de Manaquiri - AM;1302553;AM;27480;Receitas Brutas Realizadas;1.1.1.3.05.00.00 - Imposto sobre Serviços de Qualquer Natureza ¿ ISSQN;siconfi-cor_RO1.1.1.3.05.00.00;530113,07
Prefeitura Municipal de Manaquiri - AM;1302553;AM;27480;Receitas Brutas Realizadas;1.1.2.0.00.00.00 - Taxas;siconfi-cor_RO1.1.2.0.00.00.00;2684,1
Prefeitura Municipal de Manaquiri - AM;1302553;AM;27480;Receitas Brutas Realizadas;1.1.2.1.00.00.00 - Taxas pelo Exercício do Poder de Polícia;siconfi-cor_RO1.1.2.1.00.00.00;1985,37
Prefeitura Municipal de Manaquiri - AM;1302553;AM;27480;Receitas Brutas Realizadas;1.1.2.2.00.00.00 - Taxas pela Prestação de Serviços;siconfi-cor_RO1.1.2.2.00.00.00;698,73
Prefeitura Municipal de Manaquiri - AM;1302553;AM;27480;Receitas Brutas Realizadas;1.2.0.0.00.00.00 - Receitas de Contribuições;siconfi-cor_RO1.2.0.0.00.00.00;314034,65
Prefeitura Municipal de Manaquiri - AM;1302553;AM;27480;Receitas Brutas Realizadas;1.2.1.0.00.00.00 - Contribuições Sociais;siconfi-cor_RO1.2.1.0.00.00.00;276684,82
Prefeitura Municipal de Manaquiri - AM;1302553;AM;27480;Receitas Brutas Realizadas;1.2.1.0.29.00.00 - Contribuições para o Regime Próprio de Previdência do Servidor Público;siconfi-cor_RO1.2.1.0.29.00.00;276684,82
Prefeitura Municipal de Manaquiri - AM;1302553;AM;27480;Receitas Brutas Realizadas;1.2.1.0.29.01.00 - Contribuição Patronal de Servidor Ativo Civil para o Regime Próprio;siconfi-cor_RO1.2.1.0.29.01.00;105570,59
Prefeitura Municipal de Manaquiri - AM;1302553;AM;27480;Receitas Brutas Realizadas;1.2.1.0.29.07.00 - Contribuição do Servidor Ativo Civil para o Regime Próprio;siconfi-cor_RO1.2.1.0.29.07.00;150718,13
Prefeitura Municipal de Manaquiri - AM;1302553;AM;27480;Receitas Brutas Realizadas;1.2.1.0.29.11.00 - Contribuições de Pensionista Civil para o Regime Próprio;siconfi-cor_RO1.2.1.0.29.11.00;126,94
Prefeitura Municipal de Manaquiri - AM;1302553;AM;27480;Receitas Brutas Realizadas;1.2.1.0.29.12.00 - Contribuições de Pensionista Militar;siconfi-cor_RO1.2.1.0.29.12.00;20269,16
Prefeitura Municipal de Manaquiri - AM;1302553;AM;27480;Receitas Brutas Realizadas;1.2.3.0.00.00.00 - Contribuição para Custeio do Serviço de Iluminação Pública;siconfi-cor_RO1.2.3.0.00.00.00;37349,83
Prefeitura Municipal de Manaquiri - AM;1302553;AM;27480;Receitas Brutas Realizadas;1.3.0.0.00.00.00 - Receita Patrimonial;siconfi-cor_RO1.3.0.0.00.00.00;568593,49
Prefeitura Municipal de Manaquiri - AM;1302553;AM;27480;Receitas Brutas Realizadas;1.3.2.0.00.00.00 - Receitas de Valores Mobiliários;siconfi-cor_RO1.3.2.0.00.00.00;568593,49
Prefeitura Municipal de Manaquiri - AM;1302553;AM;27480;Receitas Brutas Realizadas;1.3.2.5.00.00.00 - Remuneração de Depósitos Bancários;siconfi-cor_RO1.3.2.5.00.00.00;107874,76
Prefeitura Municipal de Manaquiri - AM;1302553;AM;27480;Receitas Brutas Realizadas;1.3.2.8.00.00.00 - Remuneração dos Investimentos do Regime Próprio de Previdência do Servidor;siconfi-cor_RO1.3.2.8.00.00.00;460718,73
Prefeitura Municipal de Manaquiri - AM;1302553;AM;27480;Receitas Brutas Realizadas;1.6.0.0.00.00.00 - Receita de Serviços;siconfi-cor_RO1.6.0.0.00.00.00;656,81
Prefeitura Municipal de Manaquiri - AM;1302553;AM;27480;Receitas Brutas Realizadas;1.6.0.0.13.00.00 - Serviços Administrativos;siconfi-cor_RO1.6.0.0.13.00.00;656,81
Prefeitura Municipal de Manaquiri - AM;1302553;AM;27480;Receitas Brutas Realizadas;1.7.0.0.00.00.00 - Transferências Correntes;siconfi-cor_RO1.7.0.0.00.00.00;40075835,78
Prefeitura Municipal de Manaquiri - AM;1302553;AM;27480;Receitas Brutas Realizadas;1.7.2.0.00.00.00 - Transferências Intergovernamentais;siconfi-cor_RO1.7.2.0.00.00.00;39092835,78
Prefeitura Municipal de Manaquiri - AM;1302553;AM;27480;Receitas Brutas Realizadas;1.7.2.1.00.00.00 - Transferências da União;siconfi-cor_RO1.7.2.1.00.00.00;18923780,1
Prefeitura Municipal de Manaquiri - AM;1302553;AM;27480;Receitas Brutas Realizadas;1.7.2.1.01.00.00 - Participação na Receita da União;siconfi-cor_RO1.7.2.1.01.00.00;13677425,06
Prefeitura Municipal de Manaquiri - AM;1302553;AM;27480;Receitas Brutas Realizadas;1.7.2.1.01.02.00 - Cota-Parte do Fundo de Participação dos Municípios ¿ FPM;siconfi-cor_RO1.7.2.1.01.02.00;13675539,83
Prefeitura Municipal de Manaquiri - AM;1302553;AM;27480;Receitas Brutas Realizadas;1.7.2.1.01.05.00 - Cota-Parte do Imposto Sobre a Propriedade Territorial Rural ¿ ITR;siconfi-cor_RO1.7.2.1.01.05.00;1885,23
Prefeitura Municipal de Manaquiri - AM;1302553;AM;27480;Receitas Brutas Realizadas;1.7.2.1.22.00.00 - Transferências da Compensação Financeira pela Exploração de Recursos Naturais;siconfi-cor_RO1.7.2.1.22.00.00;238256,79
Prefeitura Municipal de Manaquiri - AM;1302553;AM;27480;Receitas Brutas Realizadas;1.7.2.1.22.70.00 - Cota-Parte do Fundo Especial do Petróleo ¿ FEP;siconfi-cor_RO1.7.2.1.22.70.00;238256,79
Prefeitura Municipal de Manaquiri - AM;1302553;AM;27480;Receitas Brutas Realizadas;1.7.2.1.33.00.00 - Transferências de Recursos do Sistema Único de Saúde - SUS - Repasses Fundo a Fundo;siconfi-cor_RO1.7.2.1.33.00.00;2671952,79
Prefeitura Municipal de Manaquiri - AM;1302553;AM;27480;Receitas Brutas Realizadas;1.7.2.1.34.00.00 - Transferências de Recursos do Fundo Nacional de Assistência Social ¿ FNAS;siconfi-cor_RO1.7.2.1.34.00.00;413925,34
Prefeitura Municipal de Manaquiri - AM;1302553;AM;27480;Receitas Brutas Realizadas;1.7.2.1.35.00.00 - Transferências de Recursos do Fundo Nacional do Desenvolvimento da Educação ¿ FNDE;siconfi-cor_RO1.7.2.1.35.00.00;1630211,14
Prefeitura Municipal de Manaquiri - AM;1302553;AM;27480;Receitas Brutas Realizadas;1.7.2.1.36.00.00 - Transferências Financeiras do ICMS ¿ Desoneração ¿ L.C. Nº 87/96;siconfi-cor_RO1.7.2.1.36.00.00;17143,8
Prefeitura Municipal de Manaquiri - AM;1302553;AM;27480;Receitas Brutas Realizadas;1.7.2.1.99.00.00 - Outras Transferências da União;siconfi-cor_RO1.7.2.1.99.00.00;274865,18
Prefeitura Municipal de Manaquiri - AM;1302553;AM;27480;Receitas Brutas Realizadas;1.7.2.2.00.00.00 - Transferências dos Estados;siconfi-cor_RO1.7.2.2.00.00.00;6997560,22
Prefeitura Municipal de Manaquiri - AM;1302553;AM;27480;Receitas Brutas Realizadas;1.7.2.2.01.00.00 - Participação na Receita dos Estados;siconfi-cor_RO1.7.2.2.01.00.00;6890626,67
Prefeitura Municipal de Manaquiri - AM;1302553;AM;27480;Receitas Brutas Realizadas;1.7.2.2.01.01.00 - Cota-Parte do ICMS;siconfi-cor_RO1.7.2.2.01.01.00;6807655,48
Prefeitura Municipal de Manaquiri - AM;1302553;AM;27480;Receitas Brutas Realizadas;1.7.2.2.01.02.00 - Cota-Parte do IPVA;siconfi-cor_RO1.7.2.2.01.02.00;44747,52
Prefeitura Municipal de Manaquiri - AM;1302553;AM;27480;Receitas Brutas Realizadas;1.7.2.2.01.04.00 - Cota-Parte do IPI sobre Exportação;siconfi-cor_RO1.7.2.2.01.04.00;33018,94
Prefeitura Municipal de Manaquiri - AM;1302553;AM;27480;Receitas Brutas Realizadas;1.7.2.2.01.13.00 - Cota-Parte da Contribuição de Intervenção no Domínio Econômico;siconfi-cor_RO1.7.2.2.01.13.00;5204,73
Prefeitura Municipal de Manaquiri - AM;1302553;AM;27480;Receitas Brutas Realizadas;1.7.2.2.22.00.00 - Transferências da Cota-Parte da Compensação Financeira (25%);siconfi-cor_RO1.7.2.2.22.00.00;106933,55
Prefeitura Municipal de Manaquiri - AM;1302553;AM;27480;Receitas Brutas Realizadas;1.7.2.2.22.30.00 - Cota-Parte Royalties - Compensação Financeira pela Produção de Petróleo - Lei nº 7.990/89 artigo 9º;siconfi-cor_RO1.7.2.2.22.30.00;106933,55
Prefeitura Municipal de Manaquiri - AM;1302553;AM;27480;Receitas Brutas Realizadas;1.7.2.4.00.00.00 - Transferências Multigovernamentais;siconfi-cor_RO1.7.2.4.00.00.00;13171495,46
Prefeitura Municipal de Manaquiri - AM;1302553;AM;27480;Receitas Brutas Realizadas;1.7.2.4.01.00.00 - Transferências de Recursos do Fundo de Manutenção e Desenvolvimento do Ensino Fundamental e de Valorização do Magistério - FUNDEB;siconfi-cor_RO1.7.2.4.01.00.00;10638055,53
Prefeitura Municipal de Manaquiri - AM;1302553;AM;27480;Receitas Brutas Realizadas;1.7.2.4.02.00.00 - Transferências de Recursos da Complementação ao Fundo de Manutenção e Desenvolvimento do Ensino Fundamental e de Valorização do Magistério - FUNDEB;siconfi-cor_RO1.7.2.4.02.00.00;2533439,93
Prefeitura Municipal de Manaquiri - AM;1302553;AM;27480;Receitas Brutas Realizadas;1.7.6.0.00.00.00 - Transferências de Convênios;siconfi-cor_RO1.7.6.0.00.00.00;983000
Prefeitura Municipal de Manaquiri - AM;1302553;AM;27480;Receitas Brutas Realizadas;1.7.6.2.00.00.00 - Transferências de Convênios dos Estados e do Distrito Federal e de Suas Entidades;siconfi-cor_RO1.7.6.2.00.00.00;983000
Prefeitura Municipal de Manaquiri - AM;1302553;AM;27480;Receitas Brutas Realizadas;1.7.6.2.02.00.00 - Transferências de Convênios dos Estados Destinadas a Programas de Educação;siconfi-cor_RO1.7.6.2.02.00.00;733000
Prefeitura Municipal de Manaquiri - AM;1302553;AM;27480;Receitas Brutas Realizadas;1.7.6.2.99.00.00 - Outras Transferências de Convênios dos Estados;siconfi-cor_RO1.7.6.2.99.00.00;250000
Prefeitura Municipal de Manaquiri - AM;1302553;AM;27480;Receitas Brutas Realizadas;1.9.0.0.00.00.00 - Outras Receitas Correntes;siconfi-cor_RO1.9.0.0.00.00.00;68568,51
Prefeitura Municipal de Manaquiri - AM;1302553;AM;27480;Receitas Brutas Realizadas;1.9.1.0.00.00.00 - Multas e Juros de Mora;siconfi-cor_RO1.9.1.0.00.00.00;8287,12
Prefeitura Municipal de Manaquiri - AM;1302553;AM;27480;Receitas Brutas Realizadas;1.9.1.2.00.00.00 - Multas e Juros de Mora das Contribuições;siconfi-cor_RO1.9.1.2.00.00.00;8287,12
Prefeitura Municipal de Manaquiri - AM;1302553;AM;27480;Receitas Brutas Realizadas;1.9.2.0.00.00.00 - Indenizações e Restituições;siconfi-cor_RO1.9.2.0.00.00.00;59358,25
Prefeitura Municipal de Manaquiri - AM;1302553;AM;27480;Receitas Brutas Realizadas;1.9.2.2.00.00.00 - Restituições;siconfi-cor_RO1.9.2.2.00.00.00;59358,25
Prefeitura Municipal de Manaquiri - AM;1302553;AM;27480;Receitas Brutas Realizadas;1.9.2.2.99.00.00 - Outras Restituições;siconfi-cor_RO1.9.2.2.99.00.00;59358,25
Prefeitura Municipal de Manaquiri - AM;1302553;AM;27480;Receitas Brutas Realizadas;1.9.3.0.00.00.00 - Receita da Dívida Ativa;siconfi-cor_RO1.9.3.0.00.00.00;796,9
Prefeitura Municipal de Manaquiri - AM;1302553;AM;27480;Receitas Brutas Realizadas;1.9.3.1.00.00.00 - Receita da Dívida Ativa Tributária;siconfi-cor_RO1.9.3.1.00.00.00;796,9
Prefeitura Municipal de Manaquiri - AM;1302553;AM;27480;Receitas Brutas Realizadas;1.9.9.0.00.00.00 - Receitas Diversas;siconfi-cor_RO1.9.9.0.00.00.00;126,24
Prefeitura Municipal de Manaquiri - AM;1302553;AM;27480;Receitas Brutas Realizadas;2.0.0.0.00.00.00 - Receitas de Capital;siconfi-cor_RO2.0.0.0.00.00.00;1268758,28
Prefeitura Municipal de Manaquiri - AM;1302553;AM;27480;Receitas Brutas Realizadas;2.4.0.0.00.00.00 - Transferências de Capital;siconfi-cor_RO2.4.0.0.00.00.00;1268758,28
Prefeitura Municipal de Manaquiri - AM;1302553;AM;27480;Receitas Brutas Realizadas;2.4.2.0.00.00.00 - Transferências Intergovernamentais;siconfi-cor_RO2.4.2.0.00.00.00;389718,58
Prefeitura Municipal de Manaquiri - AM;1302553;AM;27480;Receitas Brutas Realizadas;2.4.2.1.00.00.00 - Transferências da União;siconfi-cor_RO2.4.2.1.00.00.00;369718,58
Prefeitura Municipal de Manaquiri - AM;1302553;AM;27480;Receitas Brutas Realizadas;2.4.2.1.01.00.00 - Participação na Receita da União;siconfi-cor_RO2.4.2.1.01.00.00;114757,5
Prefeitura Municipal de Manaquiri - AM;1302553;AM;27480;Receitas Brutas Realizadas;2.4.2.1.02.00.00 - Transferências de Recursos Destinados a Programas de Educação;siconfi-cor_RO2.4.2.1.02.00.00;254961,08
Prefeitura Municipal de Manaquiri - AM;1302553;AM;27480;Receitas Brutas Realizadas;2.4.2.2.00.00.00 - Transferências dos Estados;siconfi-cor_RO2.4.2.2.00.00.00;20000
Prefeitura Municipal de Manaquiri - AM;1302553;AM;27480;Receitas Brutas Realizadas;2.4.2.2.01.00.00 - Participação na Receita dos Estados;siconfi-cor_RO2.4.2.2.01.00.00;20000
Prefeitura Municipal de Manaquiri - AM;1302553;AM;27480;Receitas Brutas Realizadas;2.4.7.0.00.00.00 - Transferências de Convênios;siconfi-cor_RO2.4.7.0.00.00.00;879039,7
Prefeitura Municipal de Manaquiri - AM;1302553;AM;27480;Receitas Brutas Realizadas;2.4.7.2.00.00.00 - Transferências de Convênios dos Estados e do Distrito Federal e de suas Entidades;siconfi-cor_RO2.4.7.2.00.00.00;879039,7
Prefeitura Municipal de Manaquiri - AM;1302553;AM;27480;Receitas Brutas Realizadas;2.4.7.2.99.00.00 - Outras Transferências de Convênios dos Estados;siconfi-cor_RO2.4.7.2.99.00.00;879039,7
Prefeitura Municipal de Manaquiri - AM;1302553;AM;27480;Deduções - FUNDEB;Total Receitas;siconfi-cor_TotalReceitas;3999833,02
Prefeitura Municipal de Manaquiri - AM;1302553;AM;27480;Deduções - FUNDEB;1.0.0.0.00.00.00 - Receitas Correntes;siconfi-cor_RO1.0.0.0.00.00.00;3999833,02
Prefeitura Municipal de Manaquiri - AM;1302553;AM;27480;Deduções - FUNDEB;1.7.0.0.00.00.00 - Transferências Correntes;siconfi-cor_RO1.7.0.0.00.00.00;3999833,02
Prefeitura Municipal de Manaquiri - AM;1302553;AM;27480;Deduções - FUNDEB;1.7.2.0.00.00.00 - Transferências Intergovernamentais;siconfi-cor_RO1.7.2.0.00.00.00;3999833,02
Prefeitura Municipal de Manaquiri - AM;1302553;AM;27480;Deduções - FUNDEB;1.7.2.1.00.00.00 - Transferências da União;siconfi-cor_RO1.7.2.1.00.00.00;2622749,24
Prefeitura Municipal de Manaquiri - AM;1302553;AM;27480;Deduções - FUNDEB;1.7.2.1.01.00.00 - Participação na Receita da União;siconfi-cor_RO1.7.2.1.01.00.00;2619320,48
Prefeitura Municipal de Manaquiri - AM;1302553;AM;27480;Deduções - FUNDEB;1.7.2.1.01.02.00 - Cota-Parte do Fundo de Participação dos Municípios ¿ FPM;siconfi-cor_RO1.7.2.1.01.02.00;2618943,48
Prefeitura Municipal de Manaquiri - AM;1302553;AM;27480;Deduções - FUNDEB;1.7.2.1.01.05.00 - Cota-Parte do Imposto Sobre a Propriedade Territorial Rural ¿ ITR;siconfi-cor_RO1.7.2.1.01.05.00;377
Prefeitura Municipal de Manaquiri - AM;1302553;AM;27480;Deduções - FUNDEB;1.7.2.1.36.00.00 - Transferências Financeiras do ICMS ¿ Desoneração ¿ L.C. Nº 87/96;siconfi-cor_RO1.7.2.1.36.00.00;3428,76
Prefeitura Municipal de Manaquiri - AM;1302553;AM;27480;Deduções - FUNDEB;1.7.2.2.00.00.00 - Transferências dos Estados;siconfi-cor_RO1.7.2.2.00.00.00;1377083,78
Prefeitura Municipal de Manaquiri - AM;1302553;AM;27480;Deduções - FUNDEB;1.7.2.2.01.00.00 - Participação na Receita dos Estados;siconfi-cor_RO1.7.2.2.01.00.00;1377083,78
Prefeitura Municipal de Manaquiri - AM;1302553;AM;27480;Deduções - FUNDEB;1.7.2.2.01.01.00 - Cota-Parte do ICMS;siconfi-cor_RO1.7.2.2.01.01.00;1361531,09
Prefeitura Municipal de Manaquiri - AM;1302553;AM;27480;Deduções - FUNDEB;1.7.2.2.01.02.00 - Cota-Parte do IPVA;siconfi-cor_RO1.7.2.2.01.02.00;8948,93
Prefeitura Municipal de Manaquiri - AM;1302553;AM;27480;Deduções - FUNDEB;1.7.2.2.01.04.00 - Cota-Parte do IPI sobre Exportação;siconfi-cor_RO1.7.2.2.01.04.00;6603,76
Prefeitura Municipal de Ipixuna - AM;1301803;AM;26118;Receitas Brutas Realizadas;Total Receitas;siconfi-cor_TotalReceitas;33458152,91
Prefeitura Municipal de Ipixuna - AM;1301803;AM;26118;Receitas Brutas Realizadas;1.0.0.0.00.00.00 - Receitas Correntes;siconfi-cor_RO1.0.0.0.00.00.00;33251204,75
Prefeitura Municipal de Ipixuna - AM;1301803;AM;26118;Receitas Brutas Realizadas;1.1.0.0.00.00.00 - Receita Tributária;siconfi-cor_RO1.1.0.0.00.00.00;1032197,39
Prefeitura Municipal de Ipixuna - AM;1301803;AM;26118;Receitas Brutas Realizadas;1.1.1.0.00.00.00 - Impostos;siconfi-cor_RO1.1.1.0.00.00.00;1032197,39
Prefeitura Municipal de Ipixuna - AM;1301803;AM;26118;Receitas Brutas Realizadas;1.1.1.2.00.00.00 - Impostos sobre o Patrimônio e a Renda;siconfi-cor_RO1.1.1.2.00.00.00;268571,25
Prefeitura Municipal de Ipixuna - AM;1301803;AM;26118;Receitas Brutas Realizadas;1.1.1.2.04.00.00 - Imposto sobre a Renda e Proventos de Qualquer Natureza ¿ IR;siconfi-cor_RO1.1.1.2.04.00.00;268521,25
Prefeitura Municipal de Ipixuna - AM;1301803;AM;26118;Receitas Brutas Realizadas;1.1.1.2.04.31.00 - Retido nas Fontes - Trabalho;siconfi-cor_RO1.1.1.2.04.31.00;268521,25
Prefeitura Municipal de Ipixuna - AM;1301803;AM;26118;Receitas Brutas Realizadas;"1.1.1.2.08.00.00 - Imposto sobre Transmissão Inter Vivos"" de Bens Imóveis e de Direitos Reais sobre Imóveis ¿ ITBI""";siconfi-cor_RO1.1.1.2.08.00.00;50
Prefeitura Municipal de Ipixuna - AM;1301803;AM;26118;Receitas Brutas Realizadas;1.1.1.3.00.00.00 - Impostos sobre a Produção e a Circulação;siconfi-cor_RO1.1.1.3.00.00.00;763626,14
Prefeitura Municipal de Ipixuna - AM;1301803;AM;26118;Receitas Brutas Realizadas;1.1.1.3.05.00.00 - Imposto sobre Serviços de Qualquer Natureza ¿ ISSQN;siconfi-cor_RO1.1.1.3.05.00.00;763626,14
Prefeitura Municipal de Ipixuna - AM;1301803;AM;26118;Receitas Brutas Realizadas;1.2.0.0.00.00.00 - Receitas de Contribuições;siconfi-cor_RO1.2.0.0.00.00.00;18099,7
Prefeitura Municipal de Ipixuna - AM;1301803;AM;26118;Receitas Brutas Realizadas;1.2.3.0.00.00.00 - Contribuição para Custeio do Serviço de Iluminação Pública;siconfi-cor_RO1.2.3.0.00.00.00;18099,7
Prefeitura Municipal de Ipixuna - AM;1301803;AM;26118;Receitas Brutas Realizadas;1.3.0.0.00.00.00 - Receita Patrimonial;siconfi-cor_RO1.3.0.0.00.00.00;33160,2
Prefeitura Municipal de Ipixuna - AM;1301803;AM;26118;Receitas Brutas Realizadas;1.3.2.0.00.00.00 - Receitas de Valores Mobiliários;siconfi-cor_RO1.3.2.0.00.00.00;33160,2
Prefeitura Municipal de Ipixuna - AM;1301803;AM;26118;Receitas Brutas Realizadas;1.3.2.5.00.00.00 - Remuneração de Depósitos Bancários;siconfi-cor_RO1.3.2.5.00.00.00;33160,2
Prefeitura Municipal de Ipixuna - AM;1301803;AM;26118;Receitas Brutas Realizadas;1.6.0.0.00.00.00 - Receita de Serviços;siconfi-cor_RO1.6.0.0.00.00.00;180
Prefeitura Municipal de Ipixuna - AM;1301803;AM;26118;Receitas Brutas Realizadas;1.6.0.0.13.00.00 - Serviços Administrativos;siconfi-cor_RO1.6.0.0.13.00.00;180
Prefeitura Municipal de Ipixuna - AM;1301803;AM;26118;Receitas Brutas Realizadas;1.7.0.0.00.00.00 - Transferências Correntes;siconfi-cor_RO1.7.0.0.00.00.00;32165175,71
Prefeitura Municipal de Ipixuna - AM;1301803;AM;26118;Receitas Brutas Realizadas;1.7.2.0.00.00.00 - Transferências Intergovernamentais;siconfi-cor_RO1.7.2.0.00.00.00;32165175,71
Prefeitura Municipal de Ipixuna - AM;1301803;AM;26118;Receitas Brutas Realizadas;1.7.2.1.00.00.00 - Transferências da União;siconfi-cor_RO1.7.2.1.00.00.00;17386892,7
Prefeitura Municipal de Ipixuna - AM;1301803;AM;26118;Receitas Brutas Realizadas;1.7.2.1.01.00.00 - Participação na Receita da União;siconfi-cor_RO1.7.2.1.01.00.00;13676763,59
Prefeitura Municipal de Ipixuna - AM;1301803;AM;26118;Receitas Brutas Realizadas;1.7.2.1.01.02.00 - Cota-Parte do Fundo de Participação dos Municípios ¿ FPM;siconfi-cor_RO1.7.2.1.01.02.00;13675539,83
Prefeitura Municipal de Ipixuna - AM;1301803;AM;26118;Receitas Brutas Realizadas;1.7.2.1.01.05.00 - Cota-Parte do Imposto Sobre a Propriedade Territorial Rural ¿ ITR;siconfi-cor_RO1.7.2.1.01.05.00;1223,76
Prefeitura Municipal de Ipixuna - AM;1301803;AM;26118;Receitas Brutas Realizadas;1.7.2.1.22.00.00 - Transferências da Compensação Financeira pela Exploração de Recursos Naturais;siconfi-cor_RO1.7.2.1.22.00.00;204643,55
Prefeitura Municipal de Ipixuna - AM;1301803;AM;26118;Receitas Brutas Realizadas;1.7.2.1.22.70.00 - Cota-Parte do Fundo Especial do Petróleo ¿ FEP;siconfi-cor_RO1.7.2.1.22.70.00;204643,55
Prefeitura Municipal de Ipixuna - AM;1301803;AM;26118;Receitas Brutas Realizadas;1.7.2.1.33.00.00 - Transferências de Recursos do Sistema Único de Saúde - SUS - Repasses Fundo a Fundo;siconfi-cor_RO1.7.2.1.33.00.00;2135771,02
Prefeitura Municipal de Ipixuna - AM;1301803;AM;26118;Receitas Brutas Realizadas;1.7.2.1.34.00.00 - Transferências de Recursos do Fundo Nacional de Assistência Social ¿ FNAS;siconfi-cor_RO1.7.2.1.34.00.00;319577,75
Prefeitura Municipal de Ipixuna - AM;1301803;AM;26118;Receitas Brutas Realizadas;1.7.2.1.35.00.00 - Transferências de Recursos do Fundo Nacional do Desenvolvimento da Educação ¿ FNDE;siconfi-cor_RO1.7.2.1.35.00.00;686437,61
Prefeitura Municipal de Ipixuna - AM;1301803;AM;26118;Receitas Brutas Realizadas;1.7.2.1.36.00.00 - Transferências Financeiras do ICMS ¿ Desoneração ¿ L.C. Nº 87/96;siconfi-cor_RO1.7.2.1.36.00.00;18008,52
Prefeitura Municipal de Ipixuna - AM;1301803;AM;26118;Receitas Brutas Realizadas;1.7.2.1.99.00.00 - Outras Transferências da União;siconfi-cor_RO1.7.2.1.99.00.00;345690,66
Prefeitura Municipal de Ipixuna - AM;1301803;AM;26118;Receitas Brutas Realizadas;1.7.2.2.00.00.00 - Transferências dos Estados;siconfi-cor_RO1.7.2.2.00.00.00;7516409,28
Prefeitura Municipal de Ipixuna - AM;1301803;AM;26118;Receitas Brutas Realizadas;1.7.2.2.01.00.00 - Participação na Receita dos Estados;siconfi-cor_RO1.7.2.2.01.00.00;7196203,4
Prefeitura Municipal de Ipixuna - AM;1301803;AM;26118;Receitas Brutas Realizadas;1.7.2.2.01.01.00 - Cota-Parte do ICMS;siconfi-cor_RO1.7.2.2.01.01.00;7151004,74
Prefeitura Municipal de Ipixuna - AM;1301803;AM;26118;Receitas Brutas Realizadas;1.7.2.2.01.02.00 - Cota-Parte do IPVA;siconfi-cor_RO1.7.2.2.01.02.00;5878,7
Prefeitura Municipal de Ipixuna - AM;1301803;AM;26118;Receitas Brutas Realizadas;1.7.2.2.01.04.00 - Cota-Parte do IPI sobre Exportação;siconfi-cor_RO1.7.2.2.01.04.00;34684,46
Prefeitura Municipal de Ipixuna - AM;1301803;AM;26118;Receitas Brutas Realizadas;1.7.2.2.01.13.00 - Cota-Parte da Contribuição de Intervenção no Domínio Econômico;siconfi-cor_RO1.7.2.2.01.13.00;4635,5
Prefeitura Municipal de Ipixuna - AM;1301803;AM;26118;Receitas Brutas Realizadas;1.7.2.2.22.00.00 - Transferências da Cota-Parte da Compensação Financeira (25%);siconfi-cor_RO1.7.2.2.22.00.00;112327,44
Prefeitura Municipal de Ipixuna - AM;1301803;AM;26118;Receitas Brutas Realizadas;1.7.2.2.22.30.00 - Cota-Parte Royalties - Compensação Financeira pela Produção de Petróleo - Lei nº 7.990/89 artigo 9º;siconfi-cor_RO1.7.2.2.22.30.00;112327,44
Prefeitura Municipal de Ipixuna - AM;1301803;AM;26118;Receitas Brutas Realizadas;1.7.2.2.33.00.00 - Transferências de Recursos do Estado para Programas de Saúde - Repasse Fundo a Fundo;siconfi-cor_RO1.7.2.2.33.00.00;207878,44
Prefeitura Municipal de Ipixuna - AM;1301803;AM;26118;Receitas Brutas Realizadas;1.7.2.4.00.00.00 - Transferências Multigovernamentais;siconfi-cor_RO1.7.2.4.00.00.00;7261873,73
Prefeitura Municipal de Ipixuna - AM;1301803;AM;26118;Receitas Brutas Realizadas;1.7.2.4.01.00.00 - Transferências de Recursos do Fundo de Manutenção e Desenvolvimento do Ensino Fundamental e de Valorização do Magistério - FUNDEB;siconfi-cor_RO1.7.2.4.01.00.00;5921371,83
Prefeitura Municipal de Ipixuna - AM;1301803;AM;26118;Receitas Brutas Realizadas;1.7.2.4.02.00.00 - Transferências de Recursos da Complementação ao Fundo de Manutenção e Desenvolvimento do Ensino Fundamental e de Valorização do Magistério - FUNDEB;siconfi-cor_RO1.7.2.4.02.00.00;1340501,9
Prefeitura Municipal de Ipixuna - AM;1301803;AM;26118;Receitas Brutas Realizadas;1.9.0.0.00.00.00 - Outras Receitas Correntes;siconfi-cor_RO1.9.0.0.00.00.00;2391,75
Prefeitura Municipal de Ipixuna - AM;1301803;AM;26118;Receitas Brutas Realizadas;1.9.2.0.00.00.00 - Indenizações e Restituições;siconfi-cor_RO1.9.2.0.00.00.00;2391,75
Prefeitura Municipal de Ipixuna - AM;1301803;AM;26118;Receitas Brutas Realizadas;1.9.2.1.00.00.00 - Indenizações;siconfi-cor_RO1.9.2.1.00.00.00;2391,75
Prefeitura Municipal de Ipixuna - AM;1301803;AM;26118;Receitas Brutas Realizadas;2.0.0.0.00.00.00 - Receitas de Capital;siconfi-cor_RO2.0.0.0.00.00.00;206948,16
Prefeitura Municipal de Ipixuna - AM;1301803;AM;26118;Receitas Brutas Realizadas;2.4.0.0.00.00.00 - Transferências de Capital;siconfi-cor_RO2.4.0.0.00.00.00;206948,16
Prefeitura Municipal de Ipixuna - AM;1301803;AM;26118;Receitas Brutas Realizadas;2.4.2.0.00.00.00 - Transferências Intergovernamentais;siconfi-cor_RO2.4.2.0.00.00.00;206948,16
Prefeitura Municipal de Ipixuna - AM;1301803;AM;26118;Receitas Brutas Realizadas;2.4.2.1.00.00.00 - Transferências da União;siconfi-cor_RO2.4.2.1.00.00.00;206948,16
Prefeitura Municipal de Ipixuna - AM;1301803;AM;26118;Receitas Brutas Realizadas;2.4.2.1.02.00.00 - Transferências de Recursos Destinados a Programas de Educação;siconfi-cor_RO2.4.2.1.02.00.00;206948,16
Prefeitura Municipal de Ipixuna - AM;1301803;AM;26118;Deduções - FUNDEB;Total Receitas;siconfi-cor_TotalReceitas;4061111,45
Prefeitura Municipal de Ipixuna - AM;1301803;AM;26118;Deduções - FUNDEB;1.0.0.0.00.00.00 - Receitas Correntes;siconfi-cor_RO1.0.0.0.00.00.00;4061111,45
Prefeitura Municipal de Ipixuna - AM;1301803;AM;26118;Deduções - FUNDEB;1.7.0.0.00.00.00 - Transferências Correntes;siconfi-cor_RO1.7.0.0.00.00.00;4061111,45
Prefeitura Municipal de Ipixuna - AM;1301803;AM;26118;Deduções - FUNDEB;1.7.2.0.00.00.00 - Transferências Intergovernamentais;siconfi-cor_RO1.7.2.0.00.00.00;4061111,45
Prefeitura Municipal de Ipixuna - AM;1301803;AM;26118;Deduções - FUNDEB;1.7.2.1.00.00.00 - Transferências da União;siconfi-cor_RO1.7.2.1.00.00.00;2622789,9
Prefeitura Municipal de Ipixuna - AM;1301803;AM;26118;Deduções - FUNDEB;1.7.2.1.01.00.00 - Participação na Receita da União;siconfi-cor_RO1.7.2.1.01.00.00;2619188,22
Prefeitura Municipal de Ipixuna - AM;1301803;AM;26118;Deduções - FUNDEB;1.7.2.1.01.02.00 - Cota-Parte do Fundo de Participação dos Municípios ¿ FPM;siconfi-cor_RO1.7.2.1.01.02.00;2618943,48
Prefeitura Municipal de Ipixuna - AM;1301803;AM;26118;Deduções - FUNDEB;1.7.2.1.01.05.00 - Cota-Parte do Imposto Sobre a Propriedade Territorial Rural ¿ ITR;siconfi-cor_RO1.7.2.1.01.05.00;244,74
Prefeitura Municipal de Ipixuna - AM;1301803;AM;26118;Deduções - FUNDEB;1.7.2.1.36.00.00 - Transferências Financeiras do ICMS ¿ Desoneração ¿ L.C. Nº 87/96;siconfi-cor_RO1.7.2.1.36.00.00;3601,68
Prefeitura Municipal de Ipixuna - AM;1301803;AM;26118;Deduções - FUNDEB;1.7.2.2.00.00.00 - Transferências dos Estados;siconfi-cor_RO1.7.2.2.00.00.00;1438321,55
Prefeitura Municipal de Ipixuna - AM;1301803;AM;26118;Deduções - FUNDEB;1.7.2.2.01.00.00 - Participação na Receita dos Estados;siconfi-cor_RO1.7.2.2.01.00.00;1438321,55
Prefeitura Municipal de Ipixuna - AM;1301803;AM;26118;Deduções - FUNDEB;1.7.2.2.01.01.00 - Cota-Parte do ICMS;siconfi-cor_RO1.7.2.2.01.01.00;1430208,95
Prefeitura Municipal de Ipixuna - AM;1301803;AM;26118;Deduções - FUNDEB;1.7.2.2.01.02.00 - Cota-Parte do IPVA;siconfi-cor_RO1.7.2.2.01.02.00;1175,7
Prefeitura Municipal de Ipixuna - AM;1301803;AM;26118;Deduções - FUNDEB;1.7.2.2.01.04.00 - Cota-Parte do IPI sobre Exportação;siconfi-cor_RO1.7.2.2.01.04.00;6936,9
Prefeitura Municipal de Tapauá - AM;1304104;AM;18266;Receitas Brutas Realizadas;Total Receitas;siconfi-cor_TotalReceitas;41159343,91
Prefeitura Municipal de Tapauá - AM;1304104;AM;18266;Receitas Brutas Realizadas;1.0.0.0.00.00.00 - Receitas Correntes;siconfi-cor_RO1.0.0.0.00.00.00;41056469,99
Prefeitura Municipal de Tapauá - AM;1304104;AM;18266;Receitas Brutas Realizadas;1.1.0.0.00.00.00 - Receita Tributária;siconfi-cor_RO1.1.0.0.00.00.00;1301058,11
Prefeitura Municipal de Tapauá - AM;1304104;AM;18266;Receitas Brutas Realizadas;1.1.1.0.00.00.00 - Impostos;siconfi-cor_RO1.1.1.0.00.00.00;1280641,96
Prefeitura Municipal de Tapauá - AM;1304104;AM;18266;Receitas Brutas Realizadas;1.1.1.2.00.00.00 - Impostos sobre o Patrimônio e a Renda;siconfi-cor_RO1.1.1.2.00.00.00;534834,3
Prefeitura Municipal de Tapauá - AM;1304104;AM;18266;Receitas Brutas Realizadas;1.1.1.2.02.00.00 - Imposto sobre a Propriedade Predial e Territorial Urbana ¿ IPTU;siconfi-cor_RO1.1.1.2.02.00.00;68688,26
Prefeitura Municipal de Tapauá - AM;1304104;AM;18266;Receitas Brutas Realizadas;1.1.1.2.04.00.00 - Imposto sobre a Renda e Proventos de Qualquer Natureza ¿ IR;siconfi-cor_RO1.1.1.2.04.00.00;459598,04
Prefeitura Municipal de Tapauá - AM;1304104;AM;18266;Receitas Brutas Realizadas;1.1.1.2.04.31.00 - Retido nas Fontes - Trabalho;siconfi-cor_RO1.1.1.2.04.31.00;459598,04
Prefeitura Municipal de Tapauá - AM;1304104;AM;18266;Receitas Brutas Realizadas;"1.1.1.2.08.00.00 - Imposto sobre Transmissão Inter Vivos"" de Bens Imóveis e de Direitos Reais sobre Imóveis ¿ ITBI""";siconfi-cor_RO1.1.1.2.08.00.00;6548
Prefeitura Municipal de Tapauá - AM;1304104;AM;18266;Receitas Brutas Realizadas;1.1.1.3.00.00.00 - Impostos sobre a Produção e a Circulação;siconfi-cor_RO1.1.1.3.00.00.00;745807,66
Prefeitura Municipal de Tapauá - AM;1304104;AM;18266;Receitas Brutas Realizadas;1.1.1.3.05.00.00 - Imposto sobre Serviços de Qualquer Natureza ¿ ISSQN;siconfi-cor_RO1.1.1.3.05.00.00;745807,66
Prefeitura Municipal de Tapauá - AM;1304104;AM;18266;Receitas Brutas Realizadas;1.1.2.0.00.00.00 - Taxas;siconfi-cor_RO1.1.2.0.00.00.00;20416,15
Prefeitura Municipal de Tapauá - AM;1304104;AM;18266;Receitas Brutas Realizadas;1.1.2.1.00.00.00 - Taxas pelo Exercício do Poder de Polícia;siconfi-cor_RO1.1.2.1.00.00.00;16811
Prefeitura Municipal de Tapauá - AM;1304104;AM;18266;Receitas Brutas Realizadas;1.1.2.2.00.00.00 - Taxas pela Prestação de Serviços;siconfi-cor_RO1.1.2.2.00.00.00;3605,15
Prefeitura Municipal de Tapauá - AM;1304104;AM;18266;Receitas Brutas Realizadas;1.2.0.0.00.00.00 - Receitas de Contribuições;siconfi-cor_RO1.2.0.0.00.00.00;27498,79
Prefeitura Municipal de Tapauá - AM;1304104;AM;18266;Receitas Brutas Realizadas;1.2.1.0.00.00.00 - Contribuições Sociais;siconfi-cor_RO1.2.1.0.00.00.00;19965
Prefeitura Municipal de Tapauá - AM;1304104;AM;18266;Receitas Brutas Realizadas;1.2.1.0.29.00.00 - Contribuições para o Regime Próprio de Previdência do Servidor Público;siconfi-cor_RO1.2.1.0.29.00.00;19965
Prefeitura Municipal de Tapauá - AM;1304104;AM;18266;Receitas Brutas Realizadas;1.2.1.0.29.01.00 - Contribuição Patronal de Servidor Ativo Civil para o Regime Próprio;siconfi-cor_RO1.2.1.0.29.01.00;19965
Prefeitura Municipal de Tapauá - AM;1304104;AM;18266;Receitas Brutas Realizadas;1.2.3.0.00.00.00 - Contribuição para Custeio do Serviço de Iluminação Pública;siconfi-cor_RO1.2.3.0.00.00.00;7533,79
Prefeitura Municipal de Tapauá - AM;1304104;AM;18266;Receitas Brutas Realizadas;1.3.0.0.00.00.00 - Receita Patrimonial;siconfi-cor_RO1.3.0.0.00.00.00;58819,19
Prefeitura Municipal de Tapauá - AM;1304104;AM;18266;Receitas Brutas Realizadas;1.3.2.0.00.00.00 - Receitas de Valores Mobiliários;siconfi-cor_RO1.3.2.0.00.00.00;58819,19
Prefeitura Municipal de Tapauá - AM;1304104;AM;18266;Receitas Brutas Realizadas;1.3.2.5.00.00.00 - Remuneração de Depósitos Bancários;siconfi-cor_RO1.3.2.5.00.00.00;58819,19
Prefeitura Municipal de Tapauá - AM;1304104;AM;18266;Receitas Brutas Realizadas;1.6.0.0.00.00.00 - Receita de Serviços;siconfi-cor_RO1.6.0.0.00.00.00;258,61
Prefeitura Municipal de Tapauá - AM;1304104;AM;18266;Receitas Brutas Realizadas;1.6.0.0.13.00.00 - Serviços Administrativos;siconfi-cor_RO1.6.0.0.13.00.00;100
Prefeitura Municipal de Tapauá - AM;1304104;AM;18266;Receitas Brutas Realizadas;1.6.0.0.99.00.00 - Demais Receitas de Serviços;siconfi-cor_RO1.6.0.0.99.00.00;158,61
Prefeitura Municipal de Tapauá - AM;1304104;AM;18266;Receitas Brutas Realizadas;1.7.0.0.00.00.00 - Transferências Correntes;siconfi-cor_RO1.7.0.0.00.00.00;39666724,33
Prefeitura Municipal de Tapauá - AM;1304104;AM;18266;Receitas Brutas Realizadas;1.7.2.0.00.00.00 - Transferências Intergovernamentais;siconfi-cor_RO1.7.2.0.00.00.00;39666724,33
Prefeitura Municipal de Tapauá - AM;1304104;AM;18266;Receitas Brutas Realizadas;1.7.2.1.00.00.00 - Transferências da União;siconfi-cor_RO1.7.2.1.00.00.00;16882899,43
Prefeitura Municipal de Tapauá - AM;1304104;AM;18266;Receitas Brutas Realizadas;1.7.2.1.01.00.00 - Participação na Receita da União;siconfi-cor_RO1.7.2.1.01.00.00;11725494,8
Prefeitura Municipal de Tapauá - AM;1304104;AM;18266;Receitas Brutas Realizadas;1.7.2.1.01.02.00 - Cota-Parte do Fundo de Participação dos Municípios ¿ FPM;siconfi-cor_RO1.7.2.1.01.02.00;11721891,31
Prefeitura Municipal de Tapauá - AM;1304104;AM;18266;Receitas Brutas Realizadas;1.7.2.1.01.05.00 - Cota-Parte do Imposto Sobre a Propriedade Territorial Rural ¿ ITR;siconfi-cor_RO1.7.2.1.01.05.00;3603,49
Prefeitura Municipal de Tapauá - AM;1304104;AM;18266;Receitas Brutas Realizadas;1.7.2.1.22.00.00 - Transferências da Compensação Financeira pela Exploração de Recursos Naturais;siconfi-cor_RO1.7.2.1.22.00.00;175408,74
Prefeitura Municipal de Tapauá - AM;1304104;AM;18266;Receitas Brutas Realizadas;1.7.2.1.22.70.00 - Cota-Parte do Fundo Especial do Petróleo ¿ FEP;siconfi-cor_RO1.7.2.1.22.70.00;175408,74
Prefeitura Municipal de Tapauá - AM;1304104;AM;18266;Receitas Brutas Realizadas;1.7.2.1.33.00.00 - Transferências de Recursos do Sistema Único de Saúde - SUS - Repasses Fundo a Fundo;siconfi-cor_RO1.7.2.1.33.00.00;3094899,47
Prefeitura Municipal de Tapauá - AM;1304104;AM;18266;Receitas Brutas Realizadas;1.7.2.1.34.00.00 - Transferências de Recursos do Fundo Nacional de Assistência Social ¿ FNAS;siconfi-cor_RO1.7.2.1.34.00.00;601921,96
Prefeitura Municipal de Tapauá - AM;1304104;AM;18266;Receitas Brutas Realizadas;1.7.2.1.35.00.00 - Transferências de Recursos do Fundo Nacional do Desenvolvimento da Educação ¿ FNDE;siconfi-cor_RO1.7.2.1.35.00.00;999027,99
Prefeitura Municipal de Tapauá - AM;1304104;AM;18266;Receitas Brutas Realizadas;1.7.2.1.36.00.00 - Transferências Financeiras do ICMS ¿ Desoneração ¿ L.C. Nº 87/96;siconfi-cor_RO1.7.2.1.36.00.00;33037,8
Prefeitura Municipal de Tapauá - AM;1304104;AM;18266;Receitas Brutas Realizadas;1.7.2.1.99.00.00 - Outras Transferências da União;siconfi-cor_RO1.7.2.1.99.00.00;253108,67
Prefeitura Municipal de Tapauá - AM;1304104;AM;18266;Receitas Brutas Realizadas;1.7.2.2.00.00.00 - Transferências dos Estados;siconfi-cor_RO1.7.2.2.00.00.00;13705525,45
Prefeitura Municipal de Tapauá - AM;1304104;AM;18266;Receitas Brutas Realizadas;1.7.2.2.01.00.00 - Participação na Receita dos Estados;siconfi-cor_RO1.7.2.2.01.00.00;13206717,42
Prefeitura Municipal de Tapauá - AM;1304104;AM;18266;Receitas Brutas Realizadas;1.7.2.2.01.01.00 - Cota-Parte do ICMS;siconfi-cor_RO1.7.2.2.01.01.00;13119035,01
Prefeitura Municipal de Tapauá - AM;1304104;AM;18266;Receitas Brutas Realizadas;1.7.2.2.01.02.00 - Cota-Parte do IPVA;siconfi-cor_RO1.7.2.2.01.02.00;19787,26
Prefeitura Municipal de Tapauá - AM;1304104;AM;18266;Receitas Brutas Realizadas;1.7.2.2.01.04.00 - Cota-Parte do IPI sobre Exportação;siconfi-cor_RO1.7.2.2.01.04.00;63630,77
Prefeitura Municipal de Tapauá - AM;1304104;AM;18266;Receitas Brutas Realizadas;1.7.2.2.01.13.00 - Cota-Parte da Contribuição de Intervenção no Domínio Econômico;siconfi-cor_RO1.7.2.2.01.13.00;4264,38
Prefeitura Municipal de Tapauá - AM;1304104;AM;18266;Receitas Brutas Realizadas;1.7.2.2.22.00.00 - Transferências da Cota-Parte da Compensação Financeira (25%);siconfi-cor_RO1.7.2.2.22.00.00;206071,67
Prefeitura Municipal de Tapauá - AM;1304104;AM;18266;Receitas Brutas Realizadas;1.7.2.2.22.30.00 - Cota-Parte Royalties - Compensação Financeira pela Produção de Petróleo - Lei nº 7.990/89 artigo 9º;siconfi-cor_RO1.7.2.2.22.30.00;206071,67
Prefeitura Municipal de Tapauá - AM;1304104;AM;18266;Receitas Brutas Realizadas;1.7.2.2.33.00.00 - Transferências de Recursos do Estado para Programas de Saúde - Repasse Fundo a Fundo;siconfi-cor_RO1.7.2.2.33.00.00;292736,36
Prefeitura Municipal de Tapauá - AM;1304104;AM;18266;Receitas Brutas Realizadas;1.7.2.4.00.00.00 - Transferências Multigovernamentais;siconfi-cor_RO1.7.2.4.00.00.00;9078299,45
Prefeitura Municipal de Tapauá - AM;1304104;AM;18266;Receitas Brutas Realizadas;1.7.2.4.01.00.00 - Transferências de Recursos do Fundo de Manutenção e Desenvolvimento do Ensino Fundamental e de Valorização do Magistério - FUNDEB;siconfi-cor_RO1.7.2.4.01.00.00;7332110,68
Prefeitura Municipal de Tapauá - AM;1304104;AM;18266;Receitas Brutas Realizadas;1.7.2.4.02.00.00 - Transferências de Recursos da Complementação ao Fundo de Manutenção e Desenvolvimento do Ensino Fundamental e de Valorização do Magistério - FUNDEB;siconfi-cor_RO1.7.2.4.02.00.00;1746188,77
Prefeitura Municipal de Tapauá - AM;1304104;AM;18266;Receitas Brutas Realizadas;1.9.0.0.00.00.00 - Outras Receitas Correntes;siconfi-cor_RO1.9.0.0.00.00.00;2110,96
Prefeitura Municipal de Tapauá - AM;1304104;AM;18266;Receitas Brutas Realizadas;1.9.2.0.00.00.00 - Indenizações e Restituições;siconfi-cor_RO1.9.2.0.00.00.00;2110,96
Prefeitura Municipal de Tapauá - AM;1304104;AM;18266;Receitas Brutas Realizadas;1.9.2.2.00.00.00 - Restituições;siconfi-cor_RO1.9.2.2.00.00.00;2110,96
Prefeitura Municipal de Tapauá - AM;1304104;AM;18266;Receitas Brutas Realizadas;1.9.2.2.99.00.00 - Outras Restituições;siconfi-cor_RO1.9.2.2.99.00.00;2110,96
Prefeitura Municipal de Tapauá - AM;1304104;AM;18266;Receitas Brutas Realizadas;2.0.0.0.00.00.00 - Receitas de Capital;siconfi-cor_RO2.0.0.0.00.00.00;102873,92
Prefeitura Municipal de Tapauá - AM;1304104;AM;18266;Receitas Brutas Realizadas;2.4.0.0.00.00.00 - Transferências de Capital;siconfi-cor_RO2.4.0.0.00.00.00;102873,92
Prefeitura Municipal de Tapauá - AM;1304104;AM;18266;Receitas Brutas Realizadas;2.4.2.0.00.00.00 - Transferências Intergovernamentais;siconfi-cor_RO2.4.2.0.00.00.00;101974,08
Prefeitura Municipal de Tapauá - AM;1304104;AM;18266;Receitas Brutas Realizadas;2.4.2.3.00.00.00 - Transferências dos Municípios;siconfi-cor_RO2.4.2.3.00.00.00;101974,08
Prefeitura Municipal de Tapauá - AM;1304104;AM;18266;Receitas Brutas Realizadas;2.4.2.3.02.00.00 - Transferências de Recursos Destinados a Programas de Educação;siconfi-cor_RO2.4.2.3.02.00.00;101974,08
Prefeitura Municipal de Tapauá - AM;1304104;AM;18266;Receitas Brutas Realizadas;2.4.7.0.00.00.00 - Transferências de Convênios;siconfi-cor_RO2.4.7.0.00.00.00;899,84
Prefeitura Municipal de Tapauá - AM;1304104;AM;18266;Receitas Brutas Realizadas;2.4.7.2.00.00.00 - Transferências de Convênios dos Estados e do Distrito Federal e de suas Entidades;siconfi-cor_RO2.4.7.2.00.00.00;899,84
Prefeitura Municipal de Tapauá - AM;1304104;AM;18266;Receitas Brutas Realizadas;2.4.7.2.02.00.00 - Transferências de Convênios dos Estados Destinadas a Programas de Educação;siconfi-cor_RO2.4.7.2.02.00.00;899,84
Prefeitura Municipal de Tapauá - AM;1304104;AM;18266;Deduções - FUNDEB;Total Receitas;siconfi-cor_TotalReceitas;4892627,14
Prefeitura Municipal de Tapauá - AM;1304104;AM;18266;Deduções - FUNDEB;1.0.0.0.00.00.00 - Receitas Correntes;siconfi-cor_RO1.0.0.0.00.00.00;4892627,14
Prefeitura Municipal de Tapauá - AM;1304104;AM;18266;Deduções - FUNDEB;1.7.0.0.00.00.00 - Transferências Correntes;siconfi-cor_RO1.7.0.0.00.00.00;4892627,14
Prefeitura Municipal de Tapauá - AM;1304104;AM;18266;Deduções - FUNDEB;1.7.2.0.00.00.00 - Transferências Intergovernamentais;siconfi-cor_RO1.7.2.0.00.00.00;4892627,14
Prefeitura Municipal de Tapauá - AM;1304104;AM;18266;Deduções - FUNDEB;1.7.2.1.00.00.00 - Transferências da União;siconfi-cor_RO1.7.2.1.00.00.00;2252136,87
Prefeitura Municipal de Tapauá - AM;1304104;AM;18266;Deduções - FUNDEB;1.7.2.1.01.00.00 - Participação na Receita da União;siconfi-cor_RO1.7.2.1.01.00.00;2245529,31
Prefeitura Municipal de Tapauá - AM;1304104;AM;18266;Deduções - FUNDEB;1.7.2.1.01.02.00 - Cota-Parte do Fundo de Participação dos Municípios ¿ FPM;siconfi-cor_RO1.7.2.1.01.02.00;2244808,66
Prefeitura Municipal de Tapauá - AM;1304104;AM;18266;Deduções - FUNDEB;1.7.2.1.01.05.00 - Cota-Parte do Imposto Sobre a Propriedade Territorial Rural ¿ ITR;siconfi-cor_RO1.7.2.1.01.05.00;720,65
Prefeitura Municipal de Tapauá - AM;1304104;AM;18266;Deduções - FUNDEB;1.7.2.1.36.00.00 - Transferências Financeiras do ICMS ¿ Desoneração ¿ L.C. Nº 87/96;siconfi-cor_RO1.7.2.1.36.00.00;6607,56
Prefeitura Municipal de Tapauá - AM;1304104;AM;18266;Deduções - FUNDEB;1.7.2.2.00.00.00 - Transferências dos Estados;siconfi-cor_RO1.7.2.2.00.00.00;2640490,27
Prefeitura Municipal de Tapauá - AM;1304104;AM;18266;Deduções - FUNDEB;1.7.2.2.01.00.00 - Participação na Receita dos Estados;siconfi-cor_RO1.7.2.2.01.00.00;2640490,27
Prefeitura Municipal de Tapauá - AM;1304104;AM;18266;Deduções - FUNDEB;1.7.2.2.01.01.00 - Cota-Parte do ICMS;siconfi-cor_RO1.7.2.2.01.01.00;2623807,02
Prefeitura Municipal de Tapauá - AM;1304104;AM;18266;Deduções - FUNDEB;1.7.2.2.01.02.00 - Cota-Parte do IPVA;siconfi-cor_RO1.7.2.2.01.02.00;3957,09
Prefeitura Municipal de Tapauá - AM;1304104;AM;18266;Deduções - FUNDEB;1.7.2.2.01.04.00 - Cota-Parte do IPI sobre Exportação;siconfi-cor_RO1.7.2.2.01.04.00;12726,16
Prefeitura Municipal de Nova Olinda do Norte - AM;1303106;AM;34498;Receitas Brutas Realizadas;Total Receitas;siconfi-cor_TotalReceitas;55548024,03
Prefeitura Municipal de Nova Olinda do Norte - AM;1303106;AM;34498;Receitas Brutas Realizadas;1.0.0.0.00.00.00 - Receitas Correntes;siconfi-cor_RO1.0.0.0.00.00.00;52107342,17
Prefeitura Municipal de Nova Olinda do Norte - AM;1303106;AM;34498;Receitas Brutas Realizadas;1.1.0.0.00.00.00 - Receita Tributária;siconfi-cor_RO1.1.0.0.00.00.00;1729209,68
Prefeitura Municipal de Nova Olinda do Norte - AM;1303106;AM;34498;Receitas Brutas Realizadas;1.1.1.0.00.00.00 - Impostos;siconfi-cor_RO1.1.1.0.00.00.00;1628057,46
Prefeitura Municipal de Nova Olinda do Norte - AM;1303106;AM;34498;Receitas Brutas Realizadas;1.1.1.2.00.00.00 - Impostos sobre o Patrimônio e a Renda;siconfi-cor_RO1.1.1.2.00.00.00;531395,97
Prefeitura Municipal de Nova Olinda do Norte - AM;1303106;AM;34498;Receitas Brutas Realizadas;1.1.1.2.02.00.00 - Imposto sobre a Propriedade Predial e Territorial Urbana ¿ IPTU;siconfi-cor_RO1.1.1.2.02.00.00;12114,06
Prefeitura Municipal de Nova Olinda do Norte - AM;1303106;AM;34498;Receitas Brutas Realizadas;1.1.1.2.04.00.00 - Imposto sobre a Renda e Proventos de Qualquer Natureza ¿ IR;siconfi-cor_RO1.1.1.2.04.00.00;519281,91
Prefeitura Municipal de Nova Olinda do Norte - AM;1303106;AM;34498;Receitas Brutas Realizadas;1.1.1.2.04.31.00 - Retido nas Fontes - Trabalho;siconfi-cor_RO1.1.1.2.04.31.00;452995,79
Prefeitura Municipal de Nova Olinda do Norte - AM;1303106;AM;34498;Receitas Brutas Realizadas;1.1.1.2.04.34.00 - Retido nas Fontes - Outros Rendimentos;siconfi-cor_RO1.1.1.2.04.34.00;66286,12
Prefeitura Municipal de Nova Olinda do Norte - AM;1303106;AM;34498;Receitas Brutas Realizadas;1.1.1.3.00.00.00 - Impostos sobre a Produção e a Circulação;siconfi-cor_RO1.1.1.3.00.00.00;1096661,49
Prefeitura Municipal de Nova Olinda do Norte - AM;1303106;AM;34498;Receitas Brutas Realizadas;1.1.1.3.05.00.00 - Imposto sobre Serviços de Qualquer Natureza ¿ ISSQN;siconfi-cor_RO1.1.1.3.05.00.00;1096661,49
Prefeitura Municipal de Nova Olinda do Norte - AM;1303106;AM;34498;Receitas Brutas Realizadas;1.1.3.0.00.00.00 - Contribuição de Melhoria;siconfi-cor_RO1.1.3.0.00.00.00;101152,22
Prefeitura Municipal de Nova Olinda do Norte - AM;1303106;AM;34498;Receitas Brutas Realizadas;1.3.0.0.00.00.00 - Receita Patrimonial;siconfi-cor_RO1.3.0.0.00.00.00;250899,13
Prefeitura Municipal de Nova Olinda do Norte - AM;1303106;AM;34498;Receitas Brutas Realizadas;1.3.2.0.00.00.00 - Receitas de Valores Mobiliários;siconfi-cor_RO1.3.2.0.00.00.00;250899,13
Prefeitura Municipal de Nova Olinda do Norte - AM;1303106;AM;34498;Receitas Brutas Realizadas;1.3.2.5.00.00.00 - Remuneração de Depósitos Bancários;siconfi-cor_RO1.3.2.5.00.00.00;250899,13
Prefeitura Municipal de Nova Olinda do Norte - AM;1303106;AM;34498;Receitas Brutas Realizadas;1.6.0.0.00.00.00 - Receita de Serviços;siconfi-cor_RO1.6.0.0.00.00.00;251395,91
Prefeitura Municipal de Nova Olinda do Norte - AM;1303106;AM;34498;Receitas Brutas Realizadas;1.6.0.0.13.00.00 - Serviços Administrativos;siconfi-cor_RO1.6.0.0.13.00.00;1400
Prefeitura Municipal de Nova Olinda do Norte - AM;1303106;AM;34498;Receitas Brutas Realizadas;1.6.0.0.99.00.00 - Demais Receitas de Serviços;siconfi-cor_RO1.6.0.0.99.00.00;249995,91
Prefeitura Municipal de Nova Olinda do Norte - AM;1303106;AM;34498;Receitas Brutas Realizadas;1.7.0.0.00.00.00 - Transferências Correntes;siconfi-cor_RO1.7.0.0.00.00.00;49740708,8
Prefeitura Municipal de Nova Olinda do Norte - AM;1303106;AM;34498;Receitas Brutas Realizadas;1.7.2.0.00.00.00 - Transferências Intergovernamentais;siconfi-cor_RO1.7.2.0.00.00.00;49540708,8
Prefeitura Municipal de Nova Olinda do Norte - AM;1303106;AM;34498;Receitas Brutas Realizadas;1.7.2.1.00.00.00 - Transferências da União;siconfi-cor_RO1.7.2.1.00.00.00;23650636,13
Prefeitura Municipal de Nova Olinda do Norte - AM;1303106;AM;34498;Receitas Brutas Realizadas;1.7.2.1.01.00.00 - Participação na Receita da União;siconfi-cor_RO1.7.2.1.01.00.00;15631253,05
Prefeitura Municipal de Nova Olinda do Norte - AM;1303106;AM;34498;Receitas Brutas Realizadas;1.7.2.1.01.02.00 - Cota-Parte do Fundo de Participação dos Municípios ¿ FPM;siconfi-cor_RO1.7.2.1.01.02.00;15630923,32
Prefeitura Municipal de Nova Olinda do Norte - AM;1303106;AM;34498;Receitas Brutas Realizadas;1.7.2.1.01.05.00 - Cota-Parte do Imposto Sobre a Propriedade Territorial Rural ¿ ITR;siconfi-cor_RO1.7.2.1.01.05.00;329,73
Prefeitura Municipal de Nova Olinda do Norte - AM;1303106;AM;34498;Receitas Brutas Realizadas;1.7.2.1.22.00.00 - Transferências da Compensação Financeira pela Exploração de Recursos Naturais;siconfi-cor_RO1.7.2.1.22.00.00;233878,32
Prefeitura Municipal de Nova Olinda do Norte - AM;1303106;AM;34498;Receitas Brutas Realizadas;1.7.2.1.22.70.00 - Cota-Parte do Fundo Especial do Petróleo ¿ FEP;siconfi-cor_RO1.7.2.1.22.70.00;233878,32
Prefeitura Municipal de Nova Olinda do Norte - AM;1303106;AM;34498;Receitas Brutas Realizadas;1.7.2.1.33.00.00 - Transferências de Recursos do Sistema Único de Saúde - SUS - Repasses Fundo a Fundo;siconfi-cor_RO1.7.2.1.33.00.00;4570148,46
Prefeitura Municipal de Nova Olinda do Norte - AM;1303106;AM;34498;Receitas Brutas Realizadas;1.7.2.1.34.00.00 - Transferências de Recursos do Fundo Nacional de Assistência Social ¿ FNAS;siconfi-cor_RO1.7.2.1.34.00.00;956993,56
Prefeitura Municipal de Nova Olinda do Norte - AM;1303106;AM;34498;Receitas Brutas Realizadas;1.7.2.1.35.00.00 - Transferências de Recursos do Fundo Nacional do Desenvolvimento da Educação ¿ FNDE;siconfi-cor_RO1.7.2.1.35.00.00;1923976,55
Prefeitura Municipal de Nova Olinda do Norte - AM;1303106;AM;34498;Receitas Brutas Realizadas;1.7.2.1.36.00.00 - Transferências Financeiras do ICMS ¿ Desoneração ¿ L.C. Nº 87/96;siconfi-cor_RO1.7.2.1.36.00.00;19084,12
Prefeitura Municipal de Nova Olinda do Norte - AM;1303106;AM;34498;Receitas Brutas Realizadas;1.7.2.1.99.00.00 - Outras Transferências da União;siconfi-cor_RO1.7.2.1.99.00.00;315302,07
Prefeitura Municipal de Nova Olinda do Norte - AM;1303106;AM;34498;Receitas Brutas Realizadas;1.7.2.2.00.00.00 - Transferências dos Estados;siconfi-cor_RO1.7.2.2.00.00.00;9510447,53
Prefeitura Municipal de Nova Olinda do Norte - AM;1303106;AM;34498;Receitas Brutas Realizadas;1.7.2.2.01.00.00 - Participação na Receita dos Estados;siconfi-cor_RO1.7.2.2.01.00.00;8356812,71
Prefeitura Municipal de Nova Olinda do Norte - AM;1303106;AM;34498;Receitas Brutas Realizadas;1.7.2.2.01.01.00 - Cota-Parte do ICMS;siconfi-cor_RO1.7.2.2.01.01.00;8267060,16
Prefeitura Municipal de Nova Olinda do Norte - AM;1303106;AM;34498;Receitas Brutas Realizadas;1.7.2.2.01.02.00 - Cota-Parte do IPVA;siconfi-cor_RO1.7.2.2.01.02.00;43443,12
Prefeitura Municipal de Nova Olinda do Norte - AM;1303106;AM;34498;Receitas Brutas Realizadas;1.7.2.2.01.04.00 - Cota-Parte do IPI sobre Exportação;siconfi-cor_RO1.7.2.2.01.04.00;40097,44
Prefeitura Municipal de Nova Olinda do Norte - AM;1303106;AM;34498;Receitas Brutas Realizadas;1.7.2.2.01.13.00 - Cota-Parte da Contribuição de Intervenção no Domínio Econômico;siconfi-cor_RO1.7.2.2.01.13.00;6211,99
Prefeitura Municipal de Nova Olinda do Norte - AM;1303106;AM;34498;Receitas Brutas Realizadas;1.7.2.2.22.00.00 - Transferências da Cota-Parte da Compensação Financeira (25%);siconfi-cor_RO1.7.2.2.22.00.00;129857,66
Prefeitura Municipal de Nova Olinda do Norte - AM;1303106;AM;34498;Receitas Brutas Realizadas;1.7.2.2.22.30.00 - Cota-Parte Royalties - Compensação Financeira pela Produção de Petróleo - Lei nº 7.990/89 artigo 9º;siconfi-cor_RO1.7.2.2.22.30.00;129857,66
Prefeitura Municipal de Nova Olinda do Norte - AM;1303106;AM;34498;Receitas Brutas Realizadas;1.7.2.2.33.00.00 - Transferências de Recursos do Estado para Programas de Saúde - Repasse Fundo a Fundo;siconfi-cor_RO1.7.2.2.33.00.00;1023777,16
Prefeitura Municipal de Nova Olinda do Norte - AM;1303106;AM;34498;Receitas Brutas Realizadas;1.7.2.4.00.00.00 - Transferências Multigovernamentais;siconfi-cor_RO1.7.2.4.00.00.00;16379625,14
Prefeitura Municipal de Nova Olinda do Norte - AM;1303106;AM;34498;Receitas Brutas Realizadas;1.7.2.4.01.00.00 - Transferências de Recursos do Fundo de Manutenção e Desenvolvimento do Ensino Fundamental e de Valorização do Magistério - FUNDEB;siconfi-cor_RO1.7.2.4.01.00.00;13352767,63
Prefeitura Municipal de Nova Olinda do Norte - AM;1303106;AM;34498;Receitas Brutas Realizadas;1.7.2.4.02.00.00 - Transferências de Recursos da Complementação ao Fundo de Manutenção e Desenvolvimento do Ensino Fundamental e de Valorização do Magistério - FUNDEB;siconfi-cor_RO1.7.2.4.02.00.00;3026857,51
Prefeitura Municipal de Nova Olinda do Norte - AM;1303106;AM;34498;Receitas Brutas Realizadas;1.7.6.0.00.00.00 - Transferências de Convênios;siconfi-cor_RO1.7.6.0.00.00.00;200000
Prefeitura Municipal de Nova Olinda do Norte - AM;1303106;AM;34498;Receitas Brutas Realizadas;1.7.6.2.00.00.00 - Transferências de Convênios dos Estados e do Distrito Federal e de Suas Entidades;siconfi-cor_RO1.7.6.2.00.00.00;200000
Prefeitura Municipal de Nova Olinda do Norte - AM;1303106;AM;34498;Receitas Brutas Realizadas;1.7.6.2.99.00.00 - Outras Transferências de Convênios dos Estados;siconfi-cor_RO1.7.6.2.99.00.00;200000
Prefeitura Municipal de Nova Olinda do Norte - AM;1303106;AM;34498;Receitas Brutas Realizadas;1.9.0.0.00.00.00 - Outras Receitas Correntes;siconfi-cor_RO1.9.0.0.00.00.00;135128,65
Prefeitura Municipal de Nova Olinda do Norte - AM;1303106;AM;34498;Receitas Brutas Realizadas;1.9.2.0.00.00.00 - Indenizações e Restituições;siconfi-cor_RO1.9.2.0.00.00.00;135128,65
Prefeitura Municipal de Nova Olinda do Norte - AM;1303106;AM;34498;Receitas Brutas Realizadas;1.9.2.2.00.00.00 - Restituições;siconfi-cor_RO1.9.2.2.00.00.00;135128,65
Prefeitura Municipal de Nova Olinda do Norte - AM;1303106;AM;34498;Receitas Brutas Realizadas;1.9.2.2.99.00.00 - Outras Restituições;siconfi-cor_RO1.9.2.2.99.00.00;135128,65
Prefeitura Municipal de Nova Olinda do Norte - AM;1303106;AM;34498;Receitas Brutas Realizadas;2.0.0.0.00.00.00 - Receitas de Capital;siconfi-cor_RO2.0.0.0.00.00.00;3440681,86
Prefeitura Municipal de Nova Olinda do Norte - AM;1303106;AM;34498;Receitas Brutas Realizadas;2.4.0.0.00.00.00 - Transferências de Capital;siconfi-cor_RO2.4.0.0.00.00.00;3440681,86
Prefeitura Municipal de Nova Olinda do Norte - AM;1303106;AM;34498;Receitas Brutas Realizadas;2.4.2.0.00.00.00 - Transferências Intergovernamentais;siconfi-cor_RO2.4.2.0.00.00.00;2012433,61
Prefeitura Municipal de Nova Olinda do Norte - AM;1303106;AM;34498;Receitas Brutas Realizadas;2.4.2.1.00.00.00 - Transferências da União;siconfi-cor_RO2.4.2.1.00.00.00;1992433,61
Prefeitura Municipal de Nova Olinda do Norte - AM;1303106;AM;34498;Receitas Brutas Realizadas;2.4.2.1.01.00.00 - Participação na Receita da União;siconfi-cor_RO2.4.2.1.01.00.00;588600
Prefeitura Municipal de Nova Olinda do Norte - AM;1303106;AM;34498;Receitas Brutas Realizadas;2.4.2.1.02.00.00 - Transferências de Recursos Destinados a Programas de Educação;siconfi-cor_RO2.4.2.1.02.00.00;1403833,61
Prefeitura Municipal de Nova Olinda do Norte - AM;1303106;AM;34498;Receitas Brutas Realizadas;2.4.2.2.00.00.00 - Transferências dos Estados;siconfi-cor_RO2.4.2.2.00.00.00;20000
Prefeitura Municipal de Nova Olinda do Norte - AM;1303106;AM;34498;Receitas Brutas Realizadas;2.4.2.2.01.00.00 - Participação na Receita dos Estados;siconfi-cor_RO2.4.2.2.01.00.00;20000
Prefeitura Municipal de Nova Olinda do Norte - AM;1303106;AM;34498;Receitas Brutas Realizadas;2.4.7.0.00.00.00 - Transferências de Convênios;siconfi-cor_RO2.4.7.0.00.00.00;1428248,25
Prefeitura Municipal de Nova Olinda do Norte - AM;1303106;AM;34498;Receitas Brutas Realizadas;2.4.7.1.00.00.00 - Transferências de Convênios da União e de suas Entidades;siconfi-cor_RO2.4.7.1.00.00.00;359693,67
Prefeitura Municipal de Nova Olinda do Norte - AM;1303106;AM;34498;Receitas Brutas Realizadas;2.4.7.1.03.00.00 - Transferências de Convênios da União Destinadas a Programas de Saneamento Básico;siconfi-cor_RO2.4.7.1.03.00.00;359693,67
Prefeitura Municipal de Nova Olinda do Norte - AM;1303106;AM;34498;Receitas Brutas Realizadas;2.4.7.2.00.00.00 - Transferências de Convênios dos Estados e do Distrito Federal e de suas Entidades;siconfi-cor_RO2.4.7.2.00.00.00;1068554,58
Prefeitura Municipal de Nova Olinda do Norte - AM;1303106;AM;34498;Receitas Brutas Realizadas;2.4.7.2.02.00.00 - Transferências de Convênios dos Estados Destinadas a Programas de Educação;siconfi-cor_RO2.4.7.2.02.00.00;1068554,58
Prefeitura Municipal de Nova Olinda do Norte - AM;1303106;AM;34498;Deduções - FUNDEB;Total Receitas;siconfi-cor_TotalReceitas;4668145,82
Prefeitura Municipal de Nova Olinda do Norte - AM;1303106;AM;34498;Deduções - FUNDEB;1.0.0.0.00.00.00 - Receitas Correntes;siconfi-cor_RO1.0.0.0.00.00.00;4668145,82
Prefeitura Municipal de Nova Olinda do Norte - AM;1303106;AM;34498;Deduções - FUNDEB;1.7.0.0.00.00.00 - Transferências Correntes;siconfi-cor_RO1.7.0.0.00.00.00;4668145,82
Prefeitura Municipal de Nova Olinda do Norte - AM;1303106;AM;34498;Deduções - FUNDEB;1.7.2.0.00.00.00 - Transferências Intergovernamentais;siconfi-cor_RO1.7.2.0.00.00.00;4668145,82
Prefeitura Municipal de Nova Olinda do Norte - AM;1303106;AM;34498;Deduções - FUNDEB;1.7.2.1.00.00.00 - Transferências da União;siconfi-cor_RO1.7.2.1.00.00.00;2997308,01
Prefeitura Municipal de Nova Olinda do Norte - AM;1303106;AM;34498;Deduções - FUNDEB;1.7.2.1.01.00.00 - Participação na Receita da União;siconfi-cor_RO1.7.2.1.01.00.00;2993144,25
Prefeitura Municipal de Nova Olinda do Norte - AM;1303106;AM;34498;Deduções - FUNDEB;1.7.2.1.01.02.00 - Cota-Parte do Fundo de Participação dos Municípios ¿ FPM;siconfi-cor_RO1.7.2.1.01.02.00;2993079,34
Prefeitura Municipal de Nova Olinda do Norte - AM;1303106;AM;34498;Deduções - FUNDEB;1.7.2.1.01.05.00 - Cota-Parte do Imposto Sobre a Propriedade Territorial Rural ¿ ITR;siconfi-cor_RO1.7.2.1.01.05.00;64,91
Prefeitura Municipal de Nova Olinda do Norte - AM;1303106;AM;34498;Deduções - FUNDEB;1.7.2.1.36.00.00 - Transferências Financeiras do ICMS ¿ Desoneração ¿ L.C. Nº 87/96;siconfi-cor_RO1.7.2.1.36.00.00;4163,76
Prefeitura Municipal de Nova Olinda do Norte - AM;1303106;AM;34498;Deduções - FUNDEB;1.7.2.2.00.00.00 - Transferências dos Estados;siconfi-cor_RO1.7.2.2.00.00.00;1670837,81
Prefeitura Municipal de Nova Olinda do Norte - AM;1303106;AM;34498;Deduções - FUNDEB;1.7.2.2.01.00.00 - Participação na Receita dos Estados;siconfi-cor_RO1.7.2.2.01.00.00;1670837,81
Prefeitura Municipal de Nova Olinda do Norte - AM;1303106;AM;34498;Deduções - FUNDEB;1.7.2.2.01.01.00 - Cota-Parte do ICMS;siconfi-cor_RO1.7.2.2.01.01.00;1653947,24
Prefeitura Municipal de Nova Olinda do Norte - AM;1303106;AM;34498;Deduções - FUNDEB;1.7.2.2.01.02.00 - Cota-Parte do IPVA;siconfi-cor_RO1.7.2.2.01.02.00;9406,33
Prefeitura Municipal de Nova Olinda do Norte - AM;1303106;AM;34498;Deduções - FUNDEB;1.7.2.2.01.04.00 - Cota-Parte do IPI sobre Exportação;siconfi-cor_RO1.7.2.2.01.04.00;7484,24
Prefeitura Municipal de Guajará - AM;1301654;AM;15561;Receitas Brutas Realizadas;Total Receitas;siconfi-cor_TotalReceitas;32153935,05
Prefeitura Municipal de Guajará - AM;1301654;AM;15561;Receitas Brutas Realizadas;1.0.0.0.00.00.00 - Receitas Correntes;siconfi-cor_RO1.0.0.0.00.00.00;30895550,25
Prefeitura Municipal de Guajará - AM;1301654;AM;15561;Receitas Brutas Realizadas;1.1.0.0.00.00.00 - Receita Tributária;siconfi-cor_RO1.1.0.0.00.00.00;340148,77
Prefeitura Municipal de Guajará - AM;1301654;AM;15561;Receitas Brutas Realizadas;1.1.1.0.00.00.00 - Impostos;siconfi-cor_RO1.1.1.0.00.00.00;340145,77
Prefeitura Municipal de Guajará - AM;1301654;AM;15561;Receitas Brutas Realizadas;1.1.1.2.00.00.00 - Impostos sobre o Patrimônio e a Renda;siconfi-cor_RO1.1.1.2.00.00.00;140625,08
Prefeitura Municipal de Guajará - AM;1301654;AM;15561;Receitas Brutas Realizadas;1.1.1.2.02.00.00 - Imposto sobre a Propriedade Predial e Territorial Urbana ¿ IPTU;siconfi-cor_RO1.1.1.2.02.00.00;21456,84
Prefeitura Municipal de Guajará - AM;1301654;AM;15561;Receitas Brutas Realizadas;1.1.1.2.04.00.00 - Imposto sobre a Renda e Proventos de Qualquer Natureza ¿ IR;siconfi-cor_RO1.1.1.2.04.00.00;118668,24
Prefeitura Municipal de Guajará - AM;1301654;AM;15561;Receitas Brutas Realizadas;1.1.1.2.04.31.00 - Retido nas Fontes - Trabalho;siconfi-cor_RO1.1.1.2.04.31.00;118668,24
Prefeitura Municipal de Guajará - AM;1301654;AM;15561;Receitas Brutas Realizadas;"1.1.1.2.08.00.00 - Imposto sobre Transmissão Inter Vivos"" de Bens Imóveis e de Direitos Reais sobre Imóveis ¿ ITBI""";siconfi-cor_RO1.1.1.2.08.00.00;500
Prefeitura Municipal de Guajará - AM;1301654;AM;15561;Receitas Brutas Realizadas;1.1.1.3.00.00.00 - Impostos sobre a Produção e a Circulação;siconfi-cor_RO1.1.1.3.00.00.00;199520,69
Prefeitura Municipal de Guajará - AM;1301654;AM;15561;Receitas Brutas Realizadas;1.1.1.3.05.00.00 - Imposto sobre Serviços de Qualquer Natureza ¿ ISSQN;siconfi-cor_RO1.1.1.3.05.00.00;199520,69
Prefeitura Municipal de Guajará - AM;1301654;AM;15561;Receitas Brutas Realizadas;1.1.2.0.00.00.00 - Taxas;siconfi-cor_RO1.1.2.0.00.00.00;3
Prefeitura Municipal de Guajará - AM;1301654;AM;15561;Receitas Brutas Realizadas;1.1.2.2.00.00.00 - Taxas pela Prestação de Serviços;siconfi-cor_RO1.1.2.2.00.00.00;3
Prefeitura Municipal de Guajará - AM;1301654;AM;15561;Receitas Brutas Realizadas;1.2.0.0.00.00.00 - Receitas de Contribuições;siconfi-cor_RO1.2.0.0.00.00.00;9236,93
Prefeitura Municipal de Guajará - AM;1301654;AM;15561;Receitas Brutas Realizadas;1.2.2.0.00.00.00 - Contribuições de Intervenção no Domínio Econômico;siconfi-cor_RO1.2.2.0.00.00.00;9236,93
Prefeitura Municipal de Guajará - AM;1301654;AM;15561;Receitas Brutas Realizadas;1.3.0.0.00.00.00 - Receita Patrimonial;siconfi-cor_RO1.3.0.0.00.00.00;95777,59
Prefeitura Municipal de Guajará - AM;1301654;AM;15561;Receitas Brutas Realizadas;1.3.2.0.00.00.00 - Receitas de Valores Mobiliários;siconfi-cor_RO1.3.2.0.00.00.00;95777,59
Prefeitura Municipal de Guajará - AM;1301654;AM;15561;Receitas Brutas Realizadas;1.3.2.5.00.00.00 - Remuneração de Depósitos Bancários;siconfi-cor_RO1.3.2.5.00.00.00;95777,59
Prefeitura Municipal de Guajará - AM;1301654;AM;15561;Receitas Brutas Realizadas;1.6.0.0.00.00.00 - Receita de Serviços;siconfi-cor_RO1.6.0.0.00.00.00;3510
Prefeitura Municipal de Guajará - AM;1301654;AM;15561;Receitas Brutas Realizadas;1.6.0.0.26.00.00 - Serviços de Fornecimento de Água;siconfi-cor_RO1.6.0.0.26.00.00;3510
Prefeitura Municipal de Guajará - AM;1301654;AM;15561;Receitas Brutas Realizadas;1.7.0.0.00.00.00 - Transferências Correntes;siconfi-cor_RO1.7.0.0.00.00.00;30440867,41
Prefeitura Municipal de Guajará - AM;1301654;AM;15561;Receitas Brutas Realizadas;1.7.2.0.00.00.00 - Transferências Intergovernamentais;siconfi-cor_RO1.7.2.0.00.00.00;28039032,15
Prefeitura Municipal de Guajará - AM;1301654;AM;15561;Receitas Brutas Realizadas;1.7.2.1.00.00.00 - Transferências da União;siconfi-cor_RO1.7.2.1.00.00.00;13187583,6
Prefeitura Municipal de Guajará - AM;1301654;AM;15561;Receitas Brutas Realizadas;1.7.2.1.01.00.00 - Participação na Receita da União;siconfi-cor_RO1.7.2.1.01.00.00;9775283,46
Prefeitura Municipal de Guajará - AM;1301654;AM;15561;Receitas Brutas Realizadas;1.7.2.1.01.02.00 - Cota-Parte do Fundo de Participação dos Municípios ¿ FPM;siconfi-cor_RO1.7.2.1.01.02.00;9768242,74
Prefeitura Municipal de Guajará - AM;1301654;AM;15561;Receitas Brutas Realizadas;1.7.2.1.01.05.00 - Cota-Parte do Imposto Sobre a Propriedade Territorial Rural ¿ ITR;siconfi-cor_RO1.7.2.1.01.05.00;7040,72
Prefeitura Municipal de Guajará - AM;1301654;AM;15561;Receitas Brutas Realizadas;1.7.2.1.22.00.00 - Transferências da Compensação Financeira pela Exploração de Recursos Naturais;siconfi-cor_RO1.7.2.1.22.00.00;146173,95
Prefeitura Municipal de Guajará - AM;1301654;AM;15561;Receitas Brutas Realizadas;1.7.2.1.22.70.00 - Cota-Parte do Fundo Especial do Petróleo ¿ FEP;siconfi-cor_RO1.7.2.1.22.70.00;146173,95
Prefeitura Municipal de Guajará - AM;1301654;AM;15561;Receitas Brutas Realizadas;1.7.2.1.33.00.00 - Transferências de Recursos do Sistema Único de Saúde - SUS - Repasses Fundo a Fundo;siconfi-cor_RO1.7.2.1.33.00.00;1901671,17
Prefeitura Municipal de Guajará - AM;1301654;AM;15561;Receitas Brutas Realizadas;1.7.2.1.34.00.00 - Transferências de Recursos do Fundo Nacional de Assistência Social ¿ FNAS;siconfi-cor_RO1.7.2.1.34.00.00;437294,11
Prefeitura Municipal de Guajará - AM;1301654;AM;15561;Receitas Brutas Realizadas;1.7.2.1.35.00.00 - Transferências de Recursos do Fundo Nacional do Desenvolvimento da Educação ¿ FNDE;siconfi-cor_RO1.7.2.1.35.00.00;708788,18
Prefeitura Municipal de Guajará - AM;1301654;AM;15561;Receitas Brutas Realizadas;1.7.2.1.36.00.00 - Transferências Financeiras do ICMS ¿ Desoneração ¿ L.C. Nº 87/96;siconfi-cor_RO1.7.2.1.36.00.00;17256,84
Prefeitura Municipal de Guajará - AM;1301654;AM;15561;Receitas Brutas Realizadas;1.7.2.1.99.00.00 - Outras Transferências da União;siconfi-cor_RO1.7.2.1.99.00.00;201115,89
Prefeitura Municipal de Guajará - AM;1301654;AM;15561;Receitas Brutas Realizadas;1.7.2.2.00.00.00 - Transferências dos Estados;siconfi-cor_RO1.7.2.2.00.00.00;7659508,54
Prefeitura Municipal de Guajará - AM;1301654;AM;15561;Receitas Brutas Realizadas;1.7.2.2.01.00.00 - Participação na Receita dos Estados;siconfi-cor_RO1.7.2.2.01.00.00;6925542,96
Prefeitura Municipal de Guajará - AM;1301654;AM;15561;Receitas Brutas Realizadas;1.7.2.2.01.01.00 - Cota-Parte do ICMS;siconfi-cor_RO1.7.2.2.01.01.00;6852530,11
Prefeitura Municipal de Guajará - AM;1301654;AM;15561;Receitas Brutas Realizadas;1.7.2.2.01.02.00 - Cota-Parte do IPVA;siconfi-cor_RO1.7.2.2.01.02.00;36257,56
Prefeitura Municipal de Guajará - AM;1301654;AM;15561;Receitas Brutas Realizadas;1.7.2.2.01.04.00 - Cota-Parte do IPI sobre Exportação;siconfi-cor_RO1.7.2.2.01.04.00;33236,57
Prefeitura Municipal de Guajará - AM;1301654;AM;15561;Receitas Brutas Realizadas;1.7.2.2.01.13.00 - Cota-Parte da Contribuição de Intervenção no Domínio Econômico;siconfi-cor_RO1.7.2.2.01.13.00;3518,72
Prefeitura Municipal de Guajará - AM;1301654;AM;15561;Receitas Brutas Realizadas;1.7.2.2.22.00.00 - Transferências da Cota-Parte da Compensação Financeira (25%);siconfi-cor_RO1.7.2.2.22.00.00;107638,42
Prefeitura Municipal de Guajará - AM;1301654;AM;15561;Receitas Brutas Realizadas;1.7.2.2.22.30.00 - Cota-Parte Royalties - Compensação Financeira pela Produção de Petróleo - Lei nº 7.990/89 artigo 9º;siconfi-cor_RO1.7.2.2.22.30.00;107638,42
Prefeitura Municipal de Guajará - AM;1301654;AM;15561;Receitas Brutas Realizadas;1.7.2.2.33.00.00 - Transferências de Recursos do Estado para Programas de Saúde - Repasse Fundo a Fundo;siconfi-cor_RO1.7.2.2.33.00.00;501327,16
Prefeitura Municipal de Guajará - AM;1301654;AM;15561;Receitas Brutas Realizadas;1.7.2.2.99.00.00 - Outras Transferências dos Estados;siconfi-cor_RO1.7.2.2.99.00.00;125000
Prefeitura Municipal de Guajará - AM;1301654;AM;15561;Receitas Brutas Realizadas;1.7.2.4.00.00.00 - Transferências Multigovernamentais;siconfi-cor_RO1.7.2.4.00.00.00;7191940,01
Prefeitura Municipal de Guajará - AM;1301654;AM;15561;Receitas Brutas Realizadas;1.7.2.4.01.00.00 - Transferências de Recursos do Fundo de Manutenção e Desenvolvimento do Ensino Fundamental e de Valorização do Magistério - FUNDEB;siconfi-cor_RO1.7.2.4.01.00.00;5808205,28
Prefeitura Municipal de Guajará - AM;1301654;AM;15561;Receitas Brutas Realizadas;1.7.2.4.02.00.00 - Transferências de Recursos da Complementação ao Fundo de Manutenção e Desenvolvimento do Ensino Fundamental e de Valorização do Magistério - FUNDEB;siconfi-cor_RO1.7.2.4.02.00.00;1383734,73
Prefeitura Municipal de Guajará - AM;1301654;AM;15561;Receitas Brutas Realizadas;1.7.6.0.00.00.00 - Transferências de Convênios;siconfi-cor_RO1.7.6.0.00.00.00;2401835,26
Prefeitura Municipal de Guajará - AM;1301654;AM;15561;Receitas Brutas Realizadas;1.7.6.1.00.00.00 - Transferências de Convênios da União e de Suas Entidades;siconfi-cor_RO1.7.6.1.00.00.00;2401835,26
Prefeitura Municipal de Guajará - AM;1301654;AM;15561;Receitas Brutas Realizadas;1.7.6.1.99.00.00 - Outras Transferências de Convênios da União;siconfi-cor_RO1.7.6.1.99.00.00;2401835,26
Prefeitura Municipal de Guajará - AM;1301654;AM;15561;Receitas Brutas Realizadas;1.9.0.0.00.00.00 - Outras Receitas Correntes;siconfi-cor_RO1.9.0.0.00.00.00;6009,55
Prefeitura Municipal de Guajará - AM;1301654;AM;15561;Receitas Brutas Realizadas;1.9.3.0.00.00.00 - Receita da Dívida Ativa;siconfi-cor_RO1.9.3.0.00.00.00;5869,67
Prefeitura Municipal de Guajará - AM;1301654;AM;15561;Receitas Brutas Realizadas;1.9.3.1.00.00.00 - Receita da Dívida Ativa Tributária;siconfi-cor_RO1.9.3.1.00.00.00;5869,67
Prefeitura Municipal de Guajará - AM;1301654;AM;15561;Receitas Brutas Realizadas;1.9.9.0.00.00.00 - Receitas Diversas;siconfi-cor_RO1.9.9.0.00.00.00;139,88
Prefeitura Municipal de Guajará - AM;1301654;AM;15561;Receitas Brutas Realizadas;2.0.0.0.00.00.00 - Receitas de Capital;siconfi-cor_RO2.0.0.0.00.00.00;1258384,8
Prefeitura Municipal de Guajará - AM;1301654;AM;15561;Receitas Brutas Realizadas;2.4.0.0.00.00.00 - Transferências de Capital;siconfi-cor_RO2.4.0.0.00.00.00;1258384,8
Prefeitura Municipal de Guajará - AM;1301654;AM;15561;Receitas Brutas Realizadas;2.4.7.0.00.00.00 - Transferências de Convênios;siconfi-cor_RO2.4.7.0.00.00.00;1258384,8
Prefeitura Municipal de Guajará - AM;1301654;AM;15561;Receitas Brutas Realizadas;2.4.7.1.00.00.00 - Transferências de Convênios da União e de suas Entidades;siconfi-cor_RO2.4.7.1.00.00.00;1258384,8
Prefeitura Municipal de Guajará - AM;1301654;AM;15561;Receitas Brutas Realizadas;2.4.7.1.01.00.00 - Transferências de Convênios da União para o Sistema Único de Saúde - SUS;siconfi-cor_RO2.4.7.1.01.00.00;490744
Prefeitura Municipal de Guajará - AM;1301654;AM;15561;Receitas Brutas Realizadas;2.4.7.1.02.00.00 - Transferências de Convênios da União Destinadas a Programas de Educação;siconfi-cor_RO2.4.7.1.02.00.00;517640,8
Prefeitura Municipal de Guajará - AM;1301654;AM;15561;Receitas Brutas Realizadas;2.4.7.1.03.00.00 - Transferências de Convênios da União Destinadas a Programas de Saneamento Básico;siconfi-cor_RO2.4.7.1.03.00.00;250000
Prefeitura Municipal de Guajará - AM;1301654;AM;15561;Deduções - FUNDEB;Total Receitas;siconfi-cor_TotalReceitas;3259937,5
Prefeitura Municipal de Guajará - AM;1301654;AM;15561;Deduções - FUNDEB;1.0.0.0.00.00.00 - Receitas Correntes;siconfi-cor_RO1.0.0.0.00.00.00;3259937,5
Prefeitura Municipal de Guajará - AM;1301654;AM;15561;Deduções - FUNDEB;1.7.0.0.00.00.00 - Transferências Correntes;siconfi-cor_RO1.7.0.0.00.00.00;3259937,5
Prefeitura Municipal de Guajará - AM;1301654;AM;15561;Deduções - FUNDEB;1.7.2.0.00.00.00 - Transferências Intergovernamentais;siconfi-cor_RO1.7.2.0.00.00.00;3259937,5
Prefeitura Municipal de Guajará - AM;1301654;AM;15561;Deduções - FUNDEB;1.7.2.1.00.00.00 - Transferências da União;siconfi-cor_RO1.7.2.1.00.00.00;1875533,19
Prefeitura Municipal de Guajará - AM;1301654;AM;15561;Deduções - FUNDEB;1.7.2.1.01.00.00 - Participação na Receita da União;siconfi-cor_RO1.7.2.1.01.00.00;1872081,87
Prefeitura Municipal de Guajará - AM;1301654;AM;15561;Deduções - FUNDEB;1.7.2.1.01.02.00 - Cota-Parte do Fundo de Participação dos Municípios ¿ FPM;siconfi-cor_RO1.7.2.1.01.02.00;1870673,78
Prefeitura Municipal de Guajará - AM;1301654;AM;15561;Deduções - FUNDEB;1.7.2.1.01.05.00 - Cota-Parte do Imposto Sobre a Propriedade Territorial Rural ¿ ITR;siconfi-cor_RO1.7.2.1.01.05.00;1408,09
Prefeitura Municipal de Guajará - AM;1301654;AM;15561;Deduções - FUNDEB;1.7.2.1.36.00.00 - Transferências Financeiras do ICMS ¿ Desoneração ¿ L.C. Nº 87/96;siconfi-cor_RO1.7.2.1.36.00.00;3451,32
Prefeitura Municipal de Guajará - AM;1301654;AM;15561;Deduções - FUNDEB;1.7.2.2.00.00.00 - Transferências dos Estados;siconfi-cor_RO1.7.2.2.00.00.00;1384404,31
Prefeitura Municipal de Guajará - AM;1301654;AM;15561;Deduções - FUNDEB;1.7.2.2.01.00.00 - Participação na Receita dos Estados;siconfi-cor_RO1.7.2.2.01.00.00;1384404,31
Prefeitura Municipal de Guajará - AM;1301654;AM;15561;Deduções - FUNDEB;1.7.2.2.01.01.00 - Cota-Parte do ICMS;siconfi-cor_RO1.7.2.2.01.01.00;1370505,85
Prefeitura Municipal de Guajará - AM;1301654;AM;15561;Deduções - FUNDEB;1.7.2.2.01.02.00 - Cota-Parte do IPVA;siconfi-cor_RO1.7.2.2.01.02.00;7251,18
Prefeitura Municipal de Guajará - AM;1301654;AM;15561;Deduções - FUNDEB;1.7.2.2.01.04.00 - Cota-Parte do IPI sobre Exportação;siconfi-cor_RO1.7.2.2.01.04.00;6647,28
Prefeitura Municipal de Santa Isabel do Rio Negro - AM;1303601;AM;21702;Receitas Brutas Realizadas;Total Receitas;siconfi-cor_TotalReceitas;31618855,32
Prefeitura Municipal de Santa Isabel do Rio Negro - AM;1303601;AM;21702;Receitas Brutas Realizadas;1.0.0.0.00.00.00 - Receitas Correntes;siconfi-cor_RO1.0.0.0.00.00.00;31608783,25
Prefeitura Municipal de Santa Isabel do Rio Negro - AM;1303601;AM;21702;Receitas Brutas Realizadas;1.1.0.0.00.00.00 - Receita Tributária;siconfi-cor_RO1.1.0.0.00.00.00;364536,82
Prefeitura Municipal de Santa Isabel do Rio Negro - AM;1303601;AM;21702;Receitas Brutas Realizadas;1.1.1.0.00.00.00 - Impostos;siconfi-cor_RO1.1.1.0.00.00.00;364536,82
Prefeitura Municipal de Santa Isabel do Rio Negro - AM;1303601;AM;21702;Receitas Brutas Realizadas;1.1.1.2.00.00.00 - Impostos sobre o Patrimônio e a Renda;siconfi-cor_RO1.1.1.2.00.00.00;252413,98
Prefeitura Municipal de Santa Isabel do Rio Negro - AM;1303601;AM;21702;Receitas Brutas Realizadas;1.1.1.2.01.00.00 - Imposto sobre a Propriedade Territorial Rural - ITR;siconfi-cor_RO1.1.1.2.01.00.00;145,35
Prefeitura Municipal de Santa Isabel do Rio Negro - AM;1303601;AM;21702;Receitas Brutas Realizadas;1.1.1.2.04.00.00 - Imposto sobre a Renda e Proventos de Qualquer Natureza ¿ IR;siconfi-cor_RO1.1.1.2.04.00.00;252268,63
Prefeitura Municipal de Santa Isabel do Rio Negro - AM;1303601;AM;21702;Receitas Brutas Realizadas;1.1.1.2.04.31.00 - Retido nas Fontes - Trabalho;siconfi-cor_RO1.1.1.2.04.31.00;252209,31
Prefeitura Municipal de Santa Isabel do Rio Negro - AM;1303601;AM;21702;Receitas Brutas Realizadas;1.1.1.2.04.34.00 - Retido nas Fontes - Outros Rendimentos;siconfi-cor_RO1.1.1.2.04.34.00;59,32
Prefeitura Municipal de Santa Isabel do Rio Negro - AM;1303601;AM;21702;Receitas Brutas Realizadas;1.1.1.3.00.00.00 - Impostos sobre a Produção e a Circulação;siconfi-cor_RO1.1.1.3.00.00.00;112122,84
Prefeitura Municipal de Santa Isabel do Rio Negro - AM;1303601;AM;21702;Receitas Brutas Realizadas;1.1.1.3.05.00.00 - Imposto sobre Serviços de Qualquer Natureza ¿ ISSQN;siconfi-cor_RO1.1.1.3.05.00.00;112122,84
Prefeitura Municipal de Santa Isabel do Rio Negro - AM;1303601;AM;21702;Receitas Brutas Realizadas;1.2.0.0.00.00.00 - Receitas de Contribuições;siconfi-cor_RO1.2.0.0.00.00.00;10072,07
Prefeitura Municipal de Santa Isabel do Rio Negro - AM;1303601;AM;21702;Receitas Brutas Realizadas;1.2.3.0.00.00.00 - Contribuição para Custeio do Serviço de Iluminação Pública;siconfi-cor_RO1.2.3.0.00.00.00;10072,07
Prefeitura Municipal de Santa Isabel do Rio Negro - AM;1303601;AM;21702;Receitas Brutas Realizadas;1.3.0.0.00.00.00 - Receita Patrimonial;siconfi-cor_RO1.3.0.0.00.00.00;37901,51
Prefeitura Municipal de Santa Isabel do Rio Negro - AM;1303601;AM;21702;Receitas Brutas Realizadas;1.3.2.0.00.00.00 - Receitas de Valores Mobiliários;siconfi-cor_RO1.3.2.0.00.00.00;37901,51
Prefeitura Municipal de Santa Isabel do Rio Negro - AM;1303601;AM;21702;Receitas Brutas Realizadas;1.3.2.5.00.00.00 - Remuneração de Depósitos Bancários;siconfi-cor_RO1.3.2.5.00.00.00;37901,51
Prefeitura Municipal de Santa Isabel do Rio Negro - AM;1303601;AM;21702;Receitas Brutas Realizadas;1.6.0.0.00.00.00 - Receita de Serviços;siconfi-cor_RO1.6.0.0.00.00.00;7984
Prefeitura Municipal de Santa Isabel do Rio Negro - AM;1303601;AM;21702;Receitas Brutas Realizadas;1.6.0.0.26.00.00 - Serviços de Fornecimento de Água;siconfi-cor_RO1.6.0.0.26.00.00;7984
Prefeitura Municipal de Santa Isabel do Rio Negro - AM;1303601;AM;21702;Receitas Brutas Realizadas;1.7.0.0.00.00.00 - Transferências Correntes;siconfi-cor_RO1.7.0.0.00.00.00;30993068,29
Prefeitura Municipal de Santa Isabel do Rio Negro - AM;1303601;AM;21702;Receitas Brutas Realizadas;1.7.2.0.00.00.00 - Transferências Intergovernamentais;siconfi-cor_RO1.7.2.0.00.00.00;30993068,29
Prefeitura Municipal de Santa Isabel do Rio Negro - AM;1303601;AM;21702;Receitas Brutas Realizadas;1.7.2.1.00.00.00 - Transferências da União;siconfi-cor_RO1.7.2.1.00.00.00;14742519,57
Prefeitura Municipal de Santa Isabel do Rio Negro - AM;1303601;AM;21702;Receitas Brutas Realizadas;1.7.2.1.01.00.00 - Participação na Receita da União;siconfi-cor_RO1.7.2.1.01.00.00;11722162,7
Prefeitura Municipal de Santa Isabel do Rio Negro - AM;1303601;AM;21702;Receitas Brutas Realizadas;1.7.2.1.01.02.00 - Cota-Parte do Fundo de Participação dos Municípios ¿ FPM;siconfi-cor_RO1.7.2.1.01.02.00;11721891,31
Prefeitura Municipal de Santa Isabel do Rio Negro - AM;1303601;AM;21702;Receitas Brutas Realizadas;1.7.2.1.01.05.00 - Cota-Parte do Imposto Sobre a Propriedade Territorial Rural ¿ ITR;siconfi-cor_RO1.7.2.1.01.05.00;271,39
Prefeitura Municipal de Santa Isabel do Rio Negro - AM;1303601;AM;21702;Receitas Brutas Realizadas;1.7.2.1.22.00.00 - Transferências da Compensação Financeira pela Exploração de Recursos Naturais;siconfi-cor_RO1.7.2.1.22.00.00;160907,55
Prefeitura Municipal de Santa Isabel do Rio Negro - AM;1303601;AM;21702;Receitas Brutas Realizadas;1.7.2.1.22.20.00 - Cota-Parte da Compensação Financeira de Recursos Minerais - CFEM;siconfi-cor_RO1.7.2.1.22.20.00;602,78
Prefeitura Municipal de Santa Isabel do Rio Negro - AM;1303601;AM;21702;Receitas Brutas Realizadas;1.7.2.1.22.70.00 - Cota-Parte do Fundo Especial do Petróleo ¿ FEP;siconfi-cor_RO1.7.2.1.22.70.00;160304,77
Prefeitura Municipal de Santa Isabel do Rio Negro - AM;1303601;AM;21702;Receitas Brutas Realizadas;1.7.2.1.33.00.00 - Transferências de Recursos do Sistema Único de Saúde - SUS - Repasses Fundo a Fundo;siconfi-cor_RO1.7.2.1.33.00.00;1923263,23
Prefeitura Municipal de Santa Isabel do Rio Negro - AM;1303601;AM;21702;Receitas Brutas Realizadas;1.7.2.1.34.00.00 - Transferências de Recursos do Fundo Nacional de Assistência Social ¿ FNAS;siconfi-cor_RO1.7.2.1.34.00.00;301246,99
Prefeitura Municipal de Santa Isabel do Rio Negro - AM;1303601;AM;21702;Receitas Brutas Realizadas;1.7.2.1.35.00.00 - Transferências de Recursos do Fundo Nacional do Desenvolvimento da Educação ¿ FNDE;siconfi-cor_RO1.7.2.1.35.00.00;367385,33
Prefeitura Municipal de Santa Isabel do Rio Negro - AM;1303601;AM;21702;Receitas Brutas Realizadas;1.7.2.1.36.00.00 - Transferências Financeiras do ICMS ¿ Desoneração ¿ L.C. Nº 87/96;siconfi-cor_RO1.7.2.1.36.00.00;23525,4
Prefeitura Municipal de Santa Isabel do Rio Negro - AM;1303601;AM;21702;Receitas Brutas Realizadas;1.7.2.1.99.00.00 - Outras Transferências da União;siconfi-cor_RO1.7.2.1.99.00.00;244028,37
Prefeitura Municipal de Santa Isabel do Rio Negro - AM;1303601;AM;21702;Receitas Brutas Realizadas;1.7.2.2.00.00.00 - Transferências dos Estados;siconfi-cor_RO1.7.2.2.00.00.00;9550756,25
Prefeitura Municipal de Santa Isabel do Rio Negro - AM;1303601;AM;21702;Receitas Brutas Realizadas;1.7.2.2.01.00.00 - Participação na Receita dos Estados;siconfi-cor_RO1.7.2.2.01.00.00;9404017,53
Prefeitura Municipal de Santa Isabel do Rio Negro - AM;1303601;AM;21702;Receitas Brutas Realizadas;1.7.2.2.01.01.00 - Cota-Parte do ICMS;siconfi-cor_RO1.7.2.2.01.01.00;9341751,86
Prefeitura Municipal de Santa Isabel do Rio Negro - AM;1303601;AM;21702;Receitas Brutas Realizadas;1.7.2.2.01.02.00 - Cota-Parte do IPVA;siconfi-cor_RO1.7.2.2.01.02.00;12598,56
Prefeitura Municipal de Santa Isabel do Rio Negro - AM;1303601;AM;21702;Receitas Brutas Realizadas;1.7.2.2.01.04.00 - Cota-Parte do IPI sobre Exportação;siconfi-cor_RO1.7.2.2.01.04.00;45309,97
Prefeitura Municipal de Santa Isabel do Rio Negro - AM;1303601;AM;21702;Receitas Brutas Realizadas;1.7.2.2.01.13.00 - Cota-Parte da Contribuição de Intervenção no Domínio Econômico;siconfi-cor_RO1.7.2.2.01.13.00;4357,14
Prefeitura Municipal de Santa Isabel do Rio Negro - AM;1303601;AM;21702;Receitas Brutas Realizadas;1.7.2.2.22.00.00 - Transferências da Cota-Parte da Compensação Financeira (25%);siconfi-cor_RO1.7.2.2.22.00.00;146738,72
Prefeitura Municipal de Santa Isabel do Rio Negro - AM;1303601;AM;21702;Receitas Brutas Realizadas;1.7.2.2.22.30.00 - Cota-Parte Royalties - Compensação Financeira pela Produção de Petróleo - Lei nº 7.990/89 artigo 9º;siconfi-cor_RO1.7.2.2.22.30.00;146738,72
Prefeitura Municipal de Santa Isabel do Rio Negro - AM;1303601;AM;21702;Receitas Brutas Realizadas;1.7.2.4.00.00.00 - Transferências Multigovernamentais;siconfi-cor_RO1.7.2.4.00.00.00;6699792,47
Prefeitura Municipal de Santa Isabel do Rio Negro - AM;1303601;AM;21702;Receitas Brutas Realizadas;1.7.2.4.01.00.00 - Transferências de Recursos do Fundo de Manutenção e Desenvolvimento do Ensino Fundamental e de Valorização do Magistério - FUNDEB;siconfi-cor_RO1.7.2.4.01.00.00;5503492,26
Prefeitura Municipal de Santa Isabel do Rio Negro - AM;1303601;AM;21702;Receitas Brutas Realizadas;1.7.2.4.02.00.00 - Transferências de Recursos da Complementação ao Fundo de Manutenção e Desenvolvimento do Ensino Fundamental e de Valorização do Magistério - FUNDEB;siconfi-cor_RO1.7.2.4.02.00.00;1196300,21
Prefeitura Municipal de Santa Isabel do Rio Negro - AM;1303601;AM;21702;Receitas Brutas Realizadas;1.9.0.0.00.00.00 - Outras Receitas Correntes;siconfi-cor_RO1.9.0.0.00.00.00;195220,56
Prefeitura Municipal de Santa Isabel do Rio Negro - AM;1303601;AM;21702;Receitas Brutas Realizadas;1.9.9.0.00.00.00 - Receitas Diversas;siconfi-cor_RO1.9.9.0.00.00.00;195220,56
Prefeitura Municipal de Santa Isabel do Rio Negro - AM;1303601;AM;21702;Receitas Brutas Realizadas;7.0.0.0.00.00.00 - Receitas Correntes Intraorçamentárias;siconfi-cor_RI7.0.0.0.00.00.00;10072,07
Prefeitura Municipal de Santa Isabel do Rio Negro - AM;1303601;AM;21702;Receitas Brutas Realizadas;7.2.0.0.00.00.00 - Receitas de Contribuições Intraorçamentárias;siconfi-cor_RI7.2.0.0.00.00.00;10072,07
Prefeitura Municipal de Santa Isabel do Rio Negro - AM;1303601;AM;21702;Receitas Brutas Realizadas;7.2.3.0.00.00.00 - Contribuição para o Custeio do Serviço de Iluminação Pública Intraorçamentária;siconfi-cor_RI7.2.3.0.00.00.00;10072,07
Prefeitura Municipal de Santa Isabel do Rio Negro - AM;1303601;AM;21702;Deduções - FUNDEB;Total Receitas;siconfi-cor_TotalReceitas;4132500,11
Prefeitura Municipal de Santa Isabel do Rio Negro - AM;1303601;AM;21702;Deduções - FUNDEB;1.0.0.0.00.00.00 - Receitas Correntes;siconfi-cor_RO1.0.0.0.00.00.00;4132500,11
Prefeitura Municipal de Santa Isabel do Rio Negro - AM;1303601;AM;21702;Deduções - FUNDEB;1.7.0.0.00.00.00 - Transferências Correntes;siconfi-cor_RO1.7.0.0.00.00.00;4132500,11
Prefeitura Municipal de Santa Isabel do Rio Negro - AM;1303601;AM;21702;Deduções - FUNDEB;1.7.2.0.00.00.00 - Transferências Intergovernamentais;siconfi-cor_RO1.7.2.0.00.00.00;4132500,11
Prefeitura Municipal de Santa Isabel do Rio Negro - AM;1303601;AM;21702;Deduções - FUNDEB;1.7.2.1.00.00.00 - Transferências da União;siconfi-cor_RO1.7.2.1.00.00.00;2249568,01
Prefeitura Municipal de Santa Isabel do Rio Negro - AM;1303601;AM;21702;Deduções - FUNDEB;1.7.2.1.01.00.00 - Participação na Receita da União;siconfi-cor_RO1.7.2.1.01.00.00;2244862,93
Prefeitura Municipal de Santa Isabel do Rio Negro - AM;1303601;AM;21702;Deduções - FUNDEB;1.7.2.1.01.02.00 - Cota-Parte do Fundo de Participação dos Municípios ¿ FPM;siconfi-cor_RO1.7.2.1.01.02.00;2244808,66
Prefeitura Municipal de Santa Isabel do Rio Negro - AM;1303601;AM;21702;Deduções - FUNDEB;1.7.2.1.01.05.00 - Cota-Parte do Imposto Sobre a Propriedade Territorial Rural ¿ ITR;siconfi-cor_RO1.7.2.1.01.05.00;54,27
Prefeitura Municipal de Santa Isabel do Rio Negro - AM;1303601;AM;21702;Deduções - FUNDEB;1.7.2.1.36.00.00 - Transferências Financeiras do ICMS ¿ Desoneração ¿ L.C. Nº 87/96;siconfi-cor_RO1.7.2.1.36.00.00;4705,08
Prefeitura Municipal de Santa Isabel do Rio Negro - AM;1303601;AM;21702;Deduções - FUNDEB;1.7.2.2.00.00.00 - Transferências dos Estados;siconfi-cor_RO1.7.2.2.00.00.00;1882932,1
Prefeitura Municipal de Santa Isabel do Rio Negro - AM;1303601;AM;21702;Deduções - FUNDEB;1.7.2.2.01.00.00 - Participação na Receita dos Estados;siconfi-cor_RO1.7.2.2.01.00.00;1882932,1
Prefeitura Municipal de Santa Isabel do Rio Negro - AM;1303601;AM;21702;Deduções - FUNDEB;1.7.2.2.01.01.00 - Cota-Parte do ICMS;siconfi-cor_RO1.7.2.2.01.01.00;1871350,38
Prefeitura Municipal de Santa Isabel do Rio Negro - AM;1303601;AM;21702;Deduções - FUNDEB;1.7.2.2.01.02.00 - Cota-Parte do IPVA;siconfi-cor_RO1.7.2.2.01.02.00;2519,7
Prefeitura Municipal de Santa Isabel do Rio Negro - AM;1303601;AM;21702;Deduções - FUNDEB;1.7.2.2.01.04.00 - Cota-Parte do IPI sobre Exportação;siconfi-cor_RO1.7.2.2.01.04.00;9062,02
Prefeitura Municipal de Autazes - AM;1300300;AM;36301;Receitas Brutas Realizadas;Total Receitas;siconfi-cor_TotalReceitas;66176386,85
Prefeitura Municipal de Autazes - AM;1300300;AM;36301;Receitas Brutas Realizadas;1.0.0.0.00.00.00 - Receitas Correntes;siconfi-cor_RO1.0.0.0.00.00.00;60960493,23
Prefeitura Municipal de Autazes - AM;1300300;AM;36301;Receitas Brutas Realizadas;1.1.0.0.00.00.00 - Receita Tributária;siconfi-cor_RO1.1.0.0.00.00.00;1593655,59
Prefeitura Municipal de Autazes - AM;1300300;AM;36301;Receitas Brutas Realizadas;1.1.1.0.00.00.00 - Impostos;siconfi-cor_RO1.1.1.0.00.00.00;1495180,51
Prefeitura Municipal de Autazes - AM;1300300;AM;36301;Receitas Brutas Realizadas;1.1.1.2.00.00.00 - Impostos sobre o Patrimônio e a Renda;siconfi-cor_RO1.1.1.2.00.00.00;647672,65
Prefeitura Municipal de Autazes - AM;1300300;AM;36301;Receitas Brutas Realizadas;1.1.1.2.04.00.00 - Imposto sobre a Renda e Proventos de Qualquer Natureza ¿ IR;siconfi-cor_RO1.1.1.2.04.00.00;645786,65
Prefeitura Municipal de Autazes - AM;1300300;AM;36301;Receitas Brutas Realizadas;1.1.1.2.04.31.00 - Retido nas Fontes - Trabalho;siconfi-cor_RO1.1.1.2.04.31.00;628147,53
Prefeitura Municipal de Autazes - AM;1300300;AM;36301;Receitas Brutas Realizadas;1.1.1.2.04.34.00 - Retido nas Fontes - Outros Rendimentos;siconfi-cor_RO1.1.1.2.04.34.00;17639,12
Prefeitura Municipal de Autazes - AM;1300300;AM;36301;Receitas Brutas Realizadas;"1.1.1.2.08.00.00 - Imposto sobre Transmissão Inter Vivos"" de Bens Imóveis e de Direitos Reais sobre Imóveis ¿ ITBI""";siconfi-cor_RO1.1.1.2.08.00.00;1886
Prefeitura Municipal de Autazes - AM;1300300;AM;36301;Receitas Brutas Realizadas;1.1.1.3.00.00.00 - Impostos sobre a Produção e a Circulação;siconfi-cor_RO1.1.1.3.00.00.00;847507,86
Prefeitura Municipal de Autazes - AM;1300300;AM;36301;Receitas Brutas Realizadas;1.1.1.3.05.00.00 - Imposto sobre Serviços de Qualquer Natureza ¿ ISSQN;siconfi-cor_RO1.1.1.3.05.00.00;847507,86
Prefeitura Municipal de Autazes - AM;1300300;AM;36301;Receitas Brutas Realizadas;1.1.2.0.00.00.00 - Taxas;siconfi-cor_RO1.1.2.0.00.00.00;98475,08
Prefeitura Municipal de Autazes - AM;1300300;AM;36301;Receitas Brutas Realizadas;1.1.2.1.00.00.00 - Taxas pelo Exercício do Poder de Polícia;siconfi-cor_RO1.1.2.1.00.00.00;27150,91
Prefeitura Municipal de Autazes - AM;1300300;AM;36301;Receitas Brutas Realizadas;1.1.2.2.00.00.00 - Taxas pela Prestação de Serviços;siconfi-cor_RO1.1.2.2.00.00.00;71324,17
Prefeitura Municipal de Autazes - AM;1300300;AM;36301;Receitas Brutas Realizadas;1.2.0.0.00.00.00 - Receitas de Contribuições;siconfi-cor_RO1.2.0.0.00.00.00;114820,28
Prefeitura Municipal de Autazes - AM;1300300;AM;36301;Receitas Brutas Realizadas;1.2.3.0.00.00.00 - Contribuição para Custeio do Serviço de Iluminação Pública;siconfi-cor_RO1.2.3.0.00.00.00;114820,28
Prefeitura Municipal de Autazes - AM;1300300;AM;36301;Receitas Brutas Realizadas;1.3.0.0.00.00.00 - Receita Patrimonial;siconfi-cor_RO1.3.0.0.00.00.00;57242,1
Prefeitura Municipal de Autazes - AM;1300300;AM;36301;Receitas Brutas Realizadas;1.3.2.0.00.00.00 - Receitas de Valores Mobiliários;siconfi-cor_RO1.3.2.0.00.00.00;57242,1
Prefeitura Municipal de Autazes - AM;1300300;AM;36301;Receitas Brutas Realizadas;1.3.2.5.00.00.00 - Remuneração de Depósitos Bancários;siconfi-cor_RO1.3.2.5.00.00.00;57242,1
Prefeitura Municipal de Autazes - AM;1300300;AM;36301;Receitas Brutas Realizadas;1.6.0.0.00.00.00 - Receita de Serviços;siconfi-cor_RO1.6.0.0.00.00.00;1200
Prefeitura Municipal de Autazes - AM;1300300;AM;36301;Receitas Brutas Realizadas;1.6.0.0.13.00.00 - Serviços Administrativos;siconfi-cor_RO1.6.0.0.13.00.00;1200
Prefeitura Municipal de Autazes - AM;1300300;AM;36301;Receitas Brutas Realizadas;1.7.0.0.00.00.00 - Transferências Correntes;siconfi-cor_RO1.7.0.0.00.00.00;59105845,22
Prefeitura Municipal de Autazes - AM;1300300;AM;36301;Receitas Brutas Realizadas;1.7.2.0.00.00.00 - Transferências Intergovernamentais;siconfi-cor_RO1.7.2.0.00.00.00;57980954,33
Prefeitura Municipal de Autazes - AM;1300300;AM;36301;Receitas Brutas Realizadas;1.7.2.1.00.00.00 - Transferências da União;siconfi-cor_RO1.7.2.1.00.00.00;26914926,59
Prefeitura Municipal de Autazes - AM;1300300;AM;36301;Receitas Brutas Realizadas;1.7.2.1.01.00.00 - Participação na Receita da União;siconfi-cor_RO1.7.2.1.01.00.00;16486125,95
Prefeitura Municipal de Autazes - AM;1300300;AM;36301;Receitas Brutas Realizadas;1.7.2.1.01.02.00 - Cota-Parte do Fundo de Participação dos Municípios ¿ FPM;siconfi-cor_RO1.7.2.1.01.02.00;16481718
Prefeitura Municipal de Autazes - AM;1300300;AM;36301;Receitas Brutas Realizadas;1.7.2.1.01.05.00 - Cota-Parte do Imposto Sobre a Propriedade Territorial Rural ¿ ITR;siconfi-cor_RO1.7.2.1.01.05.00;4407,95
Prefeitura Municipal de Autazes - AM;1300300;AM;36301;Receitas Brutas Realizadas;1.7.2.1.22.00.00 - Transferências da Compensação Financeira pela Exploração de Recursos Naturais;siconfi-cor_RO1.7.2.1.22.00.00;363696,7
Prefeitura Municipal de Autazes - AM;1300300;AM;36301;Receitas Brutas Realizadas;1.7.2.1.22.40.00 - Cota-Parte Royalties pelo Excedente da Produção do Petróleo - Lei nº 9.478/97 artigo 49 I e II;siconfi-cor_RO1.7.2.1.22.40.00;112800,15
Prefeitura Municipal de Autazes - AM;1300300;AM;36301;Receitas Brutas Realizadas;1.7.2.1.22.70.00 - Cota-Parte do Fundo Especial do Petróleo ¿ FEP;siconfi-cor_RO1.7.2.1.22.70.00;250896,55
Prefeitura Municipal de Autazes - AM;1300300;AM;36301;Receitas Brutas Realizadas;1.7.2.1.33.00.00 - Transferências de Recursos do Sistema Único de Saúde - SUS - Repasses Fundo a Fundo;siconfi-cor_RO1.7.2.1.33.00.00;6413335,81
Prefeitura Municipal de Autazes - AM;1300300;AM;36301;Receitas Brutas Realizadas;1.7.2.1.34.00.00 - Transferências de Recursos do Fundo Nacional de Assistência Social ¿ FNAS;siconfi-cor_RO1.7.2.1.34.00.00;585846,71
Prefeitura Municipal de Autazes - AM;1300300;AM;36301;Receitas Brutas Realizadas;1.7.2.1.35.00.00 - Transferências de Recursos do Fundo Nacional do Desenvolvimento da Educação ¿ FNDE;siconfi-cor_RO1.7.2.1.35.00.00;2718613,05
Prefeitura Municipal de Autazes - AM;1300300;AM;36301;Receitas Brutas Realizadas;1.7.2.1.36.00.00 - Transferências Financeiras do ICMS ¿ Desoneração ¿ L.C. Nº 87/96;siconfi-cor_RO1.7.2.1.36.00.00;27578,72
Prefeitura Municipal de Autazes - AM;1300300;AM;36301;Receitas Brutas Realizadas;1.7.2.1.99.00.00 - Outras Transferências da União;siconfi-cor_RO1.7.2.1.99.00.00;319729,65
Prefeitura Municipal de Autazes - AM;1300300;AM;36301;Receitas Brutas Realizadas;1.7.2.2.00.00.00 - Transferências dos Estados;siconfi-cor_RO1.7.2.2.00.00.00;10540220,81
Prefeitura Municipal de Autazes - AM;1300300;AM;36301;Receitas Brutas Realizadas;1.7.2.2.01.00.00 - Participação na Receita dos Estados;siconfi-cor_RO1.7.2.2.01.00.00;10493412,62
Prefeitura Municipal de Autazes - AM;1300300;AM;36301;Receitas Brutas Realizadas;1.7.2.2.01.01.00 - Cota-Parte do ICMS;siconfi-cor_RO1.7.2.2.01.01.00;10156627,93
Prefeitura Municipal de Autazes - AM;1300300;AM;36301;Receitas Brutas Realizadas;1.7.2.2.01.02.00 - Cota-Parte do IPVA;siconfi-cor_RO1.7.2.2.01.02.00;137771,93
Prefeitura Municipal de Autazes - AM;1300300;AM;36301;Receitas Brutas Realizadas;1.7.2.2.01.04.00 - Cota-Parte do IPI sobre Exportação;siconfi-cor_RO1.7.2.2.01.04.00;60410,3
Prefeitura Municipal de Autazes - AM;1300300;AM;36301;Receitas Brutas Realizadas;1.7.2.2.01.13.00 - Cota-Parte da Contribuição de Intervenção no Domínio Econômico;siconfi-cor_RO1.7.2.2.01.13.00;6316,37
Prefeitura Municipal de Autazes - AM;1300300;AM;36301;Receitas Brutas Realizadas;1.7.2.2.01.99.00 - Outras Participações na Receita dos Estados;siconfi-cor_RO1.7.2.2.01.99.00;132286,09
Prefeitura Municipal de Autazes - AM;1300300;AM;36301;Receitas Brutas Realizadas;1.7.2.2.33.00.00 - Transferências de Recursos do Estado para Programas de Saúde - Repasse Fundo a Fundo;siconfi-cor_RO1.7.2.2.33.00.00;46808,19
Prefeitura Municipal de Autazes - AM;1300300;AM;36301;Receitas Brutas Realizadas;1.7.2.4.00.00.00 - Transferências Multigovernamentais;siconfi-cor_RO1.7.2.4.00.00.00;20525806,93
Prefeitura Municipal de Autazes - AM;1300300;AM;36301;Receitas Brutas Realizadas;1.7.2.4.01.00.00 - Transferências de Recursos do Fundo de Manutenção e Desenvolvimento do Ensino Fundamental e de Valorização do Magistério - FUNDEB;siconfi-cor_RO1.7.2.4.01.00.00;16393006,5
Prefeitura Municipal de Autazes - AM;1300300;AM;36301;Receitas Brutas Realizadas;1.7.2.4.02.00.00 - Transferências de Recursos da Complementação ao Fundo de Manutenção e Desenvolvimento do Ensino Fundamental e de Valorização do Magistério - FUNDEB;siconfi-cor_RO1.7.2.4.02.00.00;4132800,43
Prefeitura Municipal de Autazes - AM;1300300;AM;36301;Receitas Brutas Realizadas;1.7.6.0.00.00.00 - Transferências de Convênios;siconfi-cor_RO1.7.6.0.00.00.00;1124890,89
Prefeitura Municipal de Autazes - AM;1300300;AM;36301;Receitas Brutas Realizadas;1.7.6.2.00.00.00 - Transferências de Convênios dos Estados e do Distrito Federal e de Suas Entidades;siconfi-cor_RO1.7.6.2.00.00.00;1102000
Prefeitura Municipal de Autazes - AM;1300300;AM;36301;Receitas Brutas Realizadas;1.7.6.2.02.00.00 - Transferências de Convênios dos Estados Destinadas a Programas de Educação;siconfi-cor_RO1.7.6.2.02.00.00;1102000
Prefeitura Municipal de Autazes - AM;1300300;AM;36301;Receitas Brutas Realizadas;1.7.6.4.00.00.00 - Transferências de Convênios de Instituições Privadas;siconfi-cor_RO1.7.6.4.00.00.00;22890,89
Prefeitura Municipal de Autazes - AM;1300300;AM;36301;Receitas Brutas Realizadas;1.9.0.0.00.00.00 - Outras Receitas Correntes;siconfi-cor_RO1.9.0.0.00.00.00;87730,04
Prefeitura Municipal de Autazes - AM;1300300;AM;36301;Receitas Brutas Realizadas;1.9.9.0.00.00.00 - Receitas Diversas;siconfi-cor_RO1.9.9.0.00.00.00;87730,04
Prefeitura Municipal de Autazes - AM;1300300;AM;36301;Receitas Brutas Realizadas;2.0.0.0.00.00.00 - Receitas de Capital;siconfi-cor_RO2.0.0.0.00.00.00;5215893,62
Prefeitura Municipal de Autazes - AM;1300300;AM;36301;Receitas Brutas Realizadas;2.4.0.0.00.00.00 - Transferências de Capital;siconfi-cor_RO2.4.0.0.00.00.00;5215893,62
Prefeitura Municipal de Autazes - AM;1300300;AM;36301;Receitas Brutas Realizadas;2.4.2.0.00.00.00 - Transferências Intergovernamentais;siconfi-cor_RO2.4.2.0.00.00.00;4385920,5
Prefeitura Municipal de Autazes - AM;1300300;AM;36301;Receitas Brutas Realizadas;2.4.2.1.00.00.00 - Transferências da União;siconfi-cor_RO2.4.2.1.00.00.00;4269937,2
Prefeitura Municipal de Autazes - AM;1300300;AM;36301;Receitas Brutas Realizadas;2.4.2.1.01.00.00 - Participação na Receita da União;siconfi-cor_RO2.4.2.1.01.00.00;1254000
Prefeitura Municipal de Autazes - AM;1300300;AM;36301;Receitas Brutas Realizadas;2.4.2.1.02.00.00 - Transferências de Recursos Destinados a Programas de Educação;siconfi-cor_RO2.4.2.1.02.00.00;3015937,2
Prefeitura Municipal de Autazes - AM;1300300;AM;36301;Receitas Brutas Realizadas;2.4.2.2.00.00.00 - Transferências dos Estados;siconfi-cor_RO2.4.2.2.00.00.00;115983,3
Prefeitura Municipal de Autazes - AM;1300300;AM;36301;Receitas Brutas Realizadas;2.4.2.2.01.00.00 - Participação na Receita dos Estados;siconfi-cor_RO2.4.2.2.01.00.00;115983,3
Prefeitura Municipal de Autazes - AM;1300300;AM;36301;Receitas Brutas Realizadas;2.4.7.0.00.00.00 - Transferências de Convênios;siconfi-cor_RO2.4.7.0.00.00.00;829973,12
Prefeitura Municipal de Autazes - AM;1300300;AM;36301;Receitas Brutas Realizadas;2.4.7.1.00.00.00 - Transferências de Convênios da União e de suas Entidades;siconfi-cor_RO2.4.7.1.00.00.00;579973,12
Prefeitura Municipal de Autazes - AM;1300300;AM;36301;Receitas Brutas Realizadas;2.4.7.1.99.00.00 - Outras Transferências de Convênios da União;siconfi-cor_RO2.4.7.1.99.00.00;579973,12
Prefeitura Municipal de Autazes - AM;1300300;AM;36301;Receitas Brutas Realizadas;2.4.7.2.00.00.00 - Transferências de Convênios dos Estados e do Distrito Federal e de suas Entidades;siconfi-cor_RO2.4.7.2.00.00.00;250000
Prefeitura Municipal de Autazes - AM;1300300;AM;36301;Receitas Brutas Realizadas;2.4.7.2.01.00.00 - Transferências de Convênios dos Estados para o Sistema Único de Saúde - SUS;siconfi-cor_RO2.4.7.2.01.00.00;250000
Prefeitura Municipal de Autazes - AM;1300300;AM;36301;Deduções - FUNDEB;Total Receitas;siconfi-cor_TotalReceitas;5228860,92
Prefeitura Municipal de Autazes - AM;1300300;AM;36301;Deduções - FUNDEB;1.0.0.0.00.00.00 - Receitas Correntes;siconfi-cor_RO1.0.0.0.00.00.00;5228860,92
Prefeitura Municipal de Autazes - AM;1300300;AM;36301;Deduções - FUNDEB;1.7.0.0.00.00.00 - Transferências Correntes;siconfi-cor_RO1.7.0.0.00.00.00;5228860,92
Prefeitura Municipal de Autazes - AM;1300300;AM;36301;Deduções - FUNDEB;1.7.2.0.00.00.00 - Transferências Intergovernamentais;siconfi-cor_RO1.7.2.0.00.00.00;5228860,92
Prefeitura Municipal de Autazes - AM;1300300;AM;36301;Deduções - FUNDEB;1.7.2.1.00.00.00 - Transferências da União;siconfi-cor_RO1.7.2.1.00.00.00;3169981,38
Prefeitura Municipal de Autazes - AM;1300300;AM;36301;Deduções - FUNDEB;1.7.2.1.01.00.00 - Participação na Receita da União;siconfi-cor_RO1.7.2.1.01.00.00;3164465,74
Prefeitura Municipal de Autazes - AM;1300300;AM;36301;Deduções - FUNDEB;1.7.2.1.01.02.00 - Cota-Parte do Fundo de Participação dos Municípios ¿ FPM;siconfi-cor_RO1.7.2.1.01.02.00;3163584,24
Prefeitura Municipal de Autazes - AM;1300300;AM;36301;Deduções - FUNDEB;1.7.2.1.01.05.00 - Cota-Parte do Imposto Sobre a Propriedade Territorial Rural ¿ ITR;siconfi-cor_RO1.7.2.1.01.05.00;881,5
Prefeitura Municipal de Autazes - AM;1300300;AM;36301;Deduções - FUNDEB;1.7.2.1.36.00.00 - Transferências Financeiras do ICMS ¿ Desoneração ¿ L.C. Nº 87/96;siconfi-cor_RO1.7.2.1.36.00.00;5515,64
Prefeitura Municipal de Autazes - AM;1300300;AM;36301;Deduções - FUNDEB;1.7.2.2.00.00.00 - Transferências dos Estados;siconfi-cor_RO1.7.2.2.00.00.00;2058879,54
Prefeitura Municipal de Autazes - AM;1300300;AM;36301;Deduções - FUNDEB;1.7.2.2.01.00.00 - Participação na Receita dos Estados;siconfi-cor_RO1.7.2.2.01.00.00;2058879,54
Prefeitura Municipal de Autazes - AM;1300300;AM;36301;Deduções - FUNDEB;1.7.2.2.01.01.00 - Cota-Parte do ICMS;siconfi-cor_RO1.7.2.2.01.01.00;2032231,99
Prefeitura Municipal de Autazes - AM;1300300;AM;36301;Deduções - FUNDEB;1.7.2.2.01.02.00 - Cota-Parte do IPVA;siconfi-cor_RO1.7.2.2.01.02.00;26647,55
Prefeitura Municipal de Lábrea - AM;1302405;AM;42439;Receitas Brutas Realizadas;Total Receitas;siconfi-cor_TotalReceitas;72745332,76
Prefeitura Municipal de Lábrea - AM;1302405;AM;42439;Receitas Brutas Realizadas;1.0.0.0.00.00.00 - Receitas Correntes;siconfi-cor_RO1.0.0.0.00.00.00;67616816,99
Prefeitura Municipal de Lábrea - AM;1302405;AM;42439;Receitas Brutas Realizadas;1.1.0.0.00.00.00 - Receita Tributária;siconfi-cor_RO1.1.0.0.00.00.00;1888985,6
Prefeitura Municipal de Lábrea - AM;1302405;AM;42439;Receitas Brutas Realizadas;1.1.1.0.00.00.00 - Impostos;siconfi-cor_RO1.1.1.0.00.00.00;1843375,8
Prefeitura Municipal de Lábrea - AM;1302405;AM;42439;Receitas Brutas Realizadas;1.1.1.2.00.00.00 - Impostos sobre o Patrimônio e a Renda;siconfi-cor_RO1.1.1.2.00.00.00;488351,3
Prefeitura Municipal de Lábrea - AM;1302405;AM;42439;Receitas Brutas Realizadas;1.1.1.2.02.00.00 - Imposto sobre a Propriedade Predial e Territorial Urbana ¿ IPTU;siconfi-cor_RO1.1.1.2.02.00.00;73365,2
Prefeitura Municipal de Lábrea - AM;1302405;AM;42439;Receitas Brutas Realizadas;1.1.1.2.04.00.00 - Imposto sobre a Renda e Proventos de Qualquer Natureza ¿ IR;siconfi-cor_RO1.1.1.2.04.00.00;363191,37
Prefeitura Municipal de Lábrea - AM;1302405;AM;42439;Receitas Brutas Realizadas;1.1.1.2.04.31.00 - Retido nas Fontes - Trabalho;siconfi-cor_RO1.1.1.2.04.31.00;307266,87
Prefeitura Municipal de Lábrea - AM;1302405;AM;42439;Receitas Brutas Realizadas;1.1.1.2.04.34.00 - Retido nas Fontes - Outros Rendimentos;siconfi-cor_RO1.1.1.2.04.34.00;55924,5
Prefeitura Municipal de Lábrea - AM;1302405;AM;42439;Receitas Brutas Realizadas;"1.1.1.2.08.00.00 - Imposto sobre Transmissão Inter Vivos"" de Bens Imóveis e de Direitos Reais sobre Imóveis ¿ ITBI""";siconfi-cor_RO1.1.1.2.08.00.00;51794,73
Prefeitura Municipal de Lábrea - AM;1302405;AM;42439;Receitas Brutas Realizadas;1.1.1.3.00.00.00 - Impostos sobre a Produção e a Circulação;siconfi-cor_RO1.1.1.3.00.00.00;1355024,5
Prefeitura Municipal de Lábrea - AM;1302405;AM;42439;Receitas Brutas Realizadas;1.1.1.3.05.00.00 - Imposto sobre Serviços de Qualquer Natureza ¿ ISSQN;siconfi-cor_RO1.1.1.3.05.00.00;1355024,5
Prefeitura Municipal de Lábrea - AM;1302405;AM;42439;Receitas Brutas Realizadas;1.1.2.0.00.00.00 - Taxas;siconfi-cor_RO1.1.2.0.00.00.00;45609,8
Prefeitura Municipal de Lábrea - AM;1302405;AM;42439;Receitas Brutas Realizadas;1.1.2.1.00.00.00 - Taxas pelo Exercício do Poder de Polícia;siconfi-cor_RO1.1.2.1.00.00.00;42851,8
Prefeitura Municipal de Lábrea - AM;1302405;AM;42439;Receitas Brutas Realizadas;1.1.2.2.00.00.00 - Taxas pela Prestação de Serviços;siconfi-cor_RO1.1.2.2.00.00.00;2758
Prefeitura Municipal de Lábrea - AM;1302405;AM;42439;Receitas Brutas Realizadas;1.2.0.0.00.00.00 - Receitas de Contribuições;siconfi-cor_RO1.2.0.0.00.00.00;410073,14
Prefeitura Municipal de Lábrea - AM;1302405;AM;42439;Receitas Brutas Realizadas;1.2.1.0.00.00.00 - Contribuições Sociais;siconfi-cor_RO1.2.1.0.00.00.00;360652,27
Prefeitura Municipal de Lábrea - AM;1302405;AM;42439;Receitas Brutas Realizadas;1.2.1.0.29.00.00 - Contribuições para o Regime Próprio de Previdência do Servidor Público;siconfi-cor_RO1.2.1.0.29.00.00;360652,27
Prefeitura Municipal de Lábrea - AM;1302405;AM;42439;Receitas Brutas Realizadas;1.2.1.0.29.07.00 - Contribuição do Servidor Ativo Civil para o Regime Próprio;siconfi-cor_RO1.2.1.0.29.07.00;360652,27
Prefeitura Municipal de Lábrea - AM;1302405;AM;42439;Receitas Brutas Realizadas;1.2.3.0.00.00.00 - Contribuição para Custeio do Serviço de Iluminação Pública;siconfi-cor_RO1.2.3.0.00.00.00;49420,87
Prefeitura Municipal de Lábrea - AM;1302405;AM;42439;Receitas Brutas Realizadas;1.3.0.0.00.00.00 - Receita Patrimonial;siconfi-cor_RO1.3.0.0.00.00.00;227642,23
Prefeitura Municipal de Lábrea - AM;1302405;AM;42439;Receitas Brutas Realizadas;1.3.2.0.00.00.00 - Receitas de Valores Mobiliários;siconfi-cor_RO1.3.2.0.00.00.00;227642,23
Prefeitura Municipal de Lábrea - AM;1302405;AM;42439;Receitas Brutas Realizadas;1.3.2.5.00.00.00 - Remuneração de Depósitos Bancários;siconfi-cor_RO1.3.2.5.00.00.00;181063,33
Prefeitura Municipal de Lábrea - AM;1302405;AM;42439;Receitas Brutas Realizadas;1.3.2.8.00.00.00 - Remuneração dos Investimentos do Regime Próprio de Previdência do Servidor;siconfi-cor_RO1.3.2.8.00.00.00;46578,9
Prefeitura Municipal de Lábrea - AM;1302405;AM;42439;Receitas Brutas Realizadas;1.6.0.0.00.00.00 - Receita de Serviços;siconfi-cor_RO1.6.0.0.00.00.00;110
Prefeitura Municipal de Lábrea - AM;1302405;AM;42439;Receitas Brutas Realizadas;1.6.0.0.13.00.00 - Serviços Administrativos;siconfi-cor_RO1.6.0.0.13.00.00;110
Prefeitura Municipal de Lábrea - AM;1302405;AM;42439;Receitas Brutas Realizadas;1.7.0.0.00.00.00 - Transferências Correntes;siconfi-cor_RO1.7.0.0.00.00.00;64983148
Prefeitura Municipal de Lábrea - AM;1302405;AM;42439;Receitas Brutas Realizadas;1.7.2.0.00.00.00 - Transferências Intergovernamentais;siconfi-cor_RO1.7.2.0.00.00.00;62853981,16
Prefeitura Municipal de Lábrea - AM;1302405;AM;42439;Receitas Brutas Realizadas;1.7.2.1.00.00.00 - Transferências da União;siconfi-cor_RO1.7.2.1.00.00.00;25952881,72
Prefeitura Municipal de Lábrea - AM;1302405;AM;42439;Receitas Brutas Realizadas;1.7.2.1.01.00.00 - Participação na Receita da União;siconfi-cor_RO1.7.2.1.01.00.00;17678527,82
Prefeitura Municipal de Lábrea - AM;1302405;AM;42439;Receitas Brutas Realizadas;1.7.2.1.01.02.00 - Cota-Parte do Fundo de Participação dos Municípios ¿ FPM;siconfi-cor_RO1.7.2.1.01.02.00;17582836,92
Prefeitura Municipal de Lábrea - AM;1302405;AM;42439;Receitas Brutas Realizadas;1.7.2.1.01.05.00 - Cota-Parte do Imposto Sobre a Propriedade Territorial Rural ¿ ITR;siconfi-cor_RO1.7.2.1.01.05.00;95690,9
Prefeitura Municipal de Lábrea - AM;1302405;AM;42439;Receitas Brutas Realizadas;1.7.2.1.22.00.00 - Transferências da Compensação Financeira pela Exploração de Recursos Naturais;siconfi-cor_RO1.7.2.1.22.00.00;324363,85
Prefeitura Municipal de Lábrea - AM;1302405;AM;42439;Receitas Brutas Realizadas;1.7.2.1.22.20.00 - Cota-Parte da Compensação Financeira de Recursos Minerais - CFEM;siconfi-cor_RO1.7.2.1.22.20.00;61250,73
Prefeitura Municipal de Lábrea - AM;1302405;AM;42439;Receitas Brutas Realizadas;1.7.2.1.22.70.00 - Cota-Parte do Fundo Especial do Petróleo ¿ FEP;siconfi-cor_RO1.7.2.1.22.70.00;263113,12
Prefeitura Municipal de Lábrea - AM;1302405;AM;42439;Receitas Brutas Realizadas;1.7.2.1.33.00.00 - Transferências de Recursos do Sistema Único de Saúde - SUS - Repasses Fundo a Fundo;siconfi-cor_RO1.7.2.1.33.00.00;4686642,1
Prefeitura Municipal de Lábrea - AM;1302405;AM;42439;Receitas Brutas Realizadas;1.7.2.1.34.00.00 - Transferências de Recursos do Fundo Nacional de Assistência Social ¿ FNAS;siconfi-cor_RO1.7.2.1.34.00.00;627369,72
Prefeitura Municipal de Lábrea - AM;1302405;AM;42439;Receitas Brutas Realizadas;1.7.2.1.35.00.00 - Transferências de Recursos do Fundo Nacional do Desenvolvimento da Educação ¿ FNDE;siconfi-cor_RO1.7.2.1.35.00.00;2230959,7
Prefeitura Municipal de Lábrea - AM;1302405;AM;42439;Receitas Brutas Realizadas;1.7.2.1.36.00.00 - Transferências Financeiras do ICMS ¿ Desoneração ¿ L.C. Nº 87/96;siconfi-cor_RO1.7.2.1.36.00.00;37174,92
Prefeitura Municipal de Lábrea - AM;1302405;AM;42439;Receitas Brutas Realizadas;1.7.2.1.99.00.00 - Outras Transferências da União;siconfi-cor_RO1.7.2.1.99.00.00;367843,61
Prefeitura Municipal de Lábrea - AM;1302405;AM;42439;Receitas Brutas Realizadas;1.7.2.2.00.00.00 - Transferências dos Estados;siconfi-cor_RO1.7.2.2.00.00.00;16090270,02
Prefeitura Municipal de Lábrea - AM;1302405;AM;42439;Receitas Brutas Realizadas;1.7.2.2.01.00.00 - Participação na Receita dos Estados;siconfi-cor_RO1.7.2.2.01.00.00;14946752,49
Prefeitura Municipal de Lábrea - AM;1302405;AM;42439;Receitas Brutas Realizadas;1.7.2.2.01.01.00 - Cota-Parte do ICMS;siconfi-cor_RO1.7.2.2.01.01.00;14761841
Prefeitura Municipal de Lábrea - AM;1302405;AM;42439;Receitas Brutas Realizadas;1.7.2.2.01.02.00 - Cota-Parte do IPVA;siconfi-cor_RO1.7.2.2.01.02.00;106103,55
Prefeitura Municipal de Lábrea - AM;1302405;AM;42439;Receitas Brutas Realizadas;1.7.2.2.01.04.00 - Cota-Parte do IPI sobre Exportação;siconfi-cor_RO1.7.2.2.01.04.00;71598,78
Prefeitura Municipal de Lábrea - AM;1302405;AM;42439;Receitas Brutas Realizadas;1.7.2.2.01.13.00 - Cota-Parte da Contribuição de Intervenção no Domínio Econômico;siconfi-cor_RO1.7.2.2.01.13.00;7209,16
Prefeitura Municipal de Lábrea - AM;1302405;AM;42439;Receitas Brutas Realizadas;1.7.2.2.22.00.00 - Transferências da Cota-Parte da Compensação Financeira (25%);siconfi-cor_RO1.7.2.2.22.00.00;231876,61
Prefeitura Municipal de Lábrea - AM;1302405;AM;42439;Receitas Brutas Realizadas;1.7.2.2.22.30.00 - Cota-Parte Royalties - Compensação Financeira pela Produção de Petróleo - Lei nº 7.990/89 artigo 9º;siconfi-cor_RO1.7.2.2.22.30.00;231876,61
Prefeitura Municipal de Lábrea - AM;1302405;AM;42439;Receitas Brutas Realizadas;1.7.2.2.33.00.00 - Transferências de Recursos do Estado para Programas de Saúde - Repasse Fundo a Fundo;siconfi-cor_RO1.7.2.2.33.00.00;539771
Prefeitura Municipal de Lábrea - AM;1302405;AM;42439;Receitas Brutas Realizadas;1.7.2.2.99.00.00 - Outras Transferências dos Estados;siconfi-cor_RO1.7.2.2.99.00.00;371869,92
Prefeitura Municipal de Lábrea - AM;1302405;AM;42439;Receitas Brutas Realizadas;1.7.2.4.00.00.00 - Transferências Multigovernamentais;siconfi-cor_RO1.7.2.4.00.00.00;20810829,42
Prefeitura Municipal de Lábrea - AM;1302405;AM;42439;Receitas Brutas Realizadas;1.7.2.4.01.00.00 - Transferências de Recursos do Fundo de Manutenção e Desenvolvimento do Ensino Fundamental e de Valorização do Magistério - FUNDEB;siconfi-cor_RO1.7.2.4.01.00.00;16930950,27
Prefeitura Municipal de Lábrea - AM;1302405;AM;42439;Receitas Brutas Realizadas;1.7.2.4.02.00.00 - Transferências de Recursos da Complementação ao Fundo de Manutenção e Desenvolvimento do Ensino Fundamental e de Valorização do Magistério - FUNDEB;siconfi-cor_RO1.7.2.4.02.00.00;3879879,15
Prefeitura Municipal de Lábrea - AM;1302405;AM;42439;Receitas Brutas Realizadas;1.7.6.0.00.00.00 - Transferências de Convênios;siconfi-cor_RO1.7.6.0.00.00.00;2129166,84
Prefeitura Municipal de Lábrea - AM;1302405;AM;42439;Receitas Brutas Realizadas;1.7.6.2.00.00.00 - Transferências de Convênios dos Estados e do Distrito Federal e de Suas Entidades;siconfi-cor_RO1.7.6.2.00.00.00;2129166,84
Prefeitura Municipal de Lábrea - AM;1302405;AM;42439;Receitas Brutas Realizadas;1.7.6.2.02.00.00 - Transferências de Convênios dos Estados Destinadas a Programas de Educação;siconfi-cor_RO1.7.6.2.02.00.00;1003650
Prefeitura Municipal de Lábrea - AM;1302405;AM;42439;Receitas Brutas Realizadas;1.7.6.2.99.00.00 - Outras Transferências de Convênios dos Estados;siconfi-cor_RO1.7.6.2.99.00.00;1125516,84
Prefeitura Municipal de Lábrea - AM;1302405;AM;42439;Receitas Brutas Realizadas;1.9.0.0.00.00.00 - Outras Receitas Correntes;siconfi-cor_RO1.9.0.0.00.00.00;106858,02
Prefeitura Municipal de Lábrea - AM;1302405;AM;42439;Receitas Brutas Realizadas;1.9.2.0.00.00.00 - Indenizações e Restituições;siconfi-cor_RO1.9.2.0.00.00.00;56483,79
Prefeitura Municipal de Lábrea - AM;1302405;AM;42439;Receitas Brutas Realizadas;1.9.2.2.00.00.00 - Restituições;siconfi-cor_RO1.9.2.2.00.00.00;56483,79
Prefeitura Municipal de Lábrea - AM;1302405;AM;42439;Receitas Brutas Realizadas;1.9.2.2.99.00.00 - Outras Restituições;siconfi-cor_RO1.9.2.2.99.00.00;56483,79
Prefeitura Municipal de Lábrea - AM;1302405;AM;42439;Receitas Brutas Realizadas;1.9.9.0.00.00.00 - Receitas Diversas;siconfi-cor_RO1.9.9.0.00.00.00;50374,23
Prefeitura Municipal de Lábrea - AM;1302405;AM;42439;Receitas Brutas Realizadas;2.0.0.0.00.00.00 - Receitas de Capital;siconfi-cor_RO2.0.0.0.00.00.00;5128515,77
Prefeitura Municipal de Lábrea - AM;1302405;AM;42439;Receitas Brutas Realizadas;2.4.0.0.00.00.00 - Transferências de Capital;siconfi-cor_RO2.4.0.0.00.00.00;5128515,77
Prefeitura Municipal de Lábrea - AM;1302405;AM;42439;Receitas Brutas Realizadas;2.4.2.0.00.00.00 - Transferências Intergovernamentais;siconfi-cor_RO2.4.2.0.00.00.00;1950150,53
Prefeitura Municipal de Lábrea - AM;1302405;AM;42439;Receitas Brutas Realizadas;2.4.2.1.00.00.00 - Transferências da União;siconfi-cor_RO2.4.2.1.00.00.00;1638319,19
Prefeitura Municipal de Lábrea - AM;1302405;AM;42439;Receitas Brutas Realizadas;2.4.2.1.02.00.00 - Transferências de Recursos Destinados a Programas de Educação;siconfi-cor_RO2.4.2.1.02.00.00;1638319,19
Prefeitura Municipal de Lábrea - AM;1302405;AM;42439;Receitas Brutas Realizadas;2.4.2.2.00.00.00 - Transferências dos Estados;siconfi-cor_RO2.4.2.2.00.00.00;311831,34
Prefeitura Municipal de Lábrea - AM;1302405;AM;42439;Receitas Brutas Realizadas;2.4.2.2.01.00.00 - Participação na Receita dos Estados;siconfi-cor_RO2.4.2.2.01.00.00;311831,34
Prefeitura Municipal de Lábrea - AM;1302405;AM;42439;Receitas Brutas Realizadas;2.4.7.0.00.00.00 - Transferências de Convênios;siconfi-cor_RO2.4.7.0.00.00.00;3178365,24
Prefeitura Municipal de Lábrea - AM;1302405;AM;42439;Receitas Brutas Realizadas;2.4.7.1.00.00.00 - Transferências de Convênios da União e de suas Entidades;siconfi-cor_RO2.4.7.1.00.00.00;3098365,24
Prefeitura Municipal de Lábrea - AM;1302405;AM;42439;Receitas Brutas Realizadas;2.4.7.1.01.00.00 - Transferências de Convênios da União para o Sistema Único de Saúde - SUS;siconfi-cor_RO2.4.7.1.01.00.00;1600000
Prefeitura Municipal de Lábrea - AM;1302405;AM;42439;Receitas Brutas Realizadas;2.4.7.1.02.00.00 - Transferências de Convênios da União Destinadas a Programas de Educação;siconfi-cor_RO2.4.7.1.02.00.00;767150,31
Prefeitura Municipal de Lábrea - AM;1302405;AM;42439;Receitas Brutas Realizadas;2.4.7.1.99.00.00 - Outras Transferências de Convênios da União;siconfi-cor_RO2.4.7.1.99.00.00;731214,93
Prefeitura Municipal de Lábrea - AM;1302405;AM;42439;Receitas Brutas Realizadas;2.4.7.2.00.00.00 - Transferências de Convênios dos Estados e do Distrito Federal e de suas Entidades;siconfi-cor_RO2.4.7.2.00.00.00;80000
Prefeitura Municipal de Lábrea - AM;1302405;AM;42439;Receitas Brutas Realizadas;2.4.7.2.99.00.00 - Outras Transferências de Convênios dos Estados;siconfi-cor_RO2.4.7.2.99.00.00;80000
Prefeitura Municipal de Lábrea - AM;1302405;AM;42439;Deduções - FUNDEB;Total Receitas;siconfi-cor_TotalReceitas;6381797,08
Prefeitura Municipal de Lábrea - AM;1302405;AM;42439;Deduções - FUNDEB;1.0.0.0.00.00.00 - Receitas Correntes;siconfi-cor_RO1.0.0.0.00.00.00;6381797,08
Prefeitura Municipal de Lábrea - AM;1302405;AM;42439;Deduções - FUNDEB;1.7.0.0.00.00.00 - Transferências Correntes;siconfi-cor_RO1.7.0.0.00.00.00;6381797,08
Prefeitura Municipal de Lábrea - AM;1302405;AM;42439;Deduções - FUNDEB;1.7.2.0.00.00.00 - Transferências Intergovernamentais;siconfi-cor_RO1.7.2.0.00.00.00;6381797,08
Prefeitura Municipal de Lábrea - AM;1302405;AM;42439;Deduções - FUNDEB;1.7.2.1.00.00.00 - Transferências da União;siconfi-cor_RO1.7.2.1.00.00.00;3393786,15
Prefeitura Municipal de Lábrea - AM;1302405;AM;42439;Deduções - FUNDEB;1.7.2.1.01.00.00 - Participação na Receita da União;siconfi-cor_RO1.7.2.1.01.00.00;3386351,19
Prefeitura Municipal de Lábrea - AM;1302405;AM;42439;Deduções - FUNDEB;1.7.2.1.01.02.00 - Cota-Parte do Fundo de Participação dos Municípios ¿ FPM;siconfi-cor_RO1.7.2.1.01.02.00;3367213,13
Prefeitura Municipal de Lábrea - AM;1302405;AM;42439;Deduções - FUNDEB;1.7.2.1.01.05.00 - Cota-Parte do Imposto Sobre a Propriedade Territorial Rural ¿ ITR;siconfi-cor_RO1.7.2.1.01.05.00;19138,06
Prefeitura Municipal de Lábrea - AM;1302405;AM;42439;Deduções - FUNDEB;1.7.2.1.36.00.00 - Transferências Financeiras do ICMS ¿ Desoneração ¿ L.C. Nº 87/96;siconfi-cor_RO1.7.2.1.36.00.00;7434,96
Prefeitura Municipal de Lábrea - AM;1302405;AM;42439;Deduções - FUNDEB;1.7.2.2.00.00.00 - Transferências dos Estados;siconfi-cor_RO1.7.2.2.00.00.00;2988010,93
Prefeitura Municipal de Lábrea - AM;1302405;AM;42439;Deduções - FUNDEB;1.7.2.2.01.00.00 - Participação na Receita dos Estados;siconfi-cor_RO1.7.2.2.01.00.00;2988010,93
Prefeitura Municipal de Lábrea - AM;1302405;AM;42439;Deduções - FUNDEB;1.7.2.2.01.01.00 - Cota-Parte do ICMS;siconfi-cor_RO1.7.2.2.01.01.00;2952368,2
Prefeitura Municipal de Lábrea - AM;1302405;AM;42439;Deduções - FUNDEB;1.7.2.2.01.02.00 - Cota-Parte do IPVA;siconfi-cor_RO1.7.2.2.01.02.00;21322,99
Prefeitura Municipal de Lábrea - AM;1302405;AM;42439;Deduções - FUNDEB;1.7.2.2.01.04.00 - Cota-Parte do IPI sobre Exportação;siconfi-cor_RO1.7.2.2.01.04.00;14319,74
Prefeitura Municipal de Tabatinga - AM;1304062;AM;59684;Receitas Brutas Realizadas;Total Receitas;siconfi-cor_TotalReceitas;89137735,7
Prefeitura Municipal de Tabatinga - AM;1304062;AM;59684;Receitas Brutas Realizadas;1.0.0.0.00.00.00 - Receitas Correntes;siconfi-cor_RO1.0.0.0.00.00.00;86315665,1
Prefeitura Municipal de Tabatinga - AM;1304062;AM;59684;Receitas Brutas Realizadas;1.1.0.0.00.00.00 - Receita Tributária;siconfi-cor_RO1.1.0.0.00.00.00;3058429,89
Prefeitura Municipal de Tabatinga - AM;1304062;AM;59684;Receitas Brutas Realizadas;1.1.1.0.00.00.00 - Impostos;siconfi-cor_RO1.1.1.0.00.00.00;3015543,64
Prefeitura Municipal de Tabatinga - AM;1304062;AM;59684;Receitas Brutas Realizadas;1.1.1.2.00.00.00 - Impostos sobre o Patrimônio e a Renda;siconfi-cor_RO1.1.1.2.00.00.00;575686,1
Prefeitura Municipal de Tabatinga - AM;1304062;AM;59684;Receitas Brutas Realizadas;1.1.1.2.02.00.00 - Imposto sobre a Propriedade Predial e Territorial Urbana ¿ IPTU;siconfi-cor_RO1.1.1.2.02.00.00;179415,48
Prefeitura Municipal de Tabatinga - AM;1304062;AM;59684;Receitas Brutas Realizadas;1.1.1.2.04.00.00 - Imposto sobre a Renda e Proventos de Qualquer Natureza ¿ IR;siconfi-cor_RO1.1.1.2.04.00.00;350311,34
Prefeitura Municipal de Tabatinga - AM;1304062;AM;59684;Receitas Brutas Realizadas;1.1.1.2.04.31.00 - Retido nas Fontes - Trabalho;siconfi-cor_RO1.1.1.2.04.31.00;350311,34
Prefeitura Municipal de Tabatinga - AM;1304062;AM;59684;Receitas Brutas Realizadas;"1.1.1.2.08.00.00 - Imposto sobre Transmissão Inter Vivos"" de Bens Imóveis e de Direitos Reais sobre Imóveis ¿ ITBI""";siconfi-cor_RO1.1.1.2.08.00.00;45959,28
Prefeitura Municipal de Tabatinga - AM;1304062;AM;59684;Receitas Brutas Realizadas;1.1.1.3.00.00.00 - Impostos sobre a Produção e a Circulação;siconfi-cor_RO1.1.1.3.00.00.00;2439857,54
Prefeitura Municipal de Tabatinga - AM;1304062;AM;59684;Receitas Brutas Realizadas;1.1.1.3.05.00.00 - Imposto sobre Serviços de Qualquer Natureza ¿ ISSQN;siconfi-cor_RO1.1.1.3.05.00.00;2439857,54
Prefeitura Municipal de Tabatinga - AM;1304062;AM;59684;Receitas Brutas Realizadas;1.1.2.0.00.00.00 - Taxas;siconfi-cor_RO1.1.2.0.00.00.00;42886,25
Prefeitura Municipal de Tabatinga - AM;1304062;AM;59684;Receitas Brutas Realizadas;1.1.2.1.00.00.00 - Taxas pelo Exercício do Poder de Polícia;siconfi-cor_RO1.1.2.1.00.00.00;39053,85
Prefeitura Municipal de Tabatinga - AM;1304062;AM;59684;Receitas Brutas Realizadas;1.1.2.2.00.00.00 - Taxas pela Prestação de Serviços;siconfi-cor_RO1.1.2.2.00.00.00;3832,4
Prefeitura Municipal de Tabatinga - AM;1304062;AM;59684;Receitas Brutas Realizadas;1.3.0.0.00.00.00 - Receita Patrimonial;siconfi-cor_RO1.3.0.0.00.00.00;89539,96
Prefeitura Municipal de Tabatinga - AM;1304062;AM;59684;Receitas Brutas Realizadas;1.3.2.0.00.00.00 - Receitas de Valores Mobiliários;siconfi-cor_RO1.3.2.0.00.00.00;89539,96
Prefeitura Municipal de Tabatinga - AM;1304062;AM;59684;Receitas Brutas Realizadas;1.3.2.5.00.00.00 - Remuneração de Depósitos Bancários;siconfi-cor_RO1.3.2.5.00.00.00;89539,96
Prefeitura Municipal de Tabatinga - AM;1304062;AM;59684;Receitas Brutas Realizadas;1.7.0.0.00.00.00 - Transferências Correntes;siconfi-cor_RO1.7.0.0.00.00.00;83167695,25
Prefeitura Municipal de Tabatinga - AM;1304062;AM;59684;Receitas Brutas Realizadas;1.7.2.0.00.00.00 - Transferências Intergovernamentais;siconfi-cor_RO1.7.2.0.00.00.00;79695445,68
Prefeitura Municipal de Tabatinga - AM;1304062;AM;59684;Receitas Brutas Realizadas;1.7.2.1.00.00.00 - Transferências da União;siconfi-cor_RO1.7.2.1.00.00.00;33349203,21
Prefeitura Municipal de Tabatinga - AM;1304062;AM;59684;Receitas Brutas Realizadas;1.7.2.1.01.00.00 - Participação na Receita da União;siconfi-cor_RO1.7.2.1.01.00.00;21490408,71
Prefeitura Municipal de Tabatinga - AM;1304062;AM;59684;Receitas Brutas Realizadas;1.7.2.1.01.02.00 - Cota-Parte do Fundo de Participação dos Municípios ¿ FPM;siconfi-cor_RO1.7.2.1.01.02.00;21490134,09
Prefeitura Municipal de Tabatinga - AM;1304062;AM;59684;Receitas Brutas Realizadas;1.7.2.1.01.05.00 - Cota-Parte do Imposto Sobre a Propriedade Territorial Rural ¿ ITR;siconfi-cor_RO1.7.2.1.01.05.00;274,62
Prefeitura Municipal de Tabatinga - AM;1304062;AM;59684;Receitas Brutas Realizadas;1.7.2.1.22.00.00 - Transferências da Compensação Financeira pela Exploração de Recursos Naturais;siconfi-cor_RO1.7.2.1.22.00.00;322285,53
Prefeitura Municipal de Tabatinga - AM;1304062;AM;59684;Receitas Brutas Realizadas;1.7.2.1.22.20.00 - Cota-Parte da Compensação Financeira de Recursos Minerais - CFEM;siconfi-cor_RO1.7.2.1.22.20.00;702,83
Prefeitura Municipal de Tabatinga - AM;1304062;AM;59684;Receitas Brutas Realizadas;1.7.2.1.22.70.00 - Cota-Parte do Fundo Especial do Petróleo ¿ FEP;siconfi-cor_RO1.7.2.1.22.70.00;321582,7
Prefeitura Municipal de Tabatinga - AM;1304062;AM;59684;Receitas Brutas Realizadas;1.7.2.1.33.00.00 - Transferências de Recursos do Sistema Único de Saúde - SUS - Repasses Fundo a Fundo;siconfi-cor_RO1.7.2.1.33.00.00;5466755,35
Prefeitura Municipal de Tabatinga - AM;1304062;AM;59684;Receitas Brutas Realizadas;1.7.2.1.34.00.00 - Transferências de Recursos do Fundo Nacional de Assistência Social ¿ FNAS;siconfi-cor_RO1.7.2.1.34.00.00;984933,17
Prefeitura Municipal de Tabatinga - AM;1304062;AM;59684;Receitas Brutas Realizadas;1.7.2.1.35.00.00 - Transferências de Recursos do Fundo Nacional do Desenvolvimento da Educação ¿ FNDE;siconfi-cor_RO1.7.2.1.35.00.00;2787260,21
Prefeitura Municipal de Tabatinga - AM;1304062;AM;59684;Receitas Brutas Realizadas;1.7.2.1.36.00.00 - Transferências Financeiras do ICMS ¿ Desoneração ¿ L.C. Nº 87/96;siconfi-cor_RO1.7.2.1.36.00.00;29024,4
Prefeitura Municipal de Tabatinga - AM;1304062;AM;59684;Receitas Brutas Realizadas;1.7.2.1.99.00.00 - Outras Transferências da União;siconfi-cor_RO1.7.2.1.99.00.00;2268535,84
Prefeitura Municipal de Tabatinga - AM;1304062;AM;59684;Receitas Brutas Realizadas;1.7.2.2.00.00.00 - Transferências dos Estados;siconfi-cor_RO1.7.2.2.00.00.00;12013945,59
Prefeitura Municipal de Tabatinga - AM;1304062;AM;59684;Receitas Brutas Realizadas;1.7.2.2.01.00.00 - Participação na Receita dos Estados;siconfi-cor_RO1.7.2.2.01.00.00;11768792,37
Prefeitura Municipal de Tabatinga - AM;1304062;AM;59684;Receitas Brutas Realizadas;1.7.2.2.01.01.00 - Cota-Parte do ICMS;siconfi-cor_RO1.7.2.2.01.01.00;11525357,17
Prefeitura Municipal de Tabatinga - AM;1304062;AM;59684;Receitas Brutas Realizadas;1.7.2.2.01.02.00 - Cota-Parte do IPVA;siconfi-cor_RO1.7.2.2.01.02.00;175825,01
Prefeitura Municipal de Tabatinga - AM;1304062;AM;59684;Receitas Brutas Realizadas;1.7.2.2.01.04.00 - Cota-Parte do IPI sobre Exportação;siconfi-cor_RO1.7.2.2.01.04.00;58348,44
Prefeitura Municipal de Tabatinga - AM;1304062;AM;59684;Receitas Brutas Realizadas;1.7.2.2.01.13.00 - Cota-Parte da Contribuição de Intervenção no Domínio Econômico;siconfi-cor_RO1.7.2.2.01.13.00;9261,75
Prefeitura Municipal de Tabatinga - AM;1304062;AM;59684;Receitas Brutas Realizadas;1.7.2.2.22.00.00 - Transferências da Cota-Parte da Compensação Financeira (25%);siconfi-cor_RO1.7.2.2.22.00.00;165153,22
Prefeitura Municipal de Tabatinga - AM;1304062;AM;59684;Receitas Brutas Realizadas;1.7.2.2.22.30.00 - Cota-Parte Royalties - Compensação Financeira pela Produção de Petróleo - Lei nº 7.990/89 artigo 9º;siconfi-cor_RO1.7.2.2.22.30.00;165153,22
Prefeitura Municipal de Tabatinga - AM;1304062;AM;59684;Receitas Brutas Realizadas;1.7.2.2.99.00.00 - Outras Transferências dos Estados;siconfi-cor_RO1.7.2.2.99.00.00;80000
Prefeitura Municipal de Tabatinga - AM;1304062;AM;59684;Receitas Brutas Realizadas;1.7.2.4.00.00.00 - Transferências Multigovernamentais;siconfi-cor_RO1.7.2.4.00.00.00;34332296,88
Prefeitura Municipal de Tabatinga - AM;1304062;AM;59684;Receitas Brutas Realizadas;1.7.2.4.01.00.00 - Transferências de Recursos do Fundo de Manutenção e Desenvolvimento do Ensino Fundamental e de Valorização do Magistério - FUNDEB;siconfi-cor_RO1.7.2.4.01.00.00;27705871,68
Prefeitura Municipal de Tabatinga - AM;1304062;AM;59684;Receitas Brutas Realizadas;1.7.2.4.02.00.00 - Transferências de Recursos da Complementação ao Fundo de Manutenção e Desenvolvimento do Ensino Fundamental e de Valorização do Magistério - FUNDEB;siconfi-cor_RO1.7.2.4.02.00.00;6626425,2
Prefeitura Municipal de Tabatinga - AM;1304062;AM;59684;Receitas Brutas Realizadas;1.7.6.0.00.00.00 - Transferências de Convênios;siconfi-cor_RO1.7.6.0.00.00.00;3472249,57
Prefeitura Municipal de Tabatinga - AM;1304062;AM;59684;Receitas Brutas Realizadas;1.7.6.1.00.00.00 - Transferências de Convênios da União e de Suas Entidades;siconfi-cor_RO1.7.6.1.00.00.00;2902303,71
Prefeitura Municipal de Tabatinga - AM;1304062;AM;59684;Receitas Brutas Realizadas;1.7.6.1.02.00.00 - Transferências de Convênios da União Destinadas a Programas de Educação;siconfi-cor_RO1.7.6.1.02.00.00;2902303,71
Prefeitura Municipal de Tabatinga - AM;1304062;AM;59684;Receitas Brutas Realizadas;1.7.6.2.00.00.00 - Transferências de Convênios dos Estados e do Distrito Federal e de Suas Entidades;siconfi-cor_RO1.7.6.2.00.00.00;569945,86
Prefeitura Municipal de Tabatinga - AM;1304062;AM;59684;Receitas Brutas Realizadas;1.7.6.2.02.00.00 - Transferências de Convênios dos Estados Destinadas a Programas de Educação;siconfi-cor_RO1.7.6.2.02.00.00;489945,86
Prefeitura Municipal de Tabatinga - AM;1304062;AM;59684;Receitas Brutas Realizadas;1.7.6.2.99.00.00 - Outras Transferências de Convênios dos Estados;siconfi-cor_RO1.7.6.2.99.00.00;80000
Prefeitura Municipal de Tabatinga - AM;1304062;AM;59684;Receitas Brutas Realizadas;2.0.0.0.00.00.00 - Receitas de Capital;siconfi-cor_RO2.0.0.0.00.00.00;2822070,6
Prefeitura Municipal de Tabatinga - AM;1304062;AM;59684;Receitas Brutas Realizadas;2.4.0.0.00.00.00 - Transferências de Capital;siconfi-cor_RO2.4.0.0.00.00.00;2822070,6
Prefeitura Municipal de Tabatinga - AM;1304062;AM;59684;Receitas Brutas Realizadas;2.4.2.0.00.00.00 - Transferências Intergovernamentais;siconfi-cor_RO2.4.2.0.00.00.00;1530000
Prefeitura Municipal de Tabatinga - AM;1304062;AM;59684;Receitas Brutas Realizadas;2.4.2.3.00.00.00 - Transferências dos Municípios;siconfi-cor_RO2.4.2.3.00.00.00;1530000
Prefeitura Municipal de Tabatinga - AM;1304062;AM;59684;Receitas Brutas Realizadas;2.4.2.3.01.00.00 - Transferências de Recursos Destinados a Programas de Saúde;siconfi-cor_RO2.4.2.3.01.00.00;1530000
Prefeitura Municipal de Tabatinga - AM;1304062;AM;59684;Receitas Brutas Realizadas;2.4.6.0.00.00.00 - Transferências de Outras Instituições Públicas;siconfi-cor_RO2.4.6.0.00.00.00;427706,08
Prefeitura Municipal de Tabatinga - AM;1304062;AM;59684;Receitas Brutas Realizadas;2.4.7.0.00.00.00 - Transferências de Convênios;siconfi-cor_RO2.4.7.0.00.00.00;864364,52
Prefeitura Municipal de Tabatinga - AM;1304062;AM;59684;Receitas Brutas Realizadas;2.4.7.1.00.00.00 - Transferências de Convênios da União e de suas Entidades;siconfi-cor_RO2.4.7.1.00.00.00;807034,5
Prefeitura Municipal de Tabatinga - AM;1304062;AM;59684;Receitas Brutas Realizadas;2.4.7.1.01.00.00 - Transferências de Convênios da União para o Sistema Único de Saúde - SUS;siconfi-cor_RO2.4.7.1.01.00.00;115413,55
Prefeitura Municipal de Tabatinga - AM;1304062;AM;59684;Receitas Brutas Realizadas;2.4.7.1.02.00.00 - Transferências de Convênios da União Destinadas a Programas de Educação;siconfi-cor_RO2.4.7.1.02.00.00;166020,95
Prefeitura Municipal de Tabatinga - AM;1304062;AM;59684;Receitas Brutas Realizadas;2.4.7.1.05.00.00 - Transferências de Convênios da União Destinadas a Programas de Infraestrutura em Transporte;siconfi-cor_RO2.4.7.1.05.00.00;280800
Prefeitura Municipal de Tabatinga - AM;1304062;AM;59684;Receitas Brutas Realizadas;2.4.7.1.99.00.00 - Outras Transferências de Convênios da União;siconfi-cor_RO2.4.7.1.99.00.00;244800
Prefeitura Municipal de Tabatinga - AM;1304062;AM;59684;Receitas Brutas Realizadas;2.4.7.3.00.00.00 - Transferências de Convênios dos Municípios e de suas Entidades;siconfi-cor_RO2.4.7.3.00.00.00;57330,02
Prefeitura Municipal de Tabatinga - AM;1304062;AM;59684;Receitas Brutas Realizadas;2.4.7.3.01.00.00 - Transferências de Convênios dos Municípios Destinados a Programas de Saúde;siconfi-cor_RO2.4.7.3.01.00.00;57330,02
Prefeitura Municipal de Tabatinga - AM;1304062;AM;59684;Deduções - FUNDEB;Total Receitas;siconfi-cor_TotalReceitas;6461578,07
Prefeitura Municipal de Tabatinga - AM;1304062;AM;59684;Deduções - FUNDEB;1.0.0.0.00.00.00 - Receitas Correntes;siconfi-cor_RO1.0.0.0.00.00.00;6461578,07
Prefeitura Municipal de Tabatinga - AM;1304062;AM;59684;Deduções - FUNDEB;1.7.0.0.00.00.00 - Transferências Correntes;siconfi-cor_RO1.7.0.0.00.00.00;6461578,07
Prefeitura Municipal de Tabatinga - AM;1304062;AM;59684;Deduções - FUNDEB;1.7.2.0.00.00.00 - Transferências Intergovernamentais;siconfi-cor_RO1.7.2.0.00.00.00;6461578,07
Prefeitura Municipal de Tabatinga - AM;1304062;AM;59684;Deduções - FUNDEB;1.7.2.1.00.00.00 - Transferências da União;siconfi-cor_RO1.7.2.1.00.00.00;4121342,6
Prefeitura Municipal de Tabatinga - AM;1304062;AM;59684;Deduções - FUNDEB;1.7.2.1.01.00.00 - Participação na Receita da União;siconfi-cor_RO1.7.2.1.01.00.00;4115537,72
Prefeitura Municipal de Tabatinga - AM;1304062;AM;59684;Deduções - FUNDEB;1.7.2.1.01.02.00 - Cota-Parte do Fundo de Participação dos Municípios ¿ FPM;siconfi-cor_RO1.7.2.1.01.02.00;4115482,81
Prefeitura Municipal de Tabatinga - AM;1304062;AM;59684;Deduções - FUNDEB;1.7.2.1.01.05.00 - Cota-Parte do Imposto Sobre a Propriedade Territorial Rural ¿ ITR;siconfi-cor_RO1.7.2.1.01.05.00;54,91
Prefeitura Municipal de Tabatinga - AM;1304062;AM;59684;Deduções - FUNDEB;1.7.2.1.36.00.00 - Transferências Financeiras do ICMS ¿ Desoneração ¿ L.C. Nº 87/96;siconfi-cor_RO1.7.2.1.36.00.00;5804,88
Prefeitura Municipal de Tabatinga - AM;1304062;AM;59684;Deduções - FUNDEB;1.7.2.2.00.00.00 - Transferências dos Estados;siconfi-cor_RO1.7.2.2.00.00.00;2340235,47
Prefeitura Municipal de Tabatinga - AM;1304062;AM;59684;Deduções - FUNDEB;1.7.2.2.01.00.00 - Participação na Receita dos Estados;siconfi-cor_RO1.7.2.2.01.00.00;2340235,47
Prefeitura Municipal de Tabatinga - AM;1304062;AM;59684;Deduções - FUNDEB;1.7.2.2.01.01.00 - Cota-Parte do ICMS;siconfi-cor_RO1.7.2.2.01.01.00;2305071,42
Prefeitura Municipal de Tabatinga - AM;1304062;AM;59684;Deduções - FUNDEB;1.7.2.2.01.02.00 - Cota-Parte do IPVA;siconfi-cor_RO1.7.2.2.01.02.00;35164,05
Prefeitura Municipal de Nhamundá - AM;1303007;AM;20078;Receitas Brutas Realizadas;Total Receitas;siconfi-cor_TotalReceitas;37398639,4
Prefeitura Municipal de Nhamundá - AM;1303007;AM;20078;Receitas Brutas Realizadas;1.0.0.0.00.00.00 - Receitas Correntes;siconfi-cor_RO1.0.0.0.00.00.00;36188277,89
Prefeitura Municipal de Nhamundá - AM;1303007;AM;20078;Receitas Brutas Realizadas;1.1.0.0.00.00.00 - Receita Tributária;siconfi-cor_RO1.1.0.0.00.00.00;652461,79
Prefeitura Municipal de Nhamundá - AM;1303007;AM;20078;Receitas Brutas Realizadas;1.1.1.0.00.00.00 - Impostos;siconfi-cor_RO1.1.1.0.00.00.00;471458,44
Prefeitura Municipal de Nhamundá - AM;1303007;AM;20078;Receitas Brutas Realizadas;1.1.1.2.00.00.00 - Impostos sobre o Patrimônio e a Renda;siconfi-cor_RO1.1.1.2.00.00.00;135349,17
Prefeitura Municipal de Nhamundá - AM;1303007;AM;20078;Receitas Brutas Realizadas;1.1.1.2.02.00.00 - Imposto sobre a Propriedade Predial e Territorial Urbana ¿ IPTU;siconfi-cor_RO1.1.1.2.02.00.00;58621,35
Prefeitura Municipal de Nhamundá - AM;1303007;AM;20078;Receitas Brutas Realizadas;1.1.1.2.04.00.00 - Imposto sobre a Renda e Proventos de Qualquer Natureza ¿ IR;siconfi-cor_RO1.1.1.2.04.00.00;76727,82
Prefeitura Municipal de Nhamundá - AM;1303007;AM;20078;Receitas Brutas Realizadas;1.1.1.2.04.31.00 - Retido nas Fontes - Trabalho;siconfi-cor_RO1.1.1.2.04.31.00;67781,41
Prefeitura Municipal de Nhamundá - AM;1303007;AM;20078;Receitas Brutas Realizadas;1.1.1.2.04.34.00 - Retido nas Fontes - Outros Rendimentos;siconfi-cor_RO1.1.1.2.04.34.00;8946,41
Prefeitura Municipal de Nhamundá - AM;1303007;AM;20078;Receitas Brutas Realizadas;1.1.1.3.00.00.00 - Impostos sobre a Produção e a Circulação;siconfi-cor_RO1.1.1.3.00.00.00;336109,27
Prefeitura Municipal de Nhamundá - AM;1303007;AM;20078;Receitas Brutas Realizadas;1.1.1.3.05.00.00 - Imposto sobre Serviços de Qualquer Natureza ¿ ISSQN;siconfi-cor_RO1.1.1.3.05.00.00;336109,27
Prefeitura Municipal de Nhamundá - AM;1303007;AM;20078;Receitas Brutas Realizadas;1.1.2.0.00.00.00 - Taxas;siconfi-cor_RO1.1.2.0.00.00.00;181003,35
Prefeitura Municipal de Nhamundá - AM;1303007;AM;20078;Receitas Brutas Realizadas;1.1.2.1.00.00.00 - Taxas pelo Exercício do Poder de Polícia;siconfi-cor_RO1.1.2.1.00.00.00;6750,93
Prefeitura Municipal de Nhamundá - AM;1303007;AM;20078;Receitas Brutas Realizadas;1.1.2.2.00.00.00 - Taxas pela Prestação de Serviços;siconfi-cor_RO1.1.2.2.00.00.00;174252,42
Prefeitura Municipal de Nhamundá - AM;1303007;AM;20078;Receitas Brutas Realizadas;1.3.0.0.00.00.00 - Receita Patrimonial;siconfi-cor_RO1.3.0.0.00.00.00;190977,02
Prefeitura Municipal de Nhamundá - AM;1303007;AM;20078;Receitas Brutas Realizadas;1.3.2.0.00.00.00 - Receitas de Valores Mobiliários;siconfi-cor_RO1.3.2.0.00.00.00;190977,02
Prefeitura Municipal de Nhamundá - AM;1303007;AM;20078;Receitas Brutas Realizadas;1.3.2.5.00.00.00 - Remuneração de Depósitos Bancários;siconfi-cor_RO1.3.2.5.00.00.00;190977,02
Prefeitura Municipal de Nhamundá - AM;1303007;AM;20078;Receitas Brutas Realizadas;1.6.0.0.00.00.00 - Receita de Serviços;siconfi-cor_RO1.6.0.0.00.00.00;173813,7
Prefeitura Municipal de Nhamundá - AM;1303007;AM;20078;Receitas Brutas Realizadas;1.6.0.0.99.00.00 - Demais Receitas de Serviços;siconfi-cor_RO1.6.0.0.99.00.00;173813,7
Prefeitura Municipal de Nhamundá - AM;1303007;AM;20078;Receitas Brutas Realizadas;1.7.0.0.00.00.00 - Transferências Correntes;siconfi-cor_RO1.7.0.0.00.00.00;35158916,37
Prefeitura Municipal de Nhamundá - AM;1303007;AM;20078;Receitas Brutas Realizadas;1.7.2.0.00.00.00 - Transferências Intergovernamentais;siconfi-cor_RO1.7.2.0.00.00.00;34958916,37
Prefeitura Municipal de Nhamundá - AM;1303007;AM;20078;Receitas Brutas Realizadas;1.7.2.1.00.00.00 - Transferências da União;siconfi-cor_RO1.7.2.1.00.00.00;16408783,36
Prefeitura Municipal de Nhamundá - AM;1303007;AM;20078;Receitas Brutas Realizadas;1.7.2.1.01.00.00 - Participação na Receita da União;siconfi-cor_RO1.7.2.1.01.00.00;11724970,3
Prefeitura Municipal de Nhamundá - AM;1303007;AM;20078;Receitas Brutas Realizadas;1.7.2.1.01.02.00 - Cota-Parte do Fundo de Participação dos Municípios ¿ FPM;siconfi-cor_RO1.7.2.1.01.02.00;11721891,31
Prefeitura Municipal de Nhamundá - AM;1303007;AM;20078;Receitas Brutas Realizadas;1.7.2.1.01.05.00 - Cota-Parte do Imposto Sobre a Propriedade Territorial Rural ¿ ITR;siconfi-cor_RO1.7.2.1.01.05.00;3078,99
Prefeitura Municipal de Nhamundá - AM;1303007;AM;20078;Receitas Brutas Realizadas;1.7.2.1.22.00.00 - Transferências da Compensação Financeira pela Exploração de Recursos Naturais;siconfi-cor_RO1.7.2.1.22.00.00;175408,74
Prefeitura Municipal de Nhamundá - AM;1303007;AM;20078;Receitas Brutas Realizadas;1.7.2.1.22.70.00 - Cota-Parte do Fundo Especial do Petróleo ¿ FEP;siconfi-cor_RO1.7.2.1.22.70.00;175408,74
Prefeitura Municipal de Nhamundá - AM;1303007;AM;20078;Receitas Brutas Realizadas;1.7.2.1.33.00.00 - Transferências de Recursos do Sistema Único de Saúde - SUS - Repasses Fundo a Fundo;siconfi-cor_RO1.7.2.1.33.00.00;2585709,54
Prefeitura Municipal de Nhamundá - AM;1303007;AM;20078;Receitas Brutas Realizadas;1.7.2.1.34.00.00 - Transferências de Recursos do Fundo Nacional de Assistência Social ¿ FNAS;siconfi-cor_RO1.7.2.1.34.00.00;545072,71
Prefeitura Municipal de Nhamundá - AM;1303007;AM;20078;Receitas Brutas Realizadas;1.7.2.1.35.00.00 - Transferências de Recursos do Fundo Nacional do Desenvolvimento da Educação ¿ FNDE;siconfi-cor_RO1.7.2.1.35.00.00;1115236,4
Prefeitura Municipal de Nhamundá - AM;1303007;AM;20078;Receitas Brutas Realizadas;1.7.2.1.36.00.00 - Transferências Financeiras do ICMS ¿ Desoneração ¿ L.C. Nº 87/96;siconfi-cor_RO1.7.2.1.36.00.00;20155,68
Prefeitura Municipal de Nhamundá - AM;1303007;AM;20078;Receitas Brutas Realizadas;1.7.2.1.99.00.00 - Outras Transferências da União;siconfi-cor_RO1.7.2.1.99.00.00;242229,99
Prefeitura Municipal de Nhamundá - AM;1303007;AM;20078;Receitas Brutas Realizadas;1.7.2.2.00.00.00 - Transferências dos Estados;siconfi-cor_RO1.7.2.2.00.00.00;8323667,82
Prefeitura Municipal de Nhamundá - AM;1303007;AM;20078;Receitas Brutas Realizadas;1.7.2.2.01.00.00 - Participação na Receita dos Estados;siconfi-cor_RO1.7.2.2.01.00.00;8166134,43
Prefeitura Municipal de Nhamundá - AM;1303007;AM;20078;Receitas Brutas Realizadas;1.7.2.2.01.01.00 - Cota-Parte do ICMS;siconfi-cor_RO1.7.2.2.01.01.00;8003666,02
Prefeitura Municipal de Nhamundá - AM;1303007;AM;20078;Receitas Brutas Realizadas;1.7.2.2.01.02.00 - Cota-Parte do IPVA;siconfi-cor_RO1.7.2.2.01.02.00;12500,9
Prefeitura Municipal de Nhamundá - AM;1303007;AM;20078;Receitas Brutas Realizadas;1.7.2.2.01.04.00 - Cota-Parte do IPI sobre Exportação;siconfi-cor_RO1.7.2.2.01.04.00;145648,56
Prefeitura Municipal de Nhamundá - AM;1303007;AM;20078;Receitas Brutas Realizadas;1.7.2.2.01.13.00 - Cota-Parte da Contribuição de Intervenção no Domínio Econômico;siconfi-cor_RO1.7.2.2.01.13.00;4318,95
Prefeitura Municipal de Nhamundá - AM;1303007;AM;20078;Receitas Brutas Realizadas;1.7.2.2.22.00.00 - Transferências da Cota-Parte da Compensação Financeira (25%);siconfi-cor_RO1.7.2.2.22.00.00;11368,67
Prefeitura Municipal de Nhamundá - AM;1303007;AM;20078;Receitas Brutas Realizadas;1.7.2.2.22.30.00 - Cota-Parte Royalties - Compensação Financeira pela Produção de Petróleo - Lei nº 7.990/89 artigo 9º;siconfi-cor_RO1.7.2.2.22.30.00;11368,67
Prefeitura Municipal de Nhamundá - AM;1303007;AM;20078;Receitas Brutas Realizadas;1.7.2.2.33.00.00 - Transferências de Recursos do Estado para Programas de Saúde - Repasse Fundo a Fundo;siconfi-cor_RO1.7.2.2.33.00.00;146164,72
Prefeitura Municipal de Nhamundá - AM;1303007;AM;20078;Receitas Brutas Realizadas;1.7.2.4.00.00.00 - Transferências Multigovernamentais;siconfi-cor_RO1.7.2.4.00.00.00;10226465,19
Prefeitura Municipal de Nhamundá - AM;1303007;AM;20078;Receitas Brutas Realizadas;1.7.2.4.01.00.00 - Transferências de Recursos do Fundo de Manutenção e Desenvolvimento do Ensino Fundamental e de Valorização do Magistério - FUNDEB;siconfi-cor_RO1.7.2.4.01.00.00;8185166,75
Prefeitura Municipal de Nhamundá - AM;1303007;AM;20078;Receitas Brutas Realizadas;1.7.2.4.02.00.00 - Transferências de Recursos da Complementação ao Fundo de Manutenção e Desenvolvimento do Ensino Fundamental e de Valorização do Magistério - FUNDEB;siconfi-cor_RO1.7.2.4.02.00.00;2041298,44
Prefeitura Municipal de Nhamundá - AM;1303007;AM;20078;Receitas Brutas Realizadas;1.7.6.0.00.00.00 - Transferências de Convênios;siconfi-cor_RO1.7.6.0.00.00.00;200000
Prefeitura Municipal de Nhamundá - AM;1303007;AM;20078;Receitas Brutas Realizadas;1.7.6.2.00.00.00 - Transferências de Convênios dos Estados e do Distrito Federal e de Suas Entidades;siconfi-cor_RO1.7.6.2.00.00.00;200000
Prefeitura Municipal de Nhamundá - AM;1303007;AM;20078;Receitas Brutas Realizadas;1.7.6.2.99.00.00 - Outras Transferências de Convênios dos Estados;siconfi-cor_RO1.7.6.2.99.00.00;200000
Prefeitura Municipal de Nhamundá - AM;1303007;AM;20078;Receitas Brutas Realizadas;1.9.0.0.00.00.00 - Outras Receitas Correntes;siconfi-cor_RO1.9.0.0.00.00.00;12109,01
Prefeitura Municipal de Nhamundá - AM;1303007;AM;20078;Receitas Brutas Realizadas;1.9.9.0.00.00.00 - Receitas Diversas;siconfi-cor_RO1.9.9.0.00.00.00;12109,01
Prefeitura Municipal de Nhamundá - AM;1303007;AM;20078;Receitas Brutas Realizadas;2.0.0.0.00.00.00 - Receitas de Capital;siconfi-cor_RO2.0.0.0.00.00.00;1210361,51
Prefeitura Municipal de Nhamundá - AM;1303007;AM;20078;Receitas Brutas Realizadas;2.4.0.0.00.00.00 - Transferências de Capital;siconfi-cor_RO2.4.0.0.00.00.00;1210361,51
Prefeitura Municipal de Nhamundá - AM;1303007;AM;20078;Receitas Brutas Realizadas;2.4.2.0.00.00.00 - Transferências Intergovernamentais;siconfi-cor_RO2.4.2.0.00.00.00;994800
Prefeitura Municipal de Nhamundá - AM;1303007;AM;20078;Receitas Brutas Realizadas;2.4.2.1.00.00.00 - Transferências da União;siconfi-cor_RO2.4.2.1.00.00.00;994800
Prefeitura Municipal de Nhamundá - AM;1303007;AM;20078;Receitas Brutas Realizadas;2.4.2.1.01.00.00 - Participação na Receita da União;siconfi-cor_RO2.4.2.1.01.00.00;994800
Prefeitura Municipal de Nhamundá - AM;1303007;AM;20078;Receitas Brutas Realizadas;2.4.7.0.00.00.00 - Transferências de Convênios;siconfi-cor_RO2.4.7.0.00.00.00;215561,51
Prefeitura Municipal de Nhamundá - AM;1303007;AM;20078;Receitas Brutas Realizadas;2.4.7.2.00.00.00 - Transferências de Convênios dos Estados e do Distrito Federal e de suas Entidades;siconfi-cor_RO2.4.7.2.00.00.00;215561,51
Prefeitura Municipal de Nhamundá - AM;1303007;AM;20078;Receitas Brutas Realizadas;2.4.7.2.02.00.00 - Transferências de Convênios dos Estados Destinadas a Programas de Educação;siconfi-cor_RO2.4.7.2.02.00.00;215561,51
Prefeitura Municipal de Nhamundá - AM;1303007;AM;20078;Deduções - FUNDEB;Total Receitas;siconfi-cor_TotalReceitas;-3940220,94
Prefeitura Municipal de Nhamundá - AM;1303007;AM;20078;Deduções - FUNDEB;1.0.0.0.00.00.00 - Receitas Correntes;siconfi-cor_RO1.0.0.0.00.00.00;-3940220,94
Prefeitura Municipal de Nhamundá - AM;1303007;AM;20078;Deduções - FUNDEB;1.7.0.0.00.00.00 - Transferências Correntes;siconfi-cor_RO1.7.0.0.00.00.00;-3940220,94
Prefeitura Municipal de Nhamundá - AM;1303007;AM;20078;Deduções - FUNDEB;1.7.2.0.00.00.00 - Transferências Intergovernamentais;siconfi-cor_RO1.7.2.0.00.00.00;-3940220,94
Prefeitura Municipal de Nhamundá - AM;1303007;AM;20078;Deduções - FUNDEB;1.7.2.1.00.00.00 - Transferências da União;siconfi-cor_RO1.7.2.1.00.00.00;-2337608,78
Prefeitura Municipal de Nhamundá - AM;1303007;AM;20078;Deduções - FUNDEB;1.7.2.1.01.00.00 - Participação na Receita da União;siconfi-cor_RO1.7.2.1.01.00.00;-2333577,74
Prefeitura Municipal de Nhamundá - AM;1303007;AM;20078;Deduções - FUNDEB;1.7.2.1.01.02.00 - Cota-Parte do Fundo de Participação dos Municípios ¿ FPM;siconfi-cor_RO1.7.2.1.01.02.00;-2332962,04
Prefeitura Municipal de Nhamundá - AM;1303007;AM;20078;Deduções - FUNDEB;1.7.2.1.01.05.00 - Cota-Parte do Imposto Sobre a Propriedade Territorial Rural ¿ ITR;siconfi-cor_RO1.7.2.1.01.05.00;-615,7
Prefeitura Municipal de Nhamundá - AM;1303007;AM;20078;Deduções - FUNDEB;1.7.2.1.36.00.00 - Transferências Financeiras do ICMS ¿ Desoneração ¿ L.C. Nº 87/96;siconfi-cor_RO1.7.2.1.36.00.00;-4031,04
Prefeitura Municipal de Nhamundá - AM;1303007;AM;20078;Deduções - FUNDEB;1.7.2.2.00.00.00 - Transferências dos Estados;siconfi-cor_RO1.7.2.2.00.00.00;-1602612,16
Prefeitura Municipal de Nhamundá - AM;1303007;AM;20078;Deduções - FUNDEB;1.7.2.2.01.00.00 - Participação na Receita dos Estados;siconfi-cor_RO1.7.2.2.01.00.00;-1602612,16
Prefeitura Municipal de Nhamundá - AM;1303007;AM;20078;Deduções - FUNDEB;1.7.2.2.01.01.00 - Cota-Parte do ICMS;siconfi-cor_RO1.7.2.2.01.01.00;-1600733,03
Prefeitura Municipal de Nhamundá - AM;1303007;AM;20078;Deduções - FUNDEB;1.7.2.2.01.02.00 - Cota-Parte do IPVA;siconfi-cor_RO1.7.2.2.01.02.00;-1148,29
Prefeitura Municipal de Nhamundá - AM;1303007;AM;20078;Deduções - FUNDEB;1.7.2.2.01.04.00 - Cota-Parte do IPI sobre Exportação;siconfi-cor_RO1.7.2.2.01.04.00;-730,84
Prefeitura Municipal de Eirunepé - AM;1301407;AM;33580;Receitas Brutas Realizadas;Total Receitas;siconfi-cor_TotalReceitas;57937794,85
Prefeitura Municipal de Eirunepé - AM;1301407;AM;33580;Receitas Brutas Realizadas;1.0.0.0.00.00.00 - Receitas Correntes;siconfi-cor_RO1.0.0.0.00.00.00;57937794,85
Prefeitura Municipal de Eirunepé - AM;1301407;AM;33580;Receitas Brutas Realizadas;1.1.0.0.00.00.00 - Receita Tributária;siconfi-cor_RO1.1.0.0.00.00.00;1229859,52
Prefeitura Municipal de Eirunepé - AM;1301407;AM;33580;Receitas Brutas Realizadas;1.1.1.0.00.00.00 - Impostos;siconfi-cor_RO1.1.1.0.00.00.00;1221998,6
Prefeitura Municipal de Eirunepé - AM;1301407;AM;33580;Receitas Brutas Realizadas;1.1.1.2.00.00.00 - Impostos sobre o Patrimônio e a Renda;siconfi-cor_RO1.1.1.2.00.00.00;487244,71
Prefeitura Municipal de Eirunepé - AM;1301407;AM;33580;Receitas Brutas Realizadas;1.1.1.2.04.00.00 - Imposto sobre a Renda e Proventos de Qualquer Natureza ¿ IR;siconfi-cor_RO1.1.1.2.04.00.00;487244,71
Prefeitura Municipal de Eirunepé - AM;1301407;AM;33580;Receitas Brutas Realizadas;1.1.1.2.04.31.00 - Retido nas Fontes - Trabalho;siconfi-cor_RO1.1.1.2.04.31.00;487244,71
Prefeitura Municipal de Eirunepé - AM;1301407;AM;33580;Receitas Brutas Realizadas;1.1.1.3.00.00.00 - Impostos sobre a Produção e a Circulação;siconfi-cor_RO1.1.1.3.00.00.00;734753,89
Prefeitura Municipal de Eirunepé - AM;1301407;AM;33580;Receitas Brutas Realizadas;1.1.1.3.05.00.00 - Imposto sobre Serviços de Qualquer Natureza ¿ ISSQN;siconfi-cor_RO1.1.1.3.05.00.00;734753,89
Prefeitura Municipal de Eirunepé - AM;1301407;AM;33580;Receitas Brutas Realizadas;1.1.2.0.00.00.00 - Taxas;siconfi-cor_RO1.1.2.0.00.00.00;7860,92
Prefeitura Municipal de Eirunepé - AM;1301407;AM;33580;Receitas Brutas Realizadas;1.1.2.1.00.00.00 - Taxas pelo Exercício do Poder de Polícia;siconfi-cor_RO1.1.2.1.00.00.00;7860,92
Prefeitura Municipal de Eirunepé - AM;1301407;AM;33580;Receitas Brutas Realizadas;1.2.0.0.00.00.00 - Receitas de Contribuições;siconfi-cor_RO1.2.0.0.00.00.00;39310,01
Prefeitura Municipal de Eirunepé - AM;1301407;AM;33580;Receitas Brutas Realizadas;1.2.3.0.00.00.00 - Contribuição para Custeio do Serviço de Iluminação Pública;siconfi-cor_RO1.2.3.0.00.00.00;39310,01
Prefeitura Municipal de Eirunepé - AM;1301407;AM;33580;Receitas Brutas Realizadas;1.3.0.0.00.00.00 - Receita Patrimonial;siconfi-cor_RO1.3.0.0.00.00.00;118416,37
Prefeitura Municipal de Eirunepé - AM;1301407;AM;33580;Receitas Brutas Realizadas;1.3.2.0.00.00.00 - Receitas de Valores Mobiliários;siconfi-cor_RO1.3.2.0.00.00.00;118416,37
Prefeitura Municipal de Eirunepé - AM;1301407;AM;33580;Receitas Brutas Realizadas;1.3.2.5.00.00.00 - Remuneração de Depósitos Bancários;siconfi-cor_RO1.3.2.5.00.00.00;118416,37
Prefeitura Municipal de Eirunepé - AM;1301407;AM;33580;Receitas Brutas Realizadas;1.7.0.0.00.00.00 - Transferências Correntes;siconfi-cor_RO1.7.0.0.00.00.00;56550208,95
Prefeitura Municipal de Eirunepé - AM;1301407;AM;33580;Receitas Brutas Realizadas;1.7.2.0.00.00.00 - Transferências Intergovernamentais;siconfi-cor_RO1.7.2.0.00.00.00;54196578,45
Prefeitura Municipal de Eirunepé - AM;1301407;AM;33580;Receitas Brutas Realizadas;1.7.2.1.00.00.00 - Transferências da União;siconfi-cor_RO1.7.2.1.00.00.00;22332862,87
Prefeitura Municipal de Eirunepé - AM;1301407;AM;33580;Receitas Brutas Realizadas;1.7.2.1.01.00.00 - Participação na Receita da União;siconfi-cor_RO1.7.2.1.01.00.00;15632407,52
Prefeitura Municipal de Eirunepé - AM;1301407;AM;33580;Receitas Brutas Realizadas;1.7.2.1.01.02.00 - Cota-Parte do Fundo de Participação dos Municípios ¿ FPM;siconfi-cor_RO1.7.2.1.01.02.00;15629188,4
Prefeitura Municipal de Eirunepé - AM;1301407;AM;33580;Receitas Brutas Realizadas;1.7.2.1.01.05.00 - Cota-Parte do Imposto Sobre a Propriedade Territorial Rural ¿ ITR;siconfi-cor_RO1.7.2.1.01.05.00;3219,12
Prefeitura Municipal de Eirunepé - AM;1301407;AM;33580;Receitas Brutas Realizadas;1.7.2.1.22.00.00 - Transferências da Compensação Financeira pela Exploração de Recursos Naturais;siconfi-cor_RO1.7.2.1.22.00.00;234438,26
Prefeitura Municipal de Eirunepé - AM;1301407;AM;33580;Receitas Brutas Realizadas;1.7.2.1.22.11.00 - Cota-Parte da Compensação Financeira de Recursos Hídricos;siconfi-cor_RO1.7.2.1.22.11.00;233878,32
Prefeitura Municipal de Eirunepé - AM;1301407;AM;33580;Receitas Brutas Realizadas;1.7.2.1.22.90.00 - Outras Transferências Decorrentes de Compensação Financeira pela Exploração de Recursos Naturais;siconfi-cor_RO1.7.2.1.22.90.00;559,94
Prefeitura Municipal de Eirunepé - AM;1301407;AM;33580;Receitas Brutas Realizadas;1.7.2.1.33.00.00 - Transferências de Recursos do Sistema Único de Saúde - SUS - Repasses Fundo a Fundo;siconfi-cor_RO1.7.2.1.33.00.00;3966054,55
Prefeitura Municipal de Eirunepé - AM;1301407;AM;33580;Receitas Brutas Realizadas;1.7.2.1.34.00.00 - Transferências de Recursos do Fundo Nacional de Assistência Social ¿ FNAS;siconfi-cor_RO1.7.2.1.34.00.00;545424,03
Prefeitura Municipal de Eirunepé - AM;1301407;AM;33580;Receitas Brutas Realizadas;1.7.2.1.35.00.00 - Transferências de Recursos do Fundo Nacional do Desenvolvimento da Educação ¿ FNDE;siconfi-cor_RO1.7.2.1.35.00.00;1591509,68
Prefeitura Municipal de Eirunepé - AM;1301407;AM;33580;Receitas Brutas Realizadas;1.7.2.1.36.00.00 - Transferências Financeiras do ICMS ¿ Desoneração ¿ L.C. Nº 87/96;siconfi-cor_RO1.7.2.1.36.00.00;34585,56
Prefeitura Municipal de Eirunepé - AM;1301407;AM;33580;Receitas Brutas Realizadas;1.7.2.1.99.00.00 - Outras Transferências da União;siconfi-cor_RO1.7.2.1.99.00.00;328443,27
Prefeitura Municipal de Eirunepé - AM;1301407;AM;33580;Receitas Brutas Realizadas;1.7.2.2.00.00.00 - Transferências dos Estados;siconfi-cor_RO1.7.2.2.00.00.00;14580504,72
Prefeitura Municipal de Eirunepé - AM;1301407;AM;33580;Receitas Brutas Realizadas;1.7.2.2.01.00.00 - Participação na Receita dos Estados;siconfi-cor_RO1.7.2.2.01.00.00;13888382,18
Prefeitura Municipal de Eirunepé - AM;1301407;AM;33580;Receitas Brutas Realizadas;1.7.2.2.01.01.00 - Cota-Parte do ICMS;siconfi-cor_RO1.7.2.2.01.01.00;13733623,86
Prefeitura Municipal de Eirunepé - AM;1301407;AM;33580;Receitas Brutas Realizadas;1.7.2.2.01.02.00 - Cota-Parte do IPVA;siconfi-cor_RO1.7.2.2.01.02.00;81960,33
Prefeitura Municipal de Eirunepé - AM;1301407;AM;33580;Receitas Brutas Realizadas;1.7.2.2.01.04.00 - Cota-Parte do IPI sobre Exportação;siconfi-cor_RO1.7.2.2.01.04.00;66611,71
Prefeitura Municipal de Eirunepé - AM;1301407;AM;33580;Receitas Brutas Realizadas;1.7.2.2.01.13.00 - Cota-Parte da Contribuição de Intervenção no Domínio Econômico;siconfi-cor_RO1.7.2.2.01.13.00;6186,28
Prefeitura Municipal de Eirunepé - AM;1301407;AM;33580;Receitas Brutas Realizadas;1.7.2.2.22.00.00 - Transferências da Cota-Parte da Compensação Financeira (25%);siconfi-cor_RO1.7.2.2.22.00.00;215725,54
Prefeitura Municipal de Eirunepé - AM;1301407;AM;33580;Receitas Brutas Realizadas;1.7.2.2.22.11.00 - Cota-Parte da Compensação Financeira de Recursos Hídricos;siconfi-cor_RO1.7.2.2.22.11.00;215725,54
Prefeitura Municipal de Eirunepé - AM;1301407;AM;33580;Receitas Brutas Realizadas;1.7.2.2.33.00.00 - Transferências de Recursos do Estado para Programas de Saúde - Repasse Fundo a Fundo;siconfi-cor_RO1.7.2.2.33.00.00;476397
Prefeitura Municipal de Eirunepé - AM;1301407;AM;33580;Receitas Brutas Realizadas;1.7.2.4.00.00.00 - Transferências Multigovernamentais;siconfi-cor_RO1.7.2.4.00.00.00;17283210,86
Prefeitura Municipal de Eirunepé - AM;1301407;AM;33580;Receitas Brutas Realizadas;1.7.2.4.01.00.00 - Transferências de Recursos do Fundo de Manutenção e Desenvolvimento do Ensino Fundamental e de Valorização do Magistério - FUNDEB;siconfi-cor_RO1.7.2.4.01.00.00;13969153,7
Prefeitura Municipal de Eirunepé - AM;1301407;AM;33580;Receitas Brutas Realizadas;1.7.2.4.02.00.00 - Transferências de Recursos da Complementação ao Fundo de Manutenção e Desenvolvimento do Ensino Fundamental e de Valorização do Magistério - FUNDEB;siconfi-cor_RO1.7.2.4.02.00.00;3314057,16
Prefeitura Municipal de Eirunepé - AM;1301407;AM;33580;Receitas Brutas Realizadas;1.7.6.0.00.00.00 - Transferências de Convênios;siconfi-cor_RO1.7.6.0.00.00.00;2353630,5
Prefeitura Municipal de Eirunepé - AM;1301407;AM;33580;Receitas Brutas Realizadas;1.7.6.2.00.00.00 - Transferências de Convênios dos Estados e do Distrito Federal e de Suas Entidades;siconfi-cor_RO1.7.6.2.00.00.00;2353630,5
Prefeitura Municipal de Eirunepé - AM;1301407;AM;33580;Receitas Brutas Realizadas;1.7.6.2.01.00.00 - Transferências de Convênios dos Estados para o Sistema Único de Saúde - SUS;siconfi-cor_RO1.7.6.2.01.00.00;927600
Prefeitura Municipal de Eirunepé - AM;1301407;AM;33580;Receitas Brutas Realizadas;1.7.6.2.02.00.00 - Transferências de Convênios dos Estados Destinadas a Programas de Educação;siconfi-cor_RO1.7.6.2.02.00.00;1426030,5
Prefeitura Municipal de Eirunepé - AM;1301407;AM;33580;Deduções - FUNDEB;Total Receitas;siconfi-cor_TotalReceitas;5777078,32
Prefeitura Municipal de Eirunepé - AM;1301407;AM;33580;Deduções - FUNDEB;1.0.0.0.00.00.00 - Receitas Correntes;siconfi-cor_RO1.0.0.0.00.00.00;5777078,32
Prefeitura Municipal de Eirunepé - AM;1301407;AM;33580;Deduções - FUNDEB;1.7.0.0.00.00.00 - Transferências Correntes;siconfi-cor_RO1.7.0.0.00.00.00;5777078,32
Prefeitura Municipal de Eirunepé - AM;1301407;AM;33580;Deduções - FUNDEB;1.7.2.0.00.00.00 - Transferências Intergovernamentais;siconfi-cor_RO1.7.2.0.00.00.00;5777078,32
Prefeitura Municipal de Eirunepé - AM;1301407;AM;33580;Deduções - FUNDEB;1.7.2.1.00.00.00 - Transferências da União;siconfi-cor_RO1.7.2.1.00.00.00;3000639,15
Prefeitura Municipal de Eirunepé - AM;1301407;AM;33580;Deduções - FUNDEB;1.7.2.1.01.00.00 - Participação na Receita da União;siconfi-cor_RO1.7.2.1.01.00.00;2993722,11
Prefeitura Municipal de Eirunepé - AM;1301407;AM;33580;Deduções - FUNDEB;1.7.2.1.01.02.00 - Cota-Parte do Fundo de Participação dos Municípios ¿ FPM;siconfi-cor_RO1.7.2.1.01.02.00;2993078,33
Prefeitura Municipal de Eirunepé - AM;1301407;AM;33580;Deduções - FUNDEB;1.7.2.1.01.05.00 - Cota-Parte do Imposto Sobre a Propriedade Territorial Rural ¿ ITR;siconfi-cor_RO1.7.2.1.01.05.00;643,78
Prefeitura Municipal de Eirunepé - AM;1301407;AM;33580;Deduções - FUNDEB;1.7.2.1.36.00.00 - Transferências Financeiras do ICMS ¿ Desoneração ¿ L.C. Nº 87/96;siconfi-cor_RO1.7.2.1.36.00.00;6917,04
Prefeitura Municipal de Eirunepé - AM;1301407;AM;33580;Deduções - FUNDEB;1.7.2.2.00.00.00 - Transferências dos Estados;siconfi-cor_RO1.7.2.2.00.00.00;2776439,17
Prefeitura Municipal de Eirunepé - AM;1301407;AM;33580;Deduções - FUNDEB;1.7.2.2.01.00.00 - Participação na Receita dos Estados;siconfi-cor_RO1.7.2.2.01.00.00;2776439,17
Prefeitura Municipal de Eirunepé - AM;1301407;AM;33580;Deduções - FUNDEB;1.7.2.2.01.01.00 - Cota-Parte do ICMS;siconfi-cor_RO1.7.2.2.01.01.00;2746724,76
Prefeitura Municipal de Eirunepé - AM;1301407;AM;33580;Deduções - FUNDEB;1.7.2.2.01.02.00 - Cota-Parte do IPVA;siconfi-cor_RO1.7.2.2.01.02.00;16392,07
Prefeitura Municipal de Eirunepé - AM;1301407;AM;33580;Deduções - FUNDEB;1.7.2.2.01.04.00 - Cota-Parte do IPI sobre Exportação;siconfi-cor_RO1.7.2.2.01.04.00;13322,34
Prefeitura Municipal de Urucurituba - AM;1304401;AM;20621;Receitas Brutas Realizadas;Total Receitas;siconfi-cor_TotalReceitas;33016985,08
Prefeitura Municipal de Urucurituba - AM;1304401;AM;20621;Receitas Brutas Realizadas;1.0.0.0.00.00.00 - Receitas Correntes;siconfi-cor_RO1.0.0.0.00.00.00;31181621,19
Prefeitura Municipal de Urucurituba - AM;1304401;AM;20621;Receitas Brutas Realizadas;1.1.0.0.00.00.00 - Receita Tributária;siconfi-cor_RO1.1.0.0.00.00.00;421682,11
Prefeitura Municipal de Urucurituba - AM;1304401;AM;20621;Receitas Brutas Realizadas;1.1.1.0.00.00.00 - Impostos;siconfi-cor_RO1.1.1.0.00.00.00;384473,15
Prefeitura Municipal de Urucurituba - AM;1304401;AM;20621;Receitas Brutas Realizadas;1.1.1.2.00.00.00 - Impostos sobre o Patrimônio e a Renda;siconfi-cor_RO1.1.1.2.00.00.00;144924,6
Prefeitura Municipal de Urucurituba - AM;1304401;AM;20621;Receitas Brutas Realizadas;1.1.1.2.04.00.00 - Imposto sobre a Renda e Proventos de Qualquer Natureza ¿ IR;siconfi-cor_RO1.1.1.2.04.00.00;144924,6
Prefeitura Municipal de Urucurituba - AM;1304401;AM;20621;Receitas Brutas Realizadas;1.1.1.2.04.31.00 - Retido nas Fontes - Trabalho;siconfi-cor_RO1.1.1.2.04.31.00;144523,06
Prefeitura Municipal de Urucurituba - AM;1304401;AM;20621;Receitas Brutas Realizadas;1.1.1.2.04.34.00 - Retido nas Fontes - Outros Rendimentos;siconfi-cor_RO1.1.1.2.04.34.00;401,54
Prefeitura Municipal de Urucurituba - AM;1304401;AM;20621;Receitas Brutas Realizadas;1.1.1.3.00.00.00 - Impostos sobre a Produção e a Circulação;siconfi-cor_RO1.1.1.3.00.00.00;239548,55
Prefeitura Municipal de Urucurituba - AM;1304401;AM;20621;Receitas Brutas Realizadas;1.1.1.3.05.00.00 - Imposto sobre Serviços de Qualquer Natureza ¿ ISSQN;siconfi-cor_RO1.1.1.3.05.00.00;239548,55
Prefeitura Municipal de Urucurituba - AM;1304401;AM;20621;Receitas Brutas Realizadas;1.1.3.0.00.00.00 - Contribuição de Melhoria;siconfi-cor_RO1.1.3.0.00.00.00;37208,96
Prefeitura Municipal de Urucurituba - AM;1304401;AM;20621;Receitas Brutas Realizadas;1.3.0.0.00.00.00 - Receita Patrimonial;siconfi-cor_RO1.3.0.0.00.00.00;28766,73
Prefeitura Municipal de Urucurituba - AM;1304401;AM;20621;Receitas Brutas Realizadas;1.3.2.0.00.00.00 - Receitas de Valores Mobiliários;siconfi-cor_RO1.3.2.0.00.00.00;28766,73
Prefeitura Municipal de Urucurituba - AM;1304401;AM;20621;Receitas Brutas Realizadas;1.3.2.5.00.00.00 - Remuneração de Depósitos Bancários;siconfi-cor_RO1.3.2.5.00.00.00;28766,73
Prefeitura Municipal de Urucurituba - AM;1304401;AM;20621;Receitas Brutas Realizadas;1.6.0.0.00.00.00 - Receita de Serviços;siconfi-cor_RO1.6.0.0.00.00.00;9525,48
Prefeitura Municipal de Urucurituba - AM;1304401;AM;20621;Receitas Brutas Realizadas;1.6.0.0.99.00.00 - Demais Receitas de Serviços;siconfi-cor_RO1.6.0.0.99.00.00;9525,48
Prefeitura Municipal de Urucurituba - AM;1304401;AM;20621;Receitas Brutas Realizadas;1.7.0.0.00.00.00 - Transferências Correntes;siconfi-cor_RO1.7.0.0.00.00.00;30669962,64
Prefeitura Municipal de Urucurituba - AM;1304401;AM;20621;Receitas Brutas Realizadas;1.7.2.0.00.00.00 - Transferências Intergovernamentais;siconfi-cor_RO1.7.2.0.00.00.00;29771765,12
Prefeitura Municipal de Urucurituba - AM;1304401;AM;20621;Receitas Brutas Realizadas;1.7.2.1.00.00.00 - Transferências da União;siconfi-cor_RO1.7.2.1.00.00.00;15483078,53
Prefeitura Municipal de Urucurituba - AM;1304401;AM;20621;Receitas Brutas Realizadas;1.7.2.1.01.00.00 - Participação na Receita da União;siconfi-cor_RO1.7.2.1.01.00.00;11962761,56
Prefeitura Municipal de Urucurituba - AM;1304401;AM;20621;Receitas Brutas Realizadas;1.7.2.1.01.02.00 - Cota-Parte do Fundo de Participação dos Municípios ¿ FPM;siconfi-cor_RO1.7.2.1.01.02.00;11962761,56
Prefeitura Municipal de Urucurituba - AM;1304401;AM;20621;Receitas Brutas Realizadas;1.7.2.1.22.00.00 - Transferências da Compensação Financeira pela Exploração de Recursos Naturais;siconfi-cor_RO1.7.2.1.22.00.00;291835,19
Prefeitura Municipal de Urucurituba - AM;1304401;AM;20621;Receitas Brutas Realizadas;1.7.2.1.22.40.00 - Cota-Parte Royalties pelo Excedente da Produção do Petróleo - Lei nº 9.478/97 artigo 49 I e II;siconfi-cor_RO1.7.2.1.22.40.00;116426,45
Prefeitura Municipal de Urucurituba - AM;1304401;AM;20621;Receitas Brutas Realizadas;1.7.2.1.22.70.00 - Cota-Parte do Fundo Especial do Petróleo ¿ FEP;siconfi-cor_RO1.7.2.1.22.70.00;175408,74
Prefeitura Municipal de Urucurituba - AM;1304401;AM;20621;Receitas Brutas Realizadas;1.7.2.1.33.00.00 - Transferências de Recursos do Sistema Único de Saúde - SUS - Repasses Fundo a Fundo;siconfi-cor_RO1.7.2.1.33.00.00;2288881,68
Prefeitura Municipal de Urucurituba - AM;1304401;AM;20621;Receitas Brutas Realizadas;1.7.2.1.34.00.00 - Transferências de Recursos do Fundo Nacional de Assistência Social ¿ FNAS;siconfi-cor_RO1.7.2.1.34.00.00;341487,96
Prefeitura Municipal de Urucurituba - AM;1304401;AM;20621;Receitas Brutas Realizadas;1.7.2.1.35.00.00 - Transferências de Recursos do Fundo Nacional do Desenvolvimento da Educação ¿ FNDE;siconfi-cor_RO1.7.2.1.35.00.00;579111,1
Prefeitura Municipal de Urucurituba - AM;1304401;AM;20621;Receitas Brutas Realizadas;1.7.2.1.36.00.00 - Transferências Financeiras do ICMS ¿ Desoneração ¿ L.C. Nº 87/96;siconfi-cor_RO1.7.2.1.36.00.00;19001,04
Prefeitura Municipal de Urucurituba - AM;1304401;AM;20621;Receitas Brutas Realizadas;1.7.2.2.00.00.00 - Transferências dos Estados;siconfi-cor_RO1.7.2.2.00.00.00;7782372,56
Prefeitura Municipal de Urucurituba - AM;1304401;AM;20621;Receitas Brutas Realizadas;1.7.2.2.01.00.00 - Participação na Receita dos Estados;siconfi-cor_RO1.7.2.2.01.00.00;7600097,61
Prefeitura Municipal de Urucurituba - AM;1304401;AM;20621;Receitas Brutas Realizadas;1.7.2.2.01.01.00 - Cota-Parte do ICMS;siconfi-cor_RO1.7.2.2.01.01.00;7545162,29
Prefeitura Municipal de Urucurituba - AM;1304401;AM;20621;Receitas Brutas Realizadas;1.7.2.2.01.02.00 - Cota-Parte do IPVA;siconfi-cor_RO1.7.2.2.01.02.00;14022,96
Prefeitura Municipal de Urucurituba - AM;1304401;AM;20621;Receitas Brutas Realizadas;1.7.2.2.01.04.00 - Cota-Parte do IPI sobre Exportação;siconfi-cor_RO1.7.2.2.01.04.00;36596,16
Prefeitura Municipal de Urucurituba - AM;1304401;AM;20621;Receitas Brutas Realizadas;1.7.2.2.01.13.00 - Cota-Parte da Contribuição de Intervenção no Domínio Econômico;siconfi-cor_RO1.7.2.2.01.13.00;4316,2
Prefeitura Municipal de Urucurituba - AM;1304401;AM;20621;Receitas Brutas Realizadas;1.7.2.2.22.00.00 - Transferências da Cota-Parte da Compensação Financeira (25%);siconfi-cor_RO1.7.2.2.22.00.00;118518,19
Prefeitura Municipal de Urucurituba - AM;1304401;AM;20621;Receitas Brutas Realizadas;1.7.2.2.22.30.00 - Cota-Parte Royalties - Compensação Financeira pela Produção de Petróleo - Lei nº 7.990/89 artigo 9º;siconfi-cor_RO1.7.2.2.22.30.00;118518,19
Prefeitura Municipal de Urucurituba - AM;1304401;AM;20621;Receitas Brutas Realizadas;1.7.2.2.33.00.00 - Transferências de Recursos do Estado para Programas de Saúde - Repasse Fundo a Fundo;siconfi-cor_RO1.7.2.2.33.00.00;63756,76
Prefeitura Municipal de Urucurituba - AM;1304401;AM;20621;Receitas Brutas Realizadas;1.7.2.4.00.00.00 - Transferências Multigovernamentais;siconfi-cor_RO1.7.2.4.00.00.00;6506314,03
Prefeitura Municipal de Urucurituba - AM;1304401;AM;20621;Receitas Brutas Realizadas;1.7.2.4.01.00.00 - Transferências de Recursos do Fundo de Manutenção e Desenvolvimento do Ensino Fundamental e de Valorização do Magistério - FUNDEB;siconfi-cor_RO1.7.2.4.01.00.00;5385642,11
Prefeitura Municipal de Urucurituba - AM;1304401;AM;20621;Receitas Brutas Realizadas;1.7.2.4.02.00.00 - Transferências de Recursos da Complementação ao Fundo de Manutenção e Desenvolvimento do Ensino Fundamental e de Valorização do Magistério - FUNDEB;siconfi-cor_RO1.7.2.4.02.00.00;1120671,92
Prefeitura Municipal de Urucurituba - AM;1304401;AM;20621;Receitas Brutas Realizadas;1.7.6.0.00.00.00 - Transferências de Convênios;siconfi-cor_RO1.7.6.0.00.00.00;898197,52
Prefeitura Municipal de Urucurituba - AM;1304401;AM;20621;Receitas Brutas Realizadas;1.7.6.2.00.00.00 - Transferências de Convênios dos Estados e do Distrito Federal e de Suas Entidades;siconfi-cor_RO1.7.6.2.00.00.00;895200
Prefeitura Municipal de Urucurituba - AM;1304401;AM;20621;Receitas Brutas Realizadas;1.7.6.2.02.00.00 - Transferências de Convênios dos Estados Destinadas a Programas de Educação;siconfi-cor_RO1.7.6.2.02.00.00;595200
Prefeitura Municipal de Urucurituba - AM;1304401;AM;20621;Receitas Brutas Realizadas;1.7.6.2.99.00.00 - Outras Transferências de Convênios dos Estados;siconfi-cor_RO1.7.6.2.99.00.00;300000
Prefeitura Municipal de Urucurituba - AM;1304401;AM;20621;Receitas Brutas Realizadas;1.7.6.4.00.00.00 - Transferências de Convênios de Instituições Privadas;siconfi-cor_RO1.7.6.4.00.00.00;2997,52
Prefeitura Municipal de Urucurituba - AM;1304401;AM;20621;Receitas Brutas Realizadas;1.9.0.0.00.00.00 - Outras Receitas Correntes;siconfi-cor_RO1.9.0.0.00.00.00;51684,23
Prefeitura Municipal de Urucurituba - AM;1304401;AM;20621;Receitas Brutas Realizadas;1.9.2.0.00.00.00 - Indenizações e Restituições;siconfi-cor_RO1.9.2.0.00.00.00;1357,92
Prefeitura Municipal de Urucurituba - AM;1304401;AM;20621;Receitas Brutas Realizadas;1.9.2.2.00.00.00 - Restituições;siconfi-cor_RO1.9.2.2.00.00.00;1357,92
Prefeitura Municipal de Urucurituba - AM;1304401;AM;20621;Receitas Brutas Realizadas;1.9.2.2.99.00.00 - Outras Restituições;siconfi-cor_RO1.9.2.2.99.00.00;1357,92
Prefeitura Municipal de Urucurituba - AM;1304401;AM;20621;Receitas Brutas Realizadas;1.9.9.0.00.00.00 - Receitas Diversas;siconfi-cor_RO1.9.9.0.00.00.00;50326,31
Prefeitura Municipal de Urucurituba - AM;1304401;AM;20621;Receitas Brutas Realizadas;2.0.0.0.00.00.00 - Receitas de Capital;siconfi-cor_RO2.0.0.0.00.00.00;1835363,89
Prefeitura Municipal de Urucurituba - AM;1304401;AM;20621;Receitas Brutas Realizadas;2.4.0.0.00.00.00 - Transferências de Capital;siconfi-cor_RO2.4.0.0.00.00.00;1835363,89
Prefeitura Municipal de Urucurituba - AM;1304401;AM;20621;Receitas Brutas Realizadas;2.4.2.0.00.00.00 - Transferências Intergovernamentais;siconfi-cor_RO2.4.2.0.00.00.00;600696
Prefeitura Municipal de Urucurituba - AM;1304401;AM;20621;Receitas Brutas Realizadas;2.4.2.1.00.00.00 - Transferências da União;siconfi-cor_RO2.4.2.1.00.00.00;600696
Prefeitura Municipal de Urucurituba - AM;1304401;AM;20621;Receitas Brutas Realizadas;2.4.2.1.01.00.00 - Participação na Receita da União;siconfi-cor_RO2.4.2.1.01.00.00;600696
Prefeitura Municipal de Urucurituba - AM;1304401;AM;20621;Receitas Brutas Realizadas;2.4.7.0.00.00.00 - Transferências de Convênios;siconfi-cor_RO2.4.7.0.00.00.00;1234667,89
Prefeitura Municipal de Urucurituba - AM;1304401;AM;20621;Receitas Brutas Realizadas;2.4.7.1.00.00.00 - Transferências de Convênios da União e de suas Entidades;siconfi-cor_RO2.4.7.1.00.00.00;354931,54
Prefeitura Municipal de Urucurituba - AM;1304401;AM;20621;Receitas Brutas Realizadas;2.4.7.1.01.00.00 - Transferências de Convênios da União para o Sistema Único de Saúde - SUS;siconfi-cor_RO2.4.7.1.01.00.00;100125
Prefeitura Municipal de Urucurituba - AM;1304401;AM;20621;Receitas Brutas Realizadas;2.4.7.1.02.00.00 - Transferências de Convênios da União Destinadas a Programas de Educação;siconfi-cor_RO2.4.7.1.02.00.00;254806,54
Prefeitura Municipal de Urucurituba - AM;1304401;AM;20621;Receitas Brutas Realizadas;2.4.7.2.00.00.00 - Transferências de Convênios dos Estados e do Distrito Federal e de suas Entidades;siconfi-cor_RO2.4.7.2.00.00.00;879736,35
Prefeitura Municipal de Urucurituba - AM;1304401;AM;20621;Receitas Brutas Realizadas;2.4.7.2.01.00.00 - Transferências de Convênios dos Estados para o Sistema Único de Saúde - SUS;siconfi-cor_RO2.4.7.2.01.00.00;149124,82
Prefeitura Municipal de Urucurituba - AM;1304401;AM;20621;Receitas Brutas Realizadas;2.4.7.2.02.00.00 - Transferências de Convênios dos Estados Destinadas a Programas de Educação;siconfi-cor_RO2.4.7.2.02.00.00;730611,53
Prefeitura Municipal de Rio Preto da Eva - AM;1303569;AM;29771;Receitas Brutas Realizadas;Total Receitas;siconfi-cor_TotalReceitas;48015623,39
Prefeitura Municipal de Rio Preto da Eva - AM;1303569;AM;29771;Receitas Brutas Realizadas;1.0.0.0.00.00.00 - Receitas Correntes;siconfi-cor_RO1.0.0.0.00.00.00;45538078,39
Prefeitura Municipal de Rio Preto da Eva - AM;1303569;AM;29771;Receitas Brutas Realizadas;1.1.0.0.00.00.00 - Receita Tributária;siconfi-cor_RO1.1.0.0.00.00.00;922838,35
Prefeitura Municipal de Rio Preto da Eva - AM;1303569;AM;29771;Receitas Brutas Realizadas;1.1.1.0.00.00.00 - Impostos;siconfi-cor_RO1.1.1.0.00.00.00;819796,79
Prefeitura Municipal de Rio Preto da Eva - AM;1303569;AM;29771;Receitas Brutas Realizadas;1.1.1.2.00.00.00 - Impostos sobre o Patrimônio e a Renda;siconfi-cor_RO1.1.1.2.00.00.00;255646,23
Prefeitura Municipal de Rio Preto da Eva - AM;1303569;AM;29771;Receitas Brutas Realizadas;1.1.1.2.02.00.00 - Imposto sobre a Propriedade Predial e Territorial Urbana ¿ IPTU;siconfi-cor_RO1.1.1.2.02.00.00;1483,11
Prefeitura Municipal de Rio Preto da Eva - AM;1303569;AM;29771;Receitas Brutas Realizadas;1.1.1.2.04.00.00 - Imposto sobre a Renda e Proventos de Qualquer Natureza ¿ IR;siconfi-cor_RO1.1.1.2.04.00.00;230294,72
Prefeitura Municipal de Rio Preto da Eva - AM;1303569;AM;29771;Receitas Brutas Realizadas;1.1.1.2.04.34.00 - Retido nas Fontes - Outros Rendimentos;siconfi-cor_RO1.1.1.2.04.34.00;230294,72
Prefeitura Municipal de Rio Preto da Eva - AM;1303569;AM;29771;Receitas Brutas Realizadas;"1.1.1.2.08.00.00 - Imposto sobre Transmissão Inter Vivos"" de Bens Imóveis e de Direitos Reais sobre Imóveis ¿ ITBI""";siconfi-cor_RO1.1.1.2.08.00.00;23868,4
Prefeitura Municipal de Rio Preto da Eva - AM;1303569;AM;29771;Receitas Brutas Realizadas;1.1.1.3.00.00.00 - Impostos sobre a Produção e a Circulação;siconfi-cor_RO1.1.1.3.00.00.00;564150,56
Prefeitura Municipal de Rio Preto da Eva - AM;1303569;AM;29771;Receitas Brutas Realizadas;1.1.1.3.05.00.00 - Imposto sobre Serviços de Qualquer Natureza ¿ ISSQN;siconfi-cor_RO1.1.1.3.05.00.00;564150,56
Prefeitura Municipal de Rio Preto da Eva - AM;1303569;AM;29771;Receitas Brutas Realizadas;1.1.2.0.00.00.00 - Taxas;siconfi-cor_RO1.1.2.0.00.00.00;21544,97
Prefeitura Municipal de Rio Preto da Eva - AM;1303569;AM;29771;Receitas Brutas Realizadas;1.1.2.1.00.00.00 - Taxas pelo Exercício do Poder de Polícia;siconfi-cor_RO1.1.2.1.00.00.00;20983,24
Prefeitura Municipal de Rio Preto da Eva - AM;1303569;AM;29771;Receitas Brutas Realizadas;1.1.2.2.00.00.00 - Taxas pela Prestação de Serviços;siconfi-cor_RO1.1.2.2.00.00.00;561,73
Prefeitura Municipal de Rio Preto da Eva - AM;1303569;AM;29771;Receitas Brutas Realizadas;1.1.3.0.00.00.00 - Contribuição de Melhoria;siconfi-cor_RO1.1.3.0.00.00.00;81496,59
Prefeitura Municipal de Rio Preto da Eva - AM;1303569;AM;29771;Receitas Brutas Realizadas;1.3.0.0.00.00.00 - Receita Patrimonial;siconfi-cor_RO1.3.0.0.00.00.00;140395,91
Prefeitura Municipal de Rio Preto da Eva - AM;1303569;AM;29771;Receitas Brutas Realizadas;1.3.2.0.00.00.00 - Receitas de Valores Mobiliários;siconfi-cor_RO1.3.2.0.00.00.00;140395,91
Prefeitura Municipal de Rio Preto da Eva - AM;1303569;AM;29771;Receitas Brutas Realizadas;1.3.2.5.00.00.00 - Remuneração de Depósitos Bancários;siconfi-cor_RO1.3.2.5.00.00.00;140395,91
Prefeitura Municipal de Rio Preto da Eva - AM;1303569;AM;29771;Receitas Brutas Realizadas;1.6.0.0.00.00.00 - Receita de Serviços;siconfi-cor_RO1.6.0.0.00.00.00;1355216,55
Prefeitura Municipal de Rio Preto da Eva - AM;1303569;AM;29771;Receitas Brutas Realizadas;1.6.0.0.13.00.00 - Serviços Administrativos;siconfi-cor_RO1.6.0.0.13.00.00;857552
Prefeitura Municipal de Rio Preto da Eva - AM;1303569;AM;29771;Receitas Brutas Realizadas;1.6.0.0.99.00.00 - Demais Receitas de Serviços;siconfi-cor_RO1.6.0.0.99.00.00;497664,55
Prefeitura Municipal de Rio Preto da Eva - AM;1303569;AM;29771;Receitas Brutas Realizadas;1.7.0.0.00.00.00 - Transferências Correntes;siconfi-cor_RO1.7.0.0.00.00.00;42212095,7
Prefeitura Municipal de Rio Preto da Eva - AM;1303569;AM;29771;Receitas Brutas Realizadas;1.7.2.0.00.00.00 - Transferências Intergovernamentais;siconfi-cor_RO1.7.2.0.00.00.00;42212095,7
Prefeitura Municipal de Rio Preto da Eva - AM;1303569;AM;29771;Receitas Brutas Realizadas;1.7.2.1.00.00.00 - Transferências da União;siconfi-cor_RO1.7.2.1.00.00.00;21483149,16
Prefeitura Municipal de Rio Preto da Eva - AM;1303569;AM;29771;Receitas Brutas Realizadas;1.7.2.1.01.00.00 - Participação na Receita da União;siconfi-cor_RO1.7.2.1.01.00.00;13697677,88
Prefeitura Municipal de Rio Preto da Eva - AM;1303569;AM;29771;Receitas Brutas Realizadas;1.7.2.1.01.02.00 - Cota-Parte do Fundo de Participação dos Municípios ¿ FPM;siconfi-cor_RO1.7.2.1.01.02.00;13675539,83
Prefeitura Municipal de Rio Preto da Eva - AM;1303569;AM;29771;Receitas Brutas Realizadas;1.7.2.1.01.05.00 - Cota-Parte do Imposto Sobre a Propriedade Territorial Rural ¿ ITR;siconfi-cor_RO1.7.2.1.01.05.00;22138,05
Prefeitura Municipal de Rio Preto da Eva - AM;1303569;AM;29771;Receitas Brutas Realizadas;1.7.2.1.22.00.00 - Transferências da Compensação Financeira pela Exploração de Recursos Naturais;siconfi-cor_RO1.7.2.1.22.00.00;321414,85
Prefeitura Municipal de Rio Preto da Eva - AM;1303569;AM;29771;Receitas Brutas Realizadas;1.7.2.1.22.30.00 - Cota-Parte Royalties ¿ Compensação Financeira pela Produção de Petróleo ¿ Lei nº 7.990/89;siconfi-cor_RO1.7.2.1.22.30.00;116771,3
Prefeitura Municipal de Rio Preto da Eva - AM;1303569;AM;29771;Receitas Brutas Realizadas;1.7.2.1.22.70.00 - Cota-Parte do Fundo Especial do Petróleo ¿ FEP;siconfi-cor_RO1.7.2.1.22.70.00;204643,55
Prefeitura Municipal de Rio Preto da Eva - AM;1303569;AM;29771;Receitas Brutas Realizadas;1.7.2.1.33.00.00 - Transferências de Recursos do Sistema Único de Saúde - SUS - Repasses Fundo a Fundo;siconfi-cor_RO1.7.2.1.33.00.00;5096083,04
Prefeitura Municipal de Rio Preto da Eva - AM;1303569;AM;29771;Receitas Brutas Realizadas;1.7.2.1.34.00.00 - Transferências de Recursos do Fundo Nacional de Assistência Social ¿ FNAS;siconfi-cor_RO1.7.2.1.34.00.00;563723,94
Prefeitura Municipal de Rio Preto da Eva - AM;1303569;AM;29771;Receitas Brutas Realizadas;1.7.2.1.35.00.00 - Transferências de Recursos do Fundo Nacional do Desenvolvimento da Educação ¿ FNDE;siconfi-cor_RO1.7.2.1.35.00.00;1509157,74
Prefeitura Municipal de Rio Preto da Eva - AM;1303569;AM;29771;Receitas Brutas Realizadas;1.7.2.1.36.00.00 - Transferências Financeiras do ICMS ¿ Desoneração ¿ L.C. Nº 87/96;siconfi-cor_RO1.7.2.1.36.00.00;18720,96
Prefeitura Municipal de Rio Preto da Eva - AM;1303569;AM;29771;Receitas Brutas Realizadas;1.7.2.1.99.00.00 - Outras Transferências da União;siconfi-cor_RO1.7.2.1.99.00.00;276370,75
Prefeitura Municipal de Rio Preto da Eva - AM;1303569;AM;29771;Receitas Brutas Realizadas;1.7.2.2.00.00.00 - Transferências dos Estados;siconfi-cor_RO1.7.2.2.00.00.00;7867833,32
Prefeitura Municipal de Rio Preto da Eva - AM;1303569;AM;29771;Receitas Brutas Realizadas;1.7.2.2.01.00.00 - Participação na Receita dos Estados;siconfi-cor_RO1.7.2.2.01.00.00;7867833,32
Prefeitura Municipal de Rio Preto da Eva - AM;1303569;AM;29771;Receitas Brutas Realizadas;1.7.2.2.01.01.00 - Cota-Parte do ICMS;siconfi-cor_RO1.7.2.2.01.01.00;7433950,82
Prefeitura Municipal de Rio Preto da Eva - AM;1303569;AM;29771;Receitas Brutas Realizadas;1.7.2.2.01.02.00 - Cota-Parte do IPVA;siconfi-cor_RO1.7.2.2.01.02.00;392445,99
Prefeitura Municipal de Rio Preto da Eva - AM;1303569;AM;29771;Receitas Brutas Realizadas;1.7.2.2.01.04.00 - Cota-Parte do IPI sobre Exportação;siconfi-cor_RO1.7.2.2.01.04.00;36056,61
Prefeitura Municipal de Rio Preto da Eva - AM;1303569;AM;29771;Receitas Brutas Realizadas;1.7.2.2.01.13.00 - Cota-Parte da Contribuição de Intervenção no Domínio Econômico;siconfi-cor_RO1.7.2.2.01.13.00;5379,9
Prefeitura Municipal de Rio Preto da Eva - AM;1303569;AM;29771;Receitas Brutas Realizadas;1.7.2.4.00.00.00 - Transferências Multigovernamentais;siconfi-cor_RO1.7.2.4.00.00.00;12861113,22
Prefeitura Municipal de Rio Preto da Eva - AM;1303569;AM;29771;Receitas Brutas Realizadas;1.7.2.4.01.00.00 - Transferências de Recursos do Fundo de Manutenção e Desenvolvimento do Ensino Fundamental e de Valorização do Magistério - FUNDEB;siconfi-cor_RO1.7.2.4.01.00.00;10508750,91
Prefeitura Municipal de Rio Preto da Eva - AM;1303569;AM;29771;Receitas Brutas Realizadas;1.7.2.4.02.00.00 - Transferências de Recursos da Complementação ao Fundo de Manutenção e Desenvolvimento do Ensino Fundamental e de Valorização do Magistério - FUNDEB;siconfi-cor_RO1.7.2.4.02.00.00;2352362,31
Prefeitura Municipal de Rio Preto da Eva - AM;1303569;AM;29771;Receitas Brutas Realizadas;1.9.0.0.00.00.00 - Outras Receitas Correntes;siconfi-cor_RO1.9.0.0.00.00.00;907531,88
Prefeitura Municipal de Rio Preto da Eva - AM;1303569;AM;29771;Receitas Brutas Realizadas;1.9.2.0.00.00.00 - Indenizações e Restituições;siconfi-cor_RO1.9.2.0.00.00.00;907531,88
Prefeitura Municipal de Rio Preto da Eva - AM;1303569;AM;29771;Receitas Brutas Realizadas;1.9.2.2.00.00.00 - Restituições;siconfi-cor_RO1.9.2.2.00.00.00;907531,88
Prefeitura Municipal de Rio Preto da Eva - AM;1303569;AM;29771;Receitas Brutas Realizadas;1.9.2.2.99.00.00 - Outras Restituições;siconfi-cor_RO1.9.2.2.99.00.00;907531,88
Prefeitura Municipal de Rio Preto da Eva - AM;1303569;AM;29771;Receitas Brutas Realizadas;2.0.0.0.00.00.00 - Receitas de Capital;siconfi-cor_RO2.0.0.0.00.00.00;2477545
Prefeitura Municipal de Rio Preto da Eva - AM;1303569;AM;29771;Receitas Brutas Realizadas;2.4.0.0.00.00.00 - Transferências de Capital;siconfi-cor_RO2.4.0.0.00.00.00;2477545
Prefeitura Municipal de Rio Preto da Eva - AM;1303569;AM;29771;Receitas Brutas Realizadas;2.4.2.0.00.00.00 - Transferências Intergovernamentais;siconfi-cor_RO2.4.2.0.00.00.00;1904420
Prefeitura Municipal de Rio Preto da Eva - AM;1303569;AM;29771;Receitas Brutas Realizadas;2.4.2.1.00.00.00 - Transferências da União;siconfi-cor_RO2.4.2.1.00.00.00;1904420
Prefeitura Municipal de Rio Preto da Eva - AM;1303569;AM;29771;Receitas Brutas Realizadas;2.4.2.1.01.00.00 - Participação na Receita da União;siconfi-cor_RO2.4.2.1.01.00.00;1536000
Prefeitura Municipal de Rio Preto da Eva - AM;1303569;AM;29771;Receitas Brutas Realizadas;2.4.2.1.02.00.00 - Transferências de Recursos Destinados a Programas de Educação;siconfi-cor_RO2.4.2.1.02.00.00;368420
Prefeitura Municipal de Rio Preto da Eva - AM;1303569;AM;29771;Receitas Brutas Realizadas;2.4.7.0.00.00.00 - Transferências de Convênios;siconfi-cor_RO2.4.7.0.00.00.00;573125
Prefeitura Municipal de Rio Preto da Eva - AM;1303569;AM;29771;Receitas Brutas Realizadas;2.4.7.1.00.00.00 - Transferências de Convênios da União e de suas Entidades;siconfi-cor_RO2.4.7.1.00.00.00;573125
Prefeitura Municipal de Rio Preto da Eva - AM;1303569;AM;29771;Receitas Brutas Realizadas;2.4.7.1.02.00.00 - Transferências de Convênios da União Destinadas a Programas de Educação;siconfi-cor_RO2.4.7.1.02.00.00;500000
Prefeitura Municipal de Rio Preto da Eva - AM;1303569;AM;29771;Receitas Brutas Realizadas;2.4.7.1.99.00.00 - Outras Transferências de Convênios da União;siconfi-cor_RO2.4.7.1.99.00.00;73125
Prefeitura Municipal de Rio Preto da Eva - AM;1303569;AM;29771;Deduções - Transferências Constitucionais;Total Receitas;siconfi-cor_TotalReceitas;4198169,8
Prefeitura Municipal de Rio Preto da Eva - AM;1303569;AM;29771;Deduções - Transferências Constitucionais;1.0.0.0.00.00.00 - Receitas Correntes;siconfi-cor_RO1.0.0.0.00.00.00;4198169,8
Prefeitura Municipal de Rio Preto da Eva - AM;1303569;AM;29771;Deduções - Transferências Constitucionais;1.7.0.0.00.00.00 - Transferências Correntes;siconfi-cor_RO1.7.0.0.00.00.00;4198169,8
Prefeitura Municipal de Rio Preto da Eva - AM;1303569;AM;29771;Deduções - Transferências Constitucionais;1.7.2.0.00.00.00 - Transferências Intergovernamentais;siconfi-cor_RO1.7.2.0.00.00.00;4198169,8
Prefeitura Municipal de Rio Preto da Eva - AM;1303569;AM;29771;Deduções - Transferências Constitucionais;1.7.2.1.00.00.00 - Transferências da União;siconfi-cor_RO1.7.2.1.00.00.00;2627115,11
Prefeitura Municipal de Rio Preto da Eva - AM;1303569;AM;29771;Deduções - Transferências Constitucionais;1.7.2.1.01.00.00 - Participação na Receita da União;siconfi-cor_RO1.7.2.1.01.00.00;2623370,99
Prefeitura Municipal de Rio Preto da Eva - AM;1303569;AM;29771;Deduções - Transferências Constitucionais;1.7.2.1.01.02.00 - Cota-Parte do Fundo de Participação dos Municípios ¿ FPM;siconfi-cor_RO1.7.2.1.01.02.00;2618943,48
Prefeitura Municipal de Rio Preto da Eva - AM;1303569;AM;29771;Deduções - Transferências Constitucionais;1.7.2.1.01.05.00 - Cota-Parte do Imposto Sobre a Propriedade Territorial Rural ¿ ITR;siconfi-cor_RO1.7.2.1.01.05.00;4427,51
Prefeitura Municipal de Rio Preto da Eva - AM;1303569;AM;29771;Deduções - Transferências Constitucionais;1.7.2.1.36.00.00 - Transferências Financeiras do ICMS ¿ Desoneração ¿ L.C. Nº 87/96;siconfi-cor_RO1.7.2.1.36.00.00;3744,12
Prefeitura Municipal de Rio Preto da Eva - AM;1303569;AM;29771;Deduções - Transferências Constitucionais;1.7.2.2.00.00.00 - Transferências dos Estados;siconfi-cor_RO1.7.2.2.00.00.00;1571054,69
Prefeitura Municipal de Rio Preto da Eva - AM;1303569;AM;29771;Deduções - Transferências Constitucionais;1.7.2.2.01.00.00 - Participação na Receita dos Estados;siconfi-cor_RO1.7.2.2.01.00.00;1571054,69
Prefeitura Municipal de Rio Preto da Eva - AM;1303569;AM;29771;Deduções - Transferências Constitucionais;1.7.2.2.01.01.00 - Cota-Parte do ICMS;siconfi-cor_RO1.7.2.2.01.01.00;1486790,19
Prefeitura Municipal de Rio Preto da Eva - AM;1303569;AM;29771;Deduções - Transferências Constitucionais;1.7.2.2.01.02.00 - Cota-Parte do IPVA;siconfi-cor_RO1.7.2.2.01.02.00;77053,2
Prefeitura Municipal de Rio Preto da Eva - AM;1303569;AM;29771;Deduções - Transferências Constitucionais;1.7.2.2.01.04.00 - Cota-Parte do IPI sobre Exportação;siconfi-cor_RO1.7.2.2.01.04.00;7211,3
Prefeitura Municipal de Barreirinha - AM;1300508;AM;30202;Receitas Brutas Realizadas;Total Receitas;siconfi-cor_TotalReceitas;58269383,4
Prefeitura Municipal de Barreirinha - AM;1300508;AM;30202;Receitas Brutas Realizadas;1.0.0.0.00.00.00 - Receitas Correntes;siconfi-cor_RO1.0.0.0.00.00.00;57213424,53
Prefeitura Municipal de Barreirinha - AM;1300508;AM;30202;Receitas Brutas Realizadas;1.1.0.0.00.00.00 - Receita Tributária;siconfi-cor_RO1.1.0.0.00.00.00;2063366,07
Prefeitura Municipal de Barreirinha - AM;1300508;AM;30202;Receitas Brutas Realizadas;1.1.1.0.00.00.00 - Impostos;siconfi-cor_RO1.1.1.0.00.00.00;2032556,18
Prefeitura Municipal de Barreirinha - AM;1300508;AM;30202;Receitas Brutas Realizadas;1.1.1.2.00.00.00 - Impostos sobre o Patrimônio e a Renda;siconfi-cor_RO1.1.1.2.00.00.00;746754,21
Prefeitura Municipal de Barreirinha - AM;1300508;AM;30202;Receitas Brutas Realizadas;1.1.1.2.02.00.00 - Imposto sobre a Propriedade Predial e Territorial Urbana ¿ IPTU;siconfi-cor_RO1.1.1.2.02.00.00;2883,52
Prefeitura Municipal de Barreirinha - AM;1300508;AM;30202;Receitas Brutas Realizadas;1.1.1.2.04.00.00 - Imposto sobre a Renda e Proventos de Qualquer Natureza ¿ IR;siconfi-cor_RO1.1.1.2.04.00.00;743870,69
Prefeitura Municipal de Barreirinha - AM;1300508;AM;30202;Receitas Brutas Realizadas;1.1.1.2.04.31.00 - Retido nas Fontes - Trabalho;siconfi-cor_RO1.1.1.2.04.31.00;514797,99
Prefeitura Municipal de Barreirinha - AM;1300508;AM;30202;Receitas Brutas Realizadas;1.1.1.2.04.34.00 - Retido nas Fontes - Outros Rendimentos;siconfi-cor_RO1.1.1.2.04.34.00;229072,7
Prefeitura Municipal de Barreirinha - AM;1300508;AM;30202;Receitas Brutas Realizadas;1.1.1.3.00.00.00 - Impostos sobre a Produção e a Circulação;siconfi-cor_RO1.1.1.3.00.00.00;1285801,97
Prefeitura Municipal de Barreirinha - AM;1300508;AM;30202;Receitas Brutas Realizadas;1.1.1.3.05.00.00 - Imposto sobre Serviços de Qualquer Natureza ¿ ISSQN;siconfi-cor_RO1.1.1.3.05.00.00;1285801,97
Prefeitura Municipal de Barreirinha - AM;1300508;AM;30202;Receitas Brutas Realizadas;1.1.2.0.00.00.00 - Taxas;siconfi-cor_RO1.1.2.0.00.00.00;30809,89
Prefeitura Municipal de Barreirinha - AM;1300508;AM;30202;Receitas Brutas Realizadas;1.1.2.1.00.00.00 - Taxas pelo Exercício do Poder de Polícia;siconfi-cor_RO1.1.2.1.00.00.00;26620,52
Prefeitura Municipal de Barreirinha - AM;1300508;AM;30202;Receitas Brutas Realizadas;1.1.2.2.00.00.00 - Taxas pela Prestação de Serviços;siconfi-cor_RO1.1.2.2.00.00.00;4189,37
Prefeitura Municipal de Barreirinha - AM;1300508;AM;30202;Receitas Brutas Realizadas;1.2.0.0.00.00.00 - Receitas de Contribuições;siconfi-cor_RO1.2.0.0.00.00.00;834689,25
Prefeitura Municipal de Barreirinha - AM;1300508;AM;30202;Receitas Brutas Realizadas;1.2.1.0.00.00.00 - Contribuições Sociais;siconfi-cor_RO1.2.1.0.00.00.00;834689,25
Prefeitura Municipal de Barreirinha - AM;1300508;AM;30202;Receitas Brutas Realizadas;1.2.1.0.29.00.00 - Contribuições para o Regime Próprio de Previdência do Servidor Público;siconfi-cor_RO1.2.1.0.29.00.00;834689,25
Prefeitura Municipal de Barreirinha - AM;1300508;AM;30202;Receitas Brutas Realizadas;1.2.1.0.29.01.00 - Contribuição Patronal de Servidor Ativo Civil para o Regime Próprio;siconfi-cor_RO1.2.1.0.29.01.00;414523,81
Prefeitura Municipal de Barreirinha - AM;1300508;AM;30202;Receitas Brutas Realizadas;1.2.1.0.29.07.00 - Contribuição do Servidor Ativo Civil para o Regime Próprio;siconfi-cor_RO1.2.1.0.29.07.00;420165,44
Prefeitura Municipal de Barreirinha - AM;1300508;AM;30202;Receitas Brutas Realizadas;1.3.0.0.00.00.00 - Receita Patrimonial;siconfi-cor_RO1.3.0.0.00.00.00;909945,17
Prefeitura Municipal de Barreirinha - AM;1300508;AM;30202;Receitas Brutas Realizadas;1.3.2.0.00.00.00 - Receitas de Valores Mobiliários;siconfi-cor_RO1.3.2.0.00.00.00;909945,17
Prefeitura Municipal de Barreirinha - AM;1300508;AM;30202;Receitas Brutas Realizadas;1.3.2.5.00.00.00 - Remuneração de Depósitos Bancários;siconfi-cor_RO1.3.2.5.00.00.00;219863,28
Prefeitura Municipal de Barreirinha - AM;1300508;AM;30202;Receitas Brutas Realizadas;1.3.2.8.00.00.00 - Remuneração dos Investimentos do Regime Próprio de Previdência do Servidor;siconfi-cor_RO1.3.2.8.00.00.00;690081,89
Prefeitura Municipal de Barreirinha - AM;1300508;AM;30202;Receitas Brutas Realizadas;1.6.0.0.00.00.00 - Receita de Serviços;siconfi-cor_RO1.6.0.0.00.00.00;263855,37
Prefeitura Municipal de Barreirinha - AM;1300508;AM;30202;Receitas Brutas Realizadas;1.6.0.0.99.00.00 - Demais Receitas de Serviços;siconfi-cor_RO1.6.0.0.99.00.00;263855,37
Prefeitura Municipal de Barreirinha - AM;1300508;AM;30202;Receitas Brutas Realizadas;1.7.0.0.00.00.00 - Transferências Correntes;siconfi-cor_RO1.7.0.0.00.00.00;52705549,31
Prefeitura Municipal de Barreirinha - AM;1300508;AM;30202;Receitas Brutas Realizadas;1.7.2.0.00.00.00 - Transferências Intergovernamentais;siconfi-cor_RO1.7.2.0.00.00.00;51237997,71
Prefeitura Municipal de Barreirinha - AM;1300508;AM;30202;Receitas Brutas Realizadas;1.7.2.1.00.00.00 - Transferências da União;siconfi-cor_RO1.7.2.1.00.00.00;20803210,16
Prefeitura Municipal de Barreirinha - AM;1300508;AM;30202;Receitas Brutas Realizadas;1.7.2.1.01.00.00 - Participação na Receita da União;siconfi-cor_RO1.7.2.1.01.00.00;13800216,92
Prefeitura Municipal de Barreirinha - AM;1300508;AM;30202;Receitas Brutas Realizadas;1.7.2.1.01.02.00 - Cota-Parte do Fundo de Participação dos Municípios ¿ FPM;siconfi-cor_RO1.7.2.1.01.02.00;13675539,83
Prefeitura Municipal de Barreirinha - AM;1300508;AM;30202;Receitas Brutas Realizadas;1.7.2.1.01.05.00 - Cota-Parte do Imposto Sobre a Propriedade Territorial Rural ¿ ITR;siconfi-cor_RO1.7.2.1.01.05.00;2328,01
Prefeitura Municipal de Barreirinha - AM;1300508;AM;30202;Receitas Brutas Realizadas;1.7.2.1.01.30.00 - Cota-Parte da Contribuição do Salário-Educação;siconfi-cor_RO1.7.2.1.01.30.00;122349,08
Prefeitura Municipal de Barreirinha - AM;1300508;AM;30202;Receitas Brutas Realizadas;1.7.2.1.22.00.00 - Transferências da Compensação Financeira pela Exploração de Recursos Naturais;siconfi-cor_RO1.7.2.1.22.00.00;204643,55
Prefeitura Municipal de Barreirinha - AM;1300508;AM;30202;Receitas Brutas Realizadas;1.7.2.1.22.70.00 - Cota-Parte do Fundo Especial do Petróleo ¿ FEP;siconfi-cor_RO1.7.2.1.22.70.00;204643,55
Prefeitura Municipal de Barreirinha - AM;1300508;AM;30202;Receitas Brutas Realizadas;1.7.2.1.33.00.00 - Transferências de Recursos do Sistema Único de Saúde - SUS - Repasses Fundo a Fundo;siconfi-cor_RO1.7.2.1.33.00.00;3610695,66
Prefeitura Municipal de Barreirinha - AM;1300508;AM;30202;Receitas Brutas Realizadas;1.7.2.1.34.00.00 - Transferências de Recursos do Fundo Nacional de Assistência Social ¿ FNAS;siconfi-cor_RO1.7.2.1.34.00.00;480122,95
Prefeitura Municipal de Barreirinha - AM;1300508;AM;30202;Receitas Brutas Realizadas;1.7.2.1.35.00.00 - Transferências de Recursos do Fundo Nacional do Desenvolvimento da Educação ¿ FNDE;siconfi-cor_RO1.7.2.1.35.00.00;2409812,6
Prefeitura Municipal de Barreirinha - AM;1300508;AM;30202;Receitas Brutas Realizadas;1.7.2.1.36.00.00 - Transferências Financeiras do ICMS ¿ Desoneração ¿ L.C. Nº 87/96;siconfi-cor_RO1.7.2.1.36.00.00;19615,2
Prefeitura Municipal de Barreirinha - AM;1300508;AM;30202;Receitas Brutas Realizadas;1.7.2.1.99.00.00 - Outras Transferências da União;siconfi-cor_RO1.7.2.1.99.00.00;278103,28
Prefeitura Municipal de Barreirinha - AM;1300508;AM;30202;Receitas Brutas Realizadas;1.7.2.2.00.00.00 - Transferências dos Estados;siconfi-cor_RO1.7.2.2.00.00.00;8035329,46
Prefeitura Municipal de Barreirinha - AM;1300508;AM;30202;Receitas Brutas Realizadas;1.7.2.2.01.00.00 - Participação na Receita dos Estados;siconfi-cor_RO1.7.2.2.01.00.00;7847309,22
Prefeitura Municipal de Barreirinha - AM;1300508;AM;30202;Receitas Brutas Realizadas;1.7.2.2.01.01.00 - Cota-Parte do ICMS;siconfi-cor_RO1.7.2.2.01.01.00;7789046,69
Prefeitura Municipal de Barreirinha - AM;1300508;AM;30202;Receitas Brutas Realizadas;1.7.2.2.01.02.00 - Cota-Parte do IPVA;siconfi-cor_RO1.7.2.2.01.02.00;15028,31
Prefeitura Municipal de Barreirinha - AM;1300508;AM;30202;Receitas Brutas Realizadas;1.7.2.2.01.04.00 - Cota-Parte do IPI sobre Exportação;siconfi-cor_RO1.7.2.2.01.04.00;37778,92
Prefeitura Municipal de Barreirinha - AM;1300508;AM;30202;Receitas Brutas Realizadas;1.7.2.2.01.13.00 - Cota-Parte da Contribuição de Intervenção no Domínio Econômico;siconfi-cor_RO1.7.2.2.01.13.00;5455,3
Prefeitura Municipal de Barreirinha - AM;1300508;AM;30202;Receitas Brutas Realizadas;1.7.2.2.33.00.00 - Transferências de Recursos do Estado para Programas de Saúde - Repasse Fundo a Fundo;siconfi-cor_RO1.7.2.2.33.00.00;188020,24
Prefeitura Municipal de Barreirinha - AM;1300508;AM;30202;Receitas Brutas Realizadas;1.7.2.4.00.00.00 - Transferências Multigovernamentais;siconfi-cor_RO1.7.2.4.00.00.00;22399458,09
Prefeitura Municipal de Barreirinha - AM;1300508;AM;30202;Receitas Brutas Realizadas;1.7.2.4.01.00.00 - Transferências de Recursos do Fundo de Manutenção e Desenvolvimento do Ensino Fundamental e de Valorização do Magistério - FUNDEB;siconfi-cor_RO1.7.2.4.01.00.00;18066344,21
Prefeitura Municipal de Barreirinha - AM;1300508;AM;30202;Receitas Brutas Realizadas;1.7.2.4.02.00.00 - Transferências de Recursos da Complementação ao Fundo de Manutenção e Desenvolvimento do Ensino Fundamental e de Valorização do Magistério - FUNDEB;siconfi-cor_RO1.7.2.4.02.00.00;4333113,88
Prefeitura Municipal de Barreirinha - AM;1300508;AM;30202;Receitas Brutas Realizadas;1.7.6.0.00.00.00 - Transferências de Convênios;siconfi-cor_RO1.7.6.0.00.00.00;1467551,6
Prefeitura Municipal de Barreirinha - AM;1300508;AM;30202;Receitas Brutas Realizadas;1.7.6.1.00.00.00 - Transferências de Convênios da União e de Suas Entidades;siconfi-cor_RO1.7.6.1.00.00.00;150000
Prefeitura Municipal de Barreirinha - AM;1300508;AM;30202;Receitas Brutas Realizadas;1.7.6.1.99.00.00 - Outras Transferências de Convênios da União;siconfi-cor_RO1.7.6.1.99.00.00;150000
Prefeitura Municipal de Barreirinha - AM;1300508;AM;30202;Receitas Brutas Realizadas;1.7.6.2.00.00.00 - Transferências de Convênios dos Estados e do Distrito Federal e de Suas Entidades;siconfi-cor_RO1.7.6.2.00.00.00;1317551,6
Prefeitura Municipal de Barreirinha - AM;1300508;AM;30202;Receitas Brutas Realizadas;1.7.6.2.02.00.00 - Transferências de Convênios dos Estados Destinadas a Programas de Educação;siconfi-cor_RO1.7.6.2.02.00.00;817551,6
Prefeitura Municipal de Barreirinha - AM;1300508;AM;30202;Receitas Brutas Realizadas;1.7.6.2.99.00.00 - Outras Transferências de Convênios dos Estados;siconfi-cor_RO1.7.6.2.99.00.00;500000
Prefeitura Municipal de Barreirinha - AM;1300508;AM;30202;Receitas Brutas Realizadas;1.9.0.0.00.00.00 - Outras Receitas Correntes;siconfi-cor_RO1.9.0.0.00.00.00;436019,36
Prefeitura Municipal de Barreirinha - AM;1300508;AM;30202;Receitas Brutas Realizadas;1.9.1.0.00.00.00 - Multas e Juros de Mora;siconfi-cor_RO1.9.1.0.00.00.00;435229,32
Prefeitura Municipal de Barreirinha - AM;1300508;AM;30202;Receitas Brutas Realizadas;1.9.1.2.00.00.00 - Multas e Juros de Mora das Contribuições;siconfi-cor_RO1.9.1.2.00.00.00;435229,32
Prefeitura Municipal de Barreirinha - AM;1300508;AM;30202;Receitas Brutas Realizadas;1.9.9.0.00.00.00 - Receitas Diversas;siconfi-cor_RO1.9.9.0.00.00.00;790,04
Prefeitura Municipal de Barreirinha - AM;1300508;AM;30202;Receitas Brutas Realizadas;2.0.0.0.00.00.00 - Receitas de Capital;siconfi-cor_RO2.0.0.0.00.00.00;1055958,87
Prefeitura Municipal de Barreirinha - AM;1300508;AM;30202;Receitas Brutas Realizadas;2.4.0.0.00.00.00 - Transferências de Capital;siconfi-cor_RO2.4.0.0.00.00.00;1055958,87
Prefeitura Municipal de Barreirinha - AM;1300508;AM;30202;Receitas Brutas Realizadas;2.4.7.0.00.00.00 - Transferências de Convênios;siconfi-cor_RO2.4.7.0.00.00.00;1055958,87
Prefeitura Municipal de Barreirinha - AM;1300508;AM;30202;Receitas Brutas Realizadas;2.4.7.1.00.00.00 - Transferências de Convênios da União e de suas Entidades;siconfi-cor_RO2.4.7.1.00.00.00;145427,33
Prefeitura Municipal de Barreirinha - AM;1300508;AM;30202;Receitas Brutas Realizadas;2.4.7.1.02.00.00 - Transferências de Convênios da União Destinadas a Programas de Educação;siconfi-cor_RO2.4.7.1.02.00.00;145427,33
Prefeitura Municipal de Barreirinha - AM;1300508;AM;30202;Receitas Brutas Realizadas;2.4.7.2.00.00.00 - Transferências de Convênios dos Estados e do Distrito Federal e de suas Entidades;siconfi-cor_RO2.4.7.2.00.00.00;910531,54
Prefeitura Municipal de Barreirinha - AM;1300508;AM;30202;Receitas Brutas Realizadas;2.4.7.2.01.00.00 - Transferências de Convênios dos Estados para o Sistema Único de Saúde - SUS;siconfi-cor_RO2.4.7.2.01.00.00;600000
Prefeitura Municipal de Barreirinha - AM;1300508;AM;30202;Receitas Brutas Realizadas;2.4.7.2.02.00.00 - Transferências de Convênios dos Estados Destinadas a Programas de Educação;siconfi-cor_RO2.4.7.2.02.00.00;310531,54
Prefeitura Municipal de Barreirinha - AM;1300508;AM;30202;Deduções - FUNDEB;Total Receitas;siconfi-cor_TotalReceitas;4191702,41
Prefeitura Municipal de Barreirinha - AM;1300508;AM;30202;Deduções - FUNDEB;1.0.0.0.00.00.00 - Receitas Correntes;siconfi-cor_RO1.0.0.0.00.00.00;4191702,41
Prefeitura Municipal de Barreirinha - AM;1300508;AM;30202;Deduções - FUNDEB;1.7.0.0.00.00.00 - Transferências Correntes;siconfi-cor_RO1.7.0.0.00.00.00;4191702,41
Prefeitura Municipal de Barreirinha - AM;1300508;AM;30202;Deduções - FUNDEB;1.7.2.0.00.00.00 - Transferências Intergovernamentais;siconfi-cor_RO1.7.2.0.00.00.00;4191702,41
Prefeitura Municipal de Barreirinha - AM;1300508;AM;30202;Deduções - FUNDEB;1.7.2.1.00.00.00 - Transferências da União;siconfi-cor_RO1.7.2.1.00.00.00;2623332,03
Prefeitura Municipal de Barreirinha - AM;1300508;AM;30202;Deduções - FUNDEB;1.7.2.1.01.00.00 - Participação na Receita da União;siconfi-cor_RO1.7.2.1.01.00.00;2619408,99
Prefeitura Municipal de Barreirinha - AM;1300508;AM;30202;Deduções - FUNDEB;1.7.2.1.01.02.00 - Cota-Parte do Fundo de Participação dos Municípios ¿ FPM;siconfi-cor_RO1.7.2.1.01.02.00;2618943,48
Prefeitura Municipal de Barreirinha - AM;1300508;AM;30202;Deduções - FUNDEB;1.7.2.1.01.05.00 - Cota-Parte do Imposto Sobre a Propriedade Territorial Rural ¿ ITR;siconfi-cor_RO1.7.2.1.01.05.00;465,51
Prefeitura Municipal de Barreirinha - AM;1300508;AM;30202;Deduções - FUNDEB;1.7.2.1.36.00.00 - Transferências Financeiras do ICMS ¿ Desoneração ¿ L.C. Nº 87/96;siconfi-cor_RO1.7.2.1.36.00.00;3923,04
Prefeitura Municipal de Barreirinha - AM;1300508;AM;30202;Deduções - FUNDEB;1.7.2.2.00.00.00 - Transferências dos Estados;siconfi-cor_RO1.7.2.2.00.00.00;1568370,38
Prefeitura Municipal de Barreirinha - AM;1300508;AM;30202;Deduções - FUNDEB;1.7.2.2.01.00.00 - Participação na Receita dos Estados;siconfi-cor_RO1.7.2.2.01.00.00;1568370,38
Prefeitura Municipal de Barreirinha - AM;1300508;AM;30202;Deduções - FUNDEB;1.7.2.2.01.01.00 - Cota-Parte do ICMS;siconfi-cor_RO1.7.2.2.01.01.00;1557809,34
Prefeitura Municipal de Barreirinha - AM;1300508;AM;30202;Deduções - FUNDEB;1.7.2.2.01.02.00 - Cota-Parte do IPVA;siconfi-cor_RO1.7.2.2.01.02.00;3005,29
Prefeitura Municipal de Barreirinha - AM;1300508;AM;30202;Deduções - FUNDEB;1.7.2.2.01.04.00 - Cota-Parte do IPI sobre Exportação;siconfi-cor_RO1.7.2.2.01.04.00;7555,75
Prefeitura Municipal de Atalaia do Norte - AM;1300201;AM;17658;Receitas Brutas Realizadas;Total Receitas;siconfi-cor_TotalReceitas;41278719,11
Prefeitura Municipal de Atalaia do Norte - AM;1300201;AM;17658;Receitas Brutas Realizadas;1.0.0.0.00.00.00 - Receitas Correntes;siconfi-cor_RO1.0.0.0.00.00.00;36923230
Prefeitura Municipal de Atalaia do Norte - AM;1300201;AM;17658;Receitas Brutas Realizadas;1.1.0.0.00.00.00 - Receita Tributária;siconfi-cor_RO1.1.0.0.00.00.00;830946,46
Prefeitura Municipal de Atalaia do Norte - AM;1300201;AM;17658;Receitas Brutas Realizadas;1.1.1.0.00.00.00 - Impostos;siconfi-cor_RO1.1.1.0.00.00.00;827089,47
Prefeitura Municipal de Atalaia do Norte - AM;1300201;AM;17658;Receitas Brutas Realizadas;1.1.1.2.00.00.00 - Impostos sobre o Patrimônio e a Renda;siconfi-cor_RO1.1.1.2.00.00.00;386786,19
Prefeitura Municipal de Atalaia do Norte - AM;1300201;AM;17658;Receitas Brutas Realizadas;1.1.1.2.02.00.00 - Imposto sobre a Propriedade Predial e Territorial Urbana ¿ IPTU;siconfi-cor_RO1.1.1.2.02.00.00;550
Prefeitura Municipal de Atalaia do Norte - AM;1300201;AM;17658;Receitas Brutas Realizadas;1.1.1.2.04.00.00 - Imposto sobre a Renda e Proventos de Qualquer Natureza ¿ IR;siconfi-cor_RO1.1.1.2.04.00.00;385936,19
Prefeitura Municipal de Atalaia do Norte - AM;1300201;AM;17658;Receitas Brutas Realizadas;1.1.1.2.04.31.00 - Retido nas Fontes - Trabalho;siconfi-cor_RO1.1.1.2.04.31.00;199438,57
Prefeitura Municipal de Atalaia do Norte - AM;1300201;AM;17658;Receitas Brutas Realizadas;1.1.1.2.04.34.00 - Retido nas Fontes - Outros Rendimentos;siconfi-cor_RO1.1.1.2.04.34.00;186497,62
Prefeitura Municipal de Atalaia do Norte - AM;1300201;AM;17658;Receitas Brutas Realizadas;"1.1.1.2.08.00.00 - Imposto sobre Transmissão Inter Vivos"" de Bens Imóveis e de Direitos Reais sobre Imóveis ¿ ITBI""";siconfi-cor_RO1.1.1.2.08.00.00;300
Prefeitura Municipal de Atalaia do Norte - AM;1300201;AM;17658;Receitas Brutas Realizadas;1.1.1.3.00.00.00 - Impostos sobre a Produção e a Circulação;siconfi-cor_RO1.1.1.3.00.00.00;440303,28
Prefeitura Municipal de Atalaia do Norte - AM;1300201;AM;17658;Receitas Brutas Realizadas;1.1.1.3.05.00.00 - Imposto sobre Serviços de Qualquer Natureza ¿ ISSQN;siconfi-cor_RO1.1.1.3.05.00.00;440303,28
Prefeitura Municipal de Atalaia do Norte - AM;1300201;AM;17658;Receitas Brutas Realizadas;1.1.2.0.00.00.00 - Taxas;siconfi-cor_RO1.1.2.0.00.00.00;3856,99
Prefeitura Municipal de Atalaia do Norte - AM;1300201;AM;17658;Receitas Brutas Realizadas;1.1.2.1.00.00.00 - Taxas pelo Exercício do Poder de Polícia;siconfi-cor_RO1.1.2.1.00.00.00;3820,79
Prefeitura Municipal de Atalaia do Norte - AM;1300201;AM;17658;Receitas Brutas Realizadas;1.1.2.2.00.00.00 - Taxas pela Prestação de Serviços;siconfi-cor_RO1.1.2.2.00.00.00;36,2
Prefeitura Municipal de Atalaia do Norte - AM;1300201;AM;17658;Receitas Brutas Realizadas;1.3.0.0.00.00.00 - Receita Patrimonial;siconfi-cor_RO1.3.0.0.00.00.00;171274,18
Prefeitura Municipal de Atalaia do Norte - AM;1300201;AM;17658;Receitas Brutas Realizadas;1.3.2.0.00.00.00 - Receitas de Valores Mobiliários;siconfi-cor_RO1.3.2.0.00.00.00;171274,18
Prefeitura Municipal de Atalaia do Norte - AM;1300201;AM;17658;Receitas Brutas Realizadas;1.3.2.2.00.00.00 - Dividendos;siconfi-cor_RO1.3.2.2.00.00.00;1698,64
Prefeitura Municipal de Atalaia do Norte - AM;1300201;AM;17658;Receitas Brutas Realizadas;1.3.2.5.00.00.00 - Remuneração de Depósitos Bancários;siconfi-cor_RO1.3.2.5.00.00.00;169575,54
Prefeitura Municipal de Atalaia do Norte - AM;1300201;AM;17658;Receitas Brutas Realizadas;1.6.0.0.00.00.00 - Receita de Serviços;siconfi-cor_RO1.6.0.0.00.00.00;3080
Prefeitura Municipal de Atalaia do Norte - AM;1300201;AM;17658;Receitas Brutas Realizadas;1.6.0.0.13.00.00 - Serviços Administrativos;siconfi-cor_RO1.6.0.0.13.00.00;3080
Prefeitura Municipal de Atalaia do Norte - AM;1300201;AM;17658;Receitas Brutas Realizadas;1.7.0.0.00.00.00 - Transferências Correntes;siconfi-cor_RO1.7.0.0.00.00.00;35914855,83
Prefeitura Municipal de Atalaia do Norte - AM;1300201;AM;17658;Receitas Brutas Realizadas;1.7.2.0.00.00.00 - Transferências Intergovernamentais;siconfi-cor_RO1.7.2.0.00.00.00;35914855,83
Prefeitura Municipal de Atalaia do Norte - AM;1300201;AM;17658;Receitas Brutas Realizadas;1.7.2.1.00.00.00 - Transferências da União;siconfi-cor_RO1.7.2.1.00.00.00;15727676,79
Prefeitura Municipal de Atalaia do Norte - AM;1300201;AM;17658;Receitas Brutas Realizadas;1.7.2.1.01.00.00 - Participação na Receita da União;siconfi-cor_RO1.7.2.1.01.00.00;11723278,36
Prefeitura Municipal de Atalaia do Norte - AM;1300201;AM;17658;Receitas Brutas Realizadas;1.7.2.1.01.02.00 - Cota-Parte do Fundo de Participação dos Municípios ¿ FPM;siconfi-cor_RO1.7.2.1.01.02.00;11721891,31
Prefeitura Municipal de Atalaia do Norte - AM;1300201;AM;17658;Receitas Brutas Realizadas;1.7.2.1.01.05.00 - Cota-Parte do Imposto Sobre a Propriedade Territorial Rural ¿ ITR;siconfi-cor_RO1.7.2.1.01.05.00;1387,05
Prefeitura Municipal de Atalaia do Norte - AM;1300201;AM;17658;Receitas Brutas Realizadas;1.7.2.1.22.00.00 - Transferências da Compensação Financeira pela Exploração de Recursos Naturais;siconfi-cor_RO1.7.2.1.22.00.00;175408,74
Prefeitura Municipal de Atalaia do Norte - AM;1300201;AM;17658;Receitas Brutas Realizadas;1.7.2.1.22.70.00 - Cota-Parte do Fundo Especial do Petróleo ¿ FEP;siconfi-cor_RO1.7.2.1.22.70.00;175408,74
Prefeitura Municipal de Atalaia do Norte - AM;1300201;AM;17658;Receitas Brutas Realizadas;1.7.2.1.33.00.00 - Transferências de Recursos do Sistema Único de Saúde - SUS - Repasses Fundo a Fundo;siconfi-cor_RO1.7.2.1.33.00.00;1902251,34
Prefeitura Municipal de Atalaia do Norte - AM;1300201;AM;17658;Receitas Brutas Realizadas;1.7.2.1.34.00.00 - Transferências de Recursos do Fundo Nacional de Assistência Social ¿ FNAS;siconfi-cor_RO1.7.2.1.34.00.00;374422,07
Prefeitura Municipal de Atalaia do Norte - AM;1300201;AM;17658;Receitas Brutas Realizadas;1.7.2.1.35.00.00 - Transferências de Recursos do Fundo Nacional do Desenvolvimento da Educação ¿ FNDE;siconfi-cor_RO1.7.2.1.35.00.00;1282889,72
Prefeitura Municipal de Atalaia do Norte - AM;1300201;AM;17658;Receitas Brutas Realizadas;1.7.2.1.36.00.00 - Transferências Financeiras do ICMS ¿ Desoneração ¿ L.C. Nº 87/96;siconfi-cor_RO1.7.2.1.36.00.00;24483,6
Prefeitura Municipal de Atalaia do Norte - AM;1300201;AM;17658;Receitas Brutas Realizadas;1.7.2.1.99.00.00 - Outras Transferências da União;siconfi-cor_RO1.7.2.1.99.00.00;244942,96
Prefeitura Municipal de Atalaia do Norte - AM;1300201;AM;17658;Receitas Brutas Realizadas;1.7.2.2.00.00.00 - Transferências dos Estados;siconfi-cor_RO1.7.2.2.00.00.00;10265069,81
Prefeitura Municipal de Atalaia do Norte - AM;1300201;AM;17658;Receitas Brutas Realizadas;1.7.2.2.01.00.00 - Participação na Receita dos Estados;siconfi-cor_RO1.7.2.2.01.00.00;9783370,43
Prefeitura Municipal de Atalaia do Norte - AM;1300201;AM;17658;Receitas Brutas Realizadas;1.7.2.2.01.01.00 - Cota-Parte do ICMS;siconfi-cor_RO1.7.2.2.01.01.00;9722211,71
Prefeitura Municipal de Atalaia do Norte - AM;1300201;AM;17658;Receitas Brutas Realizadas;1.7.2.2.01.02.00 - Cota-Parte do IPVA;siconfi-cor_RO1.7.2.2.01.02.00;10382,66
Prefeitura Municipal de Atalaia do Norte - AM;1300201;AM;17658;Receitas Brutas Realizadas;1.7.2.2.01.04.00 - Cota-Parte do IPI sobre Exportação;siconfi-cor_RO1.7.2.2.01.04.00;47155,3
Prefeitura Municipal de Atalaia do Norte - AM;1300201;AM;17658;Receitas Brutas Realizadas;1.7.2.2.01.13.00 - Cota-Parte da Contribuição de Intervenção no Domínio Econômico;siconfi-cor_RO1.7.2.2.01.13.00;3620,76
Prefeitura Municipal de Atalaia do Norte - AM;1300201;AM;17658;Receitas Brutas Realizadas;1.7.2.2.22.00.00 - Transferências da Cota-Parte da Compensação Financeira (25%);siconfi-cor_RO1.7.2.2.22.00.00;152714,92
Prefeitura Municipal de Atalaia do Norte - AM;1300201;AM;17658;Receitas Brutas Realizadas;1.7.2.2.22.30.00 - Cota-Parte Royalties - Compensação Financeira pela Produção de Petróleo - Lei nº 7.990/89 artigo 9º;siconfi-cor_RO1.7.2.2.22.30.00;152714,92
Prefeitura Municipal de Atalaia do Norte - AM;1300201;AM;17658;Receitas Brutas Realizadas;1.7.2.2.33.00.00 - Transferências de Recursos do Estado para Programas de Saúde - Repasse Fundo a Fundo;siconfi-cor_RO1.7.2.2.33.00.00;328984,46
Prefeitura Municipal de Atalaia do Norte - AM;1300201;AM;17658;Receitas Brutas Realizadas;1.7.2.4.00.00.00 - Transferências Multigovernamentais;siconfi-cor_RO1.7.2.4.00.00.00;9922109,23
Prefeitura Municipal de Atalaia do Norte - AM;1300201;AM;17658;Receitas Brutas Realizadas;1.7.2.4.01.00.00 - Transferências de Recursos do Fundo de Manutenção e Desenvolvimento do Ensino Fundamental e de Valorização do Magistério - FUNDEB;siconfi-cor_RO1.7.2.4.01.00.00;8217445,2
Prefeitura Municipal de Atalaia do Norte - AM;1300201;AM;17658;Receitas Brutas Realizadas;1.7.2.4.02.00.00 - Transferências de Recursos da Complementação ao Fundo de Manutenção e Desenvolvimento do Ensino Fundamental e de Valorização do Magistério - FUNDEB;siconfi-cor_RO1.7.2.4.02.00.00;1704664,03
Prefeitura Municipal de Atalaia do Norte - AM;1300201;AM;17658;Receitas Brutas Realizadas;1.9.0.0.00.00.00 - Outras Receitas Correntes;siconfi-cor_RO1.9.0.0.00.00.00;3073,53
Prefeitura Municipal de Atalaia do Norte - AM;1300201;AM;17658;Receitas Brutas Realizadas;1.9.2.0.00.00.00 - Indenizações e Restituições;siconfi-cor_RO1.9.2.0.00.00.00;3073,53
Prefeitura Municipal de Atalaia do Norte - AM;1300201;AM;17658;Receitas Brutas Realizadas;1.9.2.2.00.00.00 - Restituições;siconfi-cor_RO1.9.2.2.00.00.00;3073,53
Prefeitura Municipal de Atalaia do Norte - AM;1300201;AM;17658;Receitas Brutas Realizadas;1.9.2.2.99.00.00 - Outras Restituições;siconfi-cor_RO1.9.2.2.99.00.00;3073,53
Prefeitura Municipal de Atalaia do Norte - AM;1300201;AM;17658;Receitas Brutas Realizadas;2.0.0.0.00.00.00 - Receitas de Capital;siconfi-cor_RO2.0.0.0.00.00.00;4355489,11
Prefeitura Municipal de Atalaia do Norte - AM;1300201;AM;17658;Receitas Brutas Realizadas;2.4.0.0.00.00.00 - Transferências de Capital;siconfi-cor_RO2.4.0.0.00.00.00;4355489,11
Prefeitura Municipal de Atalaia do Norte - AM;1300201;AM;17658;Receitas Brutas Realizadas;2.4.2.0.00.00.00 - Transferências Intergovernamentais;siconfi-cor_RO2.4.2.0.00.00.00;3044566,21
Prefeitura Municipal de Atalaia do Norte - AM;1300201;AM;17658;Receitas Brutas Realizadas;2.4.2.1.00.00.00 - Transferências da União;siconfi-cor_RO2.4.2.1.00.00.00;3044566,21
Prefeitura Municipal de Atalaia do Norte - AM;1300201;AM;17658;Receitas Brutas Realizadas;2.4.2.1.01.00.00 - Participação na Receita da União;siconfi-cor_RO2.4.2.1.01.00.00;1044600
Prefeitura Municipal de Atalaia do Norte - AM;1300201;AM;17658;Receitas Brutas Realizadas;2.4.2.1.02.00.00 - Transferências de Recursos Destinados a Programas de Educação;siconfi-cor_RO2.4.2.1.02.00.00;1999966,21
Prefeitura Municipal de Atalaia do Norte - AM;1300201;AM;17658;Receitas Brutas Realizadas;2.4.7.0.00.00.00 - Transferências de Convênios;siconfi-cor_RO2.4.7.0.00.00.00;1310922,9
Prefeitura Municipal de Atalaia do Norte - AM;1300201;AM;17658;Receitas Brutas Realizadas;2.4.7.2.00.00.00 - Transferências de Convênios dos Estados e do Distrito Federal e de suas Entidades;siconfi-cor_RO2.4.7.2.00.00.00;1310922,9
Prefeitura Municipal de Atalaia do Norte - AM;1300201;AM;17658;Receitas Brutas Realizadas;2.4.7.2.02.00.00 - Transferências de Convênios dos Estados Destinadas a Programas de Educação;siconfi-cor_RO2.4.7.2.02.00.00;443018,14
Prefeitura Municipal de Atalaia do Norte - AM;1300201;AM;17658;Receitas Brutas Realizadas;2.4.7.2.03.00.00 - Transferências de Convênios dos Estados Destinadas a Programas de Saneamento Básico;siconfi-cor_RO2.4.7.2.03.00.00;254471,06
Prefeitura Municipal de Atalaia do Norte - AM;1300201;AM;17658;Receitas Brutas Realizadas;2.4.7.2.05.00.00 - Transferências de Convênios dos Estados Destinadas a Programas de Infraestrutura em Transporte;siconfi-cor_RO2.4.7.2.05.00.00;193408,02
Prefeitura Municipal de Atalaia do Norte - AM;1300201;AM;17658;Receitas Brutas Realizadas;2.4.7.2.99.00.00 - Outras Transferências de Convênios dos Estados;siconfi-cor_RO2.4.7.2.99.00.00;420025,68
Prefeitura Municipal de Atalaia do Norte - AM;1300201;AM;17658;Deduções - Transferências Constitucionais;Total Receitas;siconfi-cor_TotalReceitas;4205932,58
Prefeitura Municipal de Atalaia do Norte - AM;1300201;AM;17658;Deduções - Transferências Constitucionais;1.0.0.0.00.00.00 - Receitas Correntes;siconfi-cor_RO1.0.0.0.00.00.00;4205932,58
Prefeitura Municipal de Atalaia do Norte - AM;1300201;AM;17658;Deduções - Transferências Constitucionais;1.7.0.0.00.00.00 - Transferências Correntes;siconfi-cor_RO1.7.0.0.00.00.00;4205932,58
Prefeitura Municipal de Atalaia do Norte - AM;1300201;AM;17658;Deduções - Transferências Constitucionais;1.7.2.0.00.00.00 - Transferências Intergovernamentais;siconfi-cor_RO1.7.2.0.00.00.00;4205932,58
Prefeitura Municipal de Atalaia do Norte - AM;1300201;AM;17658;Deduções - Transferências Constitucionais;1.7.2.1.00.00.00 - Transferências da União;siconfi-cor_RO1.7.2.1.00.00.00;2249982,79
Prefeitura Municipal de Atalaia do Norte - AM;1300201;AM;17658;Deduções - Transferências Constitucionais;1.7.2.1.01.00.00 - Participação na Receita da União;siconfi-cor_RO1.7.2.1.01.00.00;2245086,07
Prefeitura Municipal de Atalaia do Norte - AM;1300201;AM;17658;Deduções - Transferências Constitucionais;1.7.2.1.01.02.00 - Cota-Parte do Fundo de Participação dos Municípios ¿ FPM;siconfi-cor_RO1.7.2.1.01.02.00;2244808,66
Prefeitura Municipal de Atalaia do Norte - AM;1300201;AM;17658;Deduções - Transferências Constitucionais;1.7.2.1.01.05.00 - Cota-Parte do Imposto Sobre a Propriedade Territorial Rural ¿ ITR;siconfi-cor_RO1.7.2.1.01.05.00;277,41
Prefeitura Municipal de Atalaia do Norte - AM;1300201;AM;17658;Deduções - Transferências Constitucionais;1.7.2.1.36.00.00 - Transferências Financeiras do ICMS ¿ Desoneração ¿ L.C. Nº 87/96;siconfi-cor_RO1.7.2.1.36.00.00;4896,72
Prefeitura Municipal de Atalaia do Norte - AM;1300201;AM;17658;Deduções - Transferências Constitucionais;1.7.2.2.00.00.00 - Transferências dos Estados;siconfi-cor_RO1.7.2.2.00.00.00;1955949,79
Prefeitura Municipal de Atalaia do Norte - AM;1300201;AM;17658;Deduções - Transferências Constitucionais;1.7.2.2.01.00.00 - Participação na Receita dos Estados;siconfi-cor_RO1.7.2.2.01.00.00;1955949,79
Prefeitura Municipal de Atalaia do Norte - AM;1300201;AM;17658;Deduções - Transferências Constitucionais;1.7.2.2.01.01.00 - Cota-Parte do ICMS;siconfi-cor_RO1.7.2.2.01.01.00;1944442,37
Prefeitura Municipal de Atalaia do Norte - AM;1300201;AM;17658;Deduções - Transferências Constitucionais;1.7.2.2.01.02.00 - Cota-Parte do IPVA;siconfi-cor_RO1.7.2.2.01.02.00;2076,36
Prefeitura Municipal de Atalaia do Norte - AM;1300201;AM;17658;Deduções - Transferências Constitucionais;1.7.2.2.01.04.00 - Cota-Parte do IPI sobre Exportação;siconfi-cor_RO1.7.2.2.01.04.00;9431,06
